

================================================================
== Synthesis Summary Report of 'xmod_attn_v1'
================================================================
+ General Information: 
    * Date:           Tue May 19 10:56:23 2026
    * Version:        2024.1 (Build 5069499 on May 21 2024)
    * Project:        xmod_attn_v1_hls
    * Solution:       sol1 (Vivado IP Flow Target)
    * Product family: versalaicore
    * Target device:  xcvc1902-vsva2197-2MP-e-S
    

+ Performance & Resource Estimates: 
    
    PS: '+' for module; 'o' for loop; '*' for dataflow
    +---------------------------------------------+------+------+---------+-----------+----------+---------+------+----------+----------+----------+-------------+------------+-----+
    |                   Modules                   | Issue|      | Latency |  Latency  | Iteration|         | Trip |          |          |          |             |            |     |
    |                   & Loops                   | Type | Slack| (cycles)|    (ns)   |  Latency | Interval| Count| Pipelined|   BRAM   |    DSP   |      FF     |     LUT    | URAM|
    +---------------------------------------------+------+------+---------+-----------+----------+---------+------+----------+----------+----------+-------------+------------+-----+
    |+ xmod_attn_v1                               |     -|  0.07|    33347|  1.334e+05|         -|    33348|     -|        no|  17 (~0%)|  128 (6%)|  12838 (~0%)|  29739 (3%)|    -|
    | + q_kt_matmul_v1                            |     -|  0.17|    16391|  6.556e+04|         -|    16391|     -|        no|         -|   64 (3%)|   2413 (~0%)|  11990 (1%)|    -|
    |  o TB_LOOP_D_LOOP                           |    II|  2.92|    16389|  6.556e+04|         8|        2|  8192|       yes|         -|         -|            -|           -|    -|
    | + topk_engine                               |     -|  0.32|      328|  1.312e+03|         -|      328|     -|        no|         -|         -|   2597 (~0%)|  7250 (~0%)|    -|
    |  + topk_engine_Pipeline_MAIN_LOOP           |     -|  0.32|      259|  1.036e+03|         -|      259|     -|        no|         -|         -|   2070 (~0%)|  6687 (~0%)|    -|
    |   o MAIN_LOOP                               |     -|  2.92|      257|  1.028e+03|         2|        1|   256|       yes|         -|         -|            -|           -|    -|
    |  + topk_engine_Pipeline_WRITE_LOOP          |     -|  1.45|       66|    264.000|         -|       66|     -|        no|         -|         -|      9 (~0%)|   539 (~0%)|    -|
    |   o WRITE_LOOP                              |     -|  2.92|       64|    256.000|         1|        1|    64|       yes|         -|         -|            -|           -|    -|
    | + xmod_attn_v1_Pipeline_MAX_LOOP            |     -|  0.08|       65|    260.000|         -|       65|     -|        no|         -|         -|     25 (~0%)|   427 (~0%)|    -|
    |  o MAX_LOOP                                 |     -|  2.92|       63|    252.000|         1|        1|    63|       yes|         -|         -|            -|           -|    -|
    | + xmod_attn_v1_Pipeline_SHIFT_SUM_LOOP      |     -|  0.65|       66|    264.000|         -|       66|     -|        no|         -|         -|   1096 (~0%)|   495 (~0%)|    -|
    |  o SHIFT_SUM_LOOP                           |     -|  2.92|       64|    256.000|         2|        1|    64|       yes|         -|         -|            -|           -|    -|
    | + xmod_attn_v1_Pipeline_NORM_LOOP           |     -|  0.15|       84|    336.000|         -|       84|     -|        no|         -|         -|   2746 (~0%)|  2841 (~0%)|    -|
    |  o NORM_LOOP                                |     -|  2.92|       82|    328.000|        20|        1|    64|       yes|         -|         -|            -|           -|    -|
    | + weighted_sum_v1                           |     -|  0.07|    16402|  6.561e+04|         -|    16402|     -|        no|  16 (~0%)|   64 (3%)|   2406 (~0%)|  6645 (~0%)|    -|
    |  + weighted_sum_v1_Pipeline_INIT_LOOP       |     -|  0.96|     4098|  1.639e+04|         -|     4098|     -|        no|         -|         -|     15 (~0%)|    59 (~0%)|    -|
    |   o INIT_LOOP                               |     -|  2.92|     4096|  1.638e+04|         1|        1|  4096|       yes|         -|         -|            -|           -|    -|
    |  + weighted_sum_v1_Pipeline_KB_LOOP_D_LOOP  |     -|  0.07|     8200|  3.280e+04|         -|     8200|     -|        no|         -|   64 (3%)|   2330 (~0%)|  5278 (~0%)|    -|
    |   o KB_LOOP_D_LOOP                          |    II|  2.92|     8198|  3.279e+04|         9|        2|  4096|       yes|         -|         -|            -|           -|    -|
    |  + weighted_sum_v1_Pipeline_WRITE_LOOP      |     -|  0.25|     4099|  1.640e+04|         -|     4099|     -|        no|         -|         -|     52 (~0%)|   260 (~0%)|    -|
    |   o WRITE_LOOP                              |     -|  2.92|     4097|  1.639e+04|         3|        1|  4096|       yes|         -|         -|            -|           -|    -|
    +---------------------------------------------+------+------+---------+-----------+----------+---------+------+----------+----------+----------+-------------+------------+-----+


================================================================
== HW Interfaces
================================================================
* AP_MEMORY
+-----------------+-----------+----------+
| Port            | Direction | Bitwidth |
+-----------------+-----------+----------+
| K_0_0_address0  | out       | 13       |
| K_0_0_address1  | out       | 13       |
| K_0_0_q0        | in        | 8        |
| K_0_0_q1        | in        | 8        |
| K_0_10_address0 | out       | 13       |
| K_0_10_address1 | out       | 13       |
| K_0_10_q0       | in        | 8        |
| K_0_10_q1       | in        | 8        |
| K_0_11_address0 | out       | 13       |
| K_0_11_address1 | out       | 13       |
| K_0_11_q0       | in        | 8        |
| K_0_11_q1       | in        | 8        |
| K_0_12_address0 | out       | 13       |
| K_0_12_address1 | out       | 13       |
| K_0_12_q0       | in        | 8        |
| K_0_12_q1       | in        | 8        |
| K_0_13_address0 | out       | 13       |
| K_0_13_address1 | out       | 13       |
| K_0_13_q0       | in        | 8        |
| K_0_13_q1       | in        | 8        |
| K_0_14_address0 | out       | 13       |
| K_0_14_address1 | out       | 13       |
| K_0_14_q0       | in        | 8        |
| K_0_14_q1       | in        | 8        |
| K_0_15_address0 | out       | 13       |
| K_0_15_address1 | out       | 13       |
| K_0_15_q0       | in        | 8        |
| K_0_15_q1       | in        | 8        |
| K_0_16_address0 | out       | 13       |
| K_0_16_address1 | out       | 13       |
| K_0_16_q0       | in        | 8        |
| K_0_16_q1       | in        | 8        |
| K_0_17_address0 | out       | 13       |
| K_0_17_address1 | out       | 13       |
| K_0_17_q0       | in        | 8        |
| K_0_17_q1       | in        | 8        |
| K_0_18_address0 | out       | 13       |
| K_0_18_address1 | out       | 13       |
| K_0_18_q0       | in        | 8        |
| K_0_18_q1       | in        | 8        |
| K_0_19_address0 | out       | 13       |
| K_0_19_address1 | out       | 13       |
| K_0_19_q0       | in        | 8        |
| K_0_19_q1       | in        | 8        |
| K_0_1_address0  | out       | 13       |
| K_0_1_address1  | out       | 13       |
| K_0_1_q0        | in        | 8        |
| K_0_1_q1        | in        | 8        |
| K_0_20_address0 | out       | 13       |
| K_0_20_address1 | out       | 13       |
| K_0_20_q0       | in        | 8        |
| K_0_20_q1       | in        | 8        |
| K_0_21_address0 | out       | 13       |
| K_0_21_address1 | out       | 13       |
| K_0_21_q0       | in        | 8        |
| K_0_21_q1       | in        | 8        |
| K_0_22_address0 | out       | 13       |
| K_0_22_address1 | out       | 13       |
| K_0_22_q0       | in        | 8        |
| K_0_22_q1       | in        | 8        |
| K_0_23_address0 | out       | 13       |
| K_0_23_address1 | out       | 13       |
| K_0_23_q0       | in        | 8        |
| K_0_23_q1       | in        | 8        |
| K_0_24_address0 | out       | 13       |
| K_0_24_address1 | out       | 13       |
| K_0_24_q0       | in        | 8        |
| K_0_24_q1       | in        | 8        |
| K_0_25_address0 | out       | 13       |
| K_0_25_address1 | out       | 13       |
| K_0_25_q0       | in        | 8        |
| K_0_25_q1       | in        | 8        |
| K_0_26_address0 | out       | 13       |
| K_0_26_address1 | out       | 13       |
| K_0_26_q0       | in        | 8        |
| K_0_26_q1       | in        | 8        |
| K_0_27_address0 | out       | 13       |
| K_0_27_address1 | out       | 13       |
| K_0_27_q0       | in        | 8        |
| K_0_27_q1       | in        | 8        |
| K_0_28_address0 | out       | 13       |
| K_0_28_address1 | out       | 13       |
| K_0_28_q0       | in        | 8        |
| K_0_28_q1       | in        | 8        |
| K_0_29_address0 | out       | 13       |
| K_0_29_address1 | out       | 13       |
| K_0_29_q0       | in        | 8        |
| K_0_29_q1       | in        | 8        |
| K_0_2_address0  | out       | 13       |
| K_0_2_address1  | out       | 13       |
| K_0_2_q0        | in        | 8        |
| K_0_2_q1        | in        | 8        |
| K_0_30_address0 | out       | 13       |
| K_0_30_address1 | out       | 13       |
| K_0_30_q0       | in        | 8        |
| K_0_30_q1       | in        | 8        |
| K_0_31_address0 | out       | 13       |
| K_0_31_address1 | out       | 13       |
| K_0_31_q0       | in        | 8        |
| K_0_31_q1       | in        | 8        |
| K_0_3_address0  | out       | 13       |
| K_0_3_address1  | out       | 13       |
| K_0_3_q0        | in        | 8        |
| K_0_3_q1        | in        | 8        |
| K_0_4_address0  | out       | 13       |
| K_0_4_address1  | out       | 13       |
| K_0_4_q0        | in        | 8        |
| K_0_4_q1        | in        | 8        |
| K_0_5_address0  | out       | 13       |
| K_0_5_address1  | out       | 13       |
| K_0_5_q0        | in        | 8        |
| K_0_5_q1        | in        | 8        |
| K_0_6_address0  | out       | 13       |
| K_0_6_address1  | out       | 13       |
| K_0_6_q0        | in        | 8        |
| K_0_6_q1        | in        | 8        |
| K_0_7_address0  | out       | 13       |
| K_0_7_address1  | out       | 13       |
| K_0_7_q0        | in        | 8        |
| K_0_7_q1        | in        | 8        |
| K_0_8_address0  | out       | 13       |
| K_0_8_address1  | out       | 13       |
| K_0_8_q0        | in        | 8        |
| K_0_8_q1        | in        | 8        |
| K_0_9_address0  | out       | 13       |
| K_0_9_address1  | out       | 13       |
| K_0_9_q0        | in        | 8        |
| K_0_9_q1        | in        | 8        |
| K_1_0_address0  | out       | 13       |
| K_1_0_address1  | out       | 13       |
| K_1_0_q0        | in        | 8        |
| K_1_0_q1        | in        | 8        |
| K_1_10_address0 | out       | 13       |
| K_1_10_address1 | out       | 13       |
| K_1_10_q0       | in        | 8        |
| K_1_10_q1       | in        | 8        |
| K_1_11_address0 | out       | 13       |
| K_1_11_address1 | out       | 13       |
| K_1_11_q0       | in        | 8        |
| K_1_11_q1       | in        | 8        |
| K_1_12_address0 | out       | 13       |
| K_1_12_address1 | out       | 13       |
| K_1_12_q0       | in        | 8        |
| K_1_12_q1       | in        | 8        |
| K_1_13_address0 | out       | 13       |
| K_1_13_address1 | out       | 13       |
| K_1_13_q0       | in        | 8        |
| K_1_13_q1       | in        | 8        |
| K_1_14_address0 | out       | 13       |
| K_1_14_address1 | out       | 13       |
| K_1_14_q0       | in        | 8        |
| K_1_14_q1       | in        | 8        |
| K_1_15_address0 | out       | 13       |
| K_1_15_address1 | out       | 13       |
| K_1_15_q0       | in        | 8        |
| K_1_15_q1       | in        | 8        |
| K_1_16_address0 | out       | 13       |
| K_1_16_address1 | out       | 13       |
| K_1_16_q0       | in        | 8        |
| K_1_16_q1       | in        | 8        |
| K_1_17_address0 | out       | 13       |
| K_1_17_address1 | out       | 13       |
| K_1_17_q0       | in        | 8        |
| K_1_17_q1       | in        | 8        |
| K_1_18_address0 | out       | 13       |
| K_1_18_address1 | out       | 13       |
| K_1_18_q0       | in        | 8        |
| K_1_18_q1       | in        | 8        |
| K_1_19_address0 | out       | 13       |
| K_1_19_address1 | out       | 13       |
| K_1_19_q0       | in        | 8        |
| K_1_19_q1       | in        | 8        |
| K_1_1_address0  | out       | 13       |
| K_1_1_address1  | out       | 13       |
| K_1_1_q0        | in        | 8        |
| K_1_1_q1        | in        | 8        |
| K_1_20_address0 | out       | 13       |
| K_1_20_address1 | out       | 13       |
| K_1_20_q0       | in        | 8        |
| K_1_20_q1       | in        | 8        |
| K_1_21_address0 | out       | 13       |
| K_1_21_address1 | out       | 13       |
| K_1_21_q0       | in        | 8        |
| K_1_21_q1       | in        | 8        |
| K_1_22_address0 | out       | 13       |
| K_1_22_address1 | out       | 13       |
| K_1_22_q0       | in        | 8        |
| K_1_22_q1       | in        | 8        |
| K_1_23_address0 | out       | 13       |
| K_1_23_address1 | out       | 13       |
| K_1_23_q0       | in        | 8        |
| K_1_23_q1       | in        | 8        |
| K_1_24_address0 | out       | 13       |
| K_1_24_address1 | out       | 13       |
| K_1_24_q0       | in        | 8        |
| K_1_24_q1       | in        | 8        |
| K_1_25_address0 | out       | 13       |
| K_1_25_address1 | out       | 13       |
| K_1_25_q0       | in        | 8        |
| K_1_25_q1       | in        | 8        |
| K_1_26_address0 | out       | 13       |
| K_1_26_address1 | out       | 13       |
| K_1_26_q0       | in        | 8        |
| K_1_26_q1       | in        | 8        |
| K_1_27_address0 | out       | 13       |
| K_1_27_address1 | out       | 13       |
| K_1_27_q0       | in        | 8        |
| K_1_27_q1       | in        | 8        |
| K_1_28_address0 | out       | 13       |
| K_1_28_address1 | out       | 13       |
| K_1_28_q0       | in        | 8        |
| K_1_28_q1       | in        | 8        |
| K_1_29_address0 | out       | 13       |
| K_1_29_address1 | out       | 13       |
| K_1_29_q0       | in        | 8        |
| K_1_29_q1       | in        | 8        |
| K_1_2_address0  | out       | 13       |
| K_1_2_address1  | out       | 13       |
| K_1_2_q0        | in        | 8        |
| K_1_2_q1        | in        | 8        |
| K_1_30_address0 | out       | 13       |
| K_1_30_address1 | out       | 13       |
| K_1_30_q0       | in        | 8        |
| K_1_30_q1       | in        | 8        |
| K_1_31_address0 | out       | 13       |
| K_1_31_address1 | out       | 13       |
| K_1_31_q0       | in        | 8        |
| K_1_31_q1       | in        | 8        |
| K_1_3_address0  | out       | 13       |
| K_1_3_address1  | out       | 13       |
| K_1_3_q0        | in        | 8        |
| K_1_3_q1        | in        | 8        |
| K_1_4_address0  | out       | 13       |
| K_1_4_address1  | out       | 13       |
| K_1_4_q0        | in        | 8        |
| K_1_4_q1        | in        | 8        |
| K_1_5_address0  | out       | 13       |
| K_1_5_address1  | out       | 13       |
| K_1_5_q0        | in        | 8        |
| K_1_5_q1        | in        | 8        |
| K_1_6_address0  | out       | 13       |
| K_1_6_address1  | out       | 13       |
| K_1_6_q0        | in        | 8        |
| K_1_6_q1        | in        | 8        |
| K_1_7_address0  | out       | 13       |
| K_1_7_address1  | out       | 13       |
| K_1_7_q0        | in        | 8        |
| K_1_7_q1        | in        | 8        |
| K_1_8_address0  | out       | 13       |
| K_1_8_address1  | out       | 13       |
| K_1_8_q0        | in        | 8        |
| K_1_8_q1        | in        | 8        |
| K_1_9_address0  | out       | 13       |
| K_1_9_address1  | out       | 13       |
| K_1_9_q0        | in        | 8        |
| K_1_9_q1        | in        | 8        |
| K_2_0_address0  | out       | 13       |
| K_2_0_address1  | out       | 13       |
| K_2_0_q0        | in        | 8        |
| K_2_0_q1        | in        | 8        |
| K_2_10_address0 | out       | 13       |
| K_2_10_address1 | out       | 13       |
| K_2_10_q0       | in        | 8        |
| K_2_10_q1       | in        | 8        |
| K_2_11_address0 | out       | 13       |
| K_2_11_address1 | out       | 13       |
| K_2_11_q0       | in        | 8        |
| K_2_11_q1       | in        | 8        |
| K_2_12_address0 | out       | 13       |
| K_2_12_address1 | out       | 13       |
| K_2_12_q0       | in        | 8        |
| K_2_12_q1       | in        | 8        |
| K_2_13_address0 | out       | 13       |
| K_2_13_address1 | out       | 13       |
| K_2_13_q0       | in        | 8        |
| K_2_13_q1       | in        | 8        |
| K_2_14_address0 | out       | 13       |
| K_2_14_address1 | out       | 13       |
| K_2_14_q0       | in        | 8        |
| K_2_14_q1       | in        | 8        |
| K_2_15_address0 | out       | 13       |
| K_2_15_address1 | out       | 13       |
| K_2_15_q0       | in        | 8        |
| K_2_15_q1       | in        | 8        |
| K_2_16_address0 | out       | 13       |
| K_2_16_address1 | out       | 13       |
| K_2_16_q0       | in        | 8        |
| K_2_16_q1       | in        | 8        |
| K_2_17_address0 | out       | 13       |
| K_2_17_address1 | out       | 13       |
| K_2_17_q0       | in        | 8        |
| K_2_17_q1       | in        | 8        |
| K_2_18_address0 | out       | 13       |
| K_2_18_address1 | out       | 13       |
| K_2_18_q0       | in        | 8        |
| K_2_18_q1       | in        | 8        |
| K_2_19_address0 | out       | 13       |
| K_2_19_address1 | out       | 13       |
| K_2_19_q0       | in        | 8        |
| K_2_19_q1       | in        | 8        |
| K_2_1_address0  | out       | 13       |
| K_2_1_address1  | out       | 13       |
| K_2_1_q0        | in        | 8        |
| K_2_1_q1        | in        | 8        |
| K_2_20_address0 | out       | 13       |
| K_2_20_address1 | out       | 13       |
| K_2_20_q0       | in        | 8        |
| K_2_20_q1       | in        | 8        |
| K_2_21_address0 | out       | 13       |
| K_2_21_address1 | out       | 13       |
| K_2_21_q0       | in        | 8        |
| K_2_21_q1       | in        | 8        |
| K_2_22_address0 | out       | 13       |
| K_2_22_address1 | out       | 13       |
| K_2_22_q0       | in        | 8        |
| K_2_22_q1       | in        | 8        |
| K_2_23_address0 | out       | 13       |
| K_2_23_address1 | out       | 13       |
| K_2_23_q0       | in        | 8        |
| K_2_23_q1       | in        | 8        |
| K_2_24_address0 | out       | 13       |
| K_2_24_address1 | out       | 13       |
| K_2_24_q0       | in        | 8        |
| K_2_24_q1       | in        | 8        |
| K_2_25_address0 | out       | 13       |
| K_2_25_address1 | out       | 13       |
| K_2_25_q0       | in        | 8        |
| K_2_25_q1       | in        | 8        |
| K_2_26_address0 | out       | 13       |
| K_2_26_address1 | out       | 13       |
| K_2_26_q0       | in        | 8        |
| K_2_26_q1       | in        | 8        |
| K_2_27_address0 | out       | 13       |
| K_2_27_address1 | out       | 13       |
| K_2_27_q0       | in        | 8        |
| K_2_27_q1       | in        | 8        |
| K_2_28_address0 | out       | 13       |
| K_2_28_address1 | out       | 13       |
| K_2_28_q0       | in        | 8        |
| K_2_28_q1       | in        | 8        |
| K_2_29_address0 | out       | 13       |
| K_2_29_address1 | out       | 13       |
| K_2_29_q0       | in        | 8        |
| K_2_29_q1       | in        | 8        |
| K_2_2_address0  | out       | 13       |
| K_2_2_address1  | out       | 13       |
| K_2_2_q0        | in        | 8        |
| K_2_2_q1        | in        | 8        |
| K_2_30_address0 | out       | 13       |
| K_2_30_address1 | out       | 13       |
| K_2_30_q0       | in        | 8        |
| K_2_30_q1       | in        | 8        |
| K_2_31_address0 | out       | 13       |
| K_2_31_address1 | out       | 13       |
| K_2_31_q0       | in        | 8        |
| K_2_31_q1       | in        | 8        |
| K_2_3_address0  | out       | 13       |
| K_2_3_address1  | out       | 13       |
| K_2_3_q0        | in        | 8        |
| K_2_3_q1        | in        | 8        |
| K_2_4_address0  | out       | 13       |
| K_2_4_address1  | out       | 13       |
| K_2_4_q0        | in        | 8        |
| K_2_4_q1        | in        | 8        |
| K_2_5_address0  | out       | 13       |
| K_2_5_address1  | out       | 13       |
| K_2_5_q0        | in        | 8        |
| K_2_5_q1        | in        | 8        |
| K_2_6_address0  | out       | 13       |
| K_2_6_address1  | out       | 13       |
| K_2_6_q0        | in        | 8        |
| K_2_6_q1        | in        | 8        |
| K_2_7_address0  | out       | 13       |
| K_2_7_address1  | out       | 13       |
| K_2_7_q0        | in        | 8        |
| K_2_7_q1        | in        | 8        |
| K_2_8_address0  | out       | 13       |
| K_2_8_address1  | out       | 13       |
| K_2_8_q0        | in        | 8        |
| K_2_8_q1        | in        | 8        |
| K_2_9_address0  | out       | 13       |
| K_2_9_address1  | out       | 13       |
| K_2_9_q0        | in        | 8        |
| K_2_9_q1        | in        | 8        |
| K_3_0_address0  | out       | 13       |
| K_3_0_address1  | out       | 13       |
| K_3_0_q0        | in        | 8        |
| K_3_0_q1        | in        | 8        |
| K_3_10_address0 | out       | 13       |
| K_3_10_address1 | out       | 13       |
| K_3_10_q0       | in        | 8        |
| K_3_10_q1       | in        | 8        |
| K_3_11_address0 | out       | 13       |
| K_3_11_address1 | out       | 13       |
| K_3_11_q0       | in        | 8        |
| K_3_11_q1       | in        | 8        |
| K_3_12_address0 | out       | 13       |
| K_3_12_address1 | out       | 13       |
| K_3_12_q0       | in        | 8        |
| K_3_12_q1       | in        | 8        |
| K_3_13_address0 | out       | 13       |
| K_3_13_address1 | out       | 13       |
| K_3_13_q0       | in        | 8        |
| K_3_13_q1       | in        | 8        |
| K_3_14_address0 | out       | 13       |
| K_3_14_address1 | out       | 13       |
| K_3_14_q0       | in        | 8        |
| K_3_14_q1       | in        | 8        |
| K_3_15_address0 | out       | 13       |
| K_3_15_address1 | out       | 13       |
| K_3_15_q0       | in        | 8        |
| K_3_15_q1       | in        | 8        |
| K_3_16_address0 | out       | 13       |
| K_3_16_address1 | out       | 13       |
| K_3_16_q0       | in        | 8        |
| K_3_16_q1       | in        | 8        |
| K_3_17_address0 | out       | 13       |
| K_3_17_address1 | out       | 13       |
| K_3_17_q0       | in        | 8        |
| K_3_17_q1       | in        | 8        |
| K_3_18_address0 | out       | 13       |
| K_3_18_address1 | out       | 13       |
| K_3_18_q0       | in        | 8        |
| K_3_18_q1       | in        | 8        |
| K_3_19_address0 | out       | 13       |
| K_3_19_address1 | out       | 13       |
| K_3_19_q0       | in        | 8        |
| K_3_19_q1       | in        | 8        |
| K_3_1_address0  | out       | 13       |
| K_3_1_address1  | out       | 13       |
| K_3_1_q0        | in        | 8        |
| K_3_1_q1        | in        | 8        |
| K_3_20_address0 | out       | 13       |
| K_3_20_address1 | out       | 13       |
| K_3_20_q0       | in        | 8        |
| K_3_20_q1       | in        | 8        |
| K_3_21_address0 | out       | 13       |
| K_3_21_address1 | out       | 13       |
| K_3_21_q0       | in        | 8        |
| K_3_21_q1       | in        | 8        |
| K_3_22_address0 | out       | 13       |
| K_3_22_address1 | out       | 13       |
| K_3_22_q0       | in        | 8        |
| K_3_22_q1       | in        | 8        |
| K_3_23_address0 | out       | 13       |
| K_3_23_address1 | out       | 13       |
| K_3_23_q0       | in        | 8        |
| K_3_23_q1       | in        | 8        |
| K_3_24_address0 | out       | 13       |
| K_3_24_address1 | out       | 13       |
| K_3_24_q0       | in        | 8        |
| K_3_24_q1       | in        | 8        |
| K_3_25_address0 | out       | 13       |
| K_3_25_address1 | out       | 13       |
| K_3_25_q0       | in        | 8        |
| K_3_25_q1       | in        | 8        |
| K_3_26_address0 | out       | 13       |
| K_3_26_address1 | out       | 13       |
| K_3_26_q0       | in        | 8        |
| K_3_26_q1       | in        | 8        |
| K_3_27_address0 | out       | 13       |
| K_3_27_address1 | out       | 13       |
| K_3_27_q0       | in        | 8        |
| K_3_27_q1       | in        | 8        |
| K_3_28_address0 | out       | 13       |
| K_3_28_address1 | out       | 13       |
| K_3_28_q0       | in        | 8        |
| K_3_28_q1       | in        | 8        |
| K_3_29_address0 | out       | 13       |
| K_3_29_address1 | out       | 13       |
| K_3_29_q0       | in        | 8        |
| K_3_29_q1       | in        | 8        |
| K_3_2_address0  | out       | 13       |
| K_3_2_address1  | out       | 13       |
| K_3_2_q0        | in        | 8        |
| K_3_2_q1        | in        | 8        |
| K_3_30_address0 | out       | 13       |
| K_3_30_address1 | out       | 13       |
| K_3_30_q0       | in        | 8        |
| K_3_30_q1       | in        | 8        |
| K_3_31_address0 | out       | 13       |
| K_3_31_address1 | out       | 13       |
| K_3_31_q0       | in        | 8        |
| K_3_31_q1       | in        | 8        |
| K_3_3_address0  | out       | 13       |
| K_3_3_address1  | out       | 13       |
| K_3_3_q0        | in        | 8        |
| K_3_3_q1        | in        | 8        |
| K_3_4_address0  | out       | 13       |
| K_3_4_address1  | out       | 13       |
| K_3_4_q0        | in        | 8        |
| K_3_4_q1        | in        | 8        |
| K_3_5_address0  | out       | 13       |
| K_3_5_address1  | out       | 13       |
| K_3_5_q0        | in        | 8        |
| K_3_5_q1        | in        | 8        |
| K_3_6_address0  | out       | 13       |
| K_3_6_address1  | out       | 13       |
| K_3_6_q0        | in        | 8        |
| K_3_6_q1        | in        | 8        |
| K_3_7_address0  | out       | 13       |
| K_3_7_address1  | out       | 13       |
| K_3_7_q0        | in        | 8        |
| K_3_7_q1        | in        | 8        |
| K_3_8_address0  | out       | 13       |
| K_3_8_address1  | out       | 13       |
| K_3_8_q0        | in        | 8        |
| K_3_8_q1        | in        | 8        |
| K_3_9_address0  | out       | 13       |
| K_3_9_address1  | out       | 13       |
| K_3_9_q0        | in        | 8        |
| K_3_9_q1        | in        | 8        |
| Q_0_address0    | out       | 7        |
| Q_0_q0          | in        | 8        |
| Q_10_address0   | out       | 7        |
| Q_10_q0         | in        | 8        |
| Q_11_address0   | out       | 7        |
| Q_11_q0         | in        | 8        |
| Q_12_address0   | out       | 7        |
| Q_12_q0         | in        | 8        |
| Q_13_address0   | out       | 7        |
| Q_13_q0         | in        | 8        |
| Q_14_address0   | out       | 7        |
| Q_14_q0         | in        | 8        |
| Q_15_address0   | out       | 7        |
| Q_15_q0         | in        | 8        |
| Q_16_address0   | out       | 7        |
| Q_16_q0         | in        | 8        |
| Q_17_address0   | out       | 7        |
| Q_17_q0         | in        | 8        |
| Q_18_address0   | out       | 7        |
| Q_18_q0         | in        | 8        |
| Q_19_address0   | out       | 7        |
| Q_19_q0         | in        | 8        |
| Q_1_address0    | out       | 7        |
| Q_1_q0          | in        | 8        |
| Q_20_address0   | out       | 7        |
| Q_20_q0         | in        | 8        |
| Q_21_address0   | out       | 7        |
| Q_21_q0         | in        | 8        |
| Q_22_address0   | out       | 7        |
| Q_22_q0         | in        | 8        |
| Q_23_address0   | out       | 7        |
| Q_23_q0         | in        | 8        |
| Q_24_address0   | out       | 7        |
| Q_24_q0         | in        | 8        |
| Q_25_address0   | out       | 7        |
| Q_25_q0         | in        | 8        |
| Q_26_address0   | out       | 7        |
| Q_26_q0         | in        | 8        |
| Q_27_address0   | out       | 7        |
| Q_27_q0         | in        | 8        |
| Q_28_address0   | out       | 7        |
| Q_28_q0         | in        | 8        |
| Q_29_address0   | out       | 7        |
| Q_29_q0         | in        | 8        |
| Q_2_address0    | out       | 7        |
| Q_2_q0          | in        | 8        |
| Q_30_address0   | out       | 7        |
| Q_30_q0         | in        | 8        |
| Q_31_address0   | out       | 7        |
| Q_31_q0         | in        | 8        |
| Q_3_address0    | out       | 7        |
| Q_3_q0          | in        | 8        |
| Q_4_address0    | out       | 7        |
| Q_4_q0          | in        | 8        |
| Q_5_address0    | out       | 7        |
| Q_5_q0          | in        | 8        |
| Q_6_address0    | out       | 7        |
| Q_6_q0          | in        | 8        |
| Q_7_address0    | out       | 7        |
| Q_7_q0          | in        | 8        |
| Q_8_address0    | out       | 7        |
| Q_8_q0          | in        | 8        |
| Q_9_address0    | out       | 7        |
| Q_9_q0          | in        | 8        |
| V_0_0_address0  | out       | 14       |
| V_0_0_address1  | out       | 14       |
| V_0_0_q0        | in        | 8        |
| V_0_0_q1        | in        | 8        |
| V_0_10_address0 | out       | 14       |
| V_0_10_address1 | out       | 14       |
| V_0_10_q0       | in        | 8        |
| V_0_10_q1       | in        | 8        |
| V_0_11_address0 | out       | 14       |
| V_0_11_address1 | out       | 14       |
| V_0_11_q0       | in        | 8        |
| V_0_11_q1       | in        | 8        |
| V_0_12_address0 | out       | 14       |
| V_0_12_address1 | out       | 14       |
| V_0_12_q0       | in        | 8        |
| V_0_12_q1       | in        | 8        |
| V_0_13_address0 | out       | 14       |
| V_0_13_address1 | out       | 14       |
| V_0_13_q0       | in        | 8        |
| V_0_13_q1       | in        | 8        |
| V_0_14_address0 | out       | 14       |
| V_0_14_address1 | out       | 14       |
| V_0_14_q0       | in        | 8        |
| V_0_14_q1       | in        | 8        |
| V_0_15_address0 | out       | 14       |
| V_0_15_address1 | out       | 14       |
| V_0_15_q0       | in        | 8        |
| V_0_15_q1       | in        | 8        |
| V_0_1_address0  | out       | 14       |
| V_0_1_address1  | out       | 14       |
| V_0_1_q0        | in        | 8        |
| V_0_1_q1        | in        | 8        |
| V_0_2_address0  | out       | 14       |
| V_0_2_address1  | out       | 14       |
| V_0_2_q0        | in        | 8        |
| V_0_2_q1        | in        | 8        |
| V_0_3_address0  | out       | 14       |
| V_0_3_address1  | out       | 14       |
| V_0_3_q0        | in        | 8        |
| V_0_3_q1        | in        | 8        |
| V_0_4_address0  | out       | 14       |
| V_0_4_address1  | out       | 14       |
| V_0_4_q0        | in        | 8        |
| V_0_4_q1        | in        | 8        |
| V_0_5_address0  | out       | 14       |
| V_0_5_address1  | out       | 14       |
| V_0_5_q0        | in        | 8        |
| V_0_5_q1        | in        | 8        |
| V_0_6_address0  | out       | 14       |
| V_0_6_address1  | out       | 14       |
| V_0_6_q0        | in        | 8        |
| V_0_6_q1        | in        | 8        |
| V_0_7_address0  | out       | 14       |
| V_0_7_address1  | out       | 14       |
| V_0_7_q0        | in        | 8        |
| V_0_7_q1        | in        | 8        |
| V_0_8_address0  | out       | 14       |
| V_0_8_address1  | out       | 14       |
| V_0_8_q0        | in        | 8        |
| V_0_8_q1        | in        | 8        |
| V_0_9_address0  | out       | 14       |
| V_0_9_address1  | out       | 14       |
| V_0_9_q0        | in        | 8        |
| V_0_9_q1        | in        | 8        |
| V_1_0_address0  | out       | 14       |
| V_1_0_address1  | out       | 14       |
| V_1_0_q0        | in        | 8        |
| V_1_0_q1        | in        | 8        |
| V_1_10_address0 | out       | 14       |
| V_1_10_address1 | out       | 14       |
| V_1_10_q0       | in        | 8        |
| V_1_10_q1       | in        | 8        |
| V_1_11_address0 | out       | 14       |
| V_1_11_address1 | out       | 14       |
| V_1_11_q0       | in        | 8        |
| V_1_11_q1       | in        | 8        |
| V_1_12_address0 | out       | 14       |
| V_1_12_address1 | out       | 14       |
| V_1_12_q0       | in        | 8        |
| V_1_12_q1       | in        | 8        |
| V_1_13_address0 | out       | 14       |
| V_1_13_address1 | out       | 14       |
| V_1_13_q0       | in        | 8        |
| V_1_13_q1       | in        | 8        |
| V_1_14_address0 | out       | 14       |
| V_1_14_address1 | out       | 14       |
| V_1_14_q0       | in        | 8        |
| V_1_14_q1       | in        | 8        |
| V_1_15_address0 | out       | 14       |
| V_1_15_address1 | out       | 14       |
| V_1_15_q0       | in        | 8        |
| V_1_15_q1       | in        | 8        |
| V_1_1_address0  | out       | 14       |
| V_1_1_address1  | out       | 14       |
| V_1_1_q0        | in        | 8        |
| V_1_1_q1        | in        | 8        |
| V_1_2_address0  | out       | 14       |
| V_1_2_address1  | out       | 14       |
| V_1_2_q0        | in        | 8        |
| V_1_2_q1        | in        | 8        |
| V_1_3_address0  | out       | 14       |
| V_1_3_address1  | out       | 14       |
| V_1_3_q0        | in        | 8        |
| V_1_3_q1        | in        | 8        |
| V_1_4_address0  | out       | 14       |
| V_1_4_address1  | out       | 14       |
| V_1_4_q0        | in        | 8        |
| V_1_4_q1        | in        | 8        |
| V_1_5_address0  | out       | 14       |
| V_1_5_address1  | out       | 14       |
| V_1_5_q0        | in        | 8        |
| V_1_5_q1        | in        | 8        |
| V_1_6_address0  | out       | 14       |
| V_1_6_address1  | out       | 14       |
| V_1_6_q0        | in        | 8        |
| V_1_6_q1        | in        | 8        |
| V_1_7_address0  | out       | 14       |
| V_1_7_address1  | out       | 14       |
| V_1_7_q0        | in        | 8        |
| V_1_7_q1        | in        | 8        |
| V_1_8_address0  | out       | 14       |
| V_1_8_address1  | out       | 14       |
| V_1_8_q0        | in        | 8        |
| V_1_8_q1        | in        | 8        |
| V_1_9_address0  | out       | 14       |
| V_1_9_address1  | out       | 14       |
| V_1_9_q0        | in        | 8        |
| V_1_9_q1        | in        | 8        |
| V_2_0_address0  | out       | 14       |
| V_2_0_address1  | out       | 14       |
| V_2_0_q0        | in        | 8        |
| V_2_0_q1        | in        | 8        |
| V_2_10_address0 | out       | 14       |
| V_2_10_address1 | out       | 14       |
| V_2_10_q0       | in        | 8        |
| V_2_10_q1       | in        | 8        |
| V_2_11_address0 | out       | 14       |
| V_2_11_address1 | out       | 14       |
| V_2_11_q0       | in        | 8        |
| V_2_11_q1       | in        | 8        |
| V_2_12_address0 | out       | 14       |
| V_2_12_address1 | out       | 14       |
| V_2_12_q0       | in        | 8        |
| V_2_12_q1       | in        | 8        |
| V_2_13_address0 | out       | 14       |
| V_2_13_address1 | out       | 14       |
| V_2_13_q0       | in        | 8        |
| V_2_13_q1       | in        | 8        |
| V_2_14_address0 | out       | 14       |
| V_2_14_address1 | out       | 14       |
| V_2_14_q0       | in        | 8        |
| V_2_14_q1       | in        | 8        |
| V_2_15_address0 | out       | 14       |
| V_2_15_address1 | out       | 14       |
| V_2_15_q0       | in        | 8        |
| V_2_15_q1       | in        | 8        |
| V_2_1_address0  | out       | 14       |
| V_2_1_address1  | out       | 14       |
| V_2_1_q0        | in        | 8        |
| V_2_1_q1        | in        | 8        |
| V_2_2_address0  | out       | 14       |
| V_2_2_address1  | out       | 14       |
| V_2_2_q0        | in        | 8        |
| V_2_2_q1        | in        | 8        |
| V_2_3_address0  | out       | 14       |
| V_2_3_address1  | out       | 14       |
| V_2_3_q0        | in        | 8        |
| V_2_3_q1        | in        | 8        |
| V_2_4_address0  | out       | 14       |
| V_2_4_address1  | out       | 14       |
| V_2_4_q0        | in        | 8        |
| V_2_4_q1        | in        | 8        |
| V_2_5_address0  | out       | 14       |
| V_2_5_address1  | out       | 14       |
| V_2_5_q0        | in        | 8        |
| V_2_5_q1        | in        | 8        |
| V_2_6_address0  | out       | 14       |
| V_2_6_address1  | out       | 14       |
| V_2_6_q0        | in        | 8        |
| V_2_6_q1        | in        | 8        |
| V_2_7_address0  | out       | 14       |
| V_2_7_address1  | out       | 14       |
| V_2_7_q0        | in        | 8        |
| V_2_7_q1        | in        | 8        |
| V_2_8_address0  | out       | 14       |
| V_2_8_address1  | out       | 14       |
| V_2_8_q0        | in        | 8        |
| V_2_8_q1        | in        | 8        |
| V_2_9_address0  | out       | 14       |
| V_2_9_address1  | out       | 14       |
| V_2_9_q0        | in        | 8        |
| V_2_9_q1        | in        | 8        |
| V_3_0_address0  | out       | 14       |
| V_3_0_address1  | out       | 14       |
| V_3_0_q0        | in        | 8        |
| V_3_0_q1        | in        | 8        |
| V_3_10_address0 | out       | 14       |
| V_3_10_address1 | out       | 14       |
| V_3_10_q0       | in        | 8        |
| V_3_10_q1       | in        | 8        |
| V_3_11_address0 | out       | 14       |
| V_3_11_address1 | out       | 14       |
| V_3_11_q0       | in        | 8        |
| V_3_11_q1       | in        | 8        |
| V_3_12_address0 | out       | 14       |
| V_3_12_address1 | out       | 14       |
| V_3_12_q0       | in        | 8        |
| V_3_12_q1       | in        | 8        |
| V_3_13_address0 | out       | 14       |
| V_3_13_address1 | out       | 14       |
| V_3_13_q0       | in        | 8        |
| V_3_13_q1       | in        | 8        |
| V_3_14_address0 | out       | 14       |
| V_3_14_address1 | out       | 14       |
| V_3_14_q0       | in        | 8        |
| V_3_14_q1       | in        | 8        |
| V_3_15_address0 | out       | 14       |
| V_3_15_address1 | out       | 14       |
| V_3_15_q0       | in        | 8        |
| V_3_15_q1       | in        | 8        |
| V_3_1_address0  | out       | 14       |
| V_3_1_address1  | out       | 14       |
| V_3_1_q0        | in        | 8        |
| V_3_1_q1        | in        | 8        |
| V_3_2_address0  | out       | 14       |
| V_3_2_address1  | out       | 14       |
| V_3_2_q0        | in        | 8        |
| V_3_2_q1        | in        | 8        |
| V_3_3_address0  | out       | 14       |
| V_3_3_address1  | out       | 14       |
| V_3_3_q0        | in        | 8        |
| V_3_3_q1        | in        | 8        |
| V_3_4_address0  | out       | 14       |
| V_3_4_address1  | out       | 14       |
| V_3_4_q0        | in        | 8        |
| V_3_4_q1        | in        | 8        |
| V_3_5_address0  | out       | 14       |
| V_3_5_address1  | out       | 14       |
| V_3_5_q0        | in        | 8        |
| V_3_5_q1        | in        | 8        |
| V_3_6_address0  | out       | 14       |
| V_3_6_address1  | out       | 14       |
| V_3_6_q0        | in        | 8        |
| V_3_6_q1        | in        | 8        |
| V_3_7_address0  | out       | 14       |
| V_3_7_address1  | out       | 14       |
| V_3_7_q0        | in        | 8        |
| V_3_7_q1        | in        | 8        |
| V_3_8_address0  | out       | 14       |
| V_3_8_address1  | out       | 14       |
| V_3_8_q0        | in        | 8        |
| V_3_8_q1        | in        | 8        |
| V_3_9_address0  | out       | 14       |
| V_3_9_address1  | out       | 14       |
| V_3_9_q0        | in        | 8        |
| V_3_9_q1        | in        | 8        |
| out_r_address0  | out       | 12       |
| out_r_d0        | out       | 8        |
+-----------------+-----------+----------+

* TOP LEVEL CONTROL
+-----------+------------+-----------------------------------+
| Interface | Type       | Ports                             |
+-----------+------------+-----------------------------------+
| ap_clk    | clock      | ap_clk                            |
| ap_rst    | reset      | ap_rst                            |
| ap_ctrl   | ap_ctrl_hs | ap_done ap_idle ap_ready ap_start |
+-----------+------------+-----------------------------------+


================================================================
== SW I/O Information
================================================================
* Top Function Arguments
+----------+-----------+---------------------+
| Argument | Direction | Datatype            |
+----------+-----------+---------------------+
| Q        | in        | signed char const * |
| K        | in        | signed char const * |
| V        | in        | signed char const * |
| out      | out       | signed char*        |
+----------+-----------+---------------------+

* SW-to-HW Mapping
+----------+-----------------+---------+----------+
| Argument | HW Interface    | HW Type | HW Usage |
+----------+-----------------+---------+----------+
| Q        | Q_0_address0    | port    | offset   |
| Q        | Q_0_ce0         | port    |          |
| Q        | Q_0_q0          | port    |          |
| Q        | Q_1_address0    | port    | offset   |
| Q        | Q_1_ce0         | port    |          |
| Q        | Q_1_q0          | port    |          |
| Q        | Q_2_address0    | port    | offset   |
| Q        | Q_2_ce0         | port    |          |
| Q        | Q_2_q0          | port    |          |
| Q        | Q_3_address0    | port    | offset   |
| Q        | Q_3_ce0         | port    |          |
| Q        | Q_3_q0          | port    |          |
| Q        | Q_4_address0    | port    | offset   |
| Q        | Q_4_ce0         | port    |          |
| Q        | Q_4_q0          | port    |          |
| Q        | Q_5_address0    | port    | offset   |
| Q        | Q_5_ce0         | port    |          |
| Q        | Q_5_q0          | port    |          |
| Q        | Q_6_address0    | port    | offset   |
| Q        | Q_6_ce0         | port    |          |
| Q        | Q_6_q0          | port    |          |
| Q        | Q_7_address0    | port    | offset   |
| Q        | Q_7_ce0         | port    |          |
| Q        | Q_7_q0          | port    |          |
| Q        | Q_8_address0    | port    | offset   |
| Q        | Q_8_ce0         | port    |          |
| Q        | Q_8_q0          | port    |          |
| Q        | Q_9_address0    | port    | offset   |
| Q        | Q_9_ce0         | port    |          |
| Q        | Q_9_q0          | port    |          |
| Q        | Q_10_address0   | port    | offset   |
| Q        | Q_10_ce0        | port    |          |
| Q        | Q_10_q0         | port    |          |
| Q        | Q_11_address0   | port    | offset   |
| Q        | Q_11_ce0        | port    |          |
| Q        | Q_11_q0         | port    |          |
| Q        | Q_12_address0   | port    | offset   |
| Q        | Q_12_ce0        | port    |          |
| Q        | Q_12_q0         | port    |          |
| Q        | Q_13_address0   | port    | offset   |
| Q        | Q_13_ce0        | port    |          |
| Q        | Q_13_q0         | port    |          |
| Q        | Q_14_address0   | port    | offset   |
| Q        | Q_14_ce0        | port    |          |
| Q        | Q_14_q0         | port    |          |
| Q        | Q_15_address0   | port    | offset   |
| Q        | Q_15_ce0        | port    |          |
| Q        | Q_15_q0         | port    |          |
| Q        | Q_16_address0   | port    | offset   |
| Q        | Q_16_ce0        | port    |          |
| Q        | Q_16_q0         | port    |          |
| Q        | Q_17_address0   | port    | offset   |
| Q        | Q_17_ce0        | port    |          |
| Q        | Q_17_q0         | port    |          |
| Q        | Q_18_address0   | port    | offset   |
| Q        | Q_18_ce0        | port    |          |
| Q        | Q_18_q0         | port    |          |
| Q        | Q_19_address0   | port    | offset   |
| Q        | Q_19_ce0        | port    |          |
| Q        | Q_19_q0         | port    |          |
| Q        | Q_20_address0   | port    | offset   |
| Q        | Q_20_ce0        | port    |          |
| Q        | Q_20_q0         | port    |          |
| Q        | Q_21_address0   | port    | offset   |
| Q        | Q_21_ce0        | port    |          |
| Q        | Q_21_q0         | port    |          |
| Q        | Q_22_address0   | port    | offset   |
| Q        | Q_22_ce0        | port    |          |
| Q        | Q_22_q0         | port    |          |
| Q        | Q_23_address0   | port    | offset   |
| Q        | Q_23_ce0        | port    |          |
| Q        | Q_23_q0         | port    |          |
| Q        | Q_24_address0   | port    | offset   |
| Q        | Q_24_ce0        | port    |          |
| Q        | Q_24_q0         | port    |          |
| Q        | Q_25_address0   | port    | offset   |
| Q        | Q_25_ce0        | port    |          |
| Q        | Q_25_q0         | port    |          |
| Q        | Q_26_address0   | port    | offset   |
| Q        | Q_26_ce0        | port    |          |
| Q        | Q_26_q0         | port    |          |
| Q        | Q_27_address0   | port    | offset   |
| Q        | Q_27_ce0        | port    |          |
| Q        | Q_27_q0         | port    |          |
| Q        | Q_28_address0   | port    | offset   |
| Q        | Q_28_ce0        | port    |          |
| Q        | Q_28_q0         | port    |          |
| Q        | Q_29_address0   | port    | offset   |
| Q        | Q_29_ce0        | port    |          |
| Q        | Q_29_q0         | port    |          |
| Q        | Q_30_address0   | port    | offset   |
| Q        | Q_30_ce0        | port    |          |
| Q        | Q_30_q0         | port    |          |
| Q        | Q_31_address0   | port    | offset   |
| Q        | Q_31_ce0        | port    |          |
| Q        | Q_31_q0         | port    |          |
| K        | K_0_0_address0  | port    | offset   |
| K        | K_0_0_ce0       | port    |          |
| K        | K_0_0_q0        | port    |          |
| K        | K_0_0_address1  | port    | offset   |
| K        | K_0_0_ce1       | port    |          |
| K        | K_0_0_q1        | port    |          |
| K        | K_0_1_address0  | port    | offset   |
| K        | K_0_1_ce0       | port    |          |
| K        | K_0_1_q0        | port    |          |
| K        | K_0_1_address1  | port    | offset   |
| K        | K_0_1_ce1       | port    |          |
| K        | K_0_1_q1        | port    |          |
| K        | K_0_2_address0  | port    | offset   |
| K        | K_0_2_ce0       | port    |          |
| K        | K_0_2_q0        | port    |          |
| K        | K_0_2_address1  | port    | offset   |
| K        | K_0_2_ce1       | port    |          |
| K        | K_0_2_q1        | port    |          |
| K        | K_0_3_address0  | port    | offset   |
| K        | K_0_3_ce0       | port    |          |
| K        | K_0_3_q0        | port    |          |
| K        | K_0_3_address1  | port    | offset   |
| K        | K_0_3_ce1       | port    |          |
| K        | K_0_3_q1        | port    |          |
| K        | K_0_4_address0  | port    | offset   |
| K        | K_0_4_ce0       | port    |          |
| K        | K_0_4_q0        | port    |          |
| K        | K_0_4_address1  | port    | offset   |
| K        | K_0_4_ce1       | port    |          |
| K        | K_0_4_q1        | port    |          |
| K        | K_0_5_address0  | port    | offset   |
| K        | K_0_5_ce0       | port    |          |
| K        | K_0_5_q0        | port    |          |
| K        | K_0_5_address1  | port    | offset   |
| K        | K_0_5_ce1       | port    |          |
| K        | K_0_5_q1        | port    |          |
| K        | K_0_6_address0  | port    | offset   |
| K        | K_0_6_ce0       | port    |          |
| K        | K_0_6_q0        | port    |          |
| K        | K_0_6_address1  | port    | offset   |
| K        | K_0_6_ce1       | port    |          |
| K        | K_0_6_q1        | port    |          |
| K        | K_0_7_address0  | port    | offset   |
| K        | K_0_7_ce0       | port    |          |
| K        | K_0_7_q0        | port    |          |
| K        | K_0_7_address1  | port    | offset   |
| K        | K_0_7_ce1       | port    |          |
| K        | K_0_7_q1        | port    |          |
| K        | K_0_8_address0  | port    | offset   |
| K        | K_0_8_ce0       | port    |          |
| K        | K_0_8_q0        | port    |          |
| K        | K_0_8_address1  | port    | offset   |
| K        | K_0_8_ce1       | port    |          |
| K        | K_0_8_q1        | port    |          |
| K        | K_0_9_address0  | port    | offset   |
| K        | K_0_9_ce0       | port    |          |
| K        | K_0_9_q0        | port    |          |
| K        | K_0_9_address1  | port    | offset   |
| K        | K_0_9_ce1       | port    |          |
| K        | K_0_9_q1        | port    |          |
| K        | K_0_10_address0 | port    | offset   |
| K        | K_0_10_ce0      | port    |          |
| K        | K_0_10_q0       | port    |          |
| K        | K_0_10_address1 | port    | offset   |
| K        | K_0_10_ce1      | port    |          |
| K        | K_0_10_q1       | port    |          |
| K        | K_0_11_address0 | port    | offset   |
| K        | K_0_11_ce0      | port    |          |
| K        | K_0_11_q0       | port    |          |
| K        | K_0_11_address1 | port    | offset   |
| K        | K_0_11_ce1      | port    |          |
| K        | K_0_11_q1       | port    |          |
| K        | K_0_12_address0 | port    | offset   |
| K        | K_0_12_ce0      | port    |          |
| K        | K_0_12_q0       | port    |          |
| K        | K_0_12_address1 | port    | offset   |
| K        | K_0_12_ce1      | port    |          |
| K        | K_0_12_q1       | port    |          |
| K        | K_0_13_address0 | port    | offset   |
| K        | K_0_13_ce0      | port    |          |
| K        | K_0_13_q0       | port    |          |
| K        | K_0_13_address1 | port    | offset   |
| K        | K_0_13_ce1      | port    |          |
| K        | K_0_13_q1       | port    |          |
| K        | K_0_14_address0 | port    | offset   |
| K        | K_0_14_ce0      | port    |          |
| K        | K_0_14_q0       | port    |          |
| K        | K_0_14_address1 | port    | offset   |
| K        | K_0_14_ce1      | port    |          |
| K        | K_0_14_q1       | port    |          |
| K        | K_0_15_address0 | port    | offset   |
| K        | K_0_15_ce0      | port    |          |
| K        | K_0_15_q0       | port    |          |
| K        | K_0_15_address1 | port    | offset   |
| K        | K_0_15_ce1      | port    |          |
| K        | K_0_15_q1       | port    |          |
| K        | K_0_16_address0 | port    | offset   |
| K        | K_0_16_ce0      | port    |          |
| K        | K_0_16_q0       | port    |          |
| K        | K_0_16_address1 | port    | offset   |
| K        | K_0_16_ce1      | port    |          |
| K        | K_0_16_q1       | port    |          |
| K        | K_0_17_address0 | port    | offset   |
| K        | K_0_17_ce0      | port    |          |
| K        | K_0_17_q0       | port    |          |
| K        | K_0_17_address1 | port    | offset   |
| K        | K_0_17_ce1      | port    |          |
| K        | K_0_17_q1       | port    |          |
| K        | K_0_18_address0 | port    | offset   |
| K        | K_0_18_ce0      | port    |          |
| K        | K_0_18_q0       | port    |          |
| K        | K_0_18_address1 | port    | offset   |
| K        | K_0_18_ce1      | port    |          |
| K        | K_0_18_q1       | port    |          |
| K        | K_0_19_address0 | port    | offset   |
| K        | K_0_19_ce0      | port    |          |
| K        | K_0_19_q0       | port    |          |
| K        | K_0_19_address1 | port    | offset   |
| K        | K_0_19_ce1      | port    |          |
| K        | K_0_19_q1       | port    |          |
| K        | K_0_20_address0 | port    | offset   |
| K        | K_0_20_ce0      | port    |          |
| K        | K_0_20_q0       | port    |          |
| K        | K_0_20_address1 | port    | offset   |
| K        | K_0_20_ce1      | port    |          |
| K        | K_0_20_q1       | port    |          |
| K        | K_0_21_address0 | port    | offset   |
| K        | K_0_21_ce0      | port    |          |
| K        | K_0_21_q0       | port    |          |
| K        | K_0_21_address1 | port    | offset   |
| K        | K_0_21_ce1      | port    |          |
| K        | K_0_21_q1       | port    |          |
| K        | K_0_22_address0 | port    | offset   |
| K        | K_0_22_ce0      | port    |          |
| K        | K_0_22_q0       | port    |          |
| K        | K_0_22_address1 | port    | offset   |
| K        | K_0_22_ce1      | port    |          |
| K        | K_0_22_q1       | port    |          |
| K        | K_0_23_address0 | port    | offset   |
| K        | K_0_23_ce0      | port    |          |
| K        | K_0_23_q0       | port    |          |
| K        | K_0_23_address1 | port    | offset   |
| K        | K_0_23_ce1      | port    |          |
| K        | K_0_23_q1       | port    |          |
| K        | K_0_24_address0 | port    | offset   |
| K        | K_0_24_ce0      | port    |          |
| K        | K_0_24_q0       | port    |          |
| K        | K_0_24_address1 | port    | offset   |
| K        | K_0_24_ce1      | port    |          |
| K        | K_0_24_q1       | port    |          |
| K        | K_0_25_address0 | port    | offset   |
| K        | K_0_25_ce0      | port    |          |
| K        | K_0_25_q0       | port    |          |
| K        | K_0_25_address1 | port    | offset   |
| K        | K_0_25_ce1      | port    |          |
| K        | K_0_25_q1       | port    |          |
| K        | K_0_26_address0 | port    | offset   |
| K        | K_0_26_ce0      | port    |          |
| K        | K_0_26_q0       | port    |          |
| K        | K_0_26_address1 | port    | offset   |
| K        | K_0_26_ce1      | port    |          |
| K        | K_0_26_q1       | port    |          |
| K        | K_0_27_address0 | port    | offset   |
| K        | K_0_27_ce0      | port    |          |
| K        | K_0_27_q0       | port    |          |
| K        | K_0_27_address1 | port    | offset   |
| K        | K_0_27_ce1      | port    |          |
| K        | K_0_27_q1       | port    |          |
| K        | K_0_28_address0 | port    | offset   |
| K        | K_0_28_ce0      | port    |          |
| K        | K_0_28_q0       | port    |          |
| K        | K_0_28_address1 | port    | offset   |
| K        | K_0_28_ce1      | port    |          |
| K        | K_0_28_q1       | port    |          |
| K        | K_0_29_address0 | port    | offset   |
| K        | K_0_29_ce0      | port    |          |
| K        | K_0_29_q0       | port    |          |
| K        | K_0_29_address1 | port    | offset   |
| K        | K_0_29_ce1      | port    |          |
| K        | K_0_29_q1       | port    |          |
| K        | K_0_30_address0 | port    | offset   |
| K        | K_0_30_ce0      | port    |          |
| K        | K_0_30_q0       | port    |          |
| K        | K_0_30_address1 | port    | offset   |
| K        | K_0_30_ce1      | port    |          |
| K        | K_0_30_q1       | port    |          |
| K        | K_0_31_address0 | port    | offset   |
| K        | K_0_31_ce0      | port    |          |
| K        | K_0_31_q0       | port    |          |
| K        | K_0_31_address1 | port    | offset   |
| K        | K_0_31_ce1      | port    |          |
| K        | K_0_31_q1       | port    |          |
| K        | K_1_0_address0  | port    | offset   |
| K        | K_1_0_ce0       | port    |          |
| K        | K_1_0_q0        | port    |          |
| K        | K_1_0_address1  | port    | offset   |
| K        | K_1_0_ce1       | port    |          |
| K        | K_1_0_q1        | port    |          |
| K        | K_1_1_address0  | port    | offset   |
| K        | K_1_1_ce0       | port    |          |
| K        | K_1_1_q0        | port    |          |
| K        | K_1_1_address1  | port    | offset   |
| K        | K_1_1_ce1       | port    |          |
| K        | K_1_1_q1        | port    |          |
| K        | K_1_2_address0  | port    | offset   |
| K        | K_1_2_ce0       | port    |          |
| K        | K_1_2_q0        | port    |          |
| K        | K_1_2_address1  | port    | offset   |
| K        | K_1_2_ce1       | port    |          |
| K        | K_1_2_q1        | port    |          |
| K        | K_1_3_address0  | port    | offset   |
| K        | K_1_3_ce0       | port    |          |
| K        | K_1_3_q0        | port    |          |
| K        | K_1_3_address1  | port    | offset   |
| K        | K_1_3_ce1       | port    |          |
| K        | K_1_3_q1        | port    |          |
| K        | K_1_4_address0  | port    | offset   |
| K        | K_1_4_ce0       | port    |          |
| K        | K_1_4_q0        | port    |          |
| K        | K_1_4_address1  | port    | offset   |
| K        | K_1_4_ce1       | port    |          |
| K        | K_1_4_q1        | port    |          |
| K        | K_1_5_address0  | port    | offset   |
| K        | K_1_5_ce0       | port    |          |
| K        | K_1_5_q0        | port    |          |
| K        | K_1_5_address1  | port    | offset   |
| K        | K_1_5_ce1       | port    |          |
| K        | K_1_5_q1        | port    |          |
| K        | K_1_6_address0  | port    | offset   |
| K        | K_1_6_ce0       | port    |          |
| K        | K_1_6_q0        | port    |          |
| K        | K_1_6_address1  | port    | offset   |
| K        | K_1_6_ce1       | port    |          |
| K        | K_1_6_q1        | port    |          |
| K        | K_1_7_address0  | port    | offset   |
| K        | K_1_7_ce0       | port    |          |
| K        | K_1_7_q0        | port    |          |
| K        | K_1_7_address1  | port    | offset   |
| K        | K_1_7_ce1       | port    |          |
| K        | K_1_7_q1        | port    |          |
| K        | K_1_8_address0  | port    | offset   |
| K        | K_1_8_ce0       | port    |          |
| K        | K_1_8_q0        | port    |          |
| K        | K_1_8_address1  | port    | offset   |
| K        | K_1_8_ce1       | port    |          |
| K        | K_1_8_q1        | port    |          |
| K        | K_1_9_address0  | port    | offset   |
| K        | K_1_9_ce0       | port    |          |
| K        | K_1_9_q0        | port    |          |
| K        | K_1_9_address1  | port    | offset   |
| K        | K_1_9_ce1       | port    |          |
| K        | K_1_9_q1        | port    |          |
| K        | K_1_10_address0 | port    | offset   |
| K        | K_1_10_ce0      | port    |          |
| K        | K_1_10_q0       | port    |          |
| K        | K_1_10_address1 | port    | offset   |
| K        | K_1_10_ce1      | port    |          |
| K        | K_1_10_q1       | port    |          |
| K        | K_1_11_address0 | port    | offset   |
| K        | K_1_11_ce0      | port    |          |
| K        | K_1_11_q0       | port    |          |
| K        | K_1_11_address1 | port    | offset   |
| K        | K_1_11_ce1      | port    |          |
| K        | K_1_11_q1       | port    |          |
| K        | K_1_12_address0 | port    | offset   |
| K        | K_1_12_ce0      | port    |          |
| K        | K_1_12_q0       | port    |          |
| K        | K_1_12_address1 | port    | offset   |
| K        | K_1_12_ce1      | port    |          |
| K        | K_1_12_q1       | port    |          |
| K        | K_1_13_address0 | port    | offset   |
| K        | K_1_13_ce0      | port    |          |
| K        | K_1_13_q0       | port    |          |
| K        | K_1_13_address1 | port    | offset   |
| K        | K_1_13_ce1      | port    |          |
| K        | K_1_13_q1       | port    |          |
| K        | K_1_14_address0 | port    | offset   |
| K        | K_1_14_ce0      | port    |          |
| K        | K_1_14_q0       | port    |          |
| K        | K_1_14_address1 | port    | offset   |
| K        | K_1_14_ce1      | port    |          |
| K        | K_1_14_q1       | port    |          |
| K        | K_1_15_address0 | port    | offset   |
| K        | K_1_15_ce0      | port    |          |
| K        | K_1_15_q0       | port    |          |
| K        | K_1_15_address1 | port    | offset   |
| K        | K_1_15_ce1      | port    |          |
| K        | K_1_15_q1       | port    |          |
| K        | K_1_16_address0 | port    | offset   |
| K        | K_1_16_ce0      | port    |          |
| K        | K_1_16_q0       | port    |          |
| K        | K_1_16_address1 | port    | offset   |
| K        | K_1_16_ce1      | port    |          |
| K        | K_1_16_q1       | port    |          |
| K        | K_1_17_address0 | port    | offset   |
| K        | K_1_17_ce0      | port    |          |
| K        | K_1_17_q0       | port    |          |
| K        | K_1_17_address1 | port    | offset   |
| K        | K_1_17_ce1      | port    |          |
| K        | K_1_17_q1       | port    |          |
| K        | K_1_18_address0 | port    | offset   |
| K        | K_1_18_ce0      | port    |          |
| K        | K_1_18_q0       | port    |          |
| K        | K_1_18_address1 | port    | offset   |
| K        | K_1_18_ce1      | port    |          |
| K        | K_1_18_q1       | port    |          |
| K        | K_1_19_address0 | port    | offset   |
| K        | K_1_19_ce0      | port    |          |
| K        | K_1_19_q0       | port    |          |
| K        | K_1_19_address1 | port    | offset   |
| K        | K_1_19_ce1      | port    |          |
| K        | K_1_19_q1       | port    |          |
| K        | K_1_20_address0 | port    | offset   |
| K        | K_1_20_ce0      | port    |          |
| K        | K_1_20_q0       | port    |          |
| K        | K_1_20_address1 | port    | offset   |
| K        | K_1_20_ce1      | port    |          |
| K        | K_1_20_q1       | port    |          |
| K        | K_1_21_address0 | port    | offset   |
| K        | K_1_21_ce0      | port    |          |
| K        | K_1_21_q0       | port    |          |
| K        | K_1_21_address1 | port    | offset   |
| K        | K_1_21_ce1      | port    |          |
| K        | K_1_21_q1       | port    |          |
| K        | K_1_22_address0 | port    | offset   |
| K        | K_1_22_ce0      | port    |          |
| K        | K_1_22_q0       | port    |          |
| K        | K_1_22_address1 | port    | offset   |
| K        | K_1_22_ce1      | port    |          |
| K        | K_1_22_q1       | port    |          |
| K        | K_1_23_address0 | port    | offset   |
| K        | K_1_23_ce0      | port    |          |
| K        | K_1_23_q0       | port    |          |
| K        | K_1_23_address1 | port    | offset   |
| K        | K_1_23_ce1      | port    |          |
| K        | K_1_23_q1       | port    |          |
| K        | K_1_24_address0 | port    | offset   |
| K        | K_1_24_ce0      | port    |          |
| K        | K_1_24_q0       | port    |          |
| K        | K_1_24_address1 | port    | offset   |
| K        | K_1_24_ce1      | port    |          |
| K        | K_1_24_q1       | port    |          |
| K        | K_1_25_address0 | port    | offset   |
| K        | K_1_25_ce0      | port    |          |
| K        | K_1_25_q0       | port    |          |
| K        | K_1_25_address1 | port    | offset   |
| K        | K_1_25_ce1      | port    |          |
| K        | K_1_25_q1       | port    |          |
| K        | K_1_26_address0 | port    | offset   |
| K        | K_1_26_ce0      | port    |          |
| K        | K_1_26_q0       | port    |          |
| K        | K_1_26_address1 | port    | offset   |
| K        | K_1_26_ce1      | port    |          |
| K        | K_1_26_q1       | port    |          |
| K        | K_1_27_address0 | port    | offset   |
| K        | K_1_27_ce0      | port    |          |
| K        | K_1_27_q0       | port    |          |
| K        | K_1_27_address1 | port    | offset   |
| K        | K_1_27_ce1      | port    |          |
| K        | K_1_27_q1       | port    |          |
| K        | K_1_28_address0 | port    | offset   |
| K        | K_1_28_ce0      | port    |          |
| K        | K_1_28_q0       | port    |          |
| K        | K_1_28_address1 | port    | offset   |
| K        | K_1_28_ce1      | port    |          |
| K        | K_1_28_q1       | port    |          |
| K        | K_1_29_address0 | port    | offset   |
| K        | K_1_29_ce0      | port    |          |
| K        | K_1_29_q0       | port    |          |
| K        | K_1_29_address1 | port    | offset   |
| K        | K_1_29_ce1      | port    |          |
| K        | K_1_29_q1       | port    |          |
| K        | K_1_30_address0 | port    | offset   |
| K        | K_1_30_ce0      | port    |          |
| K        | K_1_30_q0       | port    |          |
| K        | K_1_30_address1 | port    | offset   |
| K        | K_1_30_ce1      | port    |          |
| K        | K_1_30_q1       | port    |          |
| K        | K_1_31_address0 | port    | offset   |
| K        | K_1_31_ce0      | port    |          |
| K        | K_1_31_q0       | port    |          |
| K        | K_1_31_address1 | port    | offset   |
| K        | K_1_31_ce1      | port    |          |
| K        | K_1_31_q1       | port    |          |
| K        | K_2_0_address0  | port    | offset   |
| K        | K_2_0_ce0       | port    |          |
| K        | K_2_0_q0        | port    |          |
| K        | K_2_0_address1  | port    | offset   |
| K        | K_2_0_ce1       | port    |          |
| K        | K_2_0_q1        | port    |          |
| K        | K_2_1_address0  | port    | offset   |
| K        | K_2_1_ce0       | port    |          |
| K        | K_2_1_q0        | port    |          |
| K        | K_2_1_address1  | port    | offset   |
| K        | K_2_1_ce1       | port    |          |
| K        | K_2_1_q1        | port    |          |
| K        | K_2_2_address0  | port    | offset   |
| K        | K_2_2_ce0       | port    |          |
| K        | K_2_2_q0        | port    |          |
| K        | K_2_2_address1  | port    | offset   |
| K        | K_2_2_ce1       | port    |          |
| K        | K_2_2_q1        | port    |          |
| K        | K_2_3_address0  | port    | offset   |
| K        | K_2_3_ce0       | port    |          |
| K        | K_2_3_q0        | port    |          |
| K        | K_2_3_address1  | port    | offset   |
| K        | K_2_3_ce1       | port    |          |
| K        | K_2_3_q1        | port    |          |
| K        | K_2_4_address0  | port    | offset   |
| K        | K_2_4_ce0       | port    |          |
| K        | K_2_4_q0        | port    |          |
| K        | K_2_4_address1  | port    | offset   |
| K        | K_2_4_ce1       | port    |          |
| K        | K_2_4_q1        | port    |          |
| K        | K_2_5_address0  | port    | offset   |
| K        | K_2_5_ce0       | port    |          |
| K        | K_2_5_q0        | port    |          |
| K        | K_2_5_address1  | port    | offset   |
| K        | K_2_5_ce1       | port    |          |
| K        | K_2_5_q1        | port    |          |
| K        | K_2_6_address0  | port    | offset   |
| K        | K_2_6_ce0       | port    |          |
| K        | K_2_6_q0        | port    |          |
| K        | K_2_6_address1  | port    | offset   |
| K        | K_2_6_ce1       | port    |          |
| K        | K_2_6_q1        | port    |          |
| K        | K_2_7_address0  | port    | offset   |
| K        | K_2_7_ce0       | port    |          |
| K        | K_2_7_q0        | port    |          |
| K        | K_2_7_address1  | port    | offset   |
| K        | K_2_7_ce1       | port    |          |
| K        | K_2_7_q1        | port    |          |
| K        | K_2_8_address0  | port    | offset   |
| K        | K_2_8_ce0       | port    |          |
| K        | K_2_8_q0        | port    |          |
| K        | K_2_8_address1  | port    | offset   |
| K        | K_2_8_ce1       | port    |          |
| K        | K_2_8_q1        | port    |          |
| K        | K_2_9_address0  | port    | offset   |
| K        | K_2_9_ce0       | port    |          |
| K        | K_2_9_q0        | port    |          |
| K        | K_2_9_address1  | port    | offset   |
| K        | K_2_9_ce1       | port    |          |
| K        | K_2_9_q1        | port    |          |
| K        | K_2_10_address0 | port    | offset   |
| K        | K_2_10_ce0      | port    |          |
| K        | K_2_10_q0       | port    |          |
| K        | K_2_10_address1 | port    | offset   |
| K        | K_2_10_ce1      | port    |          |
| K        | K_2_10_q1       | port    |          |
| K        | K_2_11_address0 | port    | offset   |
| K        | K_2_11_ce0      | port    |          |
| K        | K_2_11_q0       | port    |          |
| K        | K_2_11_address1 | port    | offset   |
| K        | K_2_11_ce1      | port    |          |
| K        | K_2_11_q1       | port    |          |
| K        | K_2_12_address0 | port    | offset   |
| K        | K_2_12_ce0      | port    |          |
| K        | K_2_12_q0       | port    |          |
| K        | K_2_12_address1 | port    | offset   |
| K        | K_2_12_ce1      | port    |          |
| K        | K_2_12_q1       | port    |          |
| K        | K_2_13_address0 | port    | offset   |
| K        | K_2_13_ce0      | port    |          |
| K        | K_2_13_q0       | port    |          |
| K        | K_2_13_address1 | port    | offset   |
| K        | K_2_13_ce1      | port    |          |
| K        | K_2_13_q1       | port    |          |
| K        | K_2_14_address0 | port    | offset   |
| K        | K_2_14_ce0      | port    |          |
| K        | K_2_14_q0       | port    |          |
| K        | K_2_14_address1 | port    | offset   |
| K        | K_2_14_ce1      | port    |          |
| K        | K_2_14_q1       | port    |          |
| K        | K_2_15_address0 | port    | offset   |
| K        | K_2_15_ce0      | port    |          |
| K        | K_2_15_q0       | port    |          |
| K        | K_2_15_address1 | port    | offset   |
| K        | K_2_15_ce1      | port    |          |
| K        | K_2_15_q1       | port    |          |
| K        | K_2_16_address0 | port    | offset   |
| K        | K_2_16_ce0      | port    |          |
| K        | K_2_16_q0       | port    |          |
| K        | K_2_16_address1 | port    | offset   |
| K        | K_2_16_ce1      | port    |          |
| K        | K_2_16_q1       | port    |          |
| K        | K_2_17_address0 | port    | offset   |
| K        | K_2_17_ce0      | port    |          |
| K        | K_2_17_q0       | port    |          |
| K        | K_2_17_address1 | port    | offset   |
| K        | K_2_17_ce1      | port    |          |
| K        | K_2_17_q1       | port    |          |
| K        | K_2_18_address0 | port    | offset   |
| K        | K_2_18_ce0      | port    |          |
| K        | K_2_18_q0       | port    |          |
| K        | K_2_18_address1 | port    | offset   |
| K        | K_2_18_ce1      | port    |          |
| K        | K_2_18_q1       | port    |          |
| K        | K_2_19_address0 | port    | offset   |
| K        | K_2_19_ce0      | port    |          |
| K        | K_2_19_q0       | port    |          |
| K        | K_2_19_address1 | port    | offset   |
| K        | K_2_19_ce1      | port    |          |
| K        | K_2_19_q1       | port    |          |
| K        | K_2_20_address0 | port    | offset   |
| K        | K_2_20_ce0      | port    |          |
| K        | K_2_20_q0       | port    |          |
| K        | K_2_20_address1 | port    | offset   |
| K        | K_2_20_ce1      | port    |          |
| K        | K_2_20_q1       | port    |          |
| K        | K_2_21_address0 | port    | offset   |
| K        | K_2_21_ce0      | port    |          |
| K        | K_2_21_q0       | port    |          |
| K        | K_2_21_address1 | port    | offset   |
| K        | K_2_21_ce1      | port    |          |
| K        | K_2_21_q1       | port    |          |
| K        | K_2_22_address0 | port    | offset   |
| K        | K_2_22_ce0      | port    |          |
| K        | K_2_22_q0       | port    |          |
| K        | K_2_22_address1 | port    | offset   |
| K        | K_2_22_ce1      | port    |          |
| K        | K_2_22_q1       | port    |          |
| K        | K_2_23_address0 | port    | offset   |
| K        | K_2_23_ce0      | port    |          |
| K        | K_2_23_q0       | port    |          |
| K        | K_2_23_address1 | port    | offset   |
| K        | K_2_23_ce1      | port    |          |
| K        | K_2_23_q1       | port    |          |
| K        | K_2_24_address0 | port    | offset   |
| K        | K_2_24_ce0      | port    |          |
| K        | K_2_24_q0       | port    |          |
| K        | K_2_24_address1 | port    | offset   |
| K        | K_2_24_ce1      | port    |          |
| K        | K_2_24_q1       | port    |          |
| K        | K_2_25_address0 | port    | offset   |
| K        | K_2_25_ce0      | port    |          |
| K        | K_2_25_q0       | port    |          |
| K        | K_2_25_address1 | port    | offset   |
| K        | K_2_25_ce1      | port    |          |
| K        | K_2_25_q1       | port    |          |
| K        | K_2_26_address0 | port    | offset   |
| K        | K_2_26_ce0      | port    |          |
| K        | K_2_26_q0       | port    |          |
| K        | K_2_26_address1 | port    | offset   |
| K        | K_2_26_ce1      | port    |          |
| K        | K_2_26_q1       | port    |          |
| K        | K_2_27_address0 | port    | offset   |
| K        | K_2_27_ce0      | port    |          |
| K        | K_2_27_q0       | port    |          |
| K        | K_2_27_address1 | port    | offset   |
| K        | K_2_27_ce1      | port    |          |
| K        | K_2_27_q1       | port    |          |
| K        | K_2_28_address0 | port    | offset   |
| K        | K_2_28_ce0      | port    |          |
| K        | K_2_28_q0       | port    |          |
| K        | K_2_28_address1 | port    | offset   |
| K        | K_2_28_ce1      | port    |          |
| K        | K_2_28_q1       | port    |          |
| K        | K_2_29_address0 | port    | offset   |
| K        | K_2_29_ce0      | port    |          |
| K        | K_2_29_q0       | port    |          |
| K        | K_2_29_address1 | port    | offset   |
| K        | K_2_29_ce1      | port    |          |
| K        | K_2_29_q1       | port    |          |
| K        | K_2_30_address0 | port    | offset   |
| K        | K_2_30_ce0      | port    |          |
| K        | K_2_30_q0       | port    |          |
| K        | K_2_30_address1 | port    | offset   |
| K        | K_2_30_ce1      | port    |          |
| K        | K_2_30_q1       | port    |          |
| K        | K_2_31_address0 | port    | offset   |
| K        | K_2_31_ce0      | port    |          |
| K        | K_2_31_q0       | port    |          |
| K        | K_2_31_address1 | port    | offset   |
| K        | K_2_31_ce1      | port    |          |
| K        | K_2_31_q1       | port    |          |
| K        | K_3_0_address0  | port    | offset   |
| K        | K_3_0_ce0       | port    |          |
| K        | K_3_0_q0        | port    |          |
| K        | K_3_0_address1  | port    | offset   |
| K        | K_3_0_ce1       | port    |          |
| K        | K_3_0_q1        | port    |          |
| K        | K_3_1_address0  | port    | offset   |
| K        | K_3_1_ce0       | port    |          |
| K        | K_3_1_q0        | port    |          |
| K        | K_3_1_address1  | port    | offset   |
| K        | K_3_1_ce1       | port    |          |
| K        | K_3_1_q1        | port    |          |
| K        | K_3_2_address0  | port    | offset   |
| K        | K_3_2_ce0       | port    |          |
| K        | K_3_2_q0        | port    |          |
| K        | K_3_2_address1  | port    | offset   |
| K        | K_3_2_ce1       | port    |          |
| K        | K_3_2_q1        | port    |          |
| K        | K_3_3_address0  | port    | offset   |
| K        | K_3_3_ce0       | port    |          |
| K        | K_3_3_q0        | port    |          |
| K        | K_3_3_address1  | port    | offset   |
| K        | K_3_3_ce1       | port    |          |
| K        | K_3_3_q1        | port    |          |
| K        | K_3_4_address0  | port    | offset   |
| K        | K_3_4_ce0       | port    |          |
| K        | K_3_4_q0        | port    |          |
| K        | K_3_4_address1  | port    | offset   |
| K        | K_3_4_ce1       | port    |          |
| K        | K_3_4_q1        | port    |          |
| K        | K_3_5_address0  | port    | offset   |
| K        | K_3_5_ce0       | port    |          |
| K        | K_3_5_q0        | port    |          |
| K        | K_3_5_address1  | port    | offset   |
| K        | K_3_5_ce1       | port    |          |
| K        | K_3_5_q1        | port    |          |
| K        | K_3_6_address0  | port    | offset   |
| K        | K_3_6_ce0       | port    |          |
| K        | K_3_6_q0        | port    |          |
| K        | K_3_6_address1  | port    | offset   |
| K        | K_3_6_ce1       | port    |          |
| K        | K_3_6_q1        | port    |          |
| K        | K_3_7_address0  | port    | offset   |
| K        | K_3_7_ce0       | port    |          |
| K        | K_3_7_q0        | port    |          |
| K        | K_3_7_address1  | port    | offset   |
| K        | K_3_7_ce1       | port    |          |
| K        | K_3_7_q1        | port    |          |
| K        | K_3_8_address0  | port    | offset   |
| K        | K_3_8_ce0       | port    |          |
| K        | K_3_8_q0        | port    |          |
| K        | K_3_8_address1  | port    | offset   |
| K        | K_3_8_ce1       | port    |          |
| K        | K_3_8_q1        | port    |          |
| K        | K_3_9_address0  | port    | offset   |
| K        | K_3_9_ce0       | port    |          |
| K        | K_3_9_q0        | port    |          |
| K        | K_3_9_address1  | port    | offset   |
| K        | K_3_9_ce1       | port    |          |
| K        | K_3_9_q1        | port    |          |
| K        | K_3_10_address0 | port    | offset   |
| K        | K_3_10_ce0      | port    |          |
| K        | K_3_10_q0       | port    |          |
| K        | K_3_10_address1 | port    | offset   |
| K        | K_3_10_ce1      | port    |          |
| K        | K_3_10_q1       | port    |          |
| K        | K_3_11_address0 | port    | offset   |
| K        | K_3_11_ce0      | port    |          |
| K        | K_3_11_q0       | port    |          |
| K        | K_3_11_address1 | port    | offset   |
| K        | K_3_11_ce1      | port    |          |
| K        | K_3_11_q1       | port    |          |
| K        | K_3_12_address0 | port    | offset   |
| K        | K_3_12_ce0      | port    |          |
| K        | K_3_12_q0       | port    |          |
| K        | K_3_12_address1 | port    | offset   |
| K        | K_3_12_ce1      | port    |          |
| K        | K_3_12_q1       | port    |          |
| K        | K_3_13_address0 | port    | offset   |
| K        | K_3_13_ce0      | port    |          |
| K        | K_3_13_q0       | port    |          |
| K        | K_3_13_address1 | port    | offset   |
| K        | K_3_13_ce1      | port    |          |
| K        | K_3_13_q1       | port    |          |
| K        | K_3_14_address0 | port    | offset   |
| K        | K_3_14_ce0      | port    |          |
| K        | K_3_14_q0       | port    |          |
| K        | K_3_14_address1 | port    | offset   |
| K        | K_3_14_ce1      | port    |          |
| K        | K_3_14_q1       | port    |          |
| K        | K_3_15_address0 | port    | offset   |
| K        | K_3_15_ce0      | port    |          |
| K        | K_3_15_q0       | port    |          |
| K        | K_3_15_address1 | port    | offset   |
| K        | K_3_15_ce1      | port    |          |
| K        | K_3_15_q1       | port    |          |
| K        | K_3_16_address0 | port    | offset   |
| K        | K_3_16_ce0      | port    |          |
| K        | K_3_16_q0       | port    |          |
| K        | K_3_16_address1 | port    | offset   |
| K        | K_3_16_ce1      | port    |          |
| K        | K_3_16_q1       | port    |          |
| K        | K_3_17_address0 | port    | offset   |
| K        | K_3_17_ce0      | port    |          |
| K        | K_3_17_q0       | port    |          |
| K        | K_3_17_address1 | port    | offset   |
| K        | K_3_17_ce1      | port    |          |
| K        | K_3_17_q1       | port    |          |
| K        | K_3_18_address0 | port    | offset   |
| K        | K_3_18_ce0      | port    |          |
| K        | K_3_18_q0       | port    |          |
| K        | K_3_18_address1 | port    | offset   |
| K        | K_3_18_ce1      | port    |          |
| K        | K_3_18_q1       | port    |          |
| K        | K_3_19_address0 | port    | offset   |
| K        | K_3_19_ce0      | port    |          |
| K        | K_3_19_q0       | port    |          |
| K        | K_3_19_address1 | port    | offset   |
| K        | K_3_19_ce1      | port    |          |
| K        | K_3_19_q1       | port    |          |
| K        | K_3_20_address0 | port    | offset   |
| K        | K_3_20_ce0      | port    |          |
| K        | K_3_20_q0       | port    |          |
| K        | K_3_20_address1 | port    | offset   |
| K        | K_3_20_ce1      | port    |          |
| K        | K_3_20_q1       | port    |          |
| K        | K_3_21_address0 | port    | offset   |
| K        | K_3_21_ce0      | port    |          |
| K        | K_3_21_q0       | port    |          |
| K        | K_3_21_address1 | port    | offset   |
| K        | K_3_21_ce1      | port    |          |
| K        | K_3_21_q1       | port    |          |
| K        | K_3_22_address0 | port    | offset   |
| K        | K_3_22_ce0      | port    |          |
| K        | K_3_22_q0       | port    |          |
| K        | K_3_22_address1 | port    | offset   |
| K        | K_3_22_ce1      | port    |          |
| K        | K_3_22_q1       | port    |          |
| K        | K_3_23_address0 | port    | offset   |
| K        | K_3_23_ce0      | port    |          |
| K        | K_3_23_q0       | port    |          |
| K        | K_3_23_address1 | port    | offset   |
| K        | K_3_23_ce1      | port    |          |
| K        | K_3_23_q1       | port    |          |
| K        | K_3_24_address0 | port    | offset   |
| K        | K_3_24_ce0      | port    |          |
| K        | K_3_24_q0       | port    |          |
| K        | K_3_24_address1 | port    | offset   |
| K        | K_3_24_ce1      | port    |          |
| K        | K_3_24_q1       | port    |          |
| K        | K_3_25_address0 | port    | offset   |
| K        | K_3_25_ce0      | port    |          |
| K        | K_3_25_q0       | port    |          |
| K        | K_3_25_address1 | port    | offset   |
| K        | K_3_25_ce1      | port    |          |
| K        | K_3_25_q1       | port    |          |
| K        | K_3_26_address0 | port    | offset   |
| K        | K_3_26_ce0      | port    |          |
| K        | K_3_26_q0       | port    |          |
| K        | K_3_26_address1 | port    | offset   |
| K        | K_3_26_ce1      | port    |          |
| K        | K_3_26_q1       | port    |          |
| K        | K_3_27_address0 | port    | offset   |
| K        | K_3_27_ce0      | port    |          |
| K        | K_3_27_q0       | port    |          |
| K        | K_3_27_address1 | port    | offset   |
| K        | K_3_27_ce1      | port    |          |
| K        | K_3_27_q1       | port    |          |
| K        | K_3_28_address0 | port    | offset   |
| K        | K_3_28_ce0      | port    |          |
| K        | K_3_28_q0       | port    |          |
| K        | K_3_28_address1 | port    | offset   |
| K        | K_3_28_ce1      | port    |          |
| K        | K_3_28_q1       | port    |          |
| K        | K_3_29_address0 | port    | offset   |
| K        | K_3_29_ce0      | port    |          |
| K        | K_3_29_q0       | port    |          |
| K        | K_3_29_address1 | port    | offset   |
| K        | K_3_29_ce1      | port    |          |
| K        | K_3_29_q1       | port    |          |
| K        | K_3_30_address0 | port    | offset   |
| K        | K_3_30_ce0      | port    |          |
| K        | K_3_30_q0       | port    |          |
| K        | K_3_30_address1 | port    | offset   |
| K        | K_3_30_ce1      | port    |          |
| K        | K_3_30_q1       | port    |          |
| K        | K_3_31_address0 | port    | offset   |
| K        | K_3_31_ce0      | port    |          |
| K        | K_3_31_q0       | port    |          |
| K        | K_3_31_address1 | port    | offset   |
| K        | K_3_31_ce1      | port    |          |
| K        | K_3_31_q1       | port    |          |
| V        | V_0_0_address0  | port    | offset   |
| V        | V_0_0_ce0       | port    |          |
| V        | V_0_0_q0        | port    |          |
| V        | V_0_0_address1  | port    | offset   |
| V        | V_0_0_ce1       | port    |          |
| V        | V_0_0_q1        | port    |          |
| V        | V_0_1_address0  | port    | offset   |
| V        | V_0_1_ce0       | port    |          |
| V        | V_0_1_q0        | port    |          |
| V        | V_0_1_address1  | port    | offset   |
| V        | V_0_1_ce1       | port    |          |
| V        | V_0_1_q1        | port    |          |
| V        | V_0_2_address0  | port    | offset   |
| V        | V_0_2_ce0       | port    |          |
| V        | V_0_2_q0        | port    |          |
| V        | V_0_2_address1  | port    | offset   |
| V        | V_0_2_ce1       | port    |          |
| V        | V_0_2_q1        | port    |          |
| V        | V_0_3_address0  | port    | offset   |
| V        | V_0_3_ce0       | port    |          |
| V        | V_0_3_q0        | port    |          |
| V        | V_0_3_address1  | port    | offset   |
| V        | V_0_3_ce1       | port    |          |
| V        | V_0_3_q1        | port    |          |
| V        | V_0_4_address0  | port    | offset   |
| V        | V_0_4_ce0       | port    |          |
| V        | V_0_4_q0        | port    |          |
| V        | V_0_4_address1  | port    | offset   |
| V        | V_0_4_ce1       | port    |          |
| V        | V_0_4_q1        | port    |          |
| V        | V_0_5_address0  | port    | offset   |
| V        | V_0_5_ce0       | port    |          |
| V        | V_0_5_q0        | port    |          |
| V        | V_0_5_address1  | port    | offset   |
| V        | V_0_5_ce1       | port    |          |
| V        | V_0_5_q1        | port    |          |
| V        | V_0_6_address0  | port    | offset   |
| V        | V_0_6_ce0       | port    |          |
| V        | V_0_6_q0        | port    |          |
| V        | V_0_6_address1  | port    | offset   |
| V        | V_0_6_ce1       | port    |          |
| V        | V_0_6_q1        | port    |          |
| V        | V_0_7_address0  | port    | offset   |
| V        | V_0_7_ce0       | port    |          |
| V        | V_0_7_q0        | port    |          |
| V        | V_0_7_address1  | port    | offset   |
| V        | V_0_7_ce1       | port    |          |
| V        | V_0_7_q1        | port    |          |
| V        | V_0_8_address0  | port    | offset   |
| V        | V_0_8_ce0       | port    |          |
| V        | V_0_8_q0        | port    |          |
| V        | V_0_8_address1  | port    | offset   |
| V        | V_0_8_ce1       | port    |          |
| V        | V_0_8_q1        | port    |          |
| V        | V_0_9_address0  | port    | offset   |
| V        | V_0_9_ce0       | port    |          |
| V        | V_0_9_q0        | port    |          |
| V        | V_0_9_address1  | port    | offset   |
| V        | V_0_9_ce1       | port    |          |
| V        | V_0_9_q1        | port    |          |
| V        | V_0_10_address0 | port    | offset   |
| V        | V_0_10_ce0      | port    |          |
| V        | V_0_10_q0       | port    |          |
| V        | V_0_10_address1 | port    | offset   |
| V        | V_0_10_ce1      | port    |          |
| V        | V_0_10_q1       | port    |          |
| V        | V_0_11_address0 | port    | offset   |
| V        | V_0_11_ce0      | port    |          |
| V        | V_0_11_q0       | port    |          |
| V        | V_0_11_address1 | port    | offset   |
| V        | V_0_11_ce1      | port    |          |
| V        | V_0_11_q1       | port    |          |
| V        | V_0_12_address0 | port    | offset   |
| V        | V_0_12_ce0      | port    |          |
| V        | V_0_12_q0       | port    |          |
| V        | V_0_12_address1 | port    | offset   |
| V        | V_0_12_ce1      | port    |          |
| V        | V_0_12_q1       | port    |          |
| V        | V_0_13_address0 | port    | offset   |
| V        | V_0_13_ce0      | port    |          |
| V        | V_0_13_q0       | port    |          |
| V        | V_0_13_address1 | port    | offset   |
| V        | V_0_13_ce1      | port    |          |
| V        | V_0_13_q1       | port    |          |
| V        | V_0_14_address0 | port    | offset   |
| V        | V_0_14_ce0      | port    |          |
| V        | V_0_14_q0       | port    |          |
| V        | V_0_14_address1 | port    | offset   |
| V        | V_0_14_ce1      | port    |          |
| V        | V_0_14_q1       | port    |          |
| V        | V_0_15_address0 | port    | offset   |
| V        | V_0_15_ce0      | port    |          |
| V        | V_0_15_q0       | port    |          |
| V        | V_0_15_address1 | port    | offset   |
| V        | V_0_15_ce1      | port    |          |
| V        | V_0_15_q1       | port    |          |
| V        | V_1_0_address0  | port    | offset   |
| V        | V_1_0_ce0       | port    |          |
| V        | V_1_0_q0        | port    |          |
| V        | V_1_0_address1  | port    | offset   |
| V        | V_1_0_ce1       | port    |          |
| V        | V_1_0_q1        | port    |          |
| V        | V_1_1_address0  | port    | offset   |
| V        | V_1_1_ce0       | port    |          |
| V        | V_1_1_q0        | port    |          |
| V        | V_1_1_address1  | port    | offset   |
| V        | V_1_1_ce1       | port    |          |
| V        | V_1_1_q1        | port    |          |
| V        | V_1_2_address0  | port    | offset   |
| V        | V_1_2_ce0       | port    |          |
| V        | V_1_2_q0        | port    |          |
| V        | V_1_2_address1  | port    | offset   |
| V        | V_1_2_ce1       | port    |          |
| V        | V_1_2_q1        | port    |          |
| V        | V_1_3_address0  | port    | offset   |
| V        | V_1_3_ce0       | port    |          |
| V        | V_1_3_q0        | port    |          |
| V        | V_1_3_address1  | port    | offset   |
| V        | V_1_3_ce1       | port    |          |
| V        | V_1_3_q1        | port    |          |
| V        | V_1_4_address0  | port    | offset   |
| V        | V_1_4_ce0       | port    |          |
| V        | V_1_4_q0        | port    |          |
| V        | V_1_4_address1  | port    | offset   |
| V        | V_1_4_ce1       | port    |          |
| V        | V_1_4_q1        | port    |          |
| V        | V_1_5_address0  | port    | offset   |
| V        | V_1_5_ce0       | port    |          |
| V        | V_1_5_q0        | port    |          |
| V        | V_1_5_address1  | port    | offset   |
| V        | V_1_5_ce1       | port    |          |
| V        | V_1_5_q1        | port    |          |
| V        | V_1_6_address0  | port    | offset   |
| V        | V_1_6_ce0       | port    |          |
| V        | V_1_6_q0        | port    |          |
| V        | V_1_6_address1  | port    | offset   |
| V        | V_1_6_ce1       | port    |          |
| V        | V_1_6_q1        | port    |          |
| V        | V_1_7_address0  | port    | offset   |
| V        | V_1_7_ce0       | port    |          |
| V        | V_1_7_q0        | port    |          |
| V        | V_1_7_address1  | port    | offset   |
| V        | V_1_7_ce1       | port    |          |
| V        | V_1_7_q1        | port    |          |
| V        | V_1_8_address0  | port    | offset   |
| V        | V_1_8_ce0       | port    |          |
| V        | V_1_8_q0        | port    |          |
| V        | V_1_8_address1  | port    | offset   |
| V        | V_1_8_ce1       | port    |          |
| V        | V_1_8_q1        | port    |          |
| V        | V_1_9_address0  | port    | offset   |
| V        | V_1_9_ce0       | port    |          |
| V        | V_1_9_q0        | port    |          |
| V        | V_1_9_address1  | port    | offset   |
| V        | V_1_9_ce1       | port    |          |
| V        | V_1_9_q1        | port    |          |
| V        | V_1_10_address0 | port    | offset   |
| V        | V_1_10_ce0      | port    |          |
| V        | V_1_10_q0       | port    |          |
| V        | V_1_10_address1 | port    | offset   |
| V        | V_1_10_ce1      | port    |          |
| V        | V_1_10_q1       | port    |          |
| V        | V_1_11_address0 | port    | offset   |
| V        | V_1_11_ce0      | port    |          |
| V        | V_1_11_q0       | port    |          |
| V        | V_1_11_address1 | port    | offset   |
| V        | V_1_11_ce1      | port    |          |
| V        | V_1_11_q1       | port    |          |
| V        | V_1_12_address0 | port    | offset   |
| V        | V_1_12_ce0      | port    |          |
| V        | V_1_12_q0       | port    |          |
| V        | V_1_12_address1 | port    | offset   |
| V        | V_1_12_ce1      | port    |          |
| V        | V_1_12_q1       | port    |          |
| V        | V_1_13_address0 | port    | offset   |
| V        | V_1_13_ce0      | port    |          |
| V        | V_1_13_q0       | port    |          |
| V        | V_1_13_address1 | port    | offset   |
| V        | V_1_13_ce1      | port    |          |
| V        | V_1_13_q1       | port    |          |
| V        | V_1_14_address0 | port    | offset   |
| V        | V_1_14_ce0      | port    |          |
| V        | V_1_14_q0       | port    |          |
| V        | V_1_14_address1 | port    | offset   |
| V        | V_1_14_ce1      | port    |          |
| V        | V_1_14_q1       | port    |          |
| V        | V_1_15_address0 | port    | offset   |
| V        | V_1_15_ce0      | port    |          |
| V        | V_1_15_q0       | port    |          |
| V        | V_1_15_address1 | port    | offset   |
| V        | V_1_15_ce1      | port    |          |
| V        | V_1_15_q1       | port    |          |
| V        | V_2_0_address0  | port    | offset   |
| V        | V_2_0_ce0       | port    |          |
| V        | V_2_0_q0        | port    |          |
| V        | V_2_0_address1  | port    | offset   |
| V        | V_2_0_ce1       | port    |          |
| V        | V_2_0_q1        | port    |          |
| V        | V_2_1_address0  | port    | offset   |
| V        | V_2_1_ce0       | port    |          |
| V        | V_2_1_q0        | port    |          |
| V        | V_2_1_address1  | port    | offset   |
| V        | V_2_1_ce1       | port    |          |
| V        | V_2_1_q1        | port    |          |
| V        | V_2_2_address0  | port    | offset   |
| V        | V_2_2_ce0       | port    |          |
| V        | V_2_2_q0        | port    |          |
| V        | V_2_2_address1  | port    | offset   |
| V        | V_2_2_ce1       | port    |          |
| V        | V_2_2_q1        | port    |          |
| V        | V_2_3_address0  | port    | offset   |
| V        | V_2_3_ce0       | port    |          |
| V        | V_2_3_q0        | port    |          |
| V        | V_2_3_address1  | port    | offset   |
| V        | V_2_3_ce1       | port    |          |
| V        | V_2_3_q1        | port    |          |
| V        | V_2_4_address0  | port    | offset   |
| V        | V_2_4_ce0       | port    |          |
| V        | V_2_4_q0        | port    |          |
| V        | V_2_4_address1  | port    | offset   |
| V        | V_2_4_ce1       | port    |          |
| V        | V_2_4_q1        | port    |          |
| V        | V_2_5_address0  | port    | offset   |
| V        | V_2_5_ce0       | port    |          |
| V        | V_2_5_q0        | port    |          |
| V        | V_2_5_address1  | port    | offset   |
| V        | V_2_5_ce1       | port    |          |
| V        | V_2_5_q1        | port    |          |
| V        | V_2_6_address0  | port    | offset   |
| V        | V_2_6_ce0       | port    |          |
| V        | V_2_6_q0        | port    |          |
| V        | V_2_6_address1  | port    | offset   |
| V        | V_2_6_ce1       | port    |          |
| V        | V_2_6_q1        | port    |          |
| V        | V_2_7_address0  | port    | offset   |
| V        | V_2_7_ce0       | port    |          |
| V        | V_2_7_q0        | port    |          |
| V        | V_2_7_address1  | port    | offset   |
| V        | V_2_7_ce1       | port    |          |
| V        | V_2_7_q1        | port    |          |
| V        | V_2_8_address0  | port    | offset   |
| V        | V_2_8_ce0       | port    |          |
| V        | V_2_8_q0        | port    |          |
| V        | V_2_8_address1  | port    | offset   |
| V        | V_2_8_ce1       | port    |          |
| V        | V_2_8_q1        | port    |          |
| V        | V_2_9_address0  | port    | offset   |
| V        | V_2_9_ce0       | port    |          |
| V        | V_2_9_q0        | port    |          |
| V        | V_2_9_address1  | port    | offset   |
| V        | V_2_9_ce1       | port    |          |
| V        | V_2_9_q1        | port    |          |
| V        | V_2_10_address0 | port    | offset   |
| V        | V_2_10_ce0      | port    |          |
| V        | V_2_10_q0       | port    |          |
| V        | V_2_10_address1 | port    | offset   |
| V        | V_2_10_ce1      | port    |          |
| V        | V_2_10_q1       | port    |          |
| V        | V_2_11_address0 | port    | offset   |
| V        | V_2_11_ce0      | port    |          |
| V        | V_2_11_q0       | port    |          |
| V        | V_2_11_address1 | port    | offset   |
| V        | V_2_11_ce1      | port    |          |
| V        | V_2_11_q1       | port    |          |
| V        | V_2_12_address0 | port    | offset   |
| V        | V_2_12_ce0      | port    |          |
| V        | V_2_12_q0       | port    |          |
| V        | V_2_12_address1 | port    | offset   |
| V        | V_2_12_ce1      | port    |          |
| V        | V_2_12_q1       | port    |          |
| V        | V_2_13_address0 | port    | offset   |
| V        | V_2_13_ce0      | port    |          |
| V        | V_2_13_q0       | port    |          |
| V        | V_2_13_address1 | port    | offset   |
| V        | V_2_13_ce1      | port    |          |
| V        | V_2_13_q1       | port    |          |
| V        | V_2_14_address0 | port    | offset   |
| V        | V_2_14_ce0      | port    |          |
| V        | V_2_14_q0       | port    |          |
| V        | V_2_14_address1 | port    | offset   |
| V        | V_2_14_ce1      | port    |          |
| V        | V_2_14_q1       | port    |          |
| V        | V_2_15_address0 | port    | offset   |
| V        | V_2_15_ce0      | port    |          |
| V        | V_2_15_q0       | port    |          |
| V        | V_2_15_address1 | port    | offset   |
| V        | V_2_15_ce1      | port    |          |
| V        | V_2_15_q1       | port    |          |
| V        | V_3_0_address0  | port    | offset   |
| V        | V_3_0_ce0       | port    |          |
| V        | V_3_0_q0        | port    |          |
| V        | V_3_0_address1  | port    | offset   |
| V        | V_3_0_ce1       | port    |          |
| V        | V_3_0_q1        | port    |          |
| V        | V_3_1_address0  | port    | offset   |
| V        | V_3_1_ce0       | port    |          |
| V        | V_3_1_q0        | port    |          |
| V        | V_3_1_address1  | port    | offset   |
| V        | V_3_1_ce1       | port    |          |
| V        | V_3_1_q1        | port    |          |
| V        | V_3_2_address0  | port    | offset   |
| V        | V_3_2_ce0       | port    |          |
| V        | V_3_2_q0        | port    |          |
| V        | V_3_2_address1  | port    | offset   |
| V        | V_3_2_ce1       | port    |          |
| V        | V_3_2_q1        | port    |          |
| V        | V_3_3_address0  | port    | offset   |
| V        | V_3_3_ce0       | port    |          |
| V        | V_3_3_q0        | port    |          |
| V        | V_3_3_address1  | port    | offset   |
| V        | V_3_3_ce1       | port    |          |
| V        | V_3_3_q1        | port    |          |
| V        | V_3_4_address0  | port    | offset   |
| V        | V_3_4_ce0       | port    |          |
| V        | V_3_4_q0        | port    |          |
| V        | V_3_4_address1  | port    | offset   |
| V        | V_3_4_ce1       | port    |          |
| V        | V_3_4_q1        | port    |          |
| V        | V_3_5_address0  | port    | offset   |
| V        | V_3_5_ce0       | port    |          |
| V        | V_3_5_q0        | port    |          |
| V        | V_3_5_address1  | port    | offset   |
| V        | V_3_5_ce1       | port    |          |
| V        | V_3_5_q1        | port    |          |
| V        | V_3_6_address0  | port    | offset   |
| V        | V_3_6_ce0       | port    |          |
| V        | V_3_6_q0        | port    |          |
| V        | V_3_6_address1  | port    | offset   |
| V        | V_3_6_ce1       | port    |          |
| V        | V_3_6_q1        | port    |          |
| V        | V_3_7_address0  | port    | offset   |
| V        | V_3_7_ce0       | port    |          |
| V        | V_3_7_q0        | port    |          |
| V        | V_3_7_address1  | port    | offset   |
| V        | V_3_7_ce1       | port    |          |
| V        | V_3_7_q1        | port    |          |
| V        | V_3_8_address0  | port    | offset   |
| V        | V_3_8_ce0       | port    |          |
| V        | V_3_8_q0        | port    |          |
| V        | V_3_8_address1  | port    | offset   |
| V        | V_3_8_ce1       | port    |          |
| V        | V_3_8_q1        | port    |          |
| V        | V_3_9_address0  | port    | offset   |
| V        | V_3_9_ce0       | port    |          |
| V        | V_3_9_q0        | port    |          |
| V        | V_3_9_address1  | port    | offset   |
| V        | V_3_9_ce1       | port    |          |
| V        | V_3_9_q1        | port    |          |
| V        | V_3_10_address0 | port    | offset   |
| V        | V_3_10_ce0      | port    |          |
| V        | V_3_10_q0       | port    |          |
| V        | V_3_10_address1 | port    | offset   |
| V        | V_3_10_ce1      | port    |          |
| V        | V_3_10_q1       | port    |          |
| V        | V_3_11_address0 | port    | offset   |
| V        | V_3_11_ce0      | port    |          |
| V        | V_3_11_q0       | port    |          |
| V        | V_3_11_address1 | port    | offset   |
| V        | V_3_11_ce1      | port    |          |
| V        | V_3_11_q1       | port    |          |
| V        | V_3_12_address0 | port    | offset   |
| V        | V_3_12_ce0      | port    |          |
| V        | V_3_12_q0       | port    |          |
| V        | V_3_12_address1 | port    | offset   |
| V        | V_3_12_ce1      | port    |          |
| V        | V_3_12_q1       | port    |          |
| V        | V_3_13_address0 | port    | offset   |
| V        | V_3_13_ce0      | port    |          |
| V        | V_3_13_q0       | port    |          |
| V        | V_3_13_address1 | port    | offset   |
| V        | V_3_13_ce1      | port    |          |
| V        | V_3_13_q1       | port    |          |
| V        | V_3_14_address0 | port    | offset   |
| V        | V_3_14_ce0      | port    |          |
| V        | V_3_14_q0       | port    |          |
| V        | V_3_14_address1 | port    | offset   |
| V        | V_3_14_ce1      | port    |          |
| V        | V_3_14_q1       | port    |          |
| V        | V_3_15_address0 | port    | offset   |
| V        | V_3_15_ce0      | port    |          |
| V        | V_3_15_q0       | port    |          |
| V        | V_3_15_address1 | port    | offset   |
| V        | V_3_15_ce1      | port    |          |
| V        | V_3_15_q1       | port    |          |
| out      | out_r_address0  | port    | offset   |
| out      | out_r_ce0       | port    |          |
| out      | out_r_we0       | port    |          |
| out      | out_r_d0        | port    |          |
+----------+-----------------+---------+----------+


================================================================
== Bind Op Report
================================================================
+---------------------------------------------+-----+--------+---------------+-----------+--------------------------+---------+
| Name                                        | DSP | Pragma | Variable      | Op        | Impl                     | Latency |
+---------------------------------------------+-----+--------+---------------+-----------+--------------------------+---------+
| + xmod_attn_v1                              | 128 |        |               |           |                          |         |
|   cmp29_i_fu_3552_p2                        |     |        | cmp29_i       | setgt     | auto                     | 0       |
|  + q_kt_matmul_v1                           | 64  |        |               |           |                          |         |
|    add_ln32_1_fu_7850_p2                    |     |        | add_ln32_1    | add       | fabric                   | 0       |
|    icmp_ln32_fu_7856_p2                     |     |        | icmp_ln32     | seteq     | auto                     | 0       |
|    add_ln32_fu_7874_p2                      |     |        | add_ln32      | add       | fabric                   | 0       |
|    select_ln32_fu_7888_p3                   |     |        | select_ln32   | select    | auto_sel                 | 0       |
|    select_ln32_1_fu_13852_p3                |     |        | select_ln32_1 | select    | auto_sel                 | 0       |
|    select_ln32_2_fu_13859_p3                |     |        | select_ln32_2 | select    | auto_sel                 | 0       |
|    select_ln32_3_fu_13302_p3                |     |        | select_ln32_3 | select    | auto_sel                 | 0       |
|    select_ln32_4_fu_13309_p3                |     |        | select_ln32_4 | select    | auto_sel                 | 0       |
|    select_ln32_5_fu_7896_p3                 |     |        | select_ln32_5 | select    | auto_sel                 | 0       |
|    sparsemux_9_2_8_1_1_U1                   |     |        | tmp           | sparsemux | compactencoding_dontcare | 0       |
|    sparsemux_9_2_8_1_1_U2                   |     |        | tmp_s         | sparsemux | compactencoding_dontcare | 0       |
|    sparsemux_9_2_8_1_1_U3                   |     |        | tmp_72        | sparsemux | compactencoding_dontcare | 0       |
|    sparsemux_9_2_8_1_1_U4                   |     |        | tmp_73        | sparsemux | compactencoding_dontcare | 0       |
|    sparsemux_9_2_8_1_1_U5                   |     |        | tmp_74        | sparsemux | compactencoding_dontcare | 0       |
|    sparsemux_9_2_8_1_1_U6                   |     |        | tmp_75        | sparsemux | compactencoding_dontcare | 0       |
|    sparsemux_9_2_8_1_1_U7                   |     |        | tmp_76        | sparsemux | compactencoding_dontcare | 0       |
|    sparsemux_9_2_8_1_1_U8                   |     |        | tmp_77        | sparsemux | compactencoding_dontcare | 0       |
|    sparsemux_9_2_8_1_1_U9                   |     |        | tmp_78        | sparsemux | compactencoding_dontcare | 0       |
|    sparsemux_9_2_8_1_1_U10                  |     |        | tmp_79        | sparsemux | compactencoding_dontcare | 0       |
|    sparsemux_9_2_8_1_1_U11                  |     |        | tmp_80        | sparsemux | compactencoding_dontcare | 0       |
|    sparsemux_9_2_8_1_1_U12                  |     |        | tmp_81        | sparsemux | compactencoding_dontcare | 0       |
|    sparsemux_9_2_8_1_1_U13                  |     |        | tmp_82        | sparsemux | compactencoding_dontcare | 0       |
|    sparsemux_9_2_8_1_1_U14                  |     |        | tmp_83        | sparsemux | compactencoding_dontcare | 0       |
|    sparsemux_9_2_8_1_1_U15                  |     |        | tmp_84        | sparsemux | compactencoding_dontcare | 0       |
|    sparsemux_9_2_8_1_1_U16                  |     |        | tmp_85        | sparsemux | compactencoding_dontcare | 0       |
|    sparsemux_9_2_8_1_1_U17                  |     |        | tmp_86        | sparsemux | compactencoding_dontcare | 0       |
|    sparsemux_9_2_8_1_1_U18                  |     |        | tmp_87        | sparsemux | compactencoding_dontcare | 0       |
|    sparsemux_9_2_8_1_1_U19                  |     |        | tmp_88        | sparsemux | compactencoding_dontcare | 0       |
|    sparsemux_9_2_8_1_1_U20                  |     |        | tmp_89        | sparsemux | compactencoding_dontcare | 0       |
|    sparsemux_9_2_8_1_1_U21                  |     |        | tmp_90        | sparsemux | compactencoding_dontcare | 0       |
|    sparsemux_9_2_8_1_1_U22                  |     |        | tmp_91        | sparsemux | compactencoding_dontcare | 0       |
|    sparsemux_9_2_8_1_1_U23                  |     |        | tmp_92        | sparsemux | compactencoding_dontcare | 0       |
|    sparsemux_9_2_8_1_1_U24                  |     |        | tmp_93        | sparsemux | compactencoding_dontcare | 0       |
|    sparsemux_9_2_8_1_1_U25                  |     |        | tmp_94        | sparsemux | compactencoding_dontcare | 0       |
|    sparsemux_9_2_8_1_1_U26                  |     |        | tmp_95        | sparsemux | compactencoding_dontcare | 0       |
|    sparsemux_9_2_8_1_1_U27                  |     |        | tmp_96        | sparsemux | compactencoding_dontcare | 0       |
|    sparsemux_9_2_8_1_1_U28                  |     |        | tmp_97        | sparsemux | compactencoding_dontcare | 0       |
|    sparsemux_9_2_8_1_1_U29                  |     |        | tmp_98        | sparsemux | compactencoding_dontcare | 0       |
|    sparsemux_9_2_8_1_1_U30                  |     |        | tmp_99        | sparsemux | compactencoding_dontcare | 0       |
|    sparsemux_9_2_8_1_1_U31                  |     |        | tmp_100       | sparsemux | compactencoding_dontcare | 0       |
|    sparsemux_9_2_8_1_1_U32                  |     |        | tmp_101       | sparsemux | compactencoding_dontcare | 0       |
|    mac_muladd_8s_8s_16s_17_4_1_U129         | 1   |        | mul_ln48      | mul       | dsp_slice                | 3       |
|    mac_muladd_8s_8s_16s_17_4_1_U129         | 1   |        | sext_ln48_64  | sext      | dsp_slice                | 3       |
|    mac_muladd_8s_8s_16s_17_4_1_U130         | 1   |        | mul_ln48_1    | mul       | dsp_slice                | 3       |
|    mac_muladd_8s_8s_16s_17_4_1_U130         | 1   |        | sext_ln48_65  | sext      | dsp_slice                | 3       |
|    mul_8s_8s_16_1_1_U65                     |     |        | mul_ln48_2    | mul       | auto                     | 0       |
|    mac_muladd_8s_8s_16s_17_4_1_U131         | 1   |        | mul_ln48_3    | mul       | dsp_slice                | 3       |
|    mac_muladd_8s_8s_16s_17_4_1_U131         | 1   |        | sext_ln48_67  | sext      | dsp_slice                | 3       |
|    mac_muladd_8s_8s_16s_17_4_1_U132         | 1   |        | mul_ln48_4    | mul       | dsp_slice                | 3       |
|    mac_muladd_8s_8s_16s_17_4_1_U132         | 1   |        | sext_ln48_68  | sext      | dsp_slice                | 3       |
|    mac_muladd_8s_8s_16s_17_4_1_U133         | 1   |        | mul_ln48_5    | mul       | dsp_slice                | 3       |
|    mac_muladd_8s_8s_16s_17_4_1_U133         | 1   |        | sext_ln48_69  | sext      | dsp_slice                | 3       |
|    mul_8s_8s_16_1_1_U66                     |     |        | mul_ln48_6    | mul       | auto                     | 0       |
|    mul_8s_8s_16_1_1_U67                     |     |        | mul_ln48_7    | mul       | auto                     | 0       |
|    mul_8s_8s_16_1_1_U68                     |     |        | mul_ln48_8    | mul       | auto                     | 0       |
|    mul_8s_8s_16_1_1_U69                     |     |        | mul_ln48_9    | mul       | auto                     | 0       |
|    mul_8s_8s_16_1_1_U70                     |     |        | mul_ln48_10   | mul       | auto                     | 0       |
|    mul_8s_8s_16_1_1_U71                     |     |        | mul_ln48_11   | mul       | auto                     | 0       |
|    mac_muladd_8s_8s_16s_17_4_1_U134         | 1   |        | mul_ln48_12   | mul       | dsp_slice                | 3       |
|    mac_muladd_8s_8s_16s_17_4_1_U134         | 1   |        | sext_ln48_76  | sext      | dsp_slice                | 3       |
|    mac_muladd_8s_8s_16s_17_4_1_U135         | 1   |        | mul_ln48_13   | mul       | dsp_slice                | 3       |
|    mac_muladd_8s_8s_16s_17_4_1_U135         | 1   |        | sext_ln48_77  | sext      | dsp_slice                | 3       |
|    mac_muladd_8s_8s_16s_17_4_1_U136         | 1   |        | mul_ln48_14   | mul       | dsp_slice                | 3       |
|    mac_muladd_8s_8s_16s_17_4_1_U136         | 1   |        | sext_ln48_78  | sext      | dsp_slice                | 3       |
|    mul_8s_8s_16_1_1_U72                     |     |        | mul_ln48_15   | mul       | auto                     | 0       |
|    mul_8s_8s_16_1_1_U73                     |     |        | mul_ln48_16   | mul       | auto                     | 0       |
|    mac_muladd_8s_8s_16s_17_4_1_U137         | 1   |        | mul_ln48_17   | mul       | dsp_slice                | 3       |
|    mac_muladd_8s_8s_16s_17_4_1_U137         | 1   |        | sext_ln48_81  | sext      | dsp_slice                | 3       |
|    mac_muladd_8s_8s_16s_17_4_1_U138         | 1   |        | mul_ln48_18   | mul       | dsp_slice                | 3       |
|    mac_muladd_8s_8s_16s_17_4_1_U138         | 1   |        | sext_ln48_82  | sext      | dsp_slice                | 3       |
|    mac_muladd_8s_8s_16s_17_4_1_U139         | 1   |        | mul_ln48_19   | mul       | dsp_slice                | 3       |
|    mac_muladd_8s_8s_16s_17_4_1_U139         | 1   |        | sext_ln48_83  | sext      | dsp_slice                | 3       |
|    mul_8s_8s_16_1_1_U74                     |     |        | mul_ln48_20   | mul       | auto                     | 0       |
|    mul_8s_8s_16_1_1_U75                     |     |        | mul_ln48_21   | mul       | auto                     | 0       |
|    mac_muladd_8s_8s_16s_17_4_1_U140         | 1   |        | mul_ln48_22   | mul       | dsp_slice                | 3       |
|    mac_muladd_8s_8s_16s_17_4_1_U140         | 1   |        | sext_ln48_86  | sext      | dsp_slice                | 3       |
|    mac_muladd_8s_8s_16s_17_4_1_U141         | 1   |        | mul_ln48_23   | mul       | dsp_slice                | 3       |
|    mac_muladd_8s_8s_16s_17_4_1_U141         | 1   |        | sext_ln48_87  | sext      | dsp_slice                | 3       |
|    mul_8s_8s_16_1_1_U76                     |     |        | mul_ln48_24   | mul       | auto                     | 0       |
|    mul_8s_8s_16_1_1_U77                     |     |        | mul_ln48_25   | mul       | auto                     | 0       |
|    mac_muladd_8s_8s_16s_17_4_1_U142         | 1   |        | mul_ln48_26   | mul       | dsp_slice                | 3       |
|    mac_muladd_8s_8s_16s_17_4_1_U142         | 1   |        | sext_ln48_90  | sext      | dsp_slice                | 3       |
|    mac_muladd_8s_8s_16s_17_4_1_U143         | 1   |        | mul_ln48_27   | mul       | dsp_slice                | 3       |
|    mac_muladd_8s_8s_16s_17_4_1_U143         | 1   |        | sext_ln48_91  | sext      | dsp_slice                | 3       |
|    mac_muladd_8s_8s_16s_17_4_1_U144         | 1   |        | mul_ln48_28   | mul       | dsp_slice                | 3       |
|    mac_muladd_8s_8s_16s_17_4_1_U144         | 1   |        | sext_ln48_92  | sext      | dsp_slice                | 3       |
|    mul_8s_8s_16_1_1_U78                     |     |        | mul_ln48_29   | mul       | auto                     | 0       |
|    mul_8s_8s_16_1_1_U79                     |     |        | mul_ln48_30   | mul       | auto                     | 0       |
|    mul_8s_8s_16_1_1_U80                     |     |        | mul_ln48_31   | mul       | auto                     | 0       |
|    mac_muladd_8s_8s_16s_17_4_1_U141         | 1   |        | add_ln50      | add       | dsp_slice                | 3       |
|    mac_muladd_8s_8s_16s_17_4_1_U138         | 1   |        | add_ln50_1    | add       | dsp_slice                | 3       |
|    add_ln50_2_fu_12840_p2                   |     |        | add_ln50_2    | add       | fabric                   | 0       |
|    mac_muladd_8s_8s_16s_17_4_1_U140         | 1   |        | add_ln50_3    | add       | dsp_slice                | 3       |
|    mac_muladd_8s_8s_16s_17_4_1_U144         | 1   |        | add_ln50_4    | add       | dsp_slice                | 3       |
|    add_ln50_5_fu_12856_p2                   |     |        | add_ln50_5    | add       | fabric                   | 0       |
|    add_ln50_6_fu_12866_p2                   |     |        | add_ln50_6    | add       | fabric                   | 0       |
|    mac_muladd_8s_8s_16s_17_4_1_U132         | 1   |        | add_ln50_7    | add       | dsp_slice                | 3       |
|    mac_muladd_8s_8s_16s_17_4_1_U142         | 1   |        | add_ln50_8    | add       | dsp_slice                | 3       |
|    add_ln50_9_fu_12882_p2                   |     |        | add_ln50_9    | add       | fabric                   | 0       |
|    mac_muladd_8s_8s_16s_17_4_1_U134         | 1   |        | add_ln50_10   | add       | dsp_slice                | 3       |
|    mac_muladd_8s_8s_16s_17_4_1_U130         | 1   |        | add_ln50_11   | add       | dsp_slice                | 3       |
|    add_ln50_12_fu_12898_p2                  |     |        | add_ln50_12   | add       | fabric                   | 0       |
|    add_ln50_13_fu_12908_p2                  |     |        | add_ln50_13   | add       | fabric                   | 0       |
|    add_ln50_14_fu_12918_p2                  |     |        | add_ln50_14   | add       | fabric                   | 0       |
|    mac_muladd_8s_8s_16s_17_4_1_U131         | 1   |        | add_ln50_15   | add       | dsp_slice                | 3       |
|    mac_muladd_8s_8s_16s_17_4_1_U139         | 1   |        | add_ln50_16   | add       | dsp_slice                | 3       |
|    add_ln50_17_fu_12930_p2                  |     |        | add_ln50_17   | add       | fabric                   | 0       |
|    mac_muladd_8s_8s_16s_17_4_1_U135         | 1   |        | add_ln50_18   | add       | dsp_slice                | 3       |
|    mac_muladd_8s_8s_16s_17_4_1_U137         | 1   |        | add_ln50_19   | add       | dsp_slice                | 3       |
|    add_ln50_20_fu_12946_p2                  |     |        | add_ln50_20   | add       | fabric                   | 0       |
|    add_ln50_21_fu_12956_p2                  |     |        | add_ln50_21   | add       | fabric                   | 0       |
|    mac_muladd_8s_8s_16s_17_4_1_U143         | 1   |        | add_ln50_22   | add       | dsp_slice                | 3       |
|    mac_muladd_8s_8s_16s_17_4_1_U136         | 1   |        | add_ln50_23   | add       | dsp_slice                | 3       |
|    add_ln50_24_fu_12972_p2                  |     |        | add_ln50_24   | add       | fabric                   | 0       |
|    mac_muladd_8s_8s_16s_17_4_1_U133         | 1   |        | add_ln50_25   | add       | dsp_slice                | 3       |
|    mac_muladd_8s_8s_16s_17_4_1_U129         | 1   |        | add_ln50_26   | add       | dsp_slice                | 3       |
|    add_ln50_27_fu_12988_p2                  |     |        | add_ln50_27   | add       | fabric                   | 0       |
|    add_ln50_28_fu_12998_p2                  |     |        | add_ln50_28   | add       | fabric                   | 0       |
|    add_ln50_29_fu_13008_p2                  |     |        | add_ln50_29   | add       | fabric                   | 0       |
|    add_ln50_30_fu_13322_p2                  |     |        | add_ln50_30   | add       | fabric                   | 0       |
|    add_ln50_31_fu_13332_p2                  |     |        | add_ln50_31   | add       | fabric                   | 0       |
|    sparsemux_9_2_8_1_1_U33                  |     |        | tmp_102       | sparsemux | compactencoding_dontcare | 0       |
|    sparsemux_9_2_8_1_1_U34                  |     |        | tmp_103       | sparsemux | compactencoding_dontcare | 0       |
|    sparsemux_9_2_8_1_1_U35                  |     |        | tmp_104       | sparsemux | compactencoding_dontcare | 0       |
|    sparsemux_9_2_8_1_1_U36                  |     |        | tmp_105       | sparsemux | compactencoding_dontcare | 0       |
|    sparsemux_9_2_8_1_1_U37                  |     |        | tmp_106       | sparsemux | compactencoding_dontcare | 0       |
|    sparsemux_9_2_8_1_1_U38                  |     |        | tmp_107       | sparsemux | compactencoding_dontcare | 0       |
|    sparsemux_9_2_8_1_1_U39                  |     |        | tmp_108       | sparsemux | compactencoding_dontcare | 0       |
|    sparsemux_9_2_8_1_1_U40                  |     |        | tmp_109       | sparsemux | compactencoding_dontcare | 0       |
|    sparsemux_9_2_8_1_1_U41                  |     |        | tmp_110       | sparsemux | compactencoding_dontcare | 0       |
|    sparsemux_9_2_8_1_1_U42                  |     |        | tmp_111       | sparsemux | compactencoding_dontcare | 0       |
|    sparsemux_9_2_8_1_1_U43                  |     |        | tmp_112       | sparsemux | compactencoding_dontcare | 0       |
|    sparsemux_9_2_8_1_1_U44                  |     |        | tmp_113       | sparsemux | compactencoding_dontcare | 0       |
|    sparsemux_9_2_8_1_1_U45                  |     |        | tmp_114       | sparsemux | compactencoding_dontcare | 0       |
|    sparsemux_9_2_8_1_1_U46                  |     |        | tmp_115       | sparsemux | compactencoding_dontcare | 0       |
|    sparsemux_9_2_8_1_1_U47                  |     |        | tmp_116       | sparsemux | compactencoding_dontcare | 0       |
|    sparsemux_9_2_8_1_1_U48                  |     |        | tmp_117       | sparsemux | compactencoding_dontcare | 0       |
|    sparsemux_9_2_8_1_1_U49                  |     |        | tmp_118       | sparsemux | compactencoding_dontcare | 0       |
|    sparsemux_9_2_8_1_1_U50                  |     |        | tmp_119       | sparsemux | compactencoding_dontcare | 0       |
|    sparsemux_9_2_8_1_1_U51                  |     |        | tmp_120       | sparsemux | compactencoding_dontcare | 0       |
|    sparsemux_9_2_8_1_1_U52                  |     |        | tmp_121       | sparsemux | compactencoding_dontcare | 0       |
|    sparsemux_9_2_8_1_1_U53                  |     |        | tmp_122       | sparsemux | compactencoding_dontcare | 0       |
|    sparsemux_9_2_8_1_1_U54                  |     |        | tmp_123       | sparsemux | compactencoding_dontcare | 0       |
|    sparsemux_9_2_8_1_1_U55                  |     |        | tmp_124       | sparsemux | compactencoding_dontcare | 0       |
|    sparsemux_9_2_8_1_1_U56                  |     |        | tmp_125       | sparsemux | compactencoding_dontcare | 0       |
|    sparsemux_9_2_8_1_1_U57                  |     |        | tmp_126       | sparsemux | compactencoding_dontcare | 0       |
|    sparsemux_9_2_8_1_1_U58                  |     |        | tmp_127       | sparsemux | compactencoding_dontcare | 0       |
|    sparsemux_9_2_8_1_1_U59                  |     |        | tmp_128       | sparsemux | compactencoding_dontcare | 0       |
|    sparsemux_9_2_8_1_1_U60                  |     |        | tmp_129       | sparsemux | compactencoding_dontcare | 0       |
|    sparsemux_9_2_8_1_1_U61                  |     |        | tmp_130       | sparsemux | compactencoding_dontcare | 0       |
|    sparsemux_9_2_8_1_1_U62                  |     |        | tmp_131       | sparsemux | compactencoding_dontcare | 0       |
|    sparsemux_9_2_8_1_1_U63                  |     |        | tmp_132       | sparsemux | compactencoding_dontcare | 0       |
|    sparsemux_9_2_8_1_1_U64                  |     |        | tmp_133       | sparsemux | compactencoding_dontcare | 0       |
|    mac_muladd_8s_8s_16s_17_4_1_U145         | 1   |        | mul_ln48_32   | mul       | dsp_slice                | 3       |
|    mac_muladd_8s_8s_16s_17_4_1_U145         | 1   |        | sext_ln48_127 | sext      | dsp_slice                | 3       |
|    mac_muladd_8s_8s_16s_17_4_1_U146         | 1   |        | mul_ln48_33   | mul       | dsp_slice                | 3       |
|    mac_muladd_8s_8s_16s_17_4_1_U146         | 1   |        | sext_ln48_128 | sext      | dsp_slice                | 3       |
|    mul_8s_8s_16_1_1_U81                     |     |        | mul_ln48_34   | mul       | auto                     | 0       |
|    mac_muladd_8s_8s_16s_17_4_1_U147         | 1   |        | mul_ln48_35   | mul       | dsp_slice                | 3       |
|    mac_muladd_8s_8s_16s_17_4_1_U147         | 1   |        | sext_ln48_130 | sext      | dsp_slice                | 3       |
|    mac_muladd_8s_8s_16s_17_4_1_U148         | 1   |        | mul_ln48_36   | mul       | dsp_slice                | 3       |
|    mac_muladd_8s_8s_16s_17_4_1_U148         | 1   |        | sext_ln48_131 | sext      | dsp_slice                | 3       |
|    mac_muladd_8s_8s_16s_17_4_1_U149         | 1   |        | mul_ln48_37   | mul       | dsp_slice                | 3       |
|    mac_muladd_8s_8s_16s_17_4_1_U149         | 1   |        | sext_ln48_132 | sext      | dsp_slice                | 3       |
|    mul_8s_8s_16_1_1_U82                     |     |        | mul_ln48_38   | mul       | auto                     | 0       |
|    mul_8s_8s_16_1_1_U83                     |     |        | mul_ln48_39   | mul       | auto                     | 0       |
|    mul_8s_8s_16_1_1_U84                     |     |        | mul_ln48_40   | mul       | auto                     | 0       |
|    mul_8s_8s_16_1_1_U85                     |     |        | mul_ln48_41   | mul       | auto                     | 0       |
|    mul_8s_8s_16_1_1_U86                     |     |        | mul_ln48_42   | mul       | auto                     | 0       |
|    mul_8s_8s_16_1_1_U87                     |     |        | mul_ln48_43   | mul       | auto                     | 0       |
|    mac_muladd_8s_8s_16s_17_4_1_U150         | 1   |        | mul_ln48_44   | mul       | dsp_slice                | 3       |
|    mac_muladd_8s_8s_16s_17_4_1_U150         | 1   |        | sext_ln48_139 | sext      | dsp_slice                | 3       |
|    mac_muladd_8s_8s_16s_17_4_1_U151         | 1   |        | mul_ln48_45   | mul       | dsp_slice                | 3       |
|    mac_muladd_8s_8s_16s_17_4_1_U151         | 1   |        | sext_ln48_140 | sext      | dsp_slice                | 3       |
|    mac_muladd_8s_8s_16s_17_4_1_U152         | 1   |        | mul_ln48_46   | mul       | dsp_slice                | 3       |
|    mac_muladd_8s_8s_16s_17_4_1_U152         | 1   |        | sext_ln48_141 | sext      | dsp_slice                | 3       |
|    mul_8s_8s_16_1_1_U88                     |     |        | mul_ln48_47   | mul       | auto                     | 0       |
|    mul_8s_8s_16_1_1_U89                     |     |        | mul_ln48_48   | mul       | auto                     | 0       |
|    mac_muladd_8s_8s_16s_17_4_1_U153         | 1   |        | mul_ln48_49   | mul       | dsp_slice                | 3       |
|    mac_muladd_8s_8s_16s_17_4_1_U153         | 1   |        | sext_ln48_144 | sext      | dsp_slice                | 3       |
|    mac_muladd_8s_8s_16s_17_4_1_U154         | 1   |        | mul_ln48_50   | mul       | dsp_slice                | 3       |
|    mac_muladd_8s_8s_16s_17_4_1_U154         | 1   |        | sext_ln48_145 | sext      | dsp_slice                | 3       |
|    mac_muladd_8s_8s_16s_17_4_1_U155         | 1   |        | mul_ln48_51   | mul       | dsp_slice                | 3       |
|    mac_muladd_8s_8s_16s_17_4_1_U155         | 1   |        | sext_ln48_146 | sext      | dsp_slice                | 3       |
|    mul_8s_8s_16_1_1_U90                     |     |        | mul_ln48_52   | mul       | auto                     | 0       |
|    mul_8s_8s_16_1_1_U91                     |     |        | mul_ln48_53   | mul       | auto                     | 0       |
|    mac_muladd_8s_8s_16s_17_4_1_U156         | 1   |        | mul_ln48_54   | mul       | dsp_slice                | 3       |
|    mac_muladd_8s_8s_16s_17_4_1_U156         | 1   |        | sext_ln48_149 | sext      | dsp_slice                | 3       |
|    mac_muladd_8s_8s_16s_17_4_1_U157         | 1   |        | mul_ln48_55   | mul       | dsp_slice                | 3       |
|    mac_muladd_8s_8s_16s_17_4_1_U157         | 1   |        | sext_ln48_150 | sext      | dsp_slice                | 3       |
|    mul_8s_8s_16_1_1_U92                     |     |        | mul_ln48_56   | mul       | auto                     | 0       |
|    mul_8s_8s_16_1_1_U93                     |     |        | mul_ln48_57   | mul       | auto                     | 0       |
|    mac_muladd_8s_8s_16s_17_4_1_U158         | 1   |        | mul_ln48_58   | mul       | dsp_slice                | 3       |
|    mac_muladd_8s_8s_16s_17_4_1_U158         | 1   |        | sext_ln48_153 | sext      | dsp_slice                | 3       |
|    mac_muladd_8s_8s_16s_17_4_1_U159         | 1   |        | mul_ln48_59   | mul       | dsp_slice                | 3       |
|    mac_muladd_8s_8s_16s_17_4_1_U159         | 1   |        | sext_ln48_154 | sext      | dsp_slice                | 3       |
|    mac_muladd_8s_8s_16s_17_4_1_U160         | 1   |        | mul_ln48_60   | mul       | dsp_slice                | 3       |
|    mac_muladd_8s_8s_16s_17_4_1_U160         | 1   |        | sext_ln48_155 | sext      | dsp_slice                | 3       |
|    mul_8s_8s_16_1_1_U94                     |     |        | mul_ln48_61   | mul       | auto                     | 0       |
|    mul_8s_8s_16_1_1_U95                     |     |        | mul_ln48_62   | mul       | auto                     | 0       |
|    mul_8s_8s_16_1_1_U96                     |     |        | mul_ln48_63   | mul       | auto                     | 0       |
|    mac_muladd_8s_8s_16s_17_4_1_U157         | 1   |        | add_ln50_32   | add       | dsp_slice                | 3       |
|    mac_muladd_8s_8s_16s_17_4_1_U154         | 1   |        | add_ln50_33   | add       | dsp_slice                | 3       |
|    add_ln50_34_fu_13020_p2                  |     |        | add_ln50_34   | add       | fabric                   | 0       |
|    mac_muladd_8s_8s_16s_17_4_1_U156         | 1   |        | add_ln50_35   | add       | dsp_slice                | 3       |
|    mac_muladd_8s_8s_16s_17_4_1_U160         | 1   |        | add_ln50_36   | add       | dsp_slice                | 3       |
|    add_ln50_37_fu_13036_p2                  |     |        | add_ln50_37   | add       | fabric                   | 0       |
|    add_ln50_38_fu_13046_p2                  |     |        | add_ln50_38   | add       | fabric                   | 0       |
|    mac_muladd_8s_8s_16s_17_4_1_U148         | 1   |        | add_ln50_39   | add       | dsp_slice                | 3       |
|    mac_muladd_8s_8s_16s_17_4_1_U158         | 1   |        | add_ln50_40   | add       | dsp_slice                | 3       |
|    add_ln50_41_fu_13062_p2                  |     |        | add_ln50_41   | add       | fabric                   | 0       |
|    mac_muladd_8s_8s_16s_17_4_1_U150         | 1   |        | add_ln50_42   | add       | dsp_slice                | 3       |
|    mac_muladd_8s_8s_16s_17_4_1_U146         | 1   |        | add_ln50_43   | add       | dsp_slice                | 3       |
|    add_ln50_44_fu_13078_p2                  |     |        | add_ln50_44   | add       | fabric                   | 0       |
|    add_ln50_45_fu_13088_p2                  |     |        | add_ln50_45   | add       | fabric                   | 0       |
|    add_ln50_46_fu_13098_p2                  |     |        | add_ln50_46   | add       | fabric                   | 0       |
|    mac_muladd_8s_8s_16s_17_4_1_U147         | 1   |        | add_ln50_47   | add       | dsp_slice                | 3       |
|    mac_muladd_8s_8s_16s_17_4_1_U155         | 1   |        | add_ln50_48   | add       | dsp_slice                | 3       |
|    add_ln50_49_fu_13110_p2                  |     |        | add_ln50_49   | add       | fabric                   | 0       |
|    mac_muladd_8s_8s_16s_17_4_1_U151         | 1   |        | add_ln50_50   | add       | dsp_slice                | 3       |
|    mac_muladd_8s_8s_16s_17_4_1_U153         | 1   |        | add_ln50_51   | add       | dsp_slice                | 3       |
|    add_ln50_52_fu_13126_p2                  |     |        | add_ln50_52   | add       | fabric                   | 0       |
|    add_ln50_53_fu_13136_p2                  |     |        | add_ln50_53   | add       | fabric                   | 0       |
|    mac_muladd_8s_8s_16s_17_4_1_U159         | 1   |        | add_ln50_54   | add       | dsp_slice                | 3       |
|    mac_muladd_8s_8s_16s_17_4_1_U152         | 1   |        | add_ln50_55   | add       | dsp_slice                | 3       |
|    add_ln50_56_fu_13152_p2                  |     |        | add_ln50_56   | add       | fabric                   | 0       |
|    mac_muladd_8s_8s_16s_17_4_1_U149         | 1   |        | add_ln50_57   | add       | dsp_slice                | 3       |
|    mac_muladd_8s_8s_16s_17_4_1_U145         | 1   |        | add_ln50_58   | add       | dsp_slice                | 3       |
|    add_ln50_59_fu_13168_p2                  |     |        | add_ln50_59   | add       | fabric                   | 0       |
|    add_ln50_60_fu_13178_p2                  |     |        | add_ln50_60   | add       | fabric                   | 0       |
|    add_ln50_61_fu_13188_p2                  |     |        | add_ln50_61   | add       | fabric                   | 0       |
|    add_ln50_62_fu_13344_p2                  |     |        | add_ln50_62   | add       | fabric                   | 0       |
|    add_ln50_63_fu_13354_p2                  |     |        | add_ln50_63   | add       | fabric                   | 0       |
|    sparsemux_9_2_8_1_1_U1                   |     |        | tmp_134       | sparsemux | compactencoding_dontcare | 0       |
|    sparsemux_9_2_8_1_1_U2                   |     |        | tmp_135       | sparsemux | compactencoding_dontcare | 0       |
|    sparsemux_9_2_8_1_1_U3                   |     |        | tmp_136       | sparsemux | compactencoding_dontcare | 0       |
|    sparsemux_9_2_8_1_1_U4                   |     |        | tmp_137       | sparsemux | compactencoding_dontcare | 0       |
|    sparsemux_9_2_8_1_1_U5                   |     |        | tmp_138       | sparsemux | compactencoding_dontcare | 0       |
|    sparsemux_9_2_8_1_1_U6                   |     |        | tmp_139       | sparsemux | compactencoding_dontcare | 0       |
|    sparsemux_9_2_8_1_1_U7                   |     |        | tmp_140       | sparsemux | compactencoding_dontcare | 0       |
|    sparsemux_9_2_8_1_1_U8                   |     |        | tmp_141       | sparsemux | compactencoding_dontcare | 0       |
|    sparsemux_9_2_8_1_1_U9                   |     |        | tmp_142       | sparsemux | compactencoding_dontcare | 0       |
|    sparsemux_9_2_8_1_1_U10                  |     |        | tmp_143       | sparsemux | compactencoding_dontcare | 0       |
|    sparsemux_9_2_8_1_1_U11                  |     |        | tmp_144       | sparsemux | compactencoding_dontcare | 0       |
|    sparsemux_9_2_8_1_1_U12                  |     |        | tmp_145       | sparsemux | compactencoding_dontcare | 0       |
|    sparsemux_9_2_8_1_1_U13                  |     |        | tmp_146       | sparsemux | compactencoding_dontcare | 0       |
|    sparsemux_9_2_8_1_1_U14                  |     |        | tmp_147       | sparsemux | compactencoding_dontcare | 0       |
|    sparsemux_9_2_8_1_1_U15                  |     |        | tmp_148       | sparsemux | compactencoding_dontcare | 0       |
|    sparsemux_9_2_8_1_1_U16                  |     |        | tmp_149       | sparsemux | compactencoding_dontcare | 0       |
|    sparsemux_9_2_8_1_1_U17                  |     |        | tmp_150       | sparsemux | compactencoding_dontcare | 0       |
|    sparsemux_9_2_8_1_1_U18                  |     |        | tmp_151       | sparsemux | compactencoding_dontcare | 0       |
|    sparsemux_9_2_8_1_1_U19                  |     |        | tmp_152       | sparsemux | compactencoding_dontcare | 0       |
|    sparsemux_9_2_8_1_1_U20                  |     |        | tmp_153       | sparsemux | compactencoding_dontcare | 0       |
|    sparsemux_9_2_8_1_1_U21                  |     |        | tmp_154       | sparsemux | compactencoding_dontcare | 0       |
|    sparsemux_9_2_8_1_1_U22                  |     |        | tmp_155       | sparsemux | compactencoding_dontcare | 0       |
|    sparsemux_9_2_8_1_1_U23                  |     |        | tmp_156       | sparsemux | compactencoding_dontcare | 0       |
|    sparsemux_9_2_8_1_1_U24                  |     |        | tmp_157       | sparsemux | compactencoding_dontcare | 0       |
|    sparsemux_9_2_8_1_1_U25                  |     |        | tmp_158       | sparsemux | compactencoding_dontcare | 0       |
|    sparsemux_9_2_8_1_1_U26                  |     |        | tmp_159       | sparsemux | compactencoding_dontcare | 0       |
|    sparsemux_9_2_8_1_1_U27                  |     |        | tmp_160       | sparsemux | compactencoding_dontcare | 0       |
|    sparsemux_9_2_8_1_1_U28                  |     |        | tmp_161       | sparsemux | compactencoding_dontcare | 0       |
|    sparsemux_9_2_8_1_1_U29                  |     |        | tmp_162       | sparsemux | compactencoding_dontcare | 0       |
|    sparsemux_9_2_8_1_1_U30                  |     |        | tmp_163       | sparsemux | compactencoding_dontcare | 0       |
|    sparsemux_9_2_8_1_1_U31                  |     |        | tmp_164       | sparsemux | compactencoding_dontcare | 0       |
|    sparsemux_9_2_8_1_1_U32                  |     |        | tmp_165       | sparsemux | compactencoding_dontcare | 0       |
|    mac_muladd_8s_8s_16s_17_4_1_U161         | 1   |        | mul_ln48_64   | mul       | dsp_slice                | 3       |
|    mac_muladd_8s_8s_16s_17_4_1_U161         | 1   |        | sext_ln48_190 | sext      | dsp_slice                | 3       |
|    mac_muladd_8s_8s_16s_17_4_1_U162         | 1   |        | mul_ln48_65   | mul       | dsp_slice                | 3       |
|    mac_muladd_8s_8s_16s_17_4_1_U162         | 1   |        | sext_ln48_191 | sext      | dsp_slice                | 3       |
|    mul_8s_8s_16_1_1_U97                     |     |        | mul_ln48_66   | mul       | auto                     | 0       |
|    mac_muladd_8s_8s_16s_17_4_1_U163         | 1   |        | mul_ln48_67   | mul       | dsp_slice                | 3       |
|    mac_muladd_8s_8s_16s_17_4_1_U163         | 1   |        | sext_ln48_193 | sext      | dsp_slice                | 3       |
|    mac_muladd_8s_8s_16s_17_4_1_U164         | 1   |        | mul_ln48_68   | mul       | dsp_slice                | 3       |
|    mac_muladd_8s_8s_16s_17_4_1_U164         | 1   |        | sext_ln48_194 | sext      | dsp_slice                | 3       |
|    mac_muladd_8s_8s_16s_17_4_1_U165         | 1   |        | mul_ln48_69   | mul       | dsp_slice                | 3       |
|    mac_muladd_8s_8s_16s_17_4_1_U165         | 1   |        | sext_ln48_195 | sext      | dsp_slice                | 3       |
|    mul_8s_8s_16_1_1_U98                     |     |        | mul_ln48_70   | mul       | auto                     | 0       |
|    mul_8s_8s_16_1_1_U99                     |     |        | mul_ln48_71   | mul       | auto                     | 0       |
|    mul_8s_8s_16_1_1_U100                    |     |        | mul_ln48_72   | mul       | auto                     | 0       |
|    mul_8s_8s_16_1_1_U101                    |     |        | mul_ln48_73   | mul       | auto                     | 0       |
|    mul_8s_8s_16_1_1_U102                    |     |        | mul_ln48_74   | mul       | auto                     | 0       |
|    mul_8s_8s_16_1_1_U103                    |     |        | mul_ln48_75   | mul       | auto                     | 0       |
|    mac_muladd_8s_8s_16s_17_4_1_U166         | 1   |        | mul_ln48_76   | mul       | dsp_slice                | 3       |
|    mac_muladd_8s_8s_16s_17_4_1_U166         | 1   |        | sext_ln48_202 | sext      | dsp_slice                | 3       |
|    mac_muladd_8s_8s_16s_17_4_1_U167         | 1   |        | mul_ln48_77   | mul       | dsp_slice                | 3       |
|    mac_muladd_8s_8s_16s_17_4_1_U167         | 1   |        | sext_ln48_203 | sext      | dsp_slice                | 3       |
|    mac_muladd_8s_8s_16s_17_4_1_U168         | 1   |        | mul_ln48_78   | mul       | dsp_slice                | 3       |
|    mac_muladd_8s_8s_16s_17_4_1_U168         | 1   |        | sext_ln48_204 | sext      | dsp_slice                | 3       |
|    mul_8s_8s_16_1_1_U104                    |     |        | mul_ln48_79   | mul       | auto                     | 0       |
|    mul_8s_8s_16_1_1_U105                    |     |        | mul_ln48_80   | mul       | auto                     | 0       |
|    mac_muladd_8s_8s_16s_17_4_1_U169         | 1   |        | mul_ln48_81   | mul       | dsp_slice                | 3       |
|    mac_muladd_8s_8s_16s_17_4_1_U169         | 1   |        | sext_ln48_207 | sext      | dsp_slice                | 3       |
|    mac_muladd_8s_8s_16s_17_4_1_U170         | 1   |        | mul_ln48_82   | mul       | dsp_slice                | 3       |
|    mac_muladd_8s_8s_16s_17_4_1_U170         | 1   |        | sext_ln48_208 | sext      | dsp_slice                | 3       |
|    mac_muladd_8s_8s_16s_17_4_1_U171         | 1   |        | mul_ln48_83   | mul       | dsp_slice                | 3       |
|    mac_muladd_8s_8s_16s_17_4_1_U171         | 1   |        | sext_ln48_209 | sext      | dsp_slice                | 3       |
|    mul_8s_8s_16_1_1_U106                    |     |        | mul_ln48_84   | mul       | auto                     | 0       |
|    mul_8s_8s_16_1_1_U107                    |     |        | mul_ln48_85   | mul       | auto                     | 0       |
|    mac_muladd_8s_8s_16s_17_4_1_U172         | 1   |        | mul_ln48_86   | mul       | dsp_slice                | 3       |
|    mac_muladd_8s_8s_16s_17_4_1_U172         | 1   |        | sext_ln48_212 | sext      | dsp_slice                | 3       |
|    mac_muladd_8s_8s_16s_17_4_1_U173         | 1   |        | mul_ln48_87   | mul       | dsp_slice                | 3       |
|    mac_muladd_8s_8s_16s_17_4_1_U173         | 1   |        | sext_ln48_213 | sext      | dsp_slice                | 3       |
|    mul_8s_8s_16_1_1_U108                    |     |        | mul_ln48_88   | mul       | auto                     | 0       |
|    mul_8s_8s_16_1_1_U109                    |     |        | mul_ln48_89   | mul       | auto                     | 0       |
|    mac_muladd_8s_8s_16s_17_4_1_U174         | 1   |        | mul_ln48_90   | mul       | dsp_slice                | 3       |
|    mac_muladd_8s_8s_16s_17_4_1_U174         | 1   |        | sext_ln48_216 | sext      | dsp_slice                | 3       |
|    mac_muladd_8s_8s_16s_17_4_1_U175         | 1   |        | mul_ln48_91   | mul       | dsp_slice                | 3       |
|    mac_muladd_8s_8s_16s_17_4_1_U175         | 1   |        | sext_ln48_217 | sext      | dsp_slice                | 3       |
|    mac_muladd_8s_8s_16s_17_4_1_U176         | 1   |        | mul_ln48_92   | mul       | dsp_slice                | 3       |
|    mac_muladd_8s_8s_16s_17_4_1_U176         | 1   |        | sext_ln48_218 | sext      | dsp_slice                | 3       |
|    mul_8s_8s_16_1_1_U110                    |     |        | mul_ln48_93   | mul       | auto                     | 0       |
|    mul_8s_8s_16_1_1_U111                    |     |        | mul_ln48_94   | mul       | auto                     | 0       |
|    mul_8s_8s_16_1_1_U112                    |     |        | mul_ln48_95   | mul       | auto                     | 0       |
|    mac_muladd_8s_8s_16s_17_4_1_U173         | 1   |        | add_ln50_64   | add       | dsp_slice                | 3       |
|    mac_muladd_8s_8s_16s_17_4_1_U170         | 1   |        | add_ln50_65   | add       | dsp_slice                | 3       |
|    add_ln50_66_fu_13366_p2                  |     |        | add_ln50_66   | add       | fabric                   | 0       |
|    mac_muladd_8s_8s_16s_17_4_1_U172         | 1   |        | add_ln50_67   | add       | dsp_slice                | 3       |
|    mac_muladd_8s_8s_16s_17_4_1_U176         | 1   |        | add_ln50_68   | add       | dsp_slice                | 3       |
|    add_ln50_69_fu_13382_p2                  |     |        | add_ln50_69   | add       | fabric                   | 0       |
|    add_ln50_70_fu_13392_p2                  |     |        | add_ln50_70   | add       | fabric                   | 0       |
|    mac_muladd_8s_8s_16s_17_4_1_U164         | 1   |        | add_ln50_71   | add       | dsp_slice                | 3       |
|    mac_muladd_8s_8s_16s_17_4_1_U174         | 1   |        | add_ln50_72   | add       | dsp_slice                | 3       |
|    add_ln50_73_fu_13408_p2                  |     |        | add_ln50_73   | add       | fabric                   | 0       |
|    mac_muladd_8s_8s_16s_17_4_1_U166         | 1   |        | add_ln50_74   | add       | dsp_slice                | 3       |
|    mac_muladd_8s_8s_16s_17_4_1_U162         | 1   |        | add_ln50_75   | add       | dsp_slice                | 3       |
|    add_ln50_76_fu_13424_p2                  |     |        | add_ln50_76   | add       | fabric                   | 0       |
|    add_ln50_77_fu_13434_p2                  |     |        | add_ln50_77   | add       | fabric                   | 0       |
|    add_ln50_78_fu_13444_p2                  |     |        | add_ln50_78   | add       | fabric                   | 0       |
|    mac_muladd_8s_8s_16s_17_4_1_U163         | 1   |        | add_ln50_79   | add       | dsp_slice                | 3       |
|    mac_muladd_8s_8s_16s_17_4_1_U171         | 1   |        | add_ln50_80   | add       | dsp_slice                | 3       |
|    add_ln50_81_fu_13456_p2                  |     |        | add_ln50_81   | add       | fabric                   | 0       |
|    mac_muladd_8s_8s_16s_17_4_1_U167         | 1   |        | add_ln50_82   | add       | dsp_slice                | 3       |
|    mac_muladd_8s_8s_16s_17_4_1_U169         | 1   |        | add_ln50_83   | add       | dsp_slice                | 3       |
|    add_ln50_84_fu_13472_p2                  |     |        | add_ln50_84   | add       | fabric                   | 0       |
|    add_ln50_85_fu_13482_p2                  |     |        | add_ln50_85   | add       | fabric                   | 0       |
|    mac_muladd_8s_8s_16s_17_4_1_U175         | 1   |        | add_ln50_86   | add       | dsp_slice                | 3       |
|    mac_muladd_8s_8s_16s_17_4_1_U168         | 1   |        | add_ln50_87   | add       | dsp_slice                | 3       |
|    add_ln50_88_fu_13498_p2                  |     |        | add_ln50_88   | add       | fabric                   | 0       |
|    mac_muladd_8s_8s_16s_17_4_1_U165         | 1   |        | add_ln50_89   | add       | dsp_slice                | 3       |
|    mac_muladd_8s_8s_16s_17_4_1_U161         | 1   |        | add_ln50_90   | add       | dsp_slice                | 3       |
|    add_ln50_91_fu_13514_p2                  |     |        | add_ln50_91   | add       | fabric                   | 0       |
|    add_ln50_92_fu_13524_p2                  |     |        | add_ln50_92   | add       | fabric                   | 0       |
|    add_ln50_93_fu_13534_p2                  |     |        | add_ln50_93   | add       | fabric                   | 0       |
|    add_ln50_94_fu_13884_p2                  |     |        | add_ln50_94   | add       | fabric                   | 0       |
|    add_ln50_95_fu_13894_p2                  |     |        | add_ln50_95   | add       | fabric                   | 0       |
|    sparsemux_9_2_8_1_1_U33                  |     |        | tmp_166       | sparsemux | compactencoding_dontcare | 0       |
|    sparsemux_9_2_8_1_1_U34                  |     |        | tmp_167       | sparsemux | compactencoding_dontcare | 0       |
|    sparsemux_9_2_8_1_1_U35                  |     |        | tmp_168       | sparsemux | compactencoding_dontcare | 0       |
|    sparsemux_9_2_8_1_1_U36                  |     |        | tmp_169       | sparsemux | compactencoding_dontcare | 0       |
|    sparsemux_9_2_8_1_1_U37                  |     |        | tmp_170       | sparsemux | compactencoding_dontcare | 0       |
|    sparsemux_9_2_8_1_1_U38                  |     |        | tmp_171       | sparsemux | compactencoding_dontcare | 0       |
|    sparsemux_9_2_8_1_1_U39                  |     |        | tmp_172       | sparsemux | compactencoding_dontcare | 0       |
|    sparsemux_9_2_8_1_1_U40                  |     |        | tmp_173       | sparsemux | compactencoding_dontcare | 0       |
|    sparsemux_9_2_8_1_1_U41                  |     |        | tmp_174       | sparsemux | compactencoding_dontcare | 0       |
|    sparsemux_9_2_8_1_1_U42                  |     |        | tmp_175       | sparsemux | compactencoding_dontcare | 0       |
|    sparsemux_9_2_8_1_1_U43                  |     |        | tmp_176       | sparsemux | compactencoding_dontcare | 0       |
|    sparsemux_9_2_8_1_1_U44                  |     |        | tmp_177       | sparsemux | compactencoding_dontcare | 0       |
|    sparsemux_9_2_8_1_1_U45                  |     |        | tmp_178       | sparsemux | compactencoding_dontcare | 0       |
|    sparsemux_9_2_8_1_1_U46                  |     |        | tmp_179       | sparsemux | compactencoding_dontcare | 0       |
|    sparsemux_9_2_8_1_1_U47                  |     |        | tmp_180       | sparsemux | compactencoding_dontcare | 0       |
|    sparsemux_9_2_8_1_1_U48                  |     |        | tmp_181       | sparsemux | compactencoding_dontcare | 0       |
|    sparsemux_9_2_8_1_1_U49                  |     |        | tmp_182       | sparsemux | compactencoding_dontcare | 0       |
|    sparsemux_9_2_8_1_1_U50                  |     |        | tmp_183       | sparsemux | compactencoding_dontcare | 0       |
|    sparsemux_9_2_8_1_1_U51                  |     |        | tmp_184       | sparsemux | compactencoding_dontcare | 0       |
|    sparsemux_9_2_8_1_1_U52                  |     |        | tmp_185       | sparsemux | compactencoding_dontcare | 0       |
|    sparsemux_9_2_8_1_1_U53                  |     |        | tmp_186       | sparsemux | compactencoding_dontcare | 0       |
|    sparsemux_9_2_8_1_1_U54                  |     |        | tmp_187       | sparsemux | compactencoding_dontcare | 0       |
|    sparsemux_9_2_8_1_1_U55                  |     |        | tmp_188       | sparsemux | compactencoding_dontcare | 0       |
|    sparsemux_9_2_8_1_1_U56                  |     |        | tmp_189       | sparsemux | compactencoding_dontcare | 0       |
|    sparsemux_9_2_8_1_1_U57                  |     |        | tmp_190       | sparsemux | compactencoding_dontcare | 0       |
|    sparsemux_9_2_8_1_1_U58                  |     |        | tmp_191       | sparsemux | compactencoding_dontcare | 0       |
|    sparsemux_9_2_8_1_1_U59                  |     |        | tmp_192       | sparsemux | compactencoding_dontcare | 0       |
|    sparsemux_9_2_8_1_1_U60                  |     |        | tmp_193       | sparsemux | compactencoding_dontcare | 0       |
|    sparsemux_9_2_8_1_1_U61                  |     |        | tmp_194       | sparsemux | compactencoding_dontcare | 0       |
|    sparsemux_9_2_8_1_1_U62                  |     |        | tmp_195       | sparsemux | compactencoding_dontcare | 0       |
|    sparsemux_9_2_8_1_1_U63                  |     |        | tmp_196       | sparsemux | compactencoding_dontcare | 0       |
|    sparsemux_9_2_8_1_1_U64                  |     |        | tmp_197       | sparsemux | compactencoding_dontcare | 0       |
|    mac_muladd_8s_8s_16s_17_4_1_U177         | 1   |        | mul_ln48_96   | mul       | dsp_slice                | 3       |
|    mac_muladd_8s_8s_16s_17_4_1_U177         | 1   |        | sext_ln48_253 | sext      | dsp_slice                | 3       |
|    mac_muladd_8s_8s_16s_17_4_1_U178         | 1   |        | mul_ln48_97   | mul       | dsp_slice                | 3       |
|    mac_muladd_8s_8s_16s_17_4_1_U178         | 1   |        | sext_ln48_254 | sext      | dsp_slice                | 3       |
|    mul_8s_8s_16_1_1_U113                    |     |        | mul_ln48_98   | mul       | auto                     | 0       |
|    mac_muladd_8s_8s_16s_17_4_1_U179         | 1   |        | mul_ln48_99   | mul       | dsp_slice                | 3       |
|    mac_muladd_8s_8s_16s_17_4_1_U179         | 1   |        | sext_ln48_256 | sext      | dsp_slice                | 3       |
|    mac_muladd_8s_8s_16s_17_4_1_U180         | 1   |        | mul_ln48_100  | mul       | dsp_slice                | 3       |
|    mac_muladd_8s_8s_16s_17_4_1_U180         | 1   |        | sext_ln48_257 | sext      | dsp_slice                | 3       |
|    mac_muladd_8s_8s_16s_17_4_1_U181         | 1   |        | mul_ln48_101  | mul       | dsp_slice                | 3       |
|    mac_muladd_8s_8s_16s_17_4_1_U181         | 1   |        | sext_ln48_258 | sext      | dsp_slice                | 3       |
|    mul_8s_8s_16_1_1_U114                    |     |        | mul_ln48_102  | mul       | auto                     | 0       |
|    mul_8s_8s_16_1_1_U115                    |     |        | mul_ln48_103  | mul       | auto                     | 0       |
|    mul_8s_8s_16_1_1_U116                    |     |        | mul_ln48_104  | mul       | auto                     | 0       |
|    mul_8s_8s_16_1_1_U117                    |     |        | mul_ln48_105  | mul       | auto                     | 0       |
|    mul_8s_8s_16_1_1_U118                    |     |        | mul_ln48_106  | mul       | auto                     | 0       |
|    mul_8s_8s_16_1_1_U119                    |     |        | mul_ln48_107  | mul       | auto                     | 0       |
|    mac_muladd_8s_8s_16s_17_4_1_U182         | 1   |        | mul_ln48_108  | mul       | dsp_slice                | 3       |
|    mac_muladd_8s_8s_16s_17_4_1_U182         | 1   |        | sext_ln48_265 | sext      | dsp_slice                | 3       |
|    mac_muladd_8s_8s_16s_17_4_1_U183         | 1   |        | mul_ln48_109  | mul       | dsp_slice                | 3       |
|    mac_muladd_8s_8s_16s_17_4_1_U183         | 1   |        | sext_ln48_266 | sext      | dsp_slice                | 3       |
|    mac_muladd_8s_8s_16s_17_4_1_U184         | 1   |        | mul_ln48_110  | mul       | dsp_slice                | 3       |
|    mac_muladd_8s_8s_16s_17_4_1_U184         | 1   |        | sext_ln48_267 | sext      | dsp_slice                | 3       |
|    mul_8s_8s_16_1_1_U120                    |     |        | mul_ln48_111  | mul       | auto                     | 0       |
|    mul_8s_8s_16_1_1_U121                    |     |        | mul_ln48_112  | mul       | auto                     | 0       |
|    mac_muladd_8s_8s_16s_17_4_1_U185         | 1   |        | mul_ln48_113  | mul       | dsp_slice                | 3       |
|    mac_muladd_8s_8s_16s_17_4_1_U185         | 1   |        | sext_ln48_270 | sext      | dsp_slice                | 3       |
|    mac_muladd_8s_8s_16s_17_4_1_U186         | 1   |        | mul_ln48_114  | mul       | dsp_slice                | 3       |
|    mac_muladd_8s_8s_16s_17_4_1_U186         | 1   |        | sext_ln48_271 | sext      | dsp_slice                | 3       |
|    mac_muladd_8s_8s_16s_17_4_1_U187         | 1   |        | mul_ln48_115  | mul       | dsp_slice                | 3       |
|    mac_muladd_8s_8s_16s_17_4_1_U187         | 1   |        | sext_ln48_272 | sext      | dsp_slice                | 3       |
|    mul_8s_8s_16_1_1_U122                    |     |        | mul_ln48_116  | mul       | auto                     | 0       |
|    mul_8s_8s_16_1_1_U123                    |     |        | mul_ln48_117  | mul       | auto                     | 0       |
|    mac_muladd_8s_8s_16s_17_4_1_U188         | 1   |        | mul_ln48_118  | mul       | dsp_slice                | 3       |
|    mac_muladd_8s_8s_16s_17_4_1_U188         | 1   |        | sext_ln48_275 | sext      | dsp_slice                | 3       |
|    mac_muladd_8s_8s_16s_17_4_1_U189         | 1   |        | mul_ln48_119  | mul       | dsp_slice                | 3       |
|    mac_muladd_8s_8s_16s_17_4_1_U189         | 1   |        | sext_ln48_276 | sext      | dsp_slice                | 3       |
|    mul_8s_8s_16_1_1_U124                    |     |        | mul_ln48_120  | mul       | auto                     | 0       |
|    mul_8s_8s_16_1_1_U125                    |     |        | mul_ln48_121  | mul       | auto                     | 0       |
|    mac_muladd_8s_8s_16s_17_4_1_U190         | 1   |        | mul_ln48_122  | mul       | dsp_slice                | 3       |
|    mac_muladd_8s_8s_16s_17_4_1_U190         | 1   |        | sext_ln48_279 | sext      | dsp_slice                | 3       |
|    mac_muladd_8s_8s_16s_17_4_1_U191         | 1   |        | mul_ln48_123  | mul       | dsp_slice                | 3       |
|    mac_muladd_8s_8s_16s_17_4_1_U191         | 1   |        | sext_ln48_280 | sext      | dsp_slice                | 3       |
|    mac_muladd_8s_8s_16s_17_4_1_U192         | 1   |        | mul_ln48_124  | mul       | dsp_slice                | 3       |
|    mac_muladd_8s_8s_16s_17_4_1_U192         | 1   |        | sext_ln48_281 | sext      | dsp_slice                | 3       |
|    mul_8s_8s_16_1_1_U126                    |     |        | mul_ln48_125  | mul       | auto                     | 0       |
|    mul_8s_8s_16_1_1_U127                    |     |        | mul_ln48_126  | mul       | auto                     | 0       |
|    mul_8s_8s_16_1_1_U128                    |     |        | mul_ln48_127  | mul       | auto                     | 0       |
|    mac_muladd_8s_8s_16s_17_4_1_U189         | 1   |        | add_ln50_96   | add       | dsp_slice                | 3       |
|    mac_muladd_8s_8s_16s_17_4_1_U186         | 1   |        | add_ln50_97   | add       | dsp_slice                | 3       |
|    add_ln50_98_fu_13546_p2                  |     |        | add_ln50_98   | add       | fabric                   | 0       |
|    mac_muladd_8s_8s_16s_17_4_1_U188         | 1   |        | add_ln50_99   | add       | dsp_slice                | 3       |
|    mac_muladd_8s_8s_16s_17_4_1_U192         | 1   |        | add_ln50_100  | add       | dsp_slice                | 3       |
|    add_ln50_101_fu_13562_p2                 |     |        | add_ln50_101  | add       | fabric                   | 0       |
|    add_ln50_102_fu_13572_p2                 |     |        | add_ln50_102  | add       | fabric                   | 0       |
|    mac_muladd_8s_8s_16s_17_4_1_U180         | 1   |        | add_ln50_103  | add       | dsp_slice                | 3       |
|    mac_muladd_8s_8s_16s_17_4_1_U190         | 1   |        | add_ln50_104  | add       | dsp_slice                | 3       |
|    add_ln50_105_fu_13588_p2                 |     |        | add_ln50_105  | add       | fabric                   | 0       |
|    mac_muladd_8s_8s_16s_17_4_1_U182         | 1   |        | add_ln50_106  | add       | dsp_slice                | 3       |
|    mac_muladd_8s_8s_16s_17_4_1_U178         | 1   |        | add_ln50_107  | add       | dsp_slice                | 3       |
|    add_ln50_108_fu_13604_p2                 |     |        | add_ln50_108  | add       | fabric                   | 0       |
|    add_ln50_109_fu_13614_p2                 |     |        | add_ln50_109  | add       | fabric                   | 0       |
|    add_ln50_110_fu_13624_p2                 |     |        | add_ln50_110  | add       | fabric                   | 0       |
|    mac_muladd_8s_8s_16s_17_4_1_U179         | 1   |        | add_ln50_111  | add       | dsp_slice                | 3       |
|    mac_muladd_8s_8s_16s_17_4_1_U187         | 1   |        | add_ln50_112  | add       | dsp_slice                | 3       |
|    add_ln50_113_fu_13636_p2                 |     |        | add_ln50_113  | add       | fabric                   | 0       |
|    mac_muladd_8s_8s_16s_17_4_1_U183         | 1   |        | add_ln50_114  | add       | dsp_slice                | 3       |
|    mac_muladd_8s_8s_16s_17_4_1_U185         | 1   |        | add_ln50_115  | add       | dsp_slice                | 3       |
|    add_ln50_116_fu_13652_p2                 |     |        | add_ln50_116  | add       | fabric                   | 0       |
|    add_ln50_117_fu_13662_p2                 |     |        | add_ln50_117  | add       | fabric                   | 0       |
|    mac_muladd_8s_8s_16s_17_4_1_U191         | 1   |        | add_ln50_118  | add       | dsp_slice                | 3       |
|    mac_muladd_8s_8s_16s_17_4_1_U184         | 1   |        | add_ln50_119  | add       | dsp_slice                | 3       |
|    add_ln50_120_fu_13678_p2                 |     |        | add_ln50_120  | add       | fabric                   | 0       |
|    mac_muladd_8s_8s_16s_17_4_1_U181         | 1   |        | add_ln50_121  | add       | dsp_slice                | 3       |
|    mac_muladd_8s_8s_16s_17_4_1_U177         | 1   |        | add_ln50_122  | add       | dsp_slice                | 3       |
|    add_ln50_123_fu_13694_p2                 |     |        | add_ln50_123  | add       | fabric                   | 0       |
|    add_ln50_124_fu_13704_p2                 |     |        | add_ln50_124  | add       | fabric                   | 0       |
|    add_ln50_125_fu_13714_p2                 |     |        | add_ln50_125  | add       | fabric                   | 0       |
|    add_ln50_126_fu_13906_p2                 |     |        | add_ln50_126  | add       | fabric                   | 0       |
|    add_ln50_127_fu_13916_p2                 |     |        | add_ln50_127  | add       | fabric                   | 0       |
|    add_ln41_fu_9447_p2                      |     |        | add_ln41      | add       | fabric                   | 0       |
|    icmp_ln14_fu_13730_p2                    |     |        | icmp_ln14     | setgt     | auto                     | 0       |
|    icmp_ln15_fu_13736_p2                    |     |        | icmp_ln15     | setlt     | auto                     | 0       |
|    select_ln14_4_fu_13746_p3                |     |        | select_ln14_4 | select    | auto_sel                 | 0       |
|    or_ln14_fu_13754_p2                      |     |        | or_ln14       | or        | auto                     | 0       |
|    select_ln14_fu_13760_p3                  |     |        | select_ln14   | select    | auto_sel                 | 0       |
|    icmp_ln14_1_fu_13778_p2                  |     |        | icmp_ln14_1   | setgt     | auto                     | 0       |
|    icmp_ln15_1_fu_13784_p2                  |     |        | icmp_ln15_1   | setlt     | auto                     | 0       |
|    select_ln14_5_fu_13794_p3                |     |        | select_ln14_5 | select    | auto_sel                 | 0       |
|    or_ln14_1_fu_13802_p2                    |     |        | or_ln14_1     | or        | auto                     | 0       |
|    select_ln14_1_fu_13808_p3                |     |        | select_ln14_1 | select    | auto_sel                 | 0       |
|    icmp_ln14_2_fu_13932_p2                  |     |        | icmp_ln14_2   | setgt     | auto                     | 0       |
|    icmp_ln15_2_fu_13938_p2                  |     |        | icmp_ln15_2   | setlt     | auto                     | 0       |
|    select_ln14_6_fu_13948_p3                |     |        | select_ln14_6 | select    | auto_sel                 | 0       |
|    or_ln14_2_fu_13956_p2                    |     |        | or_ln14_2     | or        | auto                     | 0       |
|    select_ln14_2_fu_13962_p3                |     |        | select_ln14_2 | select    | auto_sel                 | 0       |
|    icmp_ln14_3_fu_13980_p2                  |     |        | icmp_ln14_3   | setgt     | auto                     | 0       |
|    icmp_ln15_3_fu_13986_p2                  |     |        | icmp_ln15_3   | setlt     | auto                     | 0       |
|    select_ln14_7_fu_13996_p3                |     |        | select_ln14_7 | select    | auto_sel                 | 0       |
|    or_ln14_3_fu_14004_p2                    |     |        | or_ln14_3     | or        | auto                     | 0       |
|    select_ln14_3_fu_14010_p3                |     |        | select_ln14_3 | select    | auto_sel                 | 0       |
|  + topk_engine                              | 0   |        |               |           |                          |         |
|   + topk_engine_Pipeline_MAIN_LOOP          | 0   |        |               |           |                          |         |
|     n_2_fu_3461_p2                          |     |        | n_2           | add       | fabric                   | 0       |
|     icmp_ln61_fu_3467_p2                    |     |        | icmp_ln61     | seteq     | auto                     | 0       |
|     icmp_ln71_fu_4397_p2                    |     |        | icmp_ln71     | setgt     | auto                     | 0       |
|     icmp_ln71_1_fu_4403_p2                  |     |        | icmp_ln71_1   | setgt     | auto                     | 0       |
|     icmp_ln71_2_fu_4409_p2                  |     |        | icmp_ln71_2   | setgt     | auto                     | 0       |
|     icmp_ln71_3_fu_4415_p2                  |     |        | icmp_ln71_3   | setgt     | auto                     | 0       |
|     icmp_ln71_4_fu_4421_p2                  |     |        | icmp_ln71_4   | setgt     | auto                     | 0       |
|     icmp_ln71_5_fu_4427_p2                  |     |        | icmp_ln71_5   | setgt     | auto                     | 0       |
|     icmp_ln71_6_fu_4433_p2                  |     |        | icmp_ln71_6   | setgt     | auto                     | 0       |
|     icmp_ln71_7_fu_4439_p2                  |     |        | icmp_ln71_7   | setgt     | auto                     | 0       |
|     icmp_ln71_8_fu_4445_p2                  |     |        | icmp_ln71_8   | setgt     | auto                     | 0       |
|     icmp_ln71_9_fu_4451_p2                  |     |        | icmp_ln71_9   | setgt     | auto                     | 0       |
|     icmp_ln71_10_fu_4457_p2                 |     |        | icmp_ln71_10  | setgt     | auto                     | 0       |
|     icmp_ln71_11_fu_4463_p2                 |     |        | icmp_ln71_11  | setgt     | auto                     | 0       |
|     icmp_ln71_12_fu_4469_p2                 |     |        | icmp_ln71_12  | setgt     | auto                     | 0       |
|     icmp_ln71_13_fu_4475_p2                 |     |        | icmp_ln71_13  | setgt     | auto                     | 0       |
|     icmp_ln71_14_fu_4481_p2                 |     |        | icmp_ln71_14  | setgt     | auto                     | 0       |
|     icmp_ln71_15_fu_4487_p2                 |     |        | icmp_ln71_15  | setgt     | auto                     | 0       |
|     icmp_ln71_16_fu_4493_p2                 |     |        | icmp_ln71_16  | setgt     | auto                     | 0       |
|     icmp_ln71_17_fu_4499_p2                 |     |        | icmp_ln71_17  | setgt     | auto                     | 0       |
|     icmp_ln71_18_fu_4505_p2                 |     |        | icmp_ln71_18  | setgt     | auto                     | 0       |
|     icmp_ln71_19_fu_4511_p2                 |     |        | icmp_ln71_19  | setgt     | auto                     | 0       |
|     icmp_ln71_20_fu_4517_p2                 |     |        | icmp_ln71_20  | setgt     | auto                     | 0       |
|     icmp_ln71_21_fu_4523_p2                 |     |        | icmp_ln71_21  | setgt     | auto                     | 0       |
|     icmp_ln71_22_fu_4529_p2                 |     |        | icmp_ln71_22  | setgt     | auto                     | 0       |
|     icmp_ln71_23_fu_4535_p2                 |     |        | icmp_ln71_23  | setgt     | auto                     | 0       |
|     icmp_ln71_24_fu_4541_p2                 |     |        | icmp_ln71_24  | setgt     | auto                     | 0       |
|     icmp_ln71_25_fu_4547_p2                 |     |        | icmp_ln71_25  | setgt     | auto                     | 0       |
|     icmp_ln71_26_fu_4553_p2                 |     |        | icmp_ln71_26  | setgt     | auto                     | 0       |
|     icmp_ln71_27_fu_4559_p2                 |     |        | icmp_ln71_27  | setgt     | auto                     | 0       |
|     icmp_ln71_28_fu_4565_p2                 |     |        | icmp_ln71_28  | setgt     | auto                     | 0       |
|     icmp_ln71_29_fu_4571_p2                 |     |        | icmp_ln71_29  | setgt     | auto                     | 0       |
|     icmp_ln71_30_fu_4577_p2                 |     |        | icmp_ln71_30  | setgt     | auto                     | 0       |
|     icmp_ln71_31_fu_4583_p2                 |     |        | icmp_ln71_31  | setgt     | auto                     | 0       |
|     icmp_ln71_32_fu_4589_p2                 |     |        | icmp_ln71_32  | setgt     | auto                     | 0       |
|     icmp_ln71_33_fu_4595_p2                 |     |        | icmp_ln71_33  | setgt     | auto                     | 0       |
|     icmp_ln71_34_fu_4601_p2                 |     |        | icmp_ln71_34  | setgt     | auto                     | 0       |
|     icmp_ln71_35_fu_4607_p2                 |     |        | icmp_ln71_35  | setgt     | auto                     | 0       |
|     icmp_ln71_36_fu_4613_p2                 |     |        | icmp_ln71_36  | setgt     | auto                     | 0       |
|     icmp_ln71_37_fu_4619_p2                 |     |        | icmp_ln71_37  | setgt     | auto                     | 0       |
|     icmp_ln71_38_fu_4625_p2                 |     |        | icmp_ln71_38  | setgt     | auto                     | 0       |
|     icmp_ln71_39_fu_4631_p2                 |     |        | icmp_ln71_39  | setgt     | auto                     | 0       |
|     icmp_ln71_40_fu_4637_p2                 |     |        | icmp_ln71_40  | setgt     | auto                     | 0       |
|     icmp_ln71_41_fu_4643_p2                 |     |        | icmp_ln71_41  | setgt     | auto                     | 0       |
|     icmp_ln71_42_fu_4649_p2                 |     |        | icmp_ln71_42  | setgt     | auto                     | 0       |
|     icmp_ln71_43_fu_4655_p2                 |     |        | icmp_ln71_43  | setgt     | auto                     | 0       |
|     icmp_ln71_44_fu_4661_p2                 |     |        | icmp_ln71_44  | setgt     | auto                     | 0       |
|     icmp_ln71_45_fu_4667_p2                 |     |        | icmp_ln71_45  | setgt     | auto                     | 0       |
|     icmp_ln71_46_fu_4673_p2                 |     |        | icmp_ln71_46  | setgt     | auto                     | 0       |
|     icmp_ln71_47_fu_4679_p2                 |     |        | icmp_ln71_47  | setgt     | auto                     | 0       |
|     icmp_ln71_48_fu_4685_p2                 |     |        | icmp_ln71_48  | setgt     | auto                     | 0       |
|     icmp_ln71_49_fu_4691_p2                 |     |        | icmp_ln71_49  | setgt     | auto                     | 0       |
|     icmp_ln71_50_fu_4697_p2                 |     |        | icmp_ln71_50  | setgt     | auto                     | 0       |
|     icmp_ln71_51_fu_4703_p2                 |     |        | icmp_ln71_51  | setgt     | auto                     | 0       |
|     icmp_ln71_52_fu_4709_p2                 |     |        | icmp_ln71_52  | setgt     | auto                     | 0       |
|     icmp_ln71_53_fu_4715_p2                 |     |        | icmp_ln71_53  | setgt     | auto                     | 0       |
|     icmp_ln71_54_fu_4721_p2                 |     |        | icmp_ln71_54  | setgt     | auto                     | 0       |
|     icmp_ln71_55_fu_4727_p2                 |     |        | icmp_ln71_55  | setgt     | auto                     | 0       |
|     icmp_ln71_56_fu_4733_p2                 |     |        | icmp_ln71_56  | setgt     | auto                     | 0       |
|     icmp_ln71_57_fu_4739_p2                 |     |        | icmp_ln71_57  | setgt     | auto                     | 0       |
|     icmp_ln71_58_fu_4745_p2                 |     |        | icmp_ln71_58  | setgt     | auto                     | 0       |
|     icmp_ln71_59_fu_4751_p2                 |     |        | icmp_ln71_59  | setgt     | auto                     | 0       |
|     icmp_ln71_60_fu_4757_p2                 |     |        | icmp_ln71_60  | setgt     | auto                     | 0       |
|     icmp_ln71_61_fu_4763_p2                 |     |        | icmp_ln71_61  | setgt     | auto                     | 0       |
|     icmp_ln71_62_fu_4769_p2                 |     |        | icmp_ln71_62  | setgt     | auto                     | 0       |
|     icmp_ln71_63_fu_4775_p2                 |     |        | icmp_ln71_63  | setgt     | auto                     | 0       |
|     new_i_96_fu_4781_p3                     |     |        | new_i_96      | select    | auto_sel                 | 0       |
|     new_v_95_fu_4789_p3                     |     |        | new_v_95      | select    | auto_sel                 | 0       |
|     top_i_fu_4797_p3                        |     |        | top_i         | select    | auto_sel                 | 0       |
|     top_v_fu_4805_p3                        |     |        | top_v         | select    | auto_sel                 | 0       |
|     new_i_101_fu_4813_p3                    |     |        | new_i_101     | select    | auto_sel                 | 0       |
|     new_v_98_fu_4821_p3                     |     |        | new_v_98      | select    | auto_sel                 | 0       |
|     top_i_1_fu_4829_p3                      |     |        | top_i_1       | select    | auto_sel                 | 0       |
|     top_v_1_fu_4837_p3                      |     |        | top_v_1       | select    | auto_sel                 | 0       |
|     new_i_105_fu_4845_p3                    |     |        | new_i_105     | select    | auto_sel                 | 0       |
|     new_v_101_fu_4853_p3                    |     |        | new_v_101     | select    | auto_sel                 | 0       |
|     top_i_2_fu_4861_p3                      |     |        | top_i_2       | select    | auto_sel                 | 0       |
|     top_v_2_fu_4869_p3                      |     |        | top_v_2       | select    | auto_sel                 | 0       |
|     new_i_110_fu_4877_p3                    |     |        | new_i_110     | select    | auto_sel                 | 0       |
|     new_v_104_fu_4885_p3                    |     |        | new_v_104     | select    | auto_sel                 | 0       |
|     top_i_3_fu_4893_p3                      |     |        | top_i_3       | select    | auto_sel                 | 0       |
|     top_v_3_fu_4901_p3                      |     |        | top_v_3       | select    | auto_sel                 | 0       |
|     new_i_114_fu_4909_p3                    |     |        | new_i_114     | select    | auto_sel                 | 0       |
|     new_v_107_fu_4917_p3                    |     |        | new_v_107     | select    | auto_sel                 | 0       |
|     top_i_4_fu_4925_p3                      |     |        | top_i_4       | select    | auto_sel                 | 0       |
|     top_v_4_fu_4933_p3                      |     |        | top_v_4       | select    | auto_sel                 | 0       |
|     new_i_119_fu_4941_p3                    |     |        | new_i_119     | select    | auto_sel                 | 0       |
|     new_v_110_fu_4949_p3                    |     |        | new_v_110     | select    | auto_sel                 | 0       |
|     top_i_5_fu_4957_p3                      |     |        | top_i_5       | select    | auto_sel                 | 0       |
|     top_v_5_fu_4965_p3                      |     |        | top_v_5       | select    | auto_sel                 | 0       |
|     new_i_123_fu_4973_p3                    |     |        | new_i_123     | select    | auto_sel                 | 0       |
|     new_v_113_fu_4981_p3                    |     |        | new_v_113     | select    | auto_sel                 | 0       |
|     top_i_6_fu_4989_p3                      |     |        | top_i_6       | select    | auto_sel                 | 0       |
|     top_v_6_fu_4997_p3                      |     |        | top_v_6       | select    | auto_sel                 | 0       |
|     new_i_128_fu_5005_p3                    |     |        | new_i_128     | select    | auto_sel                 | 0       |
|     new_v_116_fu_5013_p3                    |     |        | new_v_116     | select    | auto_sel                 | 0       |
|     top_i_7_fu_5021_p3                      |     |        | top_i_7       | select    | auto_sel                 | 0       |
|     top_v_7_fu_5029_p3                      |     |        | top_v_7       | select    | auto_sel                 | 0       |
|     new_i_132_fu_5037_p3                    |     |        | new_i_132     | select    | auto_sel                 | 0       |
|     new_v_119_fu_5045_p3                    |     |        | new_v_119     | select    | auto_sel                 | 0       |
|     top_i_8_fu_5053_p3                      |     |        | top_i_8       | select    | auto_sel                 | 0       |
|     top_v_8_fu_5061_p3                      |     |        | top_v_8       | select    | auto_sel                 | 0       |
|     new_i_137_fu_5069_p3                    |     |        | new_i_137     | select    | auto_sel                 | 0       |
|     new_v_122_fu_5077_p3                    |     |        | new_v_122     | select    | auto_sel                 | 0       |
|     top_i_9_fu_5085_p3                      |     |        | top_i_9       | select    | auto_sel                 | 0       |
|     top_v_9_fu_5093_p3                      |     |        | top_v_9       | select    | auto_sel                 | 0       |
|     new_i_141_fu_5101_p3                    |     |        | new_i_141     | select    | auto_sel                 | 0       |
|     new_v_125_fu_5109_p3                    |     |        | new_v_125     | select    | auto_sel                 | 0       |
|     top_i_10_fu_5117_p3                     |     |        | top_i_10      | select    | auto_sel                 | 0       |
|     top_v_10_fu_5125_p3                     |     |        | top_v_10      | select    | auto_sel                 | 0       |
|     new_i_146_fu_5133_p3                    |     |        | new_i_146     | select    | auto_sel                 | 0       |
|     new_v_128_fu_5141_p3                    |     |        | new_v_128     | select    | auto_sel                 | 0       |
|     top_i_11_fu_5149_p3                     |     |        | top_i_11      | select    | auto_sel                 | 0       |
|     top_v_11_fu_5157_p3                     |     |        | top_v_11      | select    | auto_sel                 | 0       |
|     new_i_150_fu_5165_p3                    |     |        | new_i_150     | select    | auto_sel                 | 0       |
|     new_v_131_fu_5173_p3                    |     |        | new_v_131     | select    | auto_sel                 | 0       |
|     top_i_12_fu_5181_p3                     |     |        | top_i_12      | select    | auto_sel                 | 0       |
|     top_v_12_fu_5189_p3                     |     |        | top_v_12      | select    | auto_sel                 | 0       |
|     new_i_155_fu_5197_p3                    |     |        | new_i_155     | select    | auto_sel                 | 0       |
|     new_v_134_fu_5205_p3                    |     |        | new_v_134     | select    | auto_sel                 | 0       |
|     top_i_13_fu_5213_p3                     |     |        | top_i_13      | select    | auto_sel                 | 0       |
|     top_v_13_fu_5221_p3                     |     |        | top_v_13      | select    | auto_sel                 | 0       |
|     new_i_159_fu_5229_p3                    |     |        | new_i_159     | select    | auto_sel                 | 0       |
|     new_v_137_fu_5237_p3                    |     |        | new_v_137     | select    | auto_sel                 | 0       |
|     top_i_14_fu_5245_p3                     |     |        | top_i_14      | select    | auto_sel                 | 0       |
|     top_v_14_fu_5253_p3                     |     |        | top_v_14      | select    | auto_sel                 | 0       |
|     new_i_164_fu_5261_p3                    |     |        | new_i_164     | select    | auto_sel                 | 0       |
|     new_v_140_fu_5269_p3                    |     |        | new_v_140     | select    | auto_sel                 | 0       |
|     top_i_15_fu_5277_p3                     |     |        | top_i_15      | select    | auto_sel                 | 0       |
|     top_v_15_fu_5285_p3                     |     |        | top_v_15      | select    | auto_sel                 | 0       |
|     new_i_168_fu_5293_p3                    |     |        | new_i_168     | select    | auto_sel                 | 0       |
|     new_v_143_fu_5301_p3                    |     |        | new_v_143     | select    | auto_sel                 | 0       |
|     top_i_16_fu_5309_p3                     |     |        | top_i_16      | select    | auto_sel                 | 0       |
|     top_v_16_fu_5317_p3                     |     |        | top_v_16      | select    | auto_sel                 | 0       |
|     new_i_173_fu_5325_p3                    |     |        | new_i_173     | select    | auto_sel                 | 0       |
|     new_v_146_fu_5333_p3                    |     |        | new_v_146     | select    | auto_sel                 | 0       |
|     top_i_17_fu_5341_p3                     |     |        | top_i_17      | select    | auto_sel                 | 0       |
|     top_v_17_fu_5349_p3                     |     |        | top_v_17      | select    | auto_sel                 | 0       |
|     new_i_177_fu_5357_p3                    |     |        | new_i_177     | select    | auto_sel                 | 0       |
|     new_v_149_fu_5365_p3                    |     |        | new_v_149     | select    | auto_sel                 | 0       |
|     top_i_18_fu_5373_p3                     |     |        | top_i_18      | select    | auto_sel                 | 0       |
|     top_v_18_fu_5381_p3                     |     |        | top_v_18      | select    | auto_sel                 | 0       |
|     new_i_182_fu_5389_p3                    |     |        | new_i_182     | select    | auto_sel                 | 0       |
|     new_v_152_fu_5397_p3                    |     |        | new_v_152     | select    | auto_sel                 | 0       |
|     top_i_19_fu_5405_p3                     |     |        | top_i_19      | select    | auto_sel                 | 0       |
|     top_v_19_fu_5413_p3                     |     |        | top_v_19      | select    | auto_sel                 | 0       |
|     new_i_186_fu_5421_p3                    |     |        | new_i_186     | select    | auto_sel                 | 0       |
|     new_v_155_fu_5429_p3                    |     |        | new_v_155     | select    | auto_sel                 | 0       |
|     top_i_20_fu_5437_p3                     |     |        | top_i_20      | select    | auto_sel                 | 0       |
|     top_v_20_fu_5445_p3                     |     |        | top_v_20      | select    | auto_sel                 | 0       |
|     new_i_190_fu_5453_p3                    |     |        | new_i_190     | select    | auto_sel                 | 0       |
|     new_v_158_fu_5461_p3                    |     |        | new_v_158     | select    | auto_sel                 | 0       |
|     top_i_21_fu_5469_p3                     |     |        | top_i_21      | select    | auto_sel                 | 0       |
|     top_v_21_fu_5477_p3                     |     |        | top_v_21      | select    | auto_sel                 | 0       |
|     new_i_193_fu_5485_p3                    |     |        | new_i_193     | select    | auto_sel                 | 0       |
|     new_v_161_fu_5493_p3                    |     |        | new_v_161     | select    | auto_sel                 | 0       |
|     top_i_22_fu_5501_p3                     |     |        | top_i_22      | select    | auto_sel                 | 0       |
|     top_v_22_fu_5509_p3                     |     |        | top_v_22      | select    | auto_sel                 | 0       |
|     new_i_196_fu_5517_p3                    |     |        | new_i_196     | select    | auto_sel                 | 0       |
|     new_v_164_fu_5525_p3                    |     |        | new_v_164     | select    | auto_sel                 | 0       |
|     top_i_23_fu_5533_p3                     |     |        | top_i_23      | select    | auto_sel                 | 0       |
|     top_v_23_fu_5541_p3                     |     |        | top_v_23      | select    | auto_sel                 | 0       |
|     new_i_199_fu_5549_p3                    |     |        | new_i_199     | select    | auto_sel                 | 0       |
|     new_v_167_fu_5557_p3                    |     |        | new_v_167     | select    | auto_sel                 | 0       |
|     top_i_24_fu_5565_p3                     |     |        | top_i_24      | select    | auto_sel                 | 0       |
|     top_v_24_fu_5573_p3                     |     |        | top_v_24      | select    | auto_sel                 | 0       |
|     new_i_202_fu_5581_p3                    |     |        | new_i_202     | select    | auto_sel                 | 0       |
|     new_v_170_fu_5589_p3                    |     |        | new_v_170     | select    | auto_sel                 | 0       |
|     top_i_25_fu_5597_p3                     |     |        | top_i_25      | select    | auto_sel                 | 0       |
|     top_v_25_fu_5605_p3                     |     |        | top_v_25      | select    | auto_sel                 | 0       |
|     new_i_205_fu_5613_p3                    |     |        | new_i_205     | select    | auto_sel                 | 0       |
|     new_v_173_fu_5621_p3                    |     |        | new_v_173     | select    | auto_sel                 | 0       |
|     top_i_26_fu_5629_p3                     |     |        | top_i_26      | select    | auto_sel                 | 0       |
|     top_v_26_fu_5637_p3                     |     |        | top_v_26      | select    | auto_sel                 | 0       |
|     new_i_208_fu_5645_p3                    |     |        | new_i_208     | select    | auto_sel                 | 0       |
|     new_v_176_fu_5653_p3                    |     |        | new_v_176     | select    | auto_sel                 | 0       |
|     top_i_27_fu_5661_p3                     |     |        | top_i_27      | select    | auto_sel                 | 0       |
|     top_v_27_fu_5669_p3                     |     |        | top_v_27      | select    | auto_sel                 | 0       |
|     new_i_211_fu_5677_p3                    |     |        | new_i_211     | select    | auto_sel                 | 0       |
|     new_v_179_fu_5685_p3                    |     |        | new_v_179     | select    | auto_sel                 | 0       |
|     top_i_28_fu_5693_p3                     |     |        | top_i_28      | select    | auto_sel                 | 0       |
|     top_v_28_fu_5701_p3                     |     |        | top_v_28      | select    | auto_sel                 | 0       |
|     new_i_214_fu_5709_p3                    |     |        | new_i_214     | select    | auto_sel                 | 0       |
|     new_v_182_fu_5717_p3                    |     |        | new_v_182     | select    | auto_sel                 | 0       |
|     top_i_29_fu_5725_p3                     |     |        | top_i_29      | select    | auto_sel                 | 0       |
|     top_v_29_fu_5733_p3                     |     |        | top_v_29      | select    | auto_sel                 | 0       |
|     new_i_217_fu_5741_p3                    |     |        | new_i_217     | select    | auto_sel                 | 0       |
|     new_v_185_fu_5749_p3                    |     |        | new_v_185     | select    | auto_sel                 | 0       |
|     top_i_30_fu_5757_p3                     |     |        | top_i_30      | select    | auto_sel                 | 0       |
|     top_v_30_fu_5765_p3                     |     |        | top_v_30      | select    | auto_sel                 | 0       |
|     new_i_220_fu_5773_p3                    |     |        | new_i_220     | select    | auto_sel                 | 0       |
|     new_v_188_fu_5781_p3                    |     |        | new_v_188     | select    | auto_sel                 | 0       |
|     top_i_31_fu_5789_p3                     |     |        | top_i_31      | select    | auto_sel                 | 0       |
|     top_v_31_fu_5797_p3                     |     |        | top_v_31      | select    | auto_sel                 | 0       |
|     new_i_223_fu_5805_p3                    |     |        | new_i_223     | select    | auto_sel                 | 0       |
|     new_v_190_fu_5813_p3                    |     |        | new_v_190     | select    | auto_sel                 | 0       |
|     top_i_32_fu_5821_p3                     |     |        | top_i_32      | select    | auto_sel                 | 0       |
|     top_v_32_fu_5829_p3                     |     |        | top_v_32      | select    | auto_sel                 | 0       |
|     new_i_226_fu_5837_p3                    |     |        | new_i_226     | select    | auto_sel                 | 0       |
|     new_v_192_fu_5845_p3                    |     |        | new_v_192     | select    | auto_sel                 | 0       |
|     top_i_33_fu_5853_p3                     |     |        | top_i_33      | select    | auto_sel                 | 0       |
|     top_v_33_fu_5861_p3                     |     |        | top_v_33      | select    | auto_sel                 | 0       |
|     new_i_229_fu_5869_p3                    |     |        | new_i_229     | select    | auto_sel                 | 0       |
|     new_v_194_fu_5877_p3                    |     |        | new_v_194     | select    | auto_sel                 | 0       |
|     top_i_34_fu_5885_p3                     |     |        | top_i_34      | select    | auto_sel                 | 0       |
|     top_v_34_fu_5893_p3                     |     |        | top_v_34      | select    | auto_sel                 | 0       |
|     new_i_232_fu_5901_p3                    |     |        | new_i_232     | select    | auto_sel                 | 0       |
|     new_v_196_fu_5909_p3                    |     |        | new_v_196     | select    | auto_sel                 | 0       |
|     top_i_35_fu_5917_p3                     |     |        | top_i_35      | select    | auto_sel                 | 0       |
|     top_v_35_fu_5925_p3                     |     |        | top_v_35      | select    | auto_sel                 | 0       |
|     new_i_235_fu_5933_p3                    |     |        | new_i_235     | select    | auto_sel                 | 0       |
|     new_v_198_fu_5941_p3                    |     |        | new_v_198     | select    | auto_sel                 | 0       |
|     top_i_36_fu_5949_p3                     |     |        | top_i_36      | select    | auto_sel                 | 0       |
|     top_v_36_fu_5957_p3                     |     |        | top_v_36      | select    | auto_sel                 | 0       |
|     new_i_238_fu_5965_p3                    |     |        | new_i_238     | select    | auto_sel                 | 0       |
|     new_v_200_fu_5973_p3                    |     |        | new_v_200     | select    | auto_sel                 | 0       |
|     top_i_37_fu_5981_p3                     |     |        | top_i_37      | select    | auto_sel                 | 0       |
|     top_v_37_fu_5989_p3                     |     |        | top_v_37      | select    | auto_sel                 | 0       |
|     new_i_241_fu_5997_p3                    |     |        | new_i_241     | select    | auto_sel                 | 0       |
|     new_v_202_fu_6005_p3                    |     |        | new_v_202     | select    | auto_sel                 | 0       |
|     top_i_38_fu_6013_p3                     |     |        | top_i_38      | select    | auto_sel                 | 0       |
|     top_v_38_fu_6021_p3                     |     |        | top_v_38      | select    | auto_sel                 | 0       |
|     new_i_244_fu_6029_p3                    |     |        | new_i_244     | select    | auto_sel                 | 0       |
|     new_v_204_fu_6037_p3                    |     |        | new_v_204     | select    | auto_sel                 | 0       |
|     top_i_39_fu_6045_p3                     |     |        | top_i_39      | select    | auto_sel                 | 0       |
|     top_v_39_fu_6053_p3                     |     |        | top_v_39      | select    | auto_sel                 | 0       |
|     new_i_247_fu_6061_p3                    |     |        | new_i_247     | select    | auto_sel                 | 0       |
|     new_v_206_fu_6069_p3                    |     |        | new_v_206     | select    | auto_sel                 | 0       |
|     top_i_40_fu_6077_p3                     |     |        | top_i_40      | select    | auto_sel                 | 0       |
|     top_v_40_fu_6085_p3                     |     |        | top_v_40      | select    | auto_sel                 | 0       |
|     new_i_250_fu_6093_p3                    |     |        | new_i_250     | select    | auto_sel                 | 0       |
|     new_v_208_fu_6101_p3                    |     |        | new_v_208     | select    | auto_sel                 | 0       |
|     top_i_41_fu_6109_p3                     |     |        | top_i_41      | select    | auto_sel                 | 0       |
|     top_v_41_fu_6117_p3                     |     |        | top_v_41      | select    | auto_sel                 | 0       |
|     new_i_253_fu_6125_p3                    |     |        | new_i_253     | select    | auto_sel                 | 0       |
|     new_v_210_fu_6133_p3                    |     |        | new_v_210     | select    | auto_sel                 | 0       |
|     top_i_42_fu_6141_p3                     |     |        | top_i_42      | select    | auto_sel                 | 0       |
|     top_v_42_fu_6149_p3                     |     |        | top_v_42      | select    | auto_sel                 | 0       |
|     new_i_256_fu_6157_p3                    |     |        | new_i_256     | select    | auto_sel                 | 0       |
|     new_v_212_fu_6165_p3                    |     |        | new_v_212     | select    | auto_sel                 | 0       |
|     top_i_43_fu_6173_p3                     |     |        | top_i_43      | select    | auto_sel                 | 0       |
|     top_v_43_fu_6181_p3                     |     |        | top_v_43      | select    | auto_sel                 | 0       |
|     new_i_259_fu_6189_p3                    |     |        | new_i_259     | select    | auto_sel                 | 0       |
|     new_v_214_fu_6197_p3                    |     |        | new_v_214     | select    | auto_sel                 | 0       |
|     top_i_44_fu_6205_p3                     |     |        | top_i_44      | select    | auto_sel                 | 0       |
|     top_v_44_fu_6213_p3                     |     |        | top_v_44      | select    | auto_sel                 | 0       |
|     new_i_262_fu_6221_p3                    |     |        | new_i_262     | select    | auto_sel                 | 0       |
|     new_v_216_fu_6229_p3                    |     |        | new_v_216     | select    | auto_sel                 | 0       |
|     top_i_45_fu_6237_p3                     |     |        | top_i_45      | select    | auto_sel                 | 0       |
|     top_v_45_fu_6245_p3                     |     |        | top_v_45      | select    | auto_sel                 | 0       |
|     new_i_265_fu_6253_p3                    |     |        | new_i_265     | select    | auto_sel                 | 0       |
|     new_v_218_fu_6261_p3                    |     |        | new_v_218     | select    | auto_sel                 | 0       |
|     top_i_46_fu_6269_p3                     |     |        | top_i_46      | select    | auto_sel                 | 0       |
|     top_v_46_fu_6277_p3                     |     |        | top_v_46      | select    | auto_sel                 | 0       |
|     new_i_268_fu_6285_p3                    |     |        | new_i_268     | select    | auto_sel                 | 0       |
|     new_v_220_fu_6293_p3                    |     |        | new_v_220     | select    | auto_sel                 | 0       |
|     top_i_47_fu_6301_p3                     |     |        | top_i_47      | select    | auto_sel                 | 0       |
|     top_v_47_fu_6309_p3                     |     |        | top_v_47      | select    | auto_sel                 | 0       |
|     new_i_271_fu_6317_p3                    |     |        | new_i_271     | select    | auto_sel                 | 0       |
|     new_v_222_fu_6325_p3                    |     |        | new_v_222     | select    | auto_sel                 | 0       |
|     top_i_48_fu_6333_p3                     |     |        | top_i_48      | select    | auto_sel                 | 0       |
|     top_v_48_fu_6341_p3                     |     |        | top_v_48      | select    | auto_sel                 | 0       |
|     new_i_274_fu_6349_p3                    |     |        | new_i_274     | select    | auto_sel                 | 0       |
|     new_v_224_fu_6357_p3                    |     |        | new_v_224     | select    | auto_sel                 | 0       |
|     top_i_49_fu_6365_p3                     |     |        | top_i_49      | select    | auto_sel                 | 0       |
|     top_v_49_fu_6373_p3                     |     |        | top_v_49      | select    | auto_sel                 | 0       |
|     new_i_277_fu_6381_p3                    |     |        | new_i_277     | select    | auto_sel                 | 0       |
|     new_v_226_fu_6389_p3                    |     |        | new_v_226     | select    | auto_sel                 | 0       |
|     top_i_50_fu_6397_p3                     |     |        | top_i_50      | select    | auto_sel                 | 0       |
|     top_v_50_fu_6405_p3                     |     |        | top_v_50      | select    | auto_sel                 | 0       |
|     new_i_280_fu_6413_p3                    |     |        | new_i_280     | select    | auto_sel                 | 0       |
|     new_v_228_fu_6421_p3                    |     |        | new_v_228     | select    | auto_sel                 | 0       |
|     top_i_51_fu_6429_p3                     |     |        | top_i_51      | select    | auto_sel                 | 0       |
|     top_v_51_fu_6437_p3                     |     |        | top_v_51      | select    | auto_sel                 | 0       |
|     new_i_283_fu_6445_p3                    |     |        | new_i_283     | select    | auto_sel                 | 0       |
|     new_v_230_fu_6453_p3                    |     |        | new_v_230     | select    | auto_sel                 | 0       |
|     top_i_52_fu_6461_p3                     |     |        | top_i_52      | select    | auto_sel                 | 0       |
|     top_v_52_fu_6469_p3                     |     |        | top_v_52      | select    | auto_sel                 | 0       |
|     new_i_286_fu_6477_p3                    |     |        | new_i_286     | select    | auto_sel                 | 0       |
|     new_v_232_fu_6485_p3                    |     |        | new_v_232     | select    | auto_sel                 | 0       |
|     top_i_53_fu_6493_p3                     |     |        | top_i_53      | select    | auto_sel                 | 0       |
|     top_v_53_fu_6501_p3                     |     |        | top_v_53      | select    | auto_sel                 | 0       |
|     new_i_289_fu_6509_p3                    |     |        | new_i_289     | select    | auto_sel                 | 0       |
|     new_v_234_fu_6517_p3                    |     |        | new_v_234     | select    | auto_sel                 | 0       |
|     top_i_54_fu_6525_p3                     |     |        | top_i_54      | select    | auto_sel                 | 0       |
|     top_v_54_fu_6533_p3                     |     |        | top_v_54      | select    | auto_sel                 | 0       |
|     new_i_292_fu_6541_p3                    |     |        | new_i_292     | select    | auto_sel                 | 0       |
|     new_v_236_fu_6549_p3                    |     |        | new_v_236     | select    | auto_sel                 | 0       |
|     top_i_55_fu_6557_p3                     |     |        | top_i_55      | select    | auto_sel                 | 0       |
|     top_v_55_fu_6565_p3                     |     |        | top_v_55      | select    | auto_sel                 | 0       |
|     new_i_295_fu_6573_p3                    |     |        | new_i_295     | select    | auto_sel                 | 0       |
|     new_v_238_fu_6581_p3                    |     |        | new_v_238     | select    | auto_sel                 | 0       |
|     top_i_56_fu_6589_p3                     |     |        | top_i_56      | select    | auto_sel                 | 0       |
|     top_v_56_fu_6597_p3                     |     |        | top_v_56      | select    | auto_sel                 | 0       |
|     new_i_298_fu_6605_p3                    |     |        | new_i_298     | select    | auto_sel                 | 0       |
|     new_v_240_fu_6613_p3                    |     |        | new_v_240     | select    | auto_sel                 | 0       |
|     top_i_57_fu_6621_p3                     |     |        | top_i_57      | select    | auto_sel                 | 0       |
|     top_v_57_fu_6629_p3                     |     |        | top_v_57      | select    | auto_sel                 | 0       |
|     new_i_301_fu_6637_p3                    |     |        | new_i_301     | select    | auto_sel                 | 0       |
|     new_v_242_fu_6645_p3                    |     |        | new_v_242     | select    | auto_sel                 | 0       |
|     top_i_58_fu_6653_p3                     |     |        | top_i_58      | select    | auto_sel                 | 0       |
|     top_v_58_fu_6661_p3                     |     |        | top_v_58      | select    | auto_sel                 | 0       |
|     new_i_304_fu_6669_p3                    |     |        | new_i_304     | select    | auto_sel                 | 0       |
|     new_v_244_fu_6677_p3                    |     |        | new_v_244     | select    | auto_sel                 | 0       |
|     top_i_59_fu_6685_p3                     |     |        | top_i_59      | select    | auto_sel                 | 0       |
|     top_v_59_fu_6693_p3                     |     |        | top_v_59      | select    | auto_sel                 | 0       |
|     new_i_307_fu_6701_p3                    |     |        | new_i_307     | select    | auto_sel                 | 0       |
|     new_v_246_fu_6709_p3                    |     |        | new_v_246     | select    | auto_sel                 | 0       |
|     top_i_60_fu_6717_p3                     |     |        | top_i_60      | select    | auto_sel                 | 0       |
|     top_v_60_fu_6725_p3                     |     |        | top_v_60      | select    | auto_sel                 | 0       |
|     new_i_310_fu_6733_p3                    |     |        | new_i_310     | select    | auto_sel                 | 0       |
|     new_v_248_fu_6741_p3                    |     |        | new_v_248     | select    | auto_sel                 | 0       |
|     top_i_61_fu_6749_p3                     |     |        | top_i_61      | select    | auto_sel                 | 0       |
|     top_v_61_fu_6757_p3                     |     |        | top_v_61      | select    | auto_sel                 | 0       |
|     new_i_313_fu_6765_p3                    |     |        | new_i_313     | select    | auto_sel                 | 0       |
|     new_v_250_fu_6773_p3                    |     |        | new_v_250     | select    | auto_sel                 | 0       |
|     top_i_62_fu_6781_p3                     |     |        | top_i_62      | select    | auto_sel                 | 0       |
|     top_v_62_fu_6789_p3                     |     |        | top_v_62      | select    | auto_sel                 | 0       |
|     top_i_63_fu_6797_p3                     |     |        | top_i_63      | select    | auto_sel                 | 0       |
|     top_v_63_fu_6805_p3                     |     |        | top_v_63      | select    | auto_sel                 | 0       |
|   + topk_engine_Pipeline_WRITE_LOOP         | 0   |        |               |           |                          |         |
|     add_ln110_fu_2626_p2                    |     |        | add_ln110     | add       | fabric                   | 0       |
|     icmp_ln110_fu_2632_p2                   |     |        | icmp_ln110    | seteq     | auto                     | 0       |
|     sparsemux_129_6_16_1_1_U486             |     |        | tmp           | sparsemux | compactencoding_dontcare | 0       |
|     sparsemux_129_6_8_1_1_U487              |     |        | tmp_s         | sparsemux | compactencoding_dontcare | 0       |
|  + xmod_attn_v1_Pipeline_MAX_LOOP           | 0   |        |               |           |                          |         |
|    icmp_ln10_fu_844_p2                      |     |        | icmp_ln10     | seteq     | auto                     | 0       |
|    add_ln10_fu_853_p2                       |     |        | add_ln10      | add       | fabric                   | 0       |
|    sparsemux_127_6_16_1_1_U875              |     |        | tmp           | sparsemux | compactencoding_dontcare | 0       |
|    icmp_ln12_fu_1123_p2                     |     |        | icmp_ln12     | setgt     | auto                     | 0       |
|    m_2_fu_1129_p3                           |     |        | m_2           | select    | auto_sel                 | 0       |
|  + xmod_attn_v1_Pipeline_SHIFT_SUM_LOOP     | 0   |        |               |           |                          |         |
|    add_ln18_fu_1704_p2                      |     |        | add_ln18      | add       | fabric                   | 0       |
|    icmp_ln18_fu_1710_p2                     |     |        | icmp_ln18     | seteq     | auto                     | 0       |
|    sparsemux_129_6_16_1_1_U942              |     |        | tmp_1         | sparsemux | compactencoding_dontcare | 0       |
|    sub_i_neg_fu_1988_p2                     |     |        | sub_i_neg     | sub       | fabric                   | 0       |
|    diff_fu_1998_p2                          |     |        | diff          | add       | fabric                   | 0       |
|    icmp_ln21_fu_2020_p2                     |     |        | icmp_ln21     | setgt     | auto                     | 0       |
|    shifted_65_fu_2025_p3                    |     |        | shifted_65    | select    | auto_sel                 | 0       |
|    sum_1_fu_2555_p2                         |     |        | sum_1         | add       | fabric                   | 0       |
|  + xmod_attn_v1_Pipeline_NORM_LOOP          | 0   |        |               |           |                          |         |
|    add_ln30_fu_1885_p2                      |     |        | add_ln30      | add       | fabric                   | 0       |
|    icmp_ln30_fu_1891_p2                     |     |        | icmp_ln30     | seteq     | auto                     | 0       |
|    sparsemux_129_6_16_1_1_U1073             |     |        | tmp_2         | sparsemux | compactencoding_dontcare | 0       |
|    grp_fu_2837_p0                           |     |        | sub_ln33      | sub       | fabric                   | 0       |
|    sdiv_31ns_22s_16_19_1_U1074              |     |        | w             | sdiv      | vivado_divider           | 18      |
|  + weighted_sum_v1                          | 64  |        |               |           |                          |         |
|   + weighted_sum_v1_Pipeline_INIT_LOOP      | 0   |        |               |           |                          |         |
|     add_ln30_fu_342_p2                      |     |        | add_ln30      | add       | fabric                   | 0       |
|     icmp_ln30_fu_348_p2                     |     |        | icmp_ln30     | seteq     | auto                     | 0       |
|   + weighted_sum_v1_Pipeline_KB_LOOP_D_LOOP | 64  |        |               |           |                          |         |
|     add_ln38_1_fu_4498_p2                   |     |        | add_ln38_1    | add       | fabric                   | 0       |
|     icmp_ln38_fu_4504_p2                    |     |        | icmp_ln38     | seteq     | auto                     | 0       |
|     add_ln38_fu_4522_p2                     |     |        | add_ln38      | add       | fabric                   | 0       |
|     select_ln38_fu_4536_p3                  |     |        | select_ln38   | select    | auto_sel                 | 0       |
|     select_ln38_1_fu_4544_p3                |     |        | select_ln38_1 | select    | auto_sel                 | 0       |
|     sparsemux_33_6_16_1_1_U1222             |     |        | tmp           | sparsemux | compactencoding_dontcare | 0       |
|     sparsemux_33_6_8_1_1_U1223              |     |        | tmp_3         | sparsemux | compactencoding_dontcare | 0       |
|     sparsemux_33_6_16_1_1_U1224             |     |        | tmp_4         | sparsemux | compactencoding_dontcare | 0       |
|     sparsemux_33_6_8_1_1_U1225              |     |        | tmp_5         | sparsemux | compactencoding_dontcare | 0       |
|     sparsemux_33_6_16_1_1_U1226             |     |        | tmp_6         | sparsemux | compactencoding_dontcare | 0       |
|     sparsemux_33_6_8_1_1_U1227              |     |        | tmp_7         | sparsemux | compactencoding_dontcare | 0       |
|     sparsemux_33_6_16_1_1_U1228             |     |        | tmp_8         | sparsemux | compactencoding_dontcare | 0       |
|     sparsemux_33_6_8_1_1_U1229              |     |        | tmp_9         | sparsemux | compactencoding_dontcare | 0       |
|     sparsemux_9_2_8_1_1_U1230               |     |        | tmp_s         | sparsemux | compactencoding_dontcare | 0       |
|     sparsemux_9_2_8_1_1_U1231               |     |        | tmp_1         | sparsemux | compactencoding_dontcare | 0       |
|     sparsemux_9_2_8_1_1_U1232               |     |        | tmp_2         | sparsemux | compactencoding_dontcare | 0       |
|     sparsemux_9_2_8_1_1_U1233               |     |        | tmp_10        | sparsemux | compactencoding_dontcare | 0       |
|     sparsemux_9_2_8_1_1_U1234               |     |        | tmp_11        | sparsemux | compactencoding_dontcare | 0       |
|     sparsemux_9_2_8_1_1_U1235               |     |        | tmp_12        | sparsemux | compactencoding_dontcare | 0       |
|     sparsemux_9_2_8_1_1_U1236               |     |        | tmp_13        | sparsemux | compactencoding_dontcare | 0       |
|     sparsemux_9_2_8_1_1_U1237               |     |        | tmp_14        | sparsemux | compactencoding_dontcare | 0       |
|     sparsemux_9_2_8_1_1_U1238               |     |        | tmp_15        | sparsemux | compactencoding_dontcare | 0       |
|     sparsemux_9_2_8_1_1_U1239               |     |        | tmp_16        | sparsemux | compactencoding_dontcare | 0       |
|     sparsemux_9_2_8_1_1_U1240               |     |        | tmp_17        | sparsemux | compactencoding_dontcare | 0       |
|     sparsemux_9_2_8_1_1_U1241               |     |        | tmp_18        | sparsemux | compactencoding_dontcare | 0       |
|     sparsemux_9_2_8_1_1_U1242               |     |        | tmp_19        | sparsemux | compactencoding_dontcare | 0       |
|     sparsemux_9_2_8_1_1_U1243               |     |        | tmp_20        | sparsemux | compactencoding_dontcare | 0       |
|     sparsemux_9_2_8_1_1_U1244               |     |        | tmp_21        | sparsemux | compactencoding_dontcare | 0       |
|     sparsemux_9_2_8_1_1_U1245               |     |        | tmp_22        | sparsemux | compactencoding_dontcare | 0       |
|     sparsemux_9_2_8_1_1_U1262               |     |        | tmp_23        | sparsemux | compactencoding_dontcare | 0       |
|     sparsemux_9_2_8_1_1_U1263               |     |        | tmp_24        | sparsemux | compactencoding_dontcare | 0       |
|     sparsemux_9_2_8_1_1_U1264               |     |        | tmp_25        | sparsemux | compactencoding_dontcare | 0       |
|     sparsemux_9_2_8_1_1_U1265               |     |        | tmp_26        | sparsemux | compactencoding_dontcare | 0       |
|     sparsemux_9_2_8_1_1_U1266               |     |        | tmp_27        | sparsemux | compactencoding_dontcare | 0       |
|     sparsemux_9_2_8_1_1_U1267               |     |        | tmp_28        | sparsemux | compactencoding_dontcare | 0       |
|     sparsemux_9_2_8_1_1_U1268               |     |        | tmp_29        | sparsemux | compactencoding_dontcare | 0       |
|     sparsemux_9_2_8_1_1_U1269               |     |        | tmp_30        | sparsemux | compactencoding_dontcare | 0       |
|     sparsemux_9_2_8_1_1_U1294               |     |        | tmp_31        | sparsemux | compactencoding_dontcare | 0       |
|     sparsemux_9_2_8_1_1_U1295               |     |        | tmp_32        | sparsemux | compactencoding_dontcare | 0       |
|     sparsemux_9_2_8_1_1_U1296               |     |        | tmp_33        | sparsemux | compactencoding_dontcare | 0       |
|     sparsemux_9_2_8_1_1_U1297               |     |        | tmp_34        | sparsemux | compactencoding_dontcare | 0       |
|     sparsemux_9_2_8_1_1_U1298               |     |        | tmp_35        | sparsemux | compactencoding_dontcare | 0       |
|     sparsemux_9_2_8_1_1_U1299               |     |        | tmp_36        | sparsemux | compactencoding_dontcare | 0       |
|     sparsemux_9_2_8_1_1_U1300               |     |        | tmp_37        | sparsemux | compactencoding_dontcare | 0       |
|     sparsemux_9_2_8_1_1_U1301               |     |        | tmp_38        | sparsemux | compactencoding_dontcare | 0       |
|     sparsemux_9_2_8_1_1_U1270               |     |        | tmp_39        | sparsemux | compactencoding_dontcare | 0       |
|     sparsemux_9_2_8_1_1_U1271               |     |        | tmp_40        | sparsemux | compactencoding_dontcare | 0       |
|     sparsemux_9_2_8_1_1_U1272               |     |        | tmp_41        | sparsemux | compactencoding_dontcare | 0       |
|     sparsemux_9_2_8_1_1_U1273               |     |        | tmp_42        | sparsemux | compactencoding_dontcare | 0       |
|     sparsemux_9_2_8_1_1_U1274               |     |        | tmp_43        | sparsemux | compactencoding_dontcare | 0       |
|     sparsemux_9_2_8_1_1_U1275               |     |        | tmp_44        | sparsemux | compactencoding_dontcare | 0       |
|     sparsemux_9_2_8_1_1_U1276               |     |        | tmp_45        | sparsemux | compactencoding_dontcare | 0       |
|     sparsemux_9_2_8_1_1_U1277               |     |        | tmp_46        | sparsemux | compactencoding_dontcare | 0       |
|     sparsemux_9_2_8_1_1_U1278               |     |        | tmp_47        | sparsemux | compactencoding_dontcare | 0       |
|     sparsemux_9_2_8_1_1_U1279               |     |        | tmp_48        | sparsemux | compactencoding_dontcare | 0       |
|     sparsemux_9_2_8_1_1_U1280               |     |        | tmp_49        | sparsemux | compactencoding_dontcare | 0       |
|     sparsemux_9_2_8_1_1_U1281               |     |        | tmp_50        | sparsemux | compactencoding_dontcare | 0       |
|     sparsemux_9_2_8_1_1_U1282               |     |        | tmp_51        | sparsemux | compactencoding_dontcare | 0       |
|     sparsemux_9_2_8_1_1_U1283               |     |        | tmp_52        | sparsemux | compactencoding_dontcare | 0       |
|     sparsemux_9_2_8_1_1_U1284               |     |        | tmp_53        | sparsemux | compactencoding_dontcare | 0       |
|     sparsemux_9_2_8_1_1_U1285               |     |        | tmp_54        | sparsemux | compactencoding_dontcare | 0       |
|     sparsemux_9_2_8_1_1_U1246               |     |        | tmp_55        | sparsemux | compactencoding_dontcare | 0       |
|     mac_muladd_16s_8s_24s_25_4_1_U1310      | 1   |        | mul_ln56      | mul       | dsp_slice                | 3       |
|     mac_muladd_16s_8s_24s_25_4_1_U1310      | 1   |        | sext_ln56_49  | sext      | dsp_slice                | 3       |
|     mac_muladd_16s_8s_25s_25_4_1_U1334      | 1   |        | mul_ln56_1    | mul       | dsp_slice                | 3       |
|     mac_muladd_16s_8s_25s_25_4_1_U1334      | 1   |        | sext_ln56_50  | sext      | dsp_slice                | 3       |
|     mul_16s_8s_24_1_1_U1286                 | 1   |        | mul_ln56_2    | mul       | auto                     | 0       |
|     mac_muladd_16s_8s_32s_32_4_1_U1311      | 1   |        | mul_ln56_3    | mul       | dsp_slice                | 3       |
|     mac_muladd_16s_8s_32s_32_4_1_U1311      | 1   |        | sext_ln56_52  | sext      | dsp_slice                | 3       |
|     mac_muladd_16s_8s_32s_32_4_1_U1311      | 1   |        | add_ln56      | add       | dsp_slice                | 3       |
|     mac_muladd_16s_8s_24s_25_4_1_U1310      | 1   |        | add_ln56_1    | add       | dsp_slice                | 3       |
|     mac_muladd_16s_8s_25s_25_4_1_U1334      | 1   |        | add_ln56_2    | add       | dsp_slice                | 3       |
|     add_ln56_3_fu_8842_p2                   |     |        | add_ln56_3    | add       | fabric                   | 0       |
|     sparsemux_9_2_8_1_1_U1247               |     |        | tmp_56        | sparsemux | compactencoding_dontcare | 0       |
|     mac_muladd_16s_8s_24s_25_4_1_U1312      | 1   |        | mul_ln56_4    | mul       | dsp_slice                | 3       |
|     mac_muladd_16s_8s_24s_25_4_1_U1312      | 1   |        | sext_ln56_55  | sext      | dsp_slice                | 3       |
|     mac_muladd_16s_8s_25s_25_4_1_U1335      | 1   |        | mul_ln56_5    | mul       | dsp_slice                | 3       |
|     mac_muladd_16s_8s_25s_25_4_1_U1335      | 1   |        | sext_ln56_56  | sext      | dsp_slice                | 3       |
|     mul_16s_8s_24_1_1_U1287                 | 1   |        | mul_ln56_6    | mul       | auto                     | 0       |
|     mac_muladd_16s_8s_32s_32_4_1_U1313      | 1   |        | mul_ln56_7    | mul       | dsp_slice                | 3       |
|     mac_muladd_16s_8s_32s_32_4_1_U1313      | 1   |        | sext_ln56_58  | sext      | dsp_slice                | 3       |
|     mac_muladd_16s_8s_32s_32_4_1_U1313      | 1   |        | add_ln56_4    | add       | dsp_slice                | 3       |
|     mac_muladd_16s_8s_24s_25_4_1_U1312      | 1   |        | add_ln56_5    | add       | dsp_slice                | 3       |
|     mac_muladd_16s_8s_25s_25_4_1_U1335      | 1   |        | add_ln56_6    | add       | dsp_slice                | 3       |
|     add_ln56_7_fu_8851_p2                   |     |        | add_ln56_7    | add       | fabric                   | 0       |
|     sparsemux_9_2_8_1_1_U1248               |     |        | tmp_57        | sparsemux | compactencoding_dontcare | 0       |
|     mac_muladd_16s_8s_24s_25_4_1_U1314      | 1   |        | mul_ln56_8    | mul       | dsp_slice                | 3       |
|     mac_muladd_16s_8s_24s_25_4_1_U1314      | 1   |        | sext_ln56_61  | sext      | dsp_slice                | 3       |
|     mac_muladd_16s_8s_25s_25_4_1_U1336      | 1   |        | mul_ln56_9    | mul       | dsp_slice                | 3       |
|     mac_muladd_16s_8s_25s_25_4_1_U1336      | 1   |        | sext_ln56_62  | sext      | dsp_slice                | 3       |
|     mul_16s_8s_24_1_1_U1288                 | 1   |        | mul_ln56_10   | mul       | auto                     | 0       |
|     mac_muladd_16s_8s_32s_32_4_1_U1315      | 1   |        | mul_ln56_11   | mul       | dsp_slice                | 3       |
|     mac_muladd_16s_8s_32s_32_4_1_U1315      | 1   |        | sext_ln56_64  | sext      | dsp_slice                | 3       |
|     mac_muladd_16s_8s_32s_32_4_1_U1315      | 1   |        | add_ln56_8    | add       | dsp_slice                | 3       |
|     mac_muladd_16s_8s_24s_25_4_1_U1314      | 1   |        | add_ln56_9    | add       | dsp_slice                | 3       |
|     mac_muladd_16s_8s_25s_25_4_1_U1336      | 1   |        | add_ln56_10   | add       | dsp_slice                | 3       |
|     add_ln56_11_fu_8860_p2                  |     |        | add_ln56_11   | add       | fabric                   | 0       |
|     sparsemux_9_2_8_1_1_U1249               |     |        | tmp_58        | sparsemux | compactencoding_dontcare | 0       |
|     mac_muladd_16s_8s_24s_25_4_1_U1316      | 1   |        | mul_ln56_12   | mul       | dsp_slice                | 3       |
|     mac_muladd_16s_8s_24s_25_4_1_U1316      | 1   |        | sext_ln56_67  | sext      | dsp_slice                | 3       |
|     mac_muladd_16s_8s_25s_25_4_1_U1337      | 1   |        | mul_ln56_13   | mul       | dsp_slice                | 3       |
|     mac_muladd_16s_8s_25s_25_4_1_U1337      | 1   |        | sext_ln56_68  | sext      | dsp_slice                | 3       |
|     mul_16s_8s_24_1_1_U1289                 | 1   |        | mul_ln56_14   | mul       | auto                     | 0       |
|     mac_muladd_16s_8s_32s_32_4_1_U1317      | 1   |        | mul_ln56_15   | mul       | dsp_slice                | 3       |
|     mac_muladd_16s_8s_32s_32_4_1_U1317      | 1   |        | sext_ln56_70  | sext      | dsp_slice                | 3       |
|     mac_muladd_16s_8s_32s_32_4_1_U1317      | 1   |        | add_ln56_12   | add       | dsp_slice                | 3       |
|     mac_muladd_16s_8s_24s_25_4_1_U1316      | 1   |        | add_ln56_13   | add       | dsp_slice                | 3       |
|     mac_muladd_16s_8s_25s_25_4_1_U1337      | 1   |        | add_ln56_14   | add       | dsp_slice                | 3       |
|     add_ln56_15_fu_8869_p2                  |     |        | add_ln56_15   | add       | fabric                   | 0       |
|     sparsemux_9_2_8_1_1_U1250               |     |        | tmp_59        | sparsemux | compactencoding_dontcare | 0       |
|     mac_muladd_16s_8s_24s_25_4_1_U1318      | 1   |        | mul_ln56_16   | mul       | dsp_slice                | 3       |
|     mac_muladd_16s_8s_24s_25_4_1_U1318      | 1   |        | sext_ln56_73  | sext      | dsp_slice                | 3       |
|     mac_muladd_16s_8s_25s_25_4_1_U1338      | 1   |        | mul_ln56_17   | mul       | dsp_slice                | 3       |
|     mac_muladd_16s_8s_25s_25_4_1_U1338      | 1   |        | sext_ln56_74  | sext      | dsp_slice                | 3       |
|     mul_16s_8s_24_1_1_U1290                 | 1   |        | mul_ln56_18   | mul       | auto                     | 0       |
|     mac_muladd_16s_8s_32s_32_4_1_U1319      | 1   |        | mul_ln56_19   | mul       | dsp_slice                | 3       |
|     mac_muladd_16s_8s_32s_32_4_1_U1319      | 1   |        | sext_ln56_76  | sext      | dsp_slice                | 3       |
|     mac_muladd_16s_8s_32s_32_4_1_U1319      | 1   |        | add_ln56_16   | add       | dsp_slice                | 3       |
|     mac_muladd_16s_8s_24s_25_4_1_U1318      | 1   |        | add_ln56_17   | add       | dsp_slice                | 3       |
|     mac_muladd_16s_8s_25s_25_4_1_U1338      | 1   |        | add_ln56_18   | add       | dsp_slice                | 3       |
|     add_ln56_19_fu_8878_p2                  |     |        | add_ln56_19   | add       | fabric                   | 0       |
|     sparsemux_9_2_8_1_1_U1251               |     |        | tmp_60        | sparsemux | compactencoding_dontcare | 0       |
|     mac_muladd_16s_8s_24s_25_4_1_U1320      | 1   |        | mul_ln56_20   | mul       | dsp_slice                | 3       |
|     mac_muladd_16s_8s_24s_25_4_1_U1320      | 1   |        | sext_ln56_79  | sext      | dsp_slice                | 3       |
|     mac_muladd_16s_8s_25s_25_4_1_U1339      | 1   |        | mul_ln56_21   | mul       | dsp_slice                | 3       |
|     mac_muladd_16s_8s_25s_25_4_1_U1339      | 1   |        | sext_ln56_80  | sext      | dsp_slice                | 3       |
|     mul_16s_8s_24_1_1_U1291                 | 1   |        | mul_ln56_22   | mul       | auto                     | 0       |
|     mac_muladd_16s_8s_32s_32_4_1_U1321      | 1   |        | mul_ln56_23   | mul       | dsp_slice                | 3       |
|     mac_muladd_16s_8s_32s_32_4_1_U1321      | 1   |        | sext_ln56_82  | sext      | dsp_slice                | 3       |
|     mac_muladd_16s_8s_32s_32_4_1_U1321      | 1   |        | add_ln56_20   | add       | dsp_slice                | 3       |
|     mac_muladd_16s_8s_24s_25_4_1_U1320      | 1   |        | add_ln56_21   | add       | dsp_slice                | 3       |
|     mac_muladd_16s_8s_25s_25_4_1_U1339      | 1   |        | add_ln56_22   | add       | dsp_slice                | 3       |
|     add_ln56_23_fu_8887_p2                  |     |        | add_ln56_23   | add       | fabric                   | 0       |
|     sparsemux_9_2_8_1_1_U1252               |     |        | tmp_61        | sparsemux | compactencoding_dontcare | 0       |
|     mac_muladd_16s_8s_24s_25_4_1_U1322      | 1   |        | mul_ln56_24   | mul       | dsp_slice                | 3       |
|     mac_muladd_16s_8s_24s_25_4_1_U1322      | 1   |        | sext_ln56_85  | sext      | dsp_slice                | 3       |
|     mac_muladd_16s_8s_25s_25_4_1_U1340      | 1   |        | mul_ln56_25   | mul       | dsp_slice                | 3       |
|     mac_muladd_16s_8s_25s_25_4_1_U1340      | 1   |        | sext_ln56_86  | sext      | dsp_slice                | 3       |
|     mul_16s_8s_24_1_1_U1292                 | 1   |        | mul_ln56_26   | mul       | auto                     | 0       |
|     mac_muladd_16s_8s_32s_32_4_1_U1323      | 1   |        | mul_ln56_27   | mul       | dsp_slice                | 3       |
|     mac_muladd_16s_8s_32s_32_4_1_U1323      | 1   |        | sext_ln56_88  | sext      | dsp_slice                | 3       |
|     mac_muladd_16s_8s_32s_32_4_1_U1323      | 1   |        | add_ln56_24   | add       | dsp_slice                | 3       |
|     mac_muladd_16s_8s_24s_25_4_1_U1322      | 1   |        | add_ln56_25   | add       | dsp_slice                | 3       |
|     mac_muladd_16s_8s_25s_25_4_1_U1340      | 1   |        | add_ln56_26   | add       | dsp_slice                | 3       |
|     add_ln56_27_fu_8896_p2                  |     |        | add_ln56_27   | add       | fabric                   | 0       |
|     sparsemux_9_2_8_1_1_U1253               |     |        | tmp_62        | sparsemux | compactencoding_dontcare | 0       |
|     mac_muladd_16s_8s_24s_25_4_1_U1324      | 1   |        | mul_ln56_28   | mul       | dsp_slice                | 3       |
|     mac_muladd_16s_8s_24s_25_4_1_U1324      | 1   |        | sext_ln56_91  | sext      | dsp_slice                | 3       |
|     mac_muladd_16s_8s_25s_25_4_1_U1341      | 1   |        | mul_ln56_29   | mul       | dsp_slice                | 3       |
|     mac_muladd_16s_8s_25s_25_4_1_U1341      | 1   |        | sext_ln56_92  | sext      | dsp_slice                | 3       |
|     mul_16s_8s_24_1_1_U1293                 | 1   |        | mul_ln56_30   | mul       | auto                     | 0       |
|     mac_muladd_16s_8s_32s_32_4_1_U1325      | 1   |        | mul_ln56_31   | mul       | dsp_slice                | 3       |
|     mac_muladd_16s_8s_32s_32_4_1_U1325      | 1   |        | sext_ln56_94  | sext      | dsp_slice                | 3       |
|     mac_muladd_16s_8s_32s_32_4_1_U1325      | 1   |        | add_ln56_28   | add       | dsp_slice                | 3       |
|     mac_muladd_16s_8s_24s_25_4_1_U1324      | 1   |        | add_ln56_29   | add       | dsp_slice                | 3       |
|     mac_muladd_16s_8s_25s_25_4_1_U1341      | 1   |        | add_ln56_30   | add       | dsp_slice                | 3       |
|     add_ln56_31_fu_8905_p2                  |     |        | add_ln56_31   | add       | fabric                   | 0       |
|     sparsemux_9_2_8_1_1_U1254               |     |        | tmp_63        | sparsemux | compactencoding_dontcare | 0       |
|     mac_muladd_16s_8s_24s_25_4_1_U1342      | 1   |        | mul_ln56_32   | mul       | dsp_slice                | 3       |
|     mac_muladd_16s_8s_24s_25_4_1_U1342      | 1   |        | sext_ln56_97  | sext      | dsp_slice                | 3       |
|     mac_muladd_16s_8s_25s_25_4_1_U1350      | 1   |        | mul_ln56_33   | mul       | dsp_slice                | 3       |
|     mac_muladd_16s_8s_25s_25_4_1_U1350      | 1   |        | sext_ln56_98  | sext      | dsp_slice                | 3       |
|     mul_16s_8s_24_1_1_U1302                 | 1   |        | mul_ln56_34   | mul       | auto                     | 0       |
|     mac_muladd_16s_8s_32s_32_4_1_U1326      | 1   |        | mul_ln56_35   | mul       | dsp_slice                | 3       |
|     mac_muladd_16s_8s_32s_32_4_1_U1326      | 1   |        | sext_ln56_100 | sext      | dsp_slice                | 3       |
|     mac_muladd_16s_8s_32s_32_4_1_U1326      | 1   |        | add_ln56_32   | add       | dsp_slice                | 3       |
|     mac_muladd_16s_8s_24s_25_4_1_U1342      | 1   |        | add_ln56_33   | add       | dsp_slice                | 3       |
|     mac_muladd_16s_8s_25s_25_4_1_U1350      | 1   |        | add_ln56_34   | add       | dsp_slice                | 3       |
|     add_ln56_35_fu_8970_p2                  |     |        | add_ln56_35   | add       | fabric                   | 0       |
|     sparsemux_9_2_8_1_1_U1255               |     |        | tmp_64        | sparsemux | compactencoding_dontcare | 0       |
|     mac_muladd_16s_8s_24s_25_4_1_U1343      | 1   |        | mul_ln56_36   | mul       | dsp_slice                | 3       |
|     mac_muladd_16s_8s_24s_25_4_1_U1343      | 1   |        | sext_ln56_103 | sext      | dsp_slice                | 3       |
|     mac_muladd_16s_8s_25s_25_4_1_U1351      | 1   |        | mul_ln56_37   | mul       | dsp_slice                | 3       |
|     mac_muladd_16s_8s_25s_25_4_1_U1351      | 1   |        | sext_ln56_104 | sext      | dsp_slice                | 3       |
|     mul_16s_8s_24_1_1_U1303                 | 1   |        | mul_ln56_38   | mul       | auto                     | 0       |
|     mac_muladd_16s_8s_32s_32_4_1_U1327      | 1   |        | mul_ln56_39   | mul       | dsp_slice                | 3       |
|     mac_muladd_16s_8s_32s_32_4_1_U1327      | 1   |        | sext_ln56_106 | sext      | dsp_slice                | 3       |
|     mac_muladd_16s_8s_32s_32_4_1_U1327      | 1   |        | add_ln56_36   | add       | dsp_slice                | 3       |
|     mac_muladd_16s_8s_24s_25_4_1_U1343      | 1   |        | add_ln56_37   | add       | dsp_slice                | 3       |
|     mac_muladd_16s_8s_25s_25_4_1_U1351      | 1   |        | add_ln56_38   | add       | dsp_slice                | 3       |
|     add_ln56_39_fu_8979_p2                  |     |        | add_ln56_39   | add       | fabric                   | 0       |
|     sparsemux_9_2_8_1_1_U1256               |     |        | tmp_65        | sparsemux | compactencoding_dontcare | 0       |
|     mac_muladd_16s_8s_24s_25_4_1_U1344      | 1   |        | mul_ln56_40   | mul       | dsp_slice                | 3       |
|     mac_muladd_16s_8s_24s_25_4_1_U1344      | 1   |        | sext_ln56_109 | sext      | dsp_slice                | 3       |
|     mac_muladd_16s_8s_25s_25_4_1_U1352      | 1   |        | mul_ln56_41   | mul       | dsp_slice                | 3       |
|     mac_muladd_16s_8s_25s_25_4_1_U1352      | 1   |        | sext_ln56_110 | sext      | dsp_slice                | 3       |
|     mul_16s_8s_24_1_1_U1304                 | 1   |        | mul_ln56_42   | mul       | auto                     | 0       |
|     mac_muladd_16s_8s_32s_32_4_1_U1328      | 1   |        | mul_ln56_43   | mul       | dsp_slice                | 3       |
|     mac_muladd_16s_8s_32s_32_4_1_U1328      | 1   |        | sext_ln56_112 | sext      | dsp_slice                | 3       |
|     mac_muladd_16s_8s_32s_32_4_1_U1328      | 1   |        | add_ln56_40   | add       | dsp_slice                | 3       |
|     mac_muladd_16s_8s_24s_25_4_1_U1344      | 1   |        | add_ln56_41   | add       | dsp_slice                | 3       |
|     mac_muladd_16s_8s_25s_25_4_1_U1352      | 1   |        | add_ln56_42   | add       | dsp_slice                | 3       |
|     add_ln56_43_fu_8988_p2                  |     |        | add_ln56_43   | add       | fabric                   | 0       |
|     sparsemux_9_2_8_1_1_U1257               |     |        | tmp_66        | sparsemux | compactencoding_dontcare | 0       |
|     mac_muladd_16s_8s_24s_25_4_1_U1345      | 1   |        | mul_ln56_44   | mul       | dsp_slice                | 3       |
|     mac_muladd_16s_8s_24s_25_4_1_U1345      | 1   |        | sext_ln56_115 | sext      | dsp_slice                | 3       |
|     mac_muladd_16s_8s_25s_25_4_1_U1353      | 1   |        | mul_ln56_45   | mul       | dsp_slice                | 3       |
|     mac_muladd_16s_8s_25s_25_4_1_U1353      | 1   |        | sext_ln56_116 | sext      | dsp_slice                | 3       |
|     mul_16s_8s_24_1_1_U1305                 | 1   |        | mul_ln56_46   | mul       | auto                     | 0       |
|     mac_muladd_16s_8s_32s_32_4_1_U1329      | 1   |        | mul_ln56_47   | mul       | dsp_slice                | 3       |
|     mac_muladd_16s_8s_32s_32_4_1_U1329      | 1   |        | sext_ln56_118 | sext      | dsp_slice                | 3       |
|     mac_muladd_16s_8s_32s_32_4_1_U1329      | 1   |        | add_ln56_44   | add       | dsp_slice                | 3       |
|     mac_muladd_16s_8s_24s_25_4_1_U1345      | 1   |        | add_ln56_45   | add       | dsp_slice                | 3       |
|     mac_muladd_16s_8s_25s_25_4_1_U1353      | 1   |        | add_ln56_46   | add       | dsp_slice                | 3       |
|     add_ln56_47_fu_8997_p2                  |     |        | add_ln56_47   | add       | fabric                   | 0       |
|     sparsemux_9_2_8_1_1_U1258               |     |        | tmp_67        | sparsemux | compactencoding_dontcare | 0       |
|     mac_muladd_16s_8s_24s_25_4_1_U1346      | 1   |        | mul_ln56_48   | mul       | dsp_slice                | 3       |
|     mac_muladd_16s_8s_24s_25_4_1_U1346      | 1   |        | sext_ln56_121 | sext      | dsp_slice                | 3       |
|     mac_muladd_16s_8s_25s_25_4_1_U1354      | 1   |        | mul_ln56_49   | mul       | dsp_slice                | 3       |
|     mac_muladd_16s_8s_25s_25_4_1_U1354      | 1   |        | sext_ln56_122 | sext      | dsp_slice                | 3       |
|     mul_16s_8s_24_1_1_U1306                 | 1   |        | mul_ln56_50   | mul       | auto                     | 0       |
|     mac_muladd_16s_8s_32s_32_4_1_U1330      | 1   |        | mul_ln56_51   | mul       | dsp_slice                | 3       |
|     mac_muladd_16s_8s_32s_32_4_1_U1330      | 1   |        | sext_ln56_124 | sext      | dsp_slice                | 3       |
|     mac_muladd_16s_8s_32s_32_4_1_U1330      | 1   |        | add_ln56_48   | add       | dsp_slice                | 3       |
|     mac_muladd_16s_8s_24s_25_4_1_U1346      | 1   |        | add_ln56_49   | add       | dsp_slice                | 3       |
|     mac_muladd_16s_8s_25s_25_4_1_U1354      | 1   |        | add_ln56_50   | add       | dsp_slice                | 3       |
|     add_ln56_51_fu_9006_p2                  |     |        | add_ln56_51   | add       | fabric                   | 0       |
|     sparsemux_9_2_8_1_1_U1259               |     |        | tmp_68        | sparsemux | compactencoding_dontcare | 0       |
|     mac_muladd_16s_8s_24s_25_4_1_U1347      | 1   |        | mul_ln56_52   | mul       | dsp_slice                | 3       |
|     mac_muladd_16s_8s_24s_25_4_1_U1347      | 1   |        | sext_ln56_127 | sext      | dsp_slice                | 3       |
|     mac_muladd_16s_8s_25s_25_4_1_U1355      | 1   |        | mul_ln56_53   | mul       | dsp_slice                | 3       |
|     mac_muladd_16s_8s_25s_25_4_1_U1355      | 1   |        | sext_ln56_128 | sext      | dsp_slice                | 3       |
|     mul_16s_8s_24_1_1_U1307                 | 1   |        | mul_ln56_54   | mul       | auto                     | 0       |
|     mac_muladd_16s_8s_32s_32_4_1_U1331      | 1   |        | mul_ln56_55   | mul       | dsp_slice                | 3       |
|     mac_muladd_16s_8s_32s_32_4_1_U1331      | 1   |        | sext_ln56_130 | sext      | dsp_slice                | 3       |
|     mac_muladd_16s_8s_32s_32_4_1_U1331      | 1   |        | add_ln56_52   | add       | dsp_slice                | 3       |
|     mac_muladd_16s_8s_24s_25_4_1_U1347      | 1   |        | add_ln56_53   | add       | dsp_slice                | 3       |
|     mac_muladd_16s_8s_25s_25_4_1_U1355      | 1   |        | add_ln56_54   | add       | dsp_slice                | 3       |
|     add_ln56_55_fu_9015_p2                  |     |        | add_ln56_55   | add       | fabric                   | 0       |
|     sparsemux_9_2_8_1_1_U1260               |     |        | tmp_69        | sparsemux | compactencoding_dontcare | 0       |
|     mac_muladd_16s_8s_24s_25_4_1_U1348      | 1   |        | mul_ln56_56   | mul       | dsp_slice                | 3       |
|     mac_muladd_16s_8s_24s_25_4_1_U1348      | 1   |        | sext_ln56_133 | sext      | dsp_slice                | 3       |
|     mac_muladd_16s_8s_25s_25_4_1_U1356      | 1   |        | mul_ln56_57   | mul       | dsp_slice                | 3       |
|     mac_muladd_16s_8s_25s_25_4_1_U1356      | 1   |        | sext_ln56_134 | sext      | dsp_slice                | 3       |
|     mul_16s_8s_24_1_1_U1308                 | 1   |        | mul_ln56_58   | mul       | auto                     | 0       |
|     mac_muladd_16s_8s_32s_32_4_1_U1332      | 1   |        | mul_ln56_59   | mul       | dsp_slice                | 3       |
|     mac_muladd_16s_8s_32s_32_4_1_U1332      | 1   |        | sext_ln56_136 | sext      | dsp_slice                | 3       |
|     mac_muladd_16s_8s_32s_32_4_1_U1332      | 1   |        | add_ln56_56   | add       | dsp_slice                | 3       |
|     mac_muladd_16s_8s_24s_25_4_1_U1348      | 1   |        | add_ln56_57   | add       | dsp_slice                | 3       |
|     mac_muladd_16s_8s_25s_25_4_1_U1356      | 1   |        | add_ln56_58   | add       | dsp_slice                | 3       |
|     add_ln56_59_fu_9024_p2                  |     |        | add_ln56_59   | add       | fabric                   | 0       |
|     sparsemux_9_2_8_1_1_U1261               |     |        | tmp_70        | sparsemux | compactencoding_dontcare | 0       |
|     mac_muladd_16s_8s_24s_25_4_1_U1349      | 1   |        | mul_ln56_60   | mul       | dsp_slice                | 3       |
|     mac_muladd_16s_8s_24s_25_4_1_U1349      | 1   |        | sext_ln56_139 | sext      | dsp_slice                | 3       |
|     mac_muladd_16s_8s_25s_25_4_1_U1357      | 1   |        | mul_ln56_61   | mul       | dsp_slice                | 3       |
|     mac_muladd_16s_8s_25s_25_4_1_U1357      | 1   |        | sext_ln56_140 | sext      | dsp_slice                | 3       |
|     mul_16s_8s_24_1_1_U1309                 | 1   |        | mul_ln56_62   | mul       | auto                     | 0       |
|     mac_muladd_16s_8s_32s_32_4_1_U1333      | 1   |        | mul_ln56_63   | mul       | dsp_slice                | 3       |
|     mac_muladd_16s_8s_32s_32_4_1_U1333      | 1   |        | sext_ln56_142 | sext      | dsp_slice                | 3       |
|     mac_muladd_16s_8s_32s_32_4_1_U1333      | 1   |        | add_ln56_60   | add       | dsp_slice                | 3       |
|     mac_muladd_16s_8s_24s_25_4_1_U1349      | 1   |        | add_ln56_61   | add       | dsp_slice                | 3       |
|     mac_muladd_16s_8s_25s_25_4_1_U1357      | 1   |        | add_ln56_62   | add       | dsp_slice                | 3       |
|     add_ln56_63_fu_9033_p2                  |     |        | add_ln56_63   | add       | fabric                   | 0       |
|     add_ln50_fu_5070_p2                     |     |        | add_ln50      | add       | fabric                   | 0       |
|   + weighted_sum_v1_Pipeline_WRITE_LOOP     | 0   |        |               |           |                          |         |
|     add_ln62_fu_369_p2                      |     |        | add_ln62      | add       | fabric                   | 0       |
|     icmp_ln62_fu_375_p2                     |     |        | icmp_ln62     | seteq     | auto                     | 0       |
|     sparsemux_33_4_32_1_1_U1572             |     |        | tmp_s         | sparsemux | compactencoding_dontcare | 0       |
|     icmp_ln10_fu_582_p2                     |     |        | icmp_ln10     | setgt     | auto                     | 0       |
|     icmp_ln11_fu_588_p2                     |     |        | icmp_ln11     | setlt     | auto                     | 0       |
|     select_ln10_1_fu_604_p3                 |     |        | select_ln10_1 | select    | auto_sel                 | 0       |
|     or_ln10_fu_612_p2                       |     |        | or_ln10       | or        | auto                     | 0       |
|     select_ln10_fu_618_p3                   |     |        | select_ln10   | select    | auto_sel                 | 0       |
+---------------------------------------------+-----+--------+---------------+-----------+--------------------------+---------+


================================================================
== Storage Report
================================================================
+--------------------------------------------------------------------------------+---------------+------+------+------+--------+---------------------------------------------------------------------------+------+---------+------------------+
| Name                                                                           | Usage         | Type | BRAM | URAM | Pragma | Variable                                                                  | Impl | Latency | Bitwidth, Depth, |
|                                                                                |               |      |      |      |        |                                                                           |      |         | Banks            |
+--------------------------------------------------------------------------------+---------------+------+------+------+--------+---------------------------------------------------------------------------+------+---------+------------------+
| + xmod_attn_v1                                                                 |               |      | 17   | 0    |        |                                                                           |      |         |                  |
|   scores_U                                                                     | ram_t2p array |      | 1    |      |        | scores                                                                    | auto | 1       | 16, 256, 1       |
|  + weighted_sum_v1                                                             |               |      | 16   | 0    |        |                                                                           |      |         |                  |
|    weighted_sum_v1_short_const_unsigned_short_const_signed_char_const_4096_9_U | ram_s2p       |      | 1    |      |        | weighted_sum_v1_short_const_unsigned_short_const_signed_char_const_4096_9 | auto | 1       | 32, 256, 1       |
|    weighted_sum_v1_short_const_unsigned_short_const_signed_char_const_4096_8_U | ram_s2p       |      | 1    |      |        | weighted_sum_v1_short_const_unsigned_short_const_signed_char_const_4096_8 | auto | 1       | 32, 256, 1       |
|    weighted_sum_v1_short_const_unsigned_short_const_signed_char_const_4096_7_U | ram_s2p       |      | 1    |      |        | weighted_sum_v1_short_const_unsigned_short_const_signed_char_const_4096_7 | auto | 1       | 32, 256, 1       |
|    weighted_sum_v1_short_const_unsigned_short_const_signed_char_const_4096_6_U | ram_s2p       |      | 1    |      |        | weighted_sum_v1_short_const_unsigned_short_const_signed_char_const_4096_6 | auto | 1       | 32, 256, 1       |
|    weighted_sum_v1_short_const_unsigned_short_const_signed_char_const_4096_5_U | ram_s2p       |      | 1    |      |        | weighted_sum_v1_short_const_unsigned_short_const_signed_char_const_4096_5 | auto | 1       | 32, 256, 1       |
|    weighted_sum_v1_short_const_unsigned_short_const_signed_char_const_4096_4_U | ram_s2p       |      | 1    |      |        | weighted_sum_v1_short_const_unsigned_short_const_signed_char_const_4096_4 | auto | 1       | 32, 256, 1       |
|    weighted_sum_v1_short_const_unsigned_short_const_signed_char_const_4096_3_U | ram_s2p       |      | 1    |      |        | weighted_sum_v1_short_const_unsigned_short_const_signed_char_const_4096_3 | auto | 1       | 32, 256, 1       |
|    weighted_sum_v1_short_const_unsigned_short_const_signed_char_const_4096_2_U | ram_s2p       |      | 1    |      |        | weighted_sum_v1_short_const_unsigned_short_const_signed_char_const_4096_2 | auto | 1       | 32, 256, 1       |
|    weighted_sum_v1_short_const_unsigned_short_const_signed_char_const_4096_1_U | ram_s2p       |      | 1    |      |        | weighted_sum_v1_short_const_unsigned_short_const_signed_char_const_4096_1 | auto | 1       | 32, 256, 1       |
|    weighted_sum_v1_short_const_unsigned_short_const_signed_char_const_4096_U   | ram_s2p       |      | 1    |      |        | weighted_sum_v1_short_const_unsigned_short_const_signed_char_const_4096   | auto | 1       | 32, 256, 1       |
|    p_ZZ15weighted_sum_v1PKsPKtPA4096_KaPaE3acc_10_U                            | ram_s2p       |      | 1    |      |        | p_ZZ15weighted_sum_v1PKsPKtPA4096_KaPaE3acc_10                            | auto | 1       | 32, 256, 1       |
|    p_ZZ15weighted_sum_v1PKsPKtPA4096_KaPaE3acc_11_U                            | ram_s2p       |      | 1    |      |        | p_ZZ15weighted_sum_v1PKsPKtPA4096_KaPaE3acc_11                            | auto | 1       | 32, 256, 1       |
|    p_ZZ15weighted_sum_v1PKsPKtPA4096_KaPaE3acc_12_U                            | ram_s2p       |      | 1    |      |        | p_ZZ15weighted_sum_v1PKsPKtPA4096_KaPaE3acc_12                            | auto | 1       | 32, 256, 1       |
|    p_ZZ15weighted_sum_v1PKsPKtPA4096_KaPaE3acc_13_U                            | ram_s2p       |      | 1    |      |        | p_ZZ15weighted_sum_v1PKsPKtPA4096_KaPaE3acc_13                            | auto | 1       | 32, 256, 1       |
|    p_ZZ15weighted_sum_v1PKsPKtPA4096_KaPaE3acc_14_U                            | ram_s2p       |      | 1    |      |        | p_ZZ15weighted_sum_v1PKsPKtPA4096_KaPaE3acc_14                            | auto | 1       | 32, 256, 1       |
|    p_ZZ15weighted_sum_v1PKsPKtPA4096_KaPaE3acc_15_U                            | ram_s2p       |      | 1    |      |        | p_ZZ15weighted_sum_v1PKsPKtPA4096_KaPaE3acc_15                            | auto | 1       | 32, 256, 1       |
+--------------------------------------------------------------------------------+---------------+------+------+------+--------+---------------------------------------------------------------------------+------+---------+------------------+


================================================================
== Pragma Report
================================================================
* Valid Pragma Syntax
+-----------------+-------------------------------------+--------------------------------------------------+
| Type            | Options                             | Location                                         |
+-----------------+-------------------------------------+--------------------------------------------------+
| array_partition | variable=Q cyclic factor=32 dim=1   | q_kt_matmul_v1.cpp:28 in q_kt_matmul_v1, Q       |
| array_partition | variable=K cyclic factor=32 dim=2   | q_kt_matmul_v1.cpp:29 in q_kt_matmul_v1, K       |
| array_partition | variable=K block factor=4 dim=1     | q_kt_matmul_v1.cpp:30 in q_kt_matmul_v1, K       |
| array_partition | variable=acc_b complete             | q_kt_matmul_v1.cpp:35 in q_kt_matmul_v1, acc_b   |
| unroll          |                                     | q_kt_matmul_v1.cpp:37 in q_kt_matmul_v1          |
| pipeline        | II=1                                | q_kt_matmul_v1.cpp:42 in q_kt_matmul_v1          |
| unroll          |                                     | q_kt_matmul_v1.cpp:44 in q_kt_matmul_v1          |
| unroll          |                                     | q_kt_matmul_v1.cpp:47 in q_kt_matmul_v1          |
| unroll          |                                     | q_kt_matmul_v1.cpp:55 in q_kt_matmul_v1          |
| pipeline        | II=1                                | softmax_64_v1.cpp:11 in softmax_64_v1            |
| array_partition | variable=shifted complete           | softmax_64_v1.cpp:16 in softmax_64_v1, shifted   |
| pipeline        | II=1                                | softmax_64_v1.cpp:19 in softmax_64_v1            |
| pipeline        | II=1                                | softmax_64_v1.cpp:31 in softmax_64_v1            |
| interface       | ap_ctrl_hs port=return              | topk_engine.cpp:44 in topk_engine, return        |
| array_partition | variable=top_v complete             | topk_engine.cpp:50 in topk_engine, top_v         |
| array_partition | variable=top_i complete             | topk_engine.cpp:51 in topk_engine, top_i         |
| unroll          |                                     | topk_engine.cpp:55 in topk_engine                |
| pipeline        | II=1                                | topk_engine.cpp:62 in topk_engine                |
| array_partition | variable=ins complete               | topk_engine.cpp:68 in topk_engine, ins           |
| unroll          |                                     | topk_engine.cpp:70 in topk_engine                |
| array_partition | variable=new_v complete             | topk_engine.cpp:79 in topk_engine, new_v         |
| array_partition | variable=new_i complete             | topk_engine.cpp:80 in topk_engine, new_i         |
| unroll          |                                     | topk_engine.cpp:82 in topk_engine                |
| unroll          |                                     | topk_engine.cpp:103 in topk_engine               |
| pipeline        | II=1                                | topk_engine.cpp:111 in topk_engine               |
| array_partition | variable=V cyclic factor=16 dim=2   | weighted_sum_v1.cpp:24 in weighted_sum_v1, V     |
| array_partition | variable=V block factor=4 dim=1     | weighted_sum_v1.cpp:25 in weighted_sum_v1, V     |
| array_partition | variable=acc cyclic factor=16 dim=1 | weighted_sum_v1.cpp:28 in weighted_sum_v1, acc   |
| pipeline        | II=1                                | weighted_sum_v1.cpp:31 in weighted_sum_v1        |
| array_partition | variable=ws complete                | weighted_sum_v1.cpp:42 in weighted_sum_v1, ws    |
| array_partition | variable=is complete                | weighted_sum_v1.cpp:43 in weighted_sum_v1, is    |
| unroll          |                                     | weighted_sum_v1.cpp:45 in weighted_sum_v1        |
| pipeline        | II=1                                | weighted_sum_v1.cpp:51 in weighted_sum_v1        |
| unroll          |                                     | weighted_sum_v1.cpp:53 in weighted_sum_v1        |
| unroll          |                                     | weighted_sum_v1.cpp:55 in weighted_sum_v1        |
| pipeline        | II=1                                | weighted_sum_v1.cpp:63 in weighted_sum_v1        |
| interface       | ap_ctrl_hs port=return              | xmod_attn_v1.cpp:28 in xmod_attn_v1, return      |
| array_partition | variable=top_scores complete        | xmod_attn_v1.cpp:34 in xmod_attn_v1, top_scores  |
| array_partition | variable=top_indices complete       | xmod_attn_v1.cpp:35 in xmod_attn_v1, top_indices |
| array_partition | variable=weights complete           | xmod_attn_v1.cpp:36 in xmod_attn_v1, weights     |
+-----------------+-------------------------------------+--------------------------------------------------+


