

================================================================
== Vitis HLS Report for 'xmod_attn_v1'
================================================================
* Date:           Tue May 19 10:54:11 2026

* Version:        2024.1 (Build 5069499 on May 21 2024)
* Project:        xmod_attn_v1_hls
* Solution:       sol1 (Vivado IP Flow Target)
* Product family: versalaicore
* Target device:  xcvc1902-vsva2197-2MP-e-S


================================================================
== Performance Estimates
================================================================
+ Timing: 
    * Summary: 
    +--------+---------+----------+------------+
    |  Clock |  Target | Estimated| Uncertainty|
    +--------+---------+----------+------------+
    |ap_clk  |  4.00 ns|  2.846 ns|     1.08 ns|
    +--------+---------+----------+------------+

+ Latency: 
    * Summary: 
    +---------+---------+----------+----------+-------+-------+---------+
    |  Latency (cycles) |  Latency (absolute) |    Interval   | Pipeline|
    |   min   |   max   |    min   |    max   |  min  |  max  |   Type  |
    +---------+---------+----------+----------+-------+-------+---------+
    |    33347|    33347|  0.133 ms|  0.133 ms|  33348|  33348|       no|
    +---------+---------+----------+----------+-------+-------+---------+

    + Detail: 
        * Instance: 
        +--------------------------------------------------+--------------------------------------+---------+---------+-----------+-----------+-------+-------+-----------------------------------------------+
        |                                                  |                                      |  Latency (cycles) |   Latency (absolute)  |    Interval   |                    Pipeline                   |
        |                     Instance                     |                Module                |   min   |   max   |    min    |    max    |  min  |  max  |                      Type                     |
        +--------------------------------------------------+--------------------------------------+---------+---------+-----------+-----------+-------+-------+-----------------------------------------------+
        |grp_q_kt_matmul_v1_fu_1552                        |q_kt_matmul_v1                        |    16391|    16391|  65.564 us|  65.564 us|  16386|  16386|  loop auto-rewind stp(delay=0 clock cycles(s))|
        |grp_topk_engine_fu_1878                           |topk_engine                           |      328|      328|   1.312 us|   1.312 us|    328|    328|                                             no|
        |grp_xmod_attn_v1_Pipeline_MAX_LOOP_fu_2011        |xmod_attn_v1_Pipeline_MAX_LOOP        |       65|       65|   0.260 us|   0.260 us|     64|     64|  loop auto-rewind stp(delay=0 clock cycles(s))|
        |grp_xmod_attn_v1_Pipeline_SHIFT_SUM_LOOP_fu_2080  |xmod_attn_v1_Pipeline_SHIFT_SUM_LOOP  |       66|       66|   0.264 us|   0.264 us|     65|     65|  loop auto-rewind stp(delay=0 clock cycles(s))|
        |grp_xmod_attn_v1_Pipeline_NORM_LOOP_fu_2214       |xmod_attn_v1_Pipeline_NORM_LOOP       |       84|       84|   0.336 us|   0.336 us|     65|     65|  loop auto-rewind stp(delay=0 clock cycles(s))|
        |grp_weighted_sum_v1_fu_2348                       |weighted_sum_v1                       |    16402|    16402|  65.608 us|  65.608 us|  16402|  16402|                                             no|
        +--------------------------------------------------+--------------------------------------+---------+---------+-----------+-----------+-------+-------+-----------------------------------------------+

        * Loop: 
        N/A



================================================================
== Utilization Estimates
================================================================
* Summary: 
+-----------------+---------+------+---------+--------+-----+
|       Name      | BRAM_18K|  DSP |    FF   |   LUT  | URAM|
+-----------------+---------+------+---------+--------+-----+
|DSP              |        -|     -|        -|       -|    -|
|Expression       |        -|     -|        0|      11|    -|
|FIFO             |        -|     -|        -|       -|    -|
|Instance         |       16|   128|    11283|   29648|    0|
|Memory           |        1|     -|        0|       0|    0|
|Multiplexer      |        -|     -|        0|      80|    -|
|Register         |        -|     -|     1555|       -|    -|
+-----------------+---------+------+---------+--------+-----+
|Total            |       17|   128|    12838|   29739|    0|
+-----------------+---------+------+---------+--------+-----+
|Available        |     1934|  1968|  1799680|  899840|  463|
+-----------------+---------+------+---------+--------+-----+
|Utilization (%)  |       ~0|     6|       ~0|       3|    0|
+-----------------+---------+------+---------+--------+-----+

+ Detail: 
    * Instance: 
    +--------------------------------------------------+--------------------------------------+---------+----+------+-------+-----+
    |                     Instance                     |                Module                | BRAM_18K| DSP|  FF  |  LUT  | URAM|
    +--------------------------------------------------+--------------------------------------+---------+----+------+-------+-----+
    |grp_q_kt_matmul_v1_fu_1552                        |q_kt_matmul_v1                        |        0|  64|  2413|  11990|    0|
    |grp_topk_engine_fu_1878                           |topk_engine                           |        0|   0|  2597|   7250|    0|
    |grp_weighted_sum_v1_fu_2348                       |weighted_sum_v1                       |       16|  64|  2406|   6645|    0|
    |grp_xmod_attn_v1_Pipeline_MAX_LOOP_fu_2011        |xmod_attn_v1_Pipeline_MAX_LOOP        |        0|   0|    25|    427|    0|
    |grp_xmod_attn_v1_Pipeline_NORM_LOOP_fu_2214       |xmod_attn_v1_Pipeline_NORM_LOOP       |        0|   0|  2746|   2841|    0|
    |grp_xmod_attn_v1_Pipeline_SHIFT_SUM_LOOP_fu_2080  |xmod_attn_v1_Pipeline_SHIFT_SUM_LOOP  |        0|   0|  1096|    495|    0|
    +--------------------------------------------------+--------------------------------------+---------+----+------+-------+-----+
    |Total                                             |                                      |       16| 128| 11283|  29648|    0|
    +--------------------------------------------------+--------------------------------------+---------+----+------+-------+-----+

    * DSP: 
    N/A

    * Memory: 
    +----------+----------------------+---------+---+----+-----+------+-----+------+-------------+
    |  Memory  |        Module        | BRAM_18K| FF| LUT| URAM| Words| Bits| Banks| W*Bits*Banks|
    +----------+----------------------+---------+---+----+-----+------+-----+------+-------------+
    |scores_U  |scores_RAM_AUTO_1R1W  |        1|  0|   0|    0|   256|   16|     1|         4096|
    +----------+----------------------+---------+---+----+-----+------+-----+------+-------------+
    |Total     |                      |        1|  0|   0|    0|   256|   16|     1|         4096|
    +----------+----------------------+---------+---+----+-----+------+-----+------+-------------+

    * FIFO: 
    N/A

    * Expression: 
    +--------------------+----------+----+---+----+------------+------------+
    |    Variable Name   | Operation| DSP| FF| LUT| Bitwidth P0| Bitwidth P1|
    +--------------------+----------+----+---+----+------------+------------+
    |cmp29_i_fu_3552_p2  |      icmp|   0|  0|  11|          22|           1|
    +--------------------+----------+----+---+----+------------+------------+
    |Total               |          |   0|  0|  11|          22|           1|
    +--------------------+----------+----+---+----+------------+------------+

    * Multiplexer: 
    +-----------------+----+-----------+-----+-----------+
    |       Name      | LUT| Input Size| Bits| Total Bits|
    +-----------------+----+-----------+-----+-----------+
    |ap_NS_fsm        |  40|         13|    1|         13|
    |scores_address0  |   8|          3|    8|         24|
    |scores_ce0       |   8|          3|    1|          3|
    |scores_ce1       |   8|          2|    1|          2|
    |scores_we0       |   8|          2|    1|          2|
    |scores_we1       |   8|          2|    1|          2|
    +-----------------+----+-----------+-----+-----------+
    |Total            |  80|         25|   13|         46|
    +-----------------+----+-----------+-----+-----------+

    * Register: 
    +---------------------------------------------------------------+----+----+-----+-----------+
    |                              Name                             | FF | LUT| Bits| Const Bits|
    +---------------------------------------------------------------+----+----+-----+-----------+
    |ap_CS_fsm                                                      |  12|   0|   12|          0|
    |cmp29_i_reg_6651                                               |   1|   0|    1|          0|
    |grp_q_kt_matmul_v1_fu_1552_ap_start_reg                        |   1|   0|    1|          0|
    |grp_topk_engine_fu_1878_ap_start_reg                           |   1|   0|    1|          0|
    |grp_weighted_sum_v1_fu_2348_ap_start_reg                       |   1|   0|    1|          0|
    |grp_xmod_attn_v1_Pipeline_MAX_LOOP_fu_2011_ap_start_reg        |   1|   0|    1|          0|
    |grp_xmod_attn_v1_Pipeline_NORM_LOOP_fu_2214_ap_start_reg       |   1|   0|    1|          0|
    |grp_xmod_attn_v1_Pipeline_SHIFT_SUM_LOOP_fu_2080_ap_start_reg  |   1|   0|    1|          0|
    |top_indices_10_fu_1336                                         |   8|   0|    8|          0|
    |top_indices_11_fu_1340                                         |   8|   0|    8|          0|
    |top_indices_12_fu_1344                                         |   8|   0|    8|          0|
    |top_indices_13_fu_1348                                         |   8|   0|    8|          0|
    |top_indices_14_fu_1352                                         |   8|   0|    8|          0|
    |top_indices_15_fu_1356                                         |   8|   0|    8|          0|
    |top_indices_16_fu_1360                                         |   8|   0|    8|          0|
    |top_indices_17_fu_1364                                         |   8|   0|    8|          0|
    |top_indices_18_fu_1368                                         |   8|   0|    8|          0|
    |top_indices_19_fu_1372                                         |   8|   0|    8|          0|
    |top_indices_1_fu_1300                                          |   8|   0|    8|          0|
    |top_indices_20_fu_1376                                         |   8|   0|    8|          0|
    |top_indices_21_fu_1380                                         |   8|   0|    8|          0|
    |top_indices_22_fu_1384                                         |   8|   0|    8|          0|
    |top_indices_23_fu_1388                                         |   8|   0|    8|          0|
    |top_indices_24_fu_1392                                         |   8|   0|    8|          0|
    |top_indices_25_fu_1396                                         |   8|   0|    8|          0|
    |top_indices_26_fu_1400                                         |   8|   0|    8|          0|
    |top_indices_27_fu_1404                                         |   8|   0|    8|          0|
    |top_indices_28_fu_1408                                         |   8|   0|    8|          0|
    |top_indices_29_fu_1412                                         |   8|   0|    8|          0|
    |top_indices_2_fu_1304                                          |   8|   0|    8|          0|
    |top_indices_30_fu_1416                                         |   8|   0|    8|          0|
    |top_indices_31_fu_1420                                         |   8|   0|    8|          0|
    |top_indices_32_fu_1424                                         |   8|   0|    8|          0|
    |top_indices_33_fu_1428                                         |   8|   0|    8|          0|
    |top_indices_34_fu_1432                                         |   8|   0|    8|          0|
    |top_indices_35_fu_1436                                         |   8|   0|    8|          0|
    |top_indices_36_fu_1440                                         |   8|   0|    8|          0|
    |top_indices_37_fu_1444                                         |   8|   0|    8|          0|
    |top_indices_38_fu_1448                                         |   8|   0|    8|          0|
    |top_indices_39_fu_1452                                         |   8|   0|    8|          0|
    |top_indices_3_fu_1308                                          |   8|   0|    8|          0|
    |top_indices_40_fu_1456                                         |   8|   0|    8|          0|
    |top_indices_41_fu_1460                                         |   8|   0|    8|          0|
    |top_indices_42_fu_1464                                         |   8|   0|    8|          0|
    |top_indices_43_fu_1468                                         |   8|   0|    8|          0|
    |top_indices_44_fu_1472                                         |   8|   0|    8|          0|
    |top_indices_45_fu_1476                                         |   8|   0|    8|          0|
    |top_indices_46_fu_1480                                         |   8|   0|    8|          0|
    |top_indices_47_fu_1484                                         |   8|   0|    8|          0|
    |top_indices_48_fu_1488                                         |   8|   0|    8|          0|
    |top_indices_49_fu_1492                                         |   8|   0|    8|          0|
    |top_indices_4_fu_1312                                          |   8|   0|    8|          0|
    |top_indices_50_fu_1496                                         |   8|   0|    8|          0|
    |top_indices_51_fu_1500                                         |   8|   0|    8|          0|
    |top_indices_52_fu_1504                                         |   8|   0|    8|          0|
    |top_indices_53_fu_1508                                         |   8|   0|    8|          0|
    |top_indices_54_fu_1512                                         |   8|   0|    8|          0|
    |top_indices_55_fu_1516                                         |   8|   0|    8|          0|
    |top_indices_56_fu_1520                                         |   8|   0|    8|          0|
    |top_indices_57_fu_1524                                         |   8|   0|    8|          0|
    |top_indices_58_fu_1528                                         |   8|   0|    8|          0|
    |top_indices_59_fu_1532                                         |   8|   0|    8|          0|
    |top_indices_5_fu_1316                                          |   8|   0|    8|          0|
    |top_indices_60_fu_1536                                         |   8|   0|    8|          0|
    |top_indices_61_fu_1540                                         |   8|   0|    8|          0|
    |top_indices_62_fu_1544                                         |   8|   0|    8|          0|
    |top_indices_63_fu_1548                                         |   8|   0|    8|          0|
    |top_indices_6_fu_1320                                          |   8|   0|    8|          0|
    |top_indices_7_fu_1324                                          |   8|   0|    8|          0|
    |top_indices_8_fu_1328                                          |   8|   0|    8|          0|
    |top_indices_9_fu_1332                                          |   8|   0|    8|          0|
    |top_indices_fu_1296                                            |   8|   0|    8|          0|
    |top_scores_10_fu_1080                                          |  16|   0|   16|          0|
    |top_scores_11_fu_1084                                          |  16|   0|   16|          0|
    |top_scores_12_fu_1088                                          |  16|   0|   16|          0|
    |top_scores_13_fu_1092                                          |  16|   0|   16|          0|
    |top_scores_14_fu_1096                                          |  16|   0|   16|          0|
    |top_scores_15_fu_1100                                          |  16|   0|   16|          0|
    |top_scores_16_fu_1104                                          |  16|   0|   16|          0|
    |top_scores_17_fu_1108                                          |  16|   0|   16|          0|
    |top_scores_18_fu_1112                                          |  16|   0|   16|          0|
    |top_scores_19_fu_1116                                          |  16|   0|   16|          0|
    |top_scores_1_fu_1044                                           |  16|   0|   16|          0|
    |top_scores_20_fu_1120                                          |  16|   0|   16|          0|
    |top_scores_21_fu_1124                                          |  16|   0|   16|          0|
    |top_scores_22_fu_1128                                          |  16|   0|   16|          0|
    |top_scores_23_fu_1132                                          |  16|   0|   16|          0|
    |top_scores_24_fu_1136                                          |  16|   0|   16|          0|
    |top_scores_25_fu_1140                                          |  16|   0|   16|          0|
    |top_scores_26_fu_1144                                          |  16|   0|   16|          0|
    |top_scores_27_fu_1148                                          |  16|   0|   16|          0|
    |top_scores_28_fu_1152                                          |  16|   0|   16|          0|
    |top_scores_29_fu_1156                                          |  16|   0|   16|          0|
    |top_scores_2_fu_1048                                           |  16|   0|   16|          0|
    |top_scores_30_fu_1160                                          |  16|   0|   16|          0|
    |top_scores_31_fu_1164                                          |  16|   0|   16|          0|
    |top_scores_32_fu_1168                                          |  16|   0|   16|          0|
    |top_scores_33_fu_1172                                          |  16|   0|   16|          0|
    |top_scores_34_fu_1176                                          |  16|   0|   16|          0|
    |top_scores_35_fu_1180                                          |  16|   0|   16|          0|
    |top_scores_36_fu_1184                                          |  16|   0|   16|          0|
    |top_scores_37_fu_1188                                          |  16|   0|   16|          0|
    |top_scores_38_fu_1192                                          |  16|   0|   16|          0|
    |top_scores_39_fu_1196                                          |  16|   0|   16|          0|
    |top_scores_3_fu_1052                                           |  16|   0|   16|          0|
    |top_scores_40_fu_1200                                          |  16|   0|   16|          0|
    |top_scores_41_fu_1204                                          |  16|   0|   16|          0|
    |top_scores_42_fu_1208                                          |  16|   0|   16|          0|
    |top_scores_43_fu_1212                                          |  16|   0|   16|          0|
    |top_scores_44_fu_1216                                          |  16|   0|   16|          0|
    |top_scores_45_fu_1220                                          |  16|   0|   16|          0|
    |top_scores_46_fu_1224                                          |  16|   0|   16|          0|
    |top_scores_47_fu_1228                                          |  16|   0|   16|          0|
    |top_scores_48_fu_1232                                          |  16|   0|   16|          0|
    |top_scores_49_fu_1236                                          |  16|   0|   16|          0|
    |top_scores_4_fu_1056                                           |  16|   0|   16|          0|
    |top_scores_50_fu_1240                                          |  16|   0|   16|          0|
    |top_scores_51_fu_1244                                          |  16|   0|   16|          0|
    |top_scores_52_fu_1248                                          |  16|   0|   16|          0|
    |top_scores_53_fu_1252                                          |  16|   0|   16|          0|
    |top_scores_54_fu_1256                                          |  16|   0|   16|          0|
    |top_scores_55_fu_1260                                          |  16|   0|   16|          0|
    |top_scores_56_fu_1264                                          |  16|   0|   16|          0|
    |top_scores_57_fu_1268                                          |  16|   0|   16|          0|
    |top_scores_58_fu_1272                                          |  16|   0|   16|          0|
    |top_scores_59_fu_1276                                          |  16|   0|   16|          0|
    |top_scores_5_fu_1060                                           |  16|   0|   16|          0|
    |top_scores_60_fu_1280                                          |  16|   0|   16|          0|
    |top_scores_61_fu_1284                                          |  16|   0|   16|          0|
    |top_scores_62_fu_1288                                          |  16|   0|   16|          0|
    |top_scores_63_fu_1292                                          |  16|   0|   16|          0|
    |top_scores_6_fu_1064                                           |  16|   0|   16|          0|
    |top_scores_7_fu_1068                                           |  16|   0|   16|          0|
    |top_scores_8_fu_1072                                           |  16|   0|   16|          0|
    |top_scores_9_fu_1076                                           |  16|   0|   16|          0|
    |top_scores_fu_1040                                             |  16|   0|   16|          0|
    +---------------------------------------------------------------+----+----+-----+-----------+
    |Total                                                          |1555|   0| 1555|          0|
    +---------------------------------------------------------------+----+----+-----+-----------+



================================================================
== Interface
================================================================
* Summary: 
+-----------------+-----+-----+------------+--------------+--------------+
|    RTL Ports    | Dir | Bits|  Protocol  | Source Object|    C Type    |
+-----------------+-----+-----+------------+--------------+--------------+
|ap_clk           |   in|    1|  ap_ctrl_hs|  xmod_attn_v1|  return value|
|ap_rst           |   in|    1|  ap_ctrl_hs|  xmod_attn_v1|  return value|
|ap_start         |   in|    1|  ap_ctrl_hs|  xmod_attn_v1|  return value|
|ap_done          |  out|    1|  ap_ctrl_hs|  xmod_attn_v1|  return value|
|ap_idle          |  out|    1|  ap_ctrl_hs|  xmod_attn_v1|  return value|
|ap_ready         |  out|    1|  ap_ctrl_hs|  xmod_attn_v1|  return value|
|Q_0_address0     |  out|    7|   ap_memory|           Q_0|         array|
|Q_0_ce0          |  out|    1|   ap_memory|           Q_0|         array|
|Q_0_q0           |   in|    8|   ap_memory|           Q_0|         array|
|Q_1_address0     |  out|    7|   ap_memory|           Q_1|         array|
|Q_1_ce0          |  out|    1|   ap_memory|           Q_1|         array|
|Q_1_q0           |   in|    8|   ap_memory|           Q_1|         array|
|Q_2_address0     |  out|    7|   ap_memory|           Q_2|         array|
|Q_2_ce0          |  out|    1|   ap_memory|           Q_2|         array|
|Q_2_q0           |   in|    8|   ap_memory|           Q_2|         array|
|Q_3_address0     |  out|    7|   ap_memory|           Q_3|         array|
|Q_3_ce0          |  out|    1|   ap_memory|           Q_3|         array|
|Q_3_q0           |   in|    8|   ap_memory|           Q_3|         array|
|Q_4_address0     |  out|    7|   ap_memory|           Q_4|         array|
|Q_4_ce0          |  out|    1|   ap_memory|           Q_4|         array|
|Q_4_q0           |   in|    8|   ap_memory|           Q_4|         array|
|Q_5_address0     |  out|    7|   ap_memory|           Q_5|         array|
|Q_5_ce0          |  out|    1|   ap_memory|           Q_5|         array|
|Q_5_q0           |   in|    8|   ap_memory|           Q_5|         array|
|Q_6_address0     |  out|    7|   ap_memory|           Q_6|         array|
|Q_6_ce0          |  out|    1|   ap_memory|           Q_6|         array|
|Q_6_q0           |   in|    8|   ap_memory|           Q_6|         array|
|Q_7_address0     |  out|    7|   ap_memory|           Q_7|         array|
|Q_7_ce0          |  out|    1|   ap_memory|           Q_7|         array|
|Q_7_q0           |   in|    8|   ap_memory|           Q_7|         array|
|Q_8_address0     |  out|    7|   ap_memory|           Q_8|         array|
|Q_8_ce0          |  out|    1|   ap_memory|           Q_8|         array|
|Q_8_q0           |   in|    8|   ap_memory|           Q_8|         array|
|Q_9_address0     |  out|    7|   ap_memory|           Q_9|         array|
|Q_9_ce0          |  out|    1|   ap_memory|           Q_9|         array|
|Q_9_q0           |   in|    8|   ap_memory|           Q_9|         array|
|Q_10_address0    |  out|    7|   ap_memory|          Q_10|         array|
|Q_10_ce0         |  out|    1|   ap_memory|          Q_10|         array|
|Q_10_q0          |   in|    8|   ap_memory|          Q_10|         array|
|Q_11_address0    |  out|    7|   ap_memory|          Q_11|         array|
|Q_11_ce0         |  out|    1|   ap_memory|          Q_11|         array|
|Q_11_q0          |   in|    8|   ap_memory|          Q_11|         array|
|Q_12_address0    |  out|    7|   ap_memory|          Q_12|         array|
|Q_12_ce0         |  out|    1|   ap_memory|          Q_12|         array|
|Q_12_q0          |   in|    8|   ap_memory|          Q_12|         array|
|Q_13_address0    |  out|    7|   ap_memory|          Q_13|         array|
|Q_13_ce0         |  out|    1|   ap_memory|          Q_13|         array|
|Q_13_q0          |   in|    8|   ap_memory|          Q_13|         array|
|Q_14_address0    |  out|    7|   ap_memory|          Q_14|         array|
|Q_14_ce0         |  out|    1|   ap_memory|          Q_14|         array|
|Q_14_q0          |   in|    8|   ap_memory|          Q_14|         array|
|Q_15_address0    |  out|    7|   ap_memory|          Q_15|         array|
|Q_15_ce0         |  out|    1|   ap_memory|          Q_15|         array|
|Q_15_q0          |   in|    8|   ap_memory|          Q_15|         array|
|Q_16_address0    |  out|    7|   ap_memory|          Q_16|         array|
|Q_16_ce0         |  out|    1|   ap_memory|          Q_16|         array|
|Q_16_q0          |   in|    8|   ap_memory|          Q_16|         array|
|Q_17_address0    |  out|    7|   ap_memory|          Q_17|         array|
|Q_17_ce0         |  out|    1|   ap_memory|          Q_17|         array|
|Q_17_q0          |   in|    8|   ap_memory|          Q_17|         array|
|Q_18_address0    |  out|    7|   ap_memory|          Q_18|         array|
|Q_18_ce0         |  out|    1|   ap_memory|          Q_18|         array|
|Q_18_q0          |   in|    8|   ap_memory|          Q_18|         array|
|Q_19_address0    |  out|    7|   ap_memory|          Q_19|         array|
|Q_19_ce0         |  out|    1|   ap_memory|          Q_19|         array|
|Q_19_q0          |   in|    8|   ap_memory|          Q_19|         array|
|Q_20_address0    |  out|    7|   ap_memory|          Q_20|         array|
|Q_20_ce0         |  out|    1|   ap_memory|          Q_20|         array|
|Q_20_q0          |   in|    8|   ap_memory|          Q_20|         array|
|Q_21_address0    |  out|    7|   ap_memory|          Q_21|         array|
|Q_21_ce0         |  out|    1|   ap_memory|          Q_21|         array|
|Q_21_q0          |   in|    8|   ap_memory|          Q_21|         array|
|Q_22_address0    |  out|    7|   ap_memory|          Q_22|         array|
|Q_22_ce0         |  out|    1|   ap_memory|          Q_22|         array|
|Q_22_q0          |   in|    8|   ap_memory|          Q_22|         array|
|Q_23_address0    |  out|    7|   ap_memory|          Q_23|         array|
|Q_23_ce0         |  out|    1|   ap_memory|          Q_23|         array|
|Q_23_q0          |   in|    8|   ap_memory|          Q_23|         array|
|Q_24_address0    |  out|    7|   ap_memory|          Q_24|         array|
|Q_24_ce0         |  out|    1|   ap_memory|          Q_24|         array|
|Q_24_q0          |   in|    8|   ap_memory|          Q_24|         array|
|Q_25_address0    |  out|    7|   ap_memory|          Q_25|         array|
|Q_25_ce0         |  out|    1|   ap_memory|          Q_25|         array|
|Q_25_q0          |   in|    8|   ap_memory|          Q_25|         array|
|Q_26_address0    |  out|    7|   ap_memory|          Q_26|         array|
|Q_26_ce0         |  out|    1|   ap_memory|          Q_26|         array|
|Q_26_q0          |   in|    8|   ap_memory|          Q_26|         array|
|Q_27_address0    |  out|    7|   ap_memory|          Q_27|         array|
|Q_27_ce0         |  out|    1|   ap_memory|          Q_27|         array|
|Q_27_q0          |   in|    8|   ap_memory|          Q_27|         array|
|Q_28_address0    |  out|    7|   ap_memory|          Q_28|         array|
|Q_28_ce0         |  out|    1|   ap_memory|          Q_28|         array|
|Q_28_q0          |   in|    8|   ap_memory|          Q_28|         array|
|Q_29_address0    |  out|    7|   ap_memory|          Q_29|         array|
|Q_29_ce0         |  out|    1|   ap_memory|          Q_29|         array|
|Q_29_q0          |   in|    8|   ap_memory|          Q_29|         array|
|Q_30_address0    |  out|    7|   ap_memory|          Q_30|         array|
|Q_30_ce0         |  out|    1|   ap_memory|          Q_30|         array|
|Q_30_q0          |   in|    8|   ap_memory|          Q_30|         array|
|Q_31_address0    |  out|    7|   ap_memory|          Q_31|         array|
|Q_31_ce0         |  out|    1|   ap_memory|          Q_31|         array|
|Q_31_q0          |   in|    8|   ap_memory|          Q_31|         array|
|K_0_0_address0   |  out|   13|   ap_memory|         K_0_0|         array|
|K_0_0_ce0        |  out|    1|   ap_memory|         K_0_0|         array|
|K_0_0_q0         |   in|    8|   ap_memory|         K_0_0|         array|
|K_0_0_address1   |  out|   13|   ap_memory|         K_0_0|         array|
|K_0_0_ce1        |  out|    1|   ap_memory|         K_0_0|         array|
|K_0_0_q1         |   in|    8|   ap_memory|         K_0_0|         array|
|K_0_1_address0   |  out|   13|   ap_memory|         K_0_1|         array|
|K_0_1_ce0        |  out|    1|   ap_memory|         K_0_1|         array|
|K_0_1_q0         |   in|    8|   ap_memory|         K_0_1|         array|
|K_0_1_address1   |  out|   13|   ap_memory|         K_0_1|         array|
|K_0_1_ce1        |  out|    1|   ap_memory|         K_0_1|         array|
|K_0_1_q1         |   in|    8|   ap_memory|         K_0_1|         array|
|K_0_2_address0   |  out|   13|   ap_memory|         K_0_2|         array|
|K_0_2_ce0        |  out|    1|   ap_memory|         K_0_2|         array|
|K_0_2_q0         |   in|    8|   ap_memory|         K_0_2|         array|
|K_0_2_address1   |  out|   13|   ap_memory|         K_0_2|         array|
|K_0_2_ce1        |  out|    1|   ap_memory|         K_0_2|         array|
|K_0_2_q1         |   in|    8|   ap_memory|         K_0_2|         array|
|K_0_3_address0   |  out|   13|   ap_memory|         K_0_3|         array|
|K_0_3_ce0        |  out|    1|   ap_memory|         K_0_3|         array|
|K_0_3_q0         |   in|    8|   ap_memory|         K_0_3|         array|
|K_0_3_address1   |  out|   13|   ap_memory|         K_0_3|         array|
|K_0_3_ce1        |  out|    1|   ap_memory|         K_0_3|         array|
|K_0_3_q1         |   in|    8|   ap_memory|         K_0_3|         array|
|K_0_4_address0   |  out|   13|   ap_memory|         K_0_4|         array|
|K_0_4_ce0        |  out|    1|   ap_memory|         K_0_4|         array|
|K_0_4_q0         |   in|    8|   ap_memory|         K_0_4|         array|
|K_0_4_address1   |  out|   13|   ap_memory|         K_0_4|         array|
|K_0_4_ce1        |  out|    1|   ap_memory|         K_0_4|         array|
|K_0_4_q1         |   in|    8|   ap_memory|         K_0_4|         array|
|K_0_5_address0   |  out|   13|   ap_memory|         K_0_5|         array|
|K_0_5_ce0        |  out|    1|   ap_memory|         K_0_5|         array|
|K_0_5_q0         |   in|    8|   ap_memory|         K_0_5|         array|
|K_0_5_address1   |  out|   13|   ap_memory|         K_0_5|         array|
|K_0_5_ce1        |  out|    1|   ap_memory|         K_0_5|         array|
|K_0_5_q1         |   in|    8|   ap_memory|         K_0_5|         array|
|K_0_6_address0   |  out|   13|   ap_memory|         K_0_6|         array|
|K_0_6_ce0        |  out|    1|   ap_memory|         K_0_6|         array|
|K_0_6_q0         |   in|    8|   ap_memory|         K_0_6|         array|
|K_0_6_address1   |  out|   13|   ap_memory|         K_0_6|         array|
|K_0_6_ce1        |  out|    1|   ap_memory|         K_0_6|         array|
|K_0_6_q1         |   in|    8|   ap_memory|         K_0_6|         array|
|K_0_7_address0   |  out|   13|   ap_memory|         K_0_7|         array|
|K_0_7_ce0        |  out|    1|   ap_memory|         K_0_7|         array|
|K_0_7_q0         |   in|    8|   ap_memory|         K_0_7|         array|
|K_0_7_address1   |  out|   13|   ap_memory|         K_0_7|         array|
|K_0_7_ce1        |  out|    1|   ap_memory|         K_0_7|         array|
|K_0_7_q1         |   in|    8|   ap_memory|         K_0_7|         array|
|K_0_8_address0   |  out|   13|   ap_memory|         K_0_8|         array|
|K_0_8_ce0        |  out|    1|   ap_memory|         K_0_8|         array|
|K_0_8_q0         |   in|    8|   ap_memory|         K_0_8|         array|
|K_0_8_address1   |  out|   13|   ap_memory|         K_0_8|         array|
|K_0_8_ce1        |  out|    1|   ap_memory|         K_0_8|         array|
|K_0_8_q1         |   in|    8|   ap_memory|         K_0_8|         array|
|K_0_9_address0   |  out|   13|   ap_memory|         K_0_9|         array|
|K_0_9_ce0        |  out|    1|   ap_memory|         K_0_9|         array|
|K_0_9_q0         |   in|    8|   ap_memory|         K_0_9|         array|
|K_0_9_address1   |  out|   13|   ap_memory|         K_0_9|         array|
|K_0_9_ce1        |  out|    1|   ap_memory|         K_0_9|         array|
|K_0_9_q1         |   in|    8|   ap_memory|         K_0_9|         array|
|K_0_10_address0  |  out|   13|   ap_memory|        K_0_10|         array|
|K_0_10_ce0       |  out|    1|   ap_memory|        K_0_10|         array|
|K_0_10_q0        |   in|    8|   ap_memory|        K_0_10|         array|
|K_0_10_address1  |  out|   13|   ap_memory|        K_0_10|         array|
|K_0_10_ce1       |  out|    1|   ap_memory|        K_0_10|         array|
|K_0_10_q1        |   in|    8|   ap_memory|        K_0_10|         array|
|K_0_11_address0  |  out|   13|   ap_memory|        K_0_11|         array|
|K_0_11_ce0       |  out|    1|   ap_memory|        K_0_11|         array|
|K_0_11_q0        |   in|    8|   ap_memory|        K_0_11|         array|
|K_0_11_address1  |  out|   13|   ap_memory|        K_0_11|         array|
|K_0_11_ce1       |  out|    1|   ap_memory|        K_0_11|         array|
|K_0_11_q1        |   in|    8|   ap_memory|        K_0_11|         array|
|K_0_12_address0  |  out|   13|   ap_memory|        K_0_12|         array|
|K_0_12_ce0       |  out|    1|   ap_memory|        K_0_12|         array|
|K_0_12_q0        |   in|    8|   ap_memory|        K_0_12|         array|
|K_0_12_address1  |  out|   13|   ap_memory|        K_0_12|         array|
|K_0_12_ce1       |  out|    1|   ap_memory|        K_0_12|         array|
|K_0_12_q1        |   in|    8|   ap_memory|        K_0_12|         array|
|K_0_13_address0  |  out|   13|   ap_memory|        K_0_13|         array|
|K_0_13_ce0       |  out|    1|   ap_memory|        K_0_13|         array|
|K_0_13_q0        |   in|    8|   ap_memory|        K_0_13|         array|
|K_0_13_address1  |  out|   13|   ap_memory|        K_0_13|         array|
|K_0_13_ce1       |  out|    1|   ap_memory|        K_0_13|         array|
|K_0_13_q1        |   in|    8|   ap_memory|        K_0_13|         array|
|K_0_14_address0  |  out|   13|   ap_memory|        K_0_14|         array|
|K_0_14_ce0       |  out|    1|   ap_memory|        K_0_14|         array|
|K_0_14_q0        |   in|    8|   ap_memory|        K_0_14|         array|
|K_0_14_address1  |  out|   13|   ap_memory|        K_0_14|         array|
|K_0_14_ce1       |  out|    1|   ap_memory|        K_0_14|         array|
|K_0_14_q1        |   in|    8|   ap_memory|        K_0_14|         array|
|K_0_15_address0  |  out|   13|   ap_memory|        K_0_15|         array|
|K_0_15_ce0       |  out|    1|   ap_memory|        K_0_15|         array|
|K_0_15_q0        |   in|    8|   ap_memory|        K_0_15|         array|
|K_0_15_address1  |  out|   13|   ap_memory|        K_0_15|         array|
|K_0_15_ce1       |  out|    1|   ap_memory|        K_0_15|         array|
|K_0_15_q1        |   in|    8|   ap_memory|        K_0_15|         array|
|K_0_16_address0  |  out|   13|   ap_memory|        K_0_16|         array|
|K_0_16_ce0       |  out|    1|   ap_memory|        K_0_16|         array|
|K_0_16_q0        |   in|    8|   ap_memory|        K_0_16|         array|
|K_0_16_address1  |  out|   13|   ap_memory|        K_0_16|         array|
|K_0_16_ce1       |  out|    1|   ap_memory|        K_0_16|         array|
|K_0_16_q1        |   in|    8|   ap_memory|        K_0_16|         array|
|K_0_17_address0  |  out|   13|   ap_memory|        K_0_17|         array|
|K_0_17_ce0       |  out|    1|   ap_memory|        K_0_17|         array|
|K_0_17_q0        |   in|    8|   ap_memory|        K_0_17|         array|
|K_0_17_address1  |  out|   13|   ap_memory|        K_0_17|         array|
|K_0_17_ce1       |  out|    1|   ap_memory|        K_0_17|         array|
|K_0_17_q1        |   in|    8|   ap_memory|        K_0_17|         array|
|K_0_18_address0  |  out|   13|   ap_memory|        K_0_18|         array|
|K_0_18_ce0       |  out|    1|   ap_memory|        K_0_18|         array|
|K_0_18_q0        |   in|    8|   ap_memory|        K_0_18|         array|
|K_0_18_address1  |  out|   13|   ap_memory|        K_0_18|         array|
|K_0_18_ce1       |  out|    1|   ap_memory|        K_0_18|         array|
|K_0_18_q1        |   in|    8|   ap_memory|        K_0_18|         array|
|K_0_19_address0  |  out|   13|   ap_memory|        K_0_19|         array|
|K_0_19_ce0       |  out|    1|   ap_memory|        K_0_19|         array|
|K_0_19_q0        |   in|    8|   ap_memory|        K_0_19|         array|
|K_0_19_address1  |  out|   13|   ap_memory|        K_0_19|         array|
|K_0_19_ce1       |  out|    1|   ap_memory|        K_0_19|         array|
|K_0_19_q1        |   in|    8|   ap_memory|        K_0_19|         array|
|K_0_20_address0  |  out|   13|   ap_memory|        K_0_20|         array|
|K_0_20_ce0       |  out|    1|   ap_memory|        K_0_20|         array|
|K_0_20_q0        |   in|    8|   ap_memory|        K_0_20|         array|
|K_0_20_address1  |  out|   13|   ap_memory|        K_0_20|         array|
|K_0_20_ce1       |  out|    1|   ap_memory|        K_0_20|         array|
|K_0_20_q1        |   in|    8|   ap_memory|        K_0_20|         array|
|K_0_21_address0  |  out|   13|   ap_memory|        K_0_21|         array|
|K_0_21_ce0       |  out|    1|   ap_memory|        K_0_21|         array|
|K_0_21_q0        |   in|    8|   ap_memory|        K_0_21|         array|
|K_0_21_address1  |  out|   13|   ap_memory|        K_0_21|         array|
|K_0_21_ce1       |  out|    1|   ap_memory|        K_0_21|         array|
|K_0_21_q1        |   in|    8|   ap_memory|        K_0_21|         array|
|K_0_22_address0  |  out|   13|   ap_memory|        K_0_22|         array|
|K_0_22_ce0       |  out|    1|   ap_memory|        K_0_22|         array|
|K_0_22_q0        |   in|    8|   ap_memory|        K_0_22|         array|
|K_0_22_address1  |  out|   13|   ap_memory|        K_0_22|         array|
|K_0_22_ce1       |  out|    1|   ap_memory|        K_0_22|         array|
|K_0_22_q1        |   in|    8|   ap_memory|        K_0_22|         array|
|K_0_23_address0  |  out|   13|   ap_memory|        K_0_23|         array|
|K_0_23_ce0       |  out|    1|   ap_memory|        K_0_23|         array|
|K_0_23_q0        |   in|    8|   ap_memory|        K_0_23|         array|
|K_0_23_address1  |  out|   13|   ap_memory|        K_0_23|         array|
|K_0_23_ce1       |  out|    1|   ap_memory|        K_0_23|         array|
|K_0_23_q1        |   in|    8|   ap_memory|        K_0_23|         array|
|K_0_24_address0  |  out|   13|   ap_memory|        K_0_24|         array|
|K_0_24_ce0       |  out|    1|   ap_memory|        K_0_24|         array|
|K_0_24_q0        |   in|    8|   ap_memory|        K_0_24|         array|
|K_0_24_address1  |  out|   13|   ap_memory|        K_0_24|         array|
|K_0_24_ce1       |  out|    1|   ap_memory|        K_0_24|         array|
|K_0_24_q1        |   in|    8|   ap_memory|        K_0_24|         array|
|K_0_25_address0  |  out|   13|   ap_memory|        K_0_25|         array|
|K_0_25_ce0       |  out|    1|   ap_memory|        K_0_25|         array|
|K_0_25_q0        |   in|    8|   ap_memory|        K_0_25|         array|
|K_0_25_address1  |  out|   13|   ap_memory|        K_0_25|         array|
|K_0_25_ce1       |  out|    1|   ap_memory|        K_0_25|         array|
|K_0_25_q1        |   in|    8|   ap_memory|        K_0_25|         array|
|K_0_26_address0  |  out|   13|   ap_memory|        K_0_26|         array|
|K_0_26_ce0       |  out|    1|   ap_memory|        K_0_26|         array|
|K_0_26_q0        |   in|    8|   ap_memory|        K_0_26|         array|
|K_0_26_address1  |  out|   13|   ap_memory|        K_0_26|         array|
|K_0_26_ce1       |  out|    1|   ap_memory|        K_0_26|         array|
|K_0_26_q1        |   in|    8|   ap_memory|        K_0_26|         array|
|K_0_27_address0  |  out|   13|   ap_memory|        K_0_27|         array|
|K_0_27_ce0       |  out|    1|   ap_memory|        K_0_27|         array|
|K_0_27_q0        |   in|    8|   ap_memory|        K_0_27|         array|
|K_0_27_address1  |  out|   13|   ap_memory|        K_0_27|         array|
|K_0_27_ce1       |  out|    1|   ap_memory|        K_0_27|         array|
|K_0_27_q1        |   in|    8|   ap_memory|        K_0_27|         array|
|K_0_28_address0  |  out|   13|   ap_memory|        K_0_28|         array|
|K_0_28_ce0       |  out|    1|   ap_memory|        K_0_28|         array|
|K_0_28_q0        |   in|    8|   ap_memory|        K_0_28|         array|
|K_0_28_address1  |  out|   13|   ap_memory|        K_0_28|         array|
|K_0_28_ce1       |  out|    1|   ap_memory|        K_0_28|         array|
|K_0_28_q1        |   in|    8|   ap_memory|        K_0_28|         array|
|K_0_29_address0  |  out|   13|   ap_memory|        K_0_29|         array|
|K_0_29_ce0       |  out|    1|   ap_memory|        K_0_29|         array|
|K_0_29_q0        |   in|    8|   ap_memory|        K_0_29|         array|
|K_0_29_address1  |  out|   13|   ap_memory|        K_0_29|         array|
|K_0_29_ce1       |  out|    1|   ap_memory|        K_0_29|         array|
|K_0_29_q1        |   in|    8|   ap_memory|        K_0_29|         array|
|K_0_30_address0  |  out|   13|   ap_memory|        K_0_30|         array|
|K_0_30_ce0       |  out|    1|   ap_memory|        K_0_30|         array|
|K_0_30_q0        |   in|    8|   ap_memory|        K_0_30|         array|
|K_0_30_address1  |  out|   13|   ap_memory|        K_0_30|         array|
|K_0_30_ce1       |  out|    1|   ap_memory|        K_0_30|         array|
|K_0_30_q1        |   in|    8|   ap_memory|        K_0_30|         array|
|K_0_31_address0  |  out|   13|   ap_memory|        K_0_31|         array|
|K_0_31_ce0       |  out|    1|   ap_memory|        K_0_31|         array|
|K_0_31_q0        |   in|    8|   ap_memory|        K_0_31|         array|
|K_0_31_address1  |  out|   13|   ap_memory|        K_0_31|         array|
|K_0_31_ce1       |  out|    1|   ap_memory|        K_0_31|         array|
|K_0_31_q1        |   in|    8|   ap_memory|        K_0_31|         array|
|K_1_0_address0   |  out|   13|   ap_memory|         K_1_0|         array|
|K_1_0_ce0        |  out|    1|   ap_memory|         K_1_0|         array|
|K_1_0_q0         |   in|    8|   ap_memory|         K_1_0|         array|
|K_1_0_address1   |  out|   13|   ap_memory|         K_1_0|         array|
|K_1_0_ce1        |  out|    1|   ap_memory|         K_1_0|         array|
|K_1_0_q1         |   in|    8|   ap_memory|         K_1_0|         array|
|K_1_1_address0   |  out|   13|   ap_memory|         K_1_1|         array|
|K_1_1_ce0        |  out|    1|   ap_memory|         K_1_1|         array|
|K_1_1_q0         |   in|    8|   ap_memory|         K_1_1|         array|
|K_1_1_address1   |  out|   13|   ap_memory|         K_1_1|         array|
|K_1_1_ce1        |  out|    1|   ap_memory|         K_1_1|         array|
|K_1_1_q1         |   in|    8|   ap_memory|         K_1_1|         array|
|K_1_2_address0   |  out|   13|   ap_memory|         K_1_2|         array|
|K_1_2_ce0        |  out|    1|   ap_memory|         K_1_2|         array|
|K_1_2_q0         |   in|    8|   ap_memory|         K_1_2|         array|
|K_1_2_address1   |  out|   13|   ap_memory|         K_1_2|         array|
|K_1_2_ce1        |  out|    1|   ap_memory|         K_1_2|         array|
|K_1_2_q1         |   in|    8|   ap_memory|         K_1_2|         array|
|K_1_3_address0   |  out|   13|   ap_memory|         K_1_3|         array|
|K_1_3_ce0        |  out|    1|   ap_memory|         K_1_3|         array|
|K_1_3_q0         |   in|    8|   ap_memory|         K_1_3|         array|
|K_1_3_address1   |  out|   13|   ap_memory|         K_1_3|         array|
|K_1_3_ce1        |  out|    1|   ap_memory|         K_1_3|         array|
|K_1_3_q1         |   in|    8|   ap_memory|         K_1_3|         array|
|K_1_4_address0   |  out|   13|   ap_memory|         K_1_4|         array|
|K_1_4_ce0        |  out|    1|   ap_memory|         K_1_4|         array|
|K_1_4_q0         |   in|    8|   ap_memory|         K_1_4|         array|
|K_1_4_address1   |  out|   13|   ap_memory|         K_1_4|         array|
|K_1_4_ce1        |  out|    1|   ap_memory|         K_1_4|         array|
|K_1_4_q1         |   in|    8|   ap_memory|         K_1_4|         array|
|K_1_5_address0   |  out|   13|   ap_memory|         K_1_5|         array|
|K_1_5_ce0        |  out|    1|   ap_memory|         K_1_5|         array|
|K_1_5_q0         |   in|    8|   ap_memory|         K_1_5|         array|
|K_1_5_address1   |  out|   13|   ap_memory|         K_1_5|         array|
|K_1_5_ce1        |  out|    1|   ap_memory|         K_1_5|         array|
|K_1_5_q1         |   in|    8|   ap_memory|         K_1_5|         array|
|K_1_6_address0   |  out|   13|   ap_memory|         K_1_6|         array|
|K_1_6_ce0        |  out|    1|   ap_memory|         K_1_6|         array|
|K_1_6_q0         |   in|    8|   ap_memory|         K_1_6|         array|
|K_1_6_address1   |  out|   13|   ap_memory|         K_1_6|         array|
|K_1_6_ce1        |  out|    1|   ap_memory|         K_1_6|         array|
|K_1_6_q1         |   in|    8|   ap_memory|         K_1_6|         array|
|K_1_7_address0   |  out|   13|   ap_memory|         K_1_7|         array|
|K_1_7_ce0        |  out|    1|   ap_memory|         K_1_7|         array|
|K_1_7_q0         |   in|    8|   ap_memory|         K_1_7|         array|
|K_1_7_address1   |  out|   13|   ap_memory|         K_1_7|         array|
|K_1_7_ce1        |  out|    1|   ap_memory|         K_1_7|         array|
|K_1_7_q1         |   in|    8|   ap_memory|         K_1_7|         array|
|K_1_8_address0   |  out|   13|   ap_memory|         K_1_8|         array|
|K_1_8_ce0        |  out|    1|   ap_memory|         K_1_8|         array|
|K_1_8_q0         |   in|    8|   ap_memory|         K_1_8|         array|
|K_1_8_address1   |  out|   13|   ap_memory|         K_1_8|         array|
|K_1_8_ce1        |  out|    1|   ap_memory|         K_1_8|         array|
|K_1_8_q1         |   in|    8|   ap_memory|         K_1_8|         array|
|K_1_9_address0   |  out|   13|   ap_memory|         K_1_9|         array|
|K_1_9_ce0        |  out|    1|   ap_memory|         K_1_9|         array|
|K_1_9_q0         |   in|    8|   ap_memory|         K_1_9|         array|
|K_1_9_address1   |  out|   13|   ap_memory|         K_1_9|         array|
|K_1_9_ce1        |  out|    1|   ap_memory|         K_1_9|         array|
|K_1_9_q1         |   in|    8|   ap_memory|         K_1_9|         array|
|K_1_10_address0  |  out|   13|   ap_memory|        K_1_10|         array|
|K_1_10_ce0       |  out|    1|   ap_memory|        K_1_10|         array|
|K_1_10_q0        |   in|    8|   ap_memory|        K_1_10|         array|
|K_1_10_address1  |  out|   13|   ap_memory|        K_1_10|         array|
|K_1_10_ce1       |  out|    1|   ap_memory|        K_1_10|         array|
|K_1_10_q1        |   in|    8|   ap_memory|        K_1_10|         array|
|K_1_11_address0  |  out|   13|   ap_memory|        K_1_11|         array|
|K_1_11_ce0       |  out|    1|   ap_memory|        K_1_11|         array|
|K_1_11_q0        |   in|    8|   ap_memory|        K_1_11|         array|
|K_1_11_address1  |  out|   13|   ap_memory|        K_1_11|         array|
|K_1_11_ce1       |  out|    1|   ap_memory|        K_1_11|         array|
|K_1_11_q1        |   in|    8|   ap_memory|        K_1_11|         array|
|K_1_12_address0  |  out|   13|   ap_memory|        K_1_12|         array|
|K_1_12_ce0       |  out|    1|   ap_memory|        K_1_12|         array|
|K_1_12_q0        |   in|    8|   ap_memory|        K_1_12|         array|
|K_1_12_address1  |  out|   13|   ap_memory|        K_1_12|         array|
|K_1_12_ce1       |  out|    1|   ap_memory|        K_1_12|         array|
|K_1_12_q1        |   in|    8|   ap_memory|        K_1_12|         array|
|K_1_13_address0  |  out|   13|   ap_memory|        K_1_13|         array|
|K_1_13_ce0       |  out|    1|   ap_memory|        K_1_13|         array|
|K_1_13_q0        |   in|    8|   ap_memory|        K_1_13|         array|
|K_1_13_address1  |  out|   13|   ap_memory|        K_1_13|         array|
|K_1_13_ce1       |  out|    1|   ap_memory|        K_1_13|         array|
|K_1_13_q1        |   in|    8|   ap_memory|        K_1_13|         array|
|K_1_14_address0  |  out|   13|   ap_memory|        K_1_14|         array|
|K_1_14_ce0       |  out|    1|   ap_memory|        K_1_14|         array|
|K_1_14_q0        |   in|    8|   ap_memory|        K_1_14|         array|
|K_1_14_address1  |  out|   13|   ap_memory|        K_1_14|         array|
|K_1_14_ce1       |  out|    1|   ap_memory|        K_1_14|         array|
|K_1_14_q1        |   in|    8|   ap_memory|        K_1_14|         array|
|K_1_15_address0  |  out|   13|   ap_memory|        K_1_15|         array|
|K_1_15_ce0       |  out|    1|   ap_memory|        K_1_15|         array|
|K_1_15_q0        |   in|    8|   ap_memory|        K_1_15|         array|
|K_1_15_address1  |  out|   13|   ap_memory|        K_1_15|         array|
|K_1_15_ce1       |  out|    1|   ap_memory|        K_1_15|         array|
|K_1_15_q1        |   in|    8|   ap_memory|        K_1_15|         array|
|K_1_16_address0  |  out|   13|   ap_memory|        K_1_16|         array|
|K_1_16_ce0       |  out|    1|   ap_memory|        K_1_16|         array|
|K_1_16_q0        |   in|    8|   ap_memory|        K_1_16|         array|
|K_1_16_address1  |  out|   13|   ap_memory|        K_1_16|         array|
|K_1_16_ce1       |  out|    1|   ap_memory|        K_1_16|         array|
|K_1_16_q1        |   in|    8|   ap_memory|        K_1_16|         array|
|K_1_17_address0  |  out|   13|   ap_memory|        K_1_17|         array|
|K_1_17_ce0       |  out|    1|   ap_memory|        K_1_17|         array|
|K_1_17_q0        |   in|    8|   ap_memory|        K_1_17|         array|
|K_1_17_address1  |  out|   13|   ap_memory|        K_1_17|         array|
|K_1_17_ce1       |  out|    1|   ap_memory|        K_1_17|         array|
|K_1_17_q1        |   in|    8|   ap_memory|        K_1_17|         array|
|K_1_18_address0  |  out|   13|   ap_memory|        K_1_18|         array|
|K_1_18_ce0       |  out|    1|   ap_memory|        K_1_18|         array|
|K_1_18_q0        |   in|    8|   ap_memory|        K_1_18|         array|
|K_1_18_address1  |  out|   13|   ap_memory|        K_1_18|         array|
|K_1_18_ce1       |  out|    1|   ap_memory|        K_1_18|         array|
|K_1_18_q1        |   in|    8|   ap_memory|        K_1_18|         array|
|K_1_19_address0  |  out|   13|   ap_memory|        K_1_19|         array|
|K_1_19_ce0       |  out|    1|   ap_memory|        K_1_19|         array|
|K_1_19_q0        |   in|    8|   ap_memory|        K_1_19|         array|
|K_1_19_address1  |  out|   13|   ap_memory|        K_1_19|         array|
|K_1_19_ce1       |  out|    1|   ap_memory|        K_1_19|         array|
|K_1_19_q1        |   in|    8|   ap_memory|        K_1_19|         array|
|K_1_20_address0  |  out|   13|   ap_memory|        K_1_20|         array|
|K_1_20_ce0       |  out|    1|   ap_memory|        K_1_20|         array|
|K_1_20_q0        |   in|    8|   ap_memory|        K_1_20|         array|
|K_1_20_address1  |  out|   13|   ap_memory|        K_1_20|         array|
|K_1_20_ce1       |  out|    1|   ap_memory|        K_1_20|         array|
|K_1_20_q1        |   in|    8|   ap_memory|        K_1_20|         array|
|K_1_21_address0  |  out|   13|   ap_memory|        K_1_21|         array|
|K_1_21_ce0       |  out|    1|   ap_memory|        K_1_21|         array|
|K_1_21_q0        |   in|    8|   ap_memory|        K_1_21|         array|
|K_1_21_address1  |  out|   13|   ap_memory|        K_1_21|         array|
|K_1_21_ce1       |  out|    1|   ap_memory|        K_1_21|         array|
|K_1_21_q1        |   in|    8|   ap_memory|        K_1_21|         array|
|K_1_22_address0  |  out|   13|   ap_memory|        K_1_22|         array|
|K_1_22_ce0       |  out|    1|   ap_memory|        K_1_22|         array|
|K_1_22_q0        |   in|    8|   ap_memory|        K_1_22|         array|
|K_1_22_address1  |  out|   13|   ap_memory|        K_1_22|         array|
|K_1_22_ce1       |  out|    1|   ap_memory|        K_1_22|         array|
|K_1_22_q1        |   in|    8|   ap_memory|        K_1_22|         array|
|K_1_23_address0  |  out|   13|   ap_memory|        K_1_23|         array|
|K_1_23_ce0       |  out|    1|   ap_memory|        K_1_23|         array|
|K_1_23_q0        |   in|    8|   ap_memory|        K_1_23|         array|
|K_1_23_address1  |  out|   13|   ap_memory|        K_1_23|         array|
|K_1_23_ce1       |  out|    1|   ap_memory|        K_1_23|         array|
|K_1_23_q1        |   in|    8|   ap_memory|        K_1_23|         array|
|K_1_24_address0  |  out|   13|   ap_memory|        K_1_24|         array|
|K_1_24_ce0       |  out|    1|   ap_memory|        K_1_24|         array|
|K_1_24_q0        |   in|    8|   ap_memory|        K_1_24|         array|
|K_1_24_address1  |  out|   13|   ap_memory|        K_1_24|         array|
|K_1_24_ce1       |  out|    1|   ap_memory|        K_1_24|         array|
|K_1_24_q1        |   in|    8|   ap_memory|        K_1_24|         array|
|K_1_25_address0  |  out|   13|   ap_memory|        K_1_25|         array|
|K_1_25_ce0       |  out|    1|   ap_memory|        K_1_25|         array|
|K_1_25_q0        |   in|    8|   ap_memory|        K_1_25|         array|
|K_1_25_address1  |  out|   13|   ap_memory|        K_1_25|         array|
|K_1_25_ce1       |  out|    1|   ap_memory|        K_1_25|         array|
|K_1_25_q1        |   in|    8|   ap_memory|        K_1_25|         array|
|K_1_26_address0  |  out|   13|   ap_memory|        K_1_26|         array|
|K_1_26_ce0       |  out|    1|   ap_memory|        K_1_26|         array|
|K_1_26_q0        |   in|    8|   ap_memory|        K_1_26|         array|
|K_1_26_address1  |  out|   13|   ap_memory|        K_1_26|         array|
|K_1_26_ce1       |  out|    1|   ap_memory|        K_1_26|         array|
|K_1_26_q1        |   in|    8|   ap_memory|        K_1_26|         array|
|K_1_27_address0  |  out|   13|   ap_memory|        K_1_27|         array|
|K_1_27_ce0       |  out|    1|   ap_memory|        K_1_27|         array|
|K_1_27_q0        |   in|    8|   ap_memory|        K_1_27|         array|
|K_1_27_address1  |  out|   13|   ap_memory|        K_1_27|         array|
|K_1_27_ce1       |  out|    1|   ap_memory|        K_1_27|         array|
|K_1_27_q1        |   in|    8|   ap_memory|        K_1_27|         array|
|K_1_28_address0  |  out|   13|   ap_memory|        K_1_28|         array|
|K_1_28_ce0       |  out|    1|   ap_memory|        K_1_28|         array|
|K_1_28_q0        |   in|    8|   ap_memory|        K_1_28|         array|
|K_1_28_address1  |  out|   13|   ap_memory|        K_1_28|         array|
|K_1_28_ce1       |  out|    1|   ap_memory|        K_1_28|         array|
|K_1_28_q1        |   in|    8|   ap_memory|        K_1_28|         array|
|K_1_29_address0  |  out|   13|   ap_memory|        K_1_29|         array|
|K_1_29_ce0       |  out|    1|   ap_memory|        K_1_29|         array|
|K_1_29_q0        |   in|    8|   ap_memory|        K_1_29|         array|
|K_1_29_address1  |  out|   13|   ap_memory|        K_1_29|         array|
|K_1_29_ce1       |  out|    1|   ap_memory|        K_1_29|         array|
|K_1_29_q1        |   in|    8|   ap_memory|        K_1_29|         array|
|K_1_30_address0  |  out|   13|   ap_memory|        K_1_30|         array|
|K_1_30_ce0       |  out|    1|   ap_memory|        K_1_30|         array|
|K_1_30_q0        |   in|    8|   ap_memory|        K_1_30|         array|
|K_1_30_address1  |  out|   13|   ap_memory|        K_1_30|         array|
|K_1_30_ce1       |  out|    1|   ap_memory|        K_1_30|         array|
|K_1_30_q1        |   in|    8|   ap_memory|        K_1_30|         array|
|K_1_31_address0  |  out|   13|   ap_memory|        K_1_31|         array|
|K_1_31_ce0       |  out|    1|   ap_memory|        K_1_31|         array|
|K_1_31_q0        |   in|    8|   ap_memory|        K_1_31|         array|
|K_1_31_address1  |  out|   13|   ap_memory|        K_1_31|         array|
|K_1_31_ce1       |  out|    1|   ap_memory|        K_1_31|         array|
|K_1_31_q1        |   in|    8|   ap_memory|        K_1_31|         array|
|K_2_0_address0   |  out|   13|   ap_memory|         K_2_0|         array|
|K_2_0_ce0        |  out|    1|   ap_memory|         K_2_0|         array|
|K_2_0_q0         |   in|    8|   ap_memory|         K_2_0|         array|
|K_2_0_address1   |  out|   13|   ap_memory|         K_2_0|         array|
|K_2_0_ce1        |  out|    1|   ap_memory|         K_2_0|         array|
|K_2_0_q1         |   in|    8|   ap_memory|         K_2_0|         array|
|K_2_1_address0   |  out|   13|   ap_memory|         K_2_1|         array|
|K_2_1_ce0        |  out|    1|   ap_memory|         K_2_1|         array|
|K_2_1_q0         |   in|    8|   ap_memory|         K_2_1|         array|
|K_2_1_address1   |  out|   13|   ap_memory|         K_2_1|         array|
|K_2_1_ce1        |  out|    1|   ap_memory|         K_2_1|         array|
|K_2_1_q1         |   in|    8|   ap_memory|         K_2_1|         array|
|K_2_2_address0   |  out|   13|   ap_memory|         K_2_2|         array|
|K_2_2_ce0        |  out|    1|   ap_memory|         K_2_2|         array|
|K_2_2_q0         |   in|    8|   ap_memory|         K_2_2|         array|
|K_2_2_address1   |  out|   13|   ap_memory|         K_2_2|         array|
|K_2_2_ce1        |  out|    1|   ap_memory|         K_2_2|         array|
|K_2_2_q1         |   in|    8|   ap_memory|         K_2_2|         array|
|K_2_3_address0   |  out|   13|   ap_memory|         K_2_3|         array|
|K_2_3_ce0        |  out|    1|   ap_memory|         K_2_3|         array|
|K_2_3_q0         |   in|    8|   ap_memory|         K_2_3|         array|
|K_2_3_address1   |  out|   13|   ap_memory|         K_2_3|         array|
|K_2_3_ce1        |  out|    1|   ap_memory|         K_2_3|         array|
|K_2_3_q1         |   in|    8|   ap_memory|         K_2_3|         array|
|K_2_4_address0   |  out|   13|   ap_memory|         K_2_4|         array|
|K_2_4_ce0        |  out|    1|   ap_memory|         K_2_4|         array|
|K_2_4_q0         |   in|    8|   ap_memory|         K_2_4|         array|
|K_2_4_address1   |  out|   13|   ap_memory|         K_2_4|         array|
|K_2_4_ce1        |  out|    1|   ap_memory|         K_2_4|         array|
|K_2_4_q1         |   in|    8|   ap_memory|         K_2_4|         array|
|K_2_5_address0   |  out|   13|   ap_memory|         K_2_5|         array|
|K_2_5_ce0        |  out|    1|   ap_memory|         K_2_5|         array|
|K_2_5_q0         |   in|    8|   ap_memory|         K_2_5|         array|
|K_2_5_address1   |  out|   13|   ap_memory|         K_2_5|         array|
|K_2_5_ce1        |  out|    1|   ap_memory|         K_2_5|         array|
|K_2_5_q1         |   in|    8|   ap_memory|         K_2_5|         array|
|K_2_6_address0   |  out|   13|   ap_memory|         K_2_6|         array|
|K_2_6_ce0        |  out|    1|   ap_memory|         K_2_6|         array|
|K_2_6_q0         |   in|    8|   ap_memory|         K_2_6|         array|
|K_2_6_address1   |  out|   13|   ap_memory|         K_2_6|         array|
|K_2_6_ce1        |  out|    1|   ap_memory|         K_2_6|         array|
|K_2_6_q1         |   in|    8|   ap_memory|         K_2_6|         array|
|K_2_7_address0   |  out|   13|   ap_memory|         K_2_7|         array|
|K_2_7_ce0        |  out|    1|   ap_memory|         K_2_7|         array|
|K_2_7_q0         |   in|    8|   ap_memory|         K_2_7|         array|
|K_2_7_address1   |  out|   13|   ap_memory|         K_2_7|         array|
|K_2_7_ce1        |  out|    1|   ap_memory|         K_2_7|         array|
|K_2_7_q1         |   in|    8|   ap_memory|         K_2_7|         array|
|K_2_8_address0   |  out|   13|   ap_memory|         K_2_8|         array|
|K_2_8_ce0        |  out|    1|   ap_memory|         K_2_8|         array|
|K_2_8_q0         |   in|    8|   ap_memory|         K_2_8|         array|
|K_2_8_address1   |  out|   13|   ap_memory|         K_2_8|         array|
|K_2_8_ce1        |  out|    1|   ap_memory|         K_2_8|         array|
|K_2_8_q1         |   in|    8|   ap_memory|         K_2_8|         array|
|K_2_9_address0   |  out|   13|   ap_memory|         K_2_9|         array|
|K_2_9_ce0        |  out|    1|   ap_memory|         K_2_9|         array|
|K_2_9_q0         |   in|    8|   ap_memory|         K_2_9|         array|
|K_2_9_address1   |  out|   13|   ap_memory|         K_2_9|         array|
|K_2_9_ce1        |  out|    1|   ap_memory|         K_2_9|         array|
|K_2_9_q1         |   in|    8|   ap_memory|         K_2_9|         array|
|K_2_10_address0  |  out|   13|   ap_memory|        K_2_10|         array|
|K_2_10_ce0       |  out|    1|   ap_memory|        K_2_10|         array|
|K_2_10_q0        |   in|    8|   ap_memory|        K_2_10|         array|
|K_2_10_address1  |  out|   13|   ap_memory|        K_2_10|         array|
|K_2_10_ce1       |  out|    1|   ap_memory|        K_2_10|         array|
|K_2_10_q1        |   in|    8|   ap_memory|        K_2_10|         array|
|K_2_11_address0  |  out|   13|   ap_memory|        K_2_11|         array|
|K_2_11_ce0       |  out|    1|   ap_memory|        K_2_11|         array|
|K_2_11_q0        |   in|    8|   ap_memory|        K_2_11|         array|
|K_2_11_address1  |  out|   13|   ap_memory|        K_2_11|         array|
|K_2_11_ce1       |  out|    1|   ap_memory|        K_2_11|         array|
|K_2_11_q1        |   in|    8|   ap_memory|        K_2_11|         array|
|K_2_12_address0  |  out|   13|   ap_memory|        K_2_12|         array|
|K_2_12_ce0       |  out|    1|   ap_memory|        K_2_12|         array|
|K_2_12_q0        |   in|    8|   ap_memory|        K_2_12|         array|
|K_2_12_address1  |  out|   13|   ap_memory|        K_2_12|         array|
|K_2_12_ce1       |  out|    1|   ap_memory|        K_2_12|         array|
|K_2_12_q1        |   in|    8|   ap_memory|        K_2_12|         array|
|K_2_13_address0  |  out|   13|   ap_memory|        K_2_13|         array|
|K_2_13_ce0       |  out|    1|   ap_memory|        K_2_13|         array|
|K_2_13_q0        |   in|    8|   ap_memory|        K_2_13|         array|
|K_2_13_address1  |  out|   13|   ap_memory|        K_2_13|         array|
|K_2_13_ce1       |  out|    1|   ap_memory|        K_2_13|         array|
|K_2_13_q1        |   in|    8|   ap_memory|        K_2_13|         array|
|K_2_14_address0  |  out|   13|   ap_memory|        K_2_14|         array|
|K_2_14_ce0       |  out|    1|   ap_memory|        K_2_14|         array|
|K_2_14_q0        |   in|    8|   ap_memory|        K_2_14|         array|
|K_2_14_address1  |  out|   13|   ap_memory|        K_2_14|         array|
|K_2_14_ce1       |  out|    1|   ap_memory|        K_2_14|         array|
|K_2_14_q1        |   in|    8|   ap_memory|        K_2_14|         array|
|K_2_15_address0  |  out|   13|   ap_memory|        K_2_15|         array|
|K_2_15_ce0       |  out|    1|   ap_memory|        K_2_15|         array|
|K_2_15_q0        |   in|    8|   ap_memory|        K_2_15|         array|
|K_2_15_address1  |  out|   13|   ap_memory|        K_2_15|         array|
|K_2_15_ce1       |  out|    1|   ap_memory|        K_2_15|         array|
|K_2_15_q1        |   in|    8|   ap_memory|        K_2_15|         array|
|K_2_16_address0  |  out|   13|   ap_memory|        K_2_16|         array|
|K_2_16_ce0       |  out|    1|   ap_memory|        K_2_16|         array|
|K_2_16_q0        |   in|    8|   ap_memory|        K_2_16|         array|
|K_2_16_address1  |  out|   13|   ap_memory|        K_2_16|         array|
|K_2_16_ce1       |  out|    1|   ap_memory|        K_2_16|         array|
|K_2_16_q1        |   in|    8|   ap_memory|        K_2_16|         array|
|K_2_17_address0  |  out|   13|   ap_memory|        K_2_17|         array|
|K_2_17_ce0       |  out|    1|   ap_memory|        K_2_17|         array|
|K_2_17_q0        |   in|    8|   ap_memory|        K_2_17|         array|
|K_2_17_address1  |  out|   13|   ap_memory|        K_2_17|         array|
|K_2_17_ce1       |  out|    1|   ap_memory|        K_2_17|         array|
|K_2_17_q1        |   in|    8|   ap_memory|        K_2_17|         array|
|K_2_18_address0  |  out|   13|   ap_memory|        K_2_18|         array|
|K_2_18_ce0       |  out|    1|   ap_memory|        K_2_18|         array|
|K_2_18_q0        |   in|    8|   ap_memory|        K_2_18|         array|
|K_2_18_address1  |  out|   13|   ap_memory|        K_2_18|         array|
|K_2_18_ce1       |  out|    1|   ap_memory|        K_2_18|         array|
|K_2_18_q1        |   in|    8|   ap_memory|        K_2_18|         array|
|K_2_19_address0  |  out|   13|   ap_memory|        K_2_19|         array|
|K_2_19_ce0       |  out|    1|   ap_memory|        K_2_19|         array|
|K_2_19_q0        |   in|    8|   ap_memory|        K_2_19|         array|
|K_2_19_address1  |  out|   13|   ap_memory|        K_2_19|         array|
|K_2_19_ce1       |  out|    1|   ap_memory|        K_2_19|         array|
|K_2_19_q1        |   in|    8|   ap_memory|        K_2_19|         array|
|K_2_20_address0  |  out|   13|   ap_memory|        K_2_20|         array|
|K_2_20_ce0       |  out|    1|   ap_memory|        K_2_20|         array|
|K_2_20_q0        |   in|    8|   ap_memory|        K_2_20|         array|
|K_2_20_address1  |  out|   13|   ap_memory|        K_2_20|         array|
|K_2_20_ce1       |  out|    1|   ap_memory|        K_2_20|         array|
|K_2_20_q1        |   in|    8|   ap_memory|        K_2_20|         array|
|K_2_21_address0  |  out|   13|   ap_memory|        K_2_21|         array|
|K_2_21_ce0       |  out|    1|   ap_memory|        K_2_21|         array|
|K_2_21_q0        |   in|    8|   ap_memory|        K_2_21|         array|
|K_2_21_address1  |  out|   13|   ap_memory|        K_2_21|         array|
|K_2_21_ce1       |  out|    1|   ap_memory|        K_2_21|         array|
|K_2_21_q1        |   in|    8|   ap_memory|        K_2_21|         array|
|K_2_22_address0  |  out|   13|   ap_memory|        K_2_22|         array|
|K_2_22_ce0       |  out|    1|   ap_memory|        K_2_22|         array|
|K_2_22_q0        |   in|    8|   ap_memory|        K_2_22|         array|
|K_2_22_address1  |  out|   13|   ap_memory|        K_2_22|         array|
|K_2_22_ce1       |  out|    1|   ap_memory|        K_2_22|         array|
|K_2_22_q1        |   in|    8|   ap_memory|        K_2_22|         array|
|K_2_23_address0  |  out|   13|   ap_memory|        K_2_23|         array|
|K_2_23_ce0       |  out|    1|   ap_memory|        K_2_23|         array|
|K_2_23_q0        |   in|    8|   ap_memory|        K_2_23|         array|
|K_2_23_address1  |  out|   13|   ap_memory|        K_2_23|         array|
|K_2_23_ce1       |  out|    1|   ap_memory|        K_2_23|         array|
|K_2_23_q1        |   in|    8|   ap_memory|        K_2_23|         array|
|K_2_24_address0  |  out|   13|   ap_memory|        K_2_24|         array|
|K_2_24_ce0       |  out|    1|   ap_memory|        K_2_24|         array|
|K_2_24_q0        |   in|    8|   ap_memory|        K_2_24|         array|
|K_2_24_address1  |  out|   13|   ap_memory|        K_2_24|         array|
|K_2_24_ce1       |  out|    1|   ap_memory|        K_2_24|         array|
|K_2_24_q1        |   in|    8|   ap_memory|        K_2_24|         array|
|K_2_25_address0  |  out|   13|   ap_memory|        K_2_25|         array|
|K_2_25_ce0       |  out|    1|   ap_memory|        K_2_25|         array|
|K_2_25_q0        |   in|    8|   ap_memory|        K_2_25|         array|
|K_2_25_address1  |  out|   13|   ap_memory|        K_2_25|         array|
|K_2_25_ce1       |  out|    1|   ap_memory|        K_2_25|         array|
|K_2_25_q1        |   in|    8|   ap_memory|        K_2_25|         array|
|K_2_26_address0  |  out|   13|   ap_memory|        K_2_26|         array|
|K_2_26_ce0       |  out|    1|   ap_memory|        K_2_26|         array|
|K_2_26_q0        |   in|    8|   ap_memory|        K_2_26|         array|
|K_2_26_address1  |  out|   13|   ap_memory|        K_2_26|         array|
|K_2_26_ce1       |  out|    1|   ap_memory|        K_2_26|         array|
|K_2_26_q1        |   in|    8|   ap_memory|        K_2_26|         array|
|K_2_27_address0  |  out|   13|   ap_memory|        K_2_27|         array|
|K_2_27_ce0       |  out|    1|   ap_memory|        K_2_27|         array|
|K_2_27_q0        |   in|    8|   ap_memory|        K_2_27|         array|
|K_2_27_address1  |  out|   13|   ap_memory|        K_2_27|         array|
|K_2_27_ce1       |  out|    1|   ap_memory|        K_2_27|         array|
|K_2_27_q1        |   in|    8|   ap_memory|        K_2_27|         array|
|K_2_28_address0  |  out|   13|   ap_memory|        K_2_28|         array|
|K_2_28_ce0       |  out|    1|   ap_memory|        K_2_28|         array|
|K_2_28_q0        |   in|    8|   ap_memory|        K_2_28|         array|
|K_2_28_address1  |  out|   13|   ap_memory|        K_2_28|         array|
|K_2_28_ce1       |  out|    1|   ap_memory|        K_2_28|         array|
|K_2_28_q1        |   in|    8|   ap_memory|        K_2_28|         array|
|K_2_29_address0  |  out|   13|   ap_memory|        K_2_29|         array|
|K_2_29_ce0       |  out|    1|   ap_memory|        K_2_29|         array|
|K_2_29_q0        |   in|    8|   ap_memory|        K_2_29|         array|
|K_2_29_address1  |  out|   13|   ap_memory|        K_2_29|         array|
|K_2_29_ce1       |  out|    1|   ap_memory|        K_2_29|         array|
|K_2_29_q1        |   in|    8|   ap_memory|        K_2_29|         array|
|K_2_30_address0  |  out|   13|   ap_memory|        K_2_30|         array|
|K_2_30_ce0       |  out|    1|   ap_memory|        K_2_30|         array|
|K_2_30_q0        |   in|    8|   ap_memory|        K_2_30|         array|
|K_2_30_address1  |  out|   13|   ap_memory|        K_2_30|         array|
|K_2_30_ce1       |  out|    1|   ap_memory|        K_2_30|         array|
|K_2_30_q1        |   in|    8|   ap_memory|        K_2_30|         array|
|K_2_31_address0  |  out|   13|   ap_memory|        K_2_31|         array|
|K_2_31_ce0       |  out|    1|   ap_memory|        K_2_31|         array|
|K_2_31_q0        |   in|    8|   ap_memory|        K_2_31|         array|
|K_2_31_address1  |  out|   13|   ap_memory|        K_2_31|         array|
|K_2_31_ce1       |  out|    1|   ap_memory|        K_2_31|         array|
|K_2_31_q1        |   in|    8|   ap_memory|        K_2_31|         array|
|K_3_0_address0   |  out|   13|   ap_memory|         K_3_0|         array|
|K_3_0_ce0        |  out|    1|   ap_memory|         K_3_0|         array|
|K_3_0_q0         |   in|    8|   ap_memory|         K_3_0|         array|
|K_3_0_address1   |  out|   13|   ap_memory|         K_3_0|         array|
|K_3_0_ce1        |  out|    1|   ap_memory|         K_3_0|         array|
|K_3_0_q1         |   in|    8|   ap_memory|         K_3_0|         array|
|K_3_1_address0   |  out|   13|   ap_memory|         K_3_1|         array|
|K_3_1_ce0        |  out|    1|   ap_memory|         K_3_1|         array|
|K_3_1_q0         |   in|    8|   ap_memory|         K_3_1|         array|
|K_3_1_address1   |  out|   13|   ap_memory|         K_3_1|         array|
|K_3_1_ce1        |  out|    1|   ap_memory|         K_3_1|         array|
|K_3_1_q1         |   in|    8|   ap_memory|         K_3_1|         array|
|K_3_2_address0   |  out|   13|   ap_memory|         K_3_2|         array|
|K_3_2_ce0        |  out|    1|   ap_memory|         K_3_2|         array|
|K_3_2_q0         |   in|    8|   ap_memory|         K_3_2|         array|
|K_3_2_address1   |  out|   13|   ap_memory|         K_3_2|         array|
|K_3_2_ce1        |  out|    1|   ap_memory|         K_3_2|         array|
|K_3_2_q1         |   in|    8|   ap_memory|         K_3_2|         array|
|K_3_3_address0   |  out|   13|   ap_memory|         K_3_3|         array|
|K_3_3_ce0        |  out|    1|   ap_memory|         K_3_3|         array|
|K_3_3_q0         |   in|    8|   ap_memory|         K_3_3|         array|
|K_3_3_address1   |  out|   13|   ap_memory|         K_3_3|         array|
|K_3_3_ce1        |  out|    1|   ap_memory|         K_3_3|         array|
|K_3_3_q1         |   in|    8|   ap_memory|         K_3_3|         array|
|K_3_4_address0   |  out|   13|   ap_memory|         K_3_4|         array|
|K_3_4_ce0        |  out|    1|   ap_memory|         K_3_4|         array|
|K_3_4_q0         |   in|    8|   ap_memory|         K_3_4|         array|
|K_3_4_address1   |  out|   13|   ap_memory|         K_3_4|         array|
|K_3_4_ce1        |  out|    1|   ap_memory|         K_3_4|         array|
|K_3_4_q1         |   in|    8|   ap_memory|         K_3_4|         array|
|K_3_5_address0   |  out|   13|   ap_memory|         K_3_5|         array|
|K_3_5_ce0        |  out|    1|   ap_memory|         K_3_5|         array|
|K_3_5_q0         |   in|    8|   ap_memory|         K_3_5|         array|
|K_3_5_address1   |  out|   13|   ap_memory|         K_3_5|         array|
|K_3_5_ce1        |  out|    1|   ap_memory|         K_3_5|         array|
|K_3_5_q1         |   in|    8|   ap_memory|         K_3_5|         array|
|K_3_6_address0   |  out|   13|   ap_memory|         K_3_6|         array|
|K_3_6_ce0        |  out|    1|   ap_memory|         K_3_6|         array|
|K_3_6_q0         |   in|    8|   ap_memory|         K_3_6|         array|
|K_3_6_address1   |  out|   13|   ap_memory|         K_3_6|         array|
|K_3_6_ce1        |  out|    1|   ap_memory|         K_3_6|         array|
|K_3_6_q1         |   in|    8|   ap_memory|         K_3_6|         array|
|K_3_7_address0   |  out|   13|   ap_memory|         K_3_7|         array|
|K_3_7_ce0        |  out|    1|   ap_memory|         K_3_7|         array|
|K_3_7_q0         |   in|    8|   ap_memory|         K_3_7|         array|
|K_3_7_address1   |  out|   13|   ap_memory|         K_3_7|         array|
|K_3_7_ce1        |  out|    1|   ap_memory|         K_3_7|         array|
|K_3_7_q1         |   in|    8|   ap_memory|         K_3_7|         array|
|K_3_8_address0   |  out|   13|   ap_memory|         K_3_8|         array|
|K_3_8_ce0        |  out|    1|   ap_memory|         K_3_8|         array|
|K_3_8_q0         |   in|    8|   ap_memory|         K_3_8|         array|
|K_3_8_address1   |  out|   13|   ap_memory|         K_3_8|         array|
|K_3_8_ce1        |  out|    1|   ap_memory|         K_3_8|         array|
|K_3_8_q1         |   in|    8|   ap_memory|         K_3_8|         array|
|K_3_9_address0   |  out|   13|   ap_memory|         K_3_9|         array|
|K_3_9_ce0        |  out|    1|   ap_memory|         K_3_9|         array|
|K_3_9_q0         |   in|    8|   ap_memory|         K_3_9|         array|
|K_3_9_address1   |  out|   13|   ap_memory|         K_3_9|         array|
|K_3_9_ce1        |  out|    1|   ap_memory|         K_3_9|         array|
|K_3_9_q1         |   in|    8|   ap_memory|         K_3_9|         array|
|K_3_10_address0  |  out|   13|   ap_memory|        K_3_10|         array|
|K_3_10_ce0       |  out|    1|   ap_memory|        K_3_10|         array|
|K_3_10_q0        |   in|    8|   ap_memory|        K_3_10|         array|
|K_3_10_address1  |  out|   13|   ap_memory|        K_3_10|         array|
|K_3_10_ce1       |  out|    1|   ap_memory|        K_3_10|         array|
|K_3_10_q1        |   in|    8|   ap_memory|        K_3_10|         array|
|K_3_11_address0  |  out|   13|   ap_memory|        K_3_11|         array|
|K_3_11_ce0       |  out|    1|   ap_memory|        K_3_11|         array|
|K_3_11_q0        |   in|    8|   ap_memory|        K_3_11|         array|
|K_3_11_address1  |  out|   13|   ap_memory|        K_3_11|         array|
|K_3_11_ce1       |  out|    1|   ap_memory|        K_3_11|         array|
|K_3_11_q1        |   in|    8|   ap_memory|        K_3_11|         array|
|K_3_12_address0  |  out|   13|   ap_memory|        K_3_12|         array|
|K_3_12_ce0       |  out|    1|   ap_memory|        K_3_12|         array|
|K_3_12_q0        |   in|    8|   ap_memory|        K_3_12|         array|
|K_3_12_address1  |  out|   13|   ap_memory|        K_3_12|         array|
|K_3_12_ce1       |  out|    1|   ap_memory|        K_3_12|         array|
|K_3_12_q1        |   in|    8|   ap_memory|        K_3_12|         array|
|K_3_13_address0  |  out|   13|   ap_memory|        K_3_13|         array|
|K_3_13_ce0       |  out|    1|   ap_memory|        K_3_13|         array|
|K_3_13_q0        |   in|    8|   ap_memory|        K_3_13|         array|
|K_3_13_address1  |  out|   13|   ap_memory|        K_3_13|         array|
|K_3_13_ce1       |  out|    1|   ap_memory|        K_3_13|         array|
|K_3_13_q1        |   in|    8|   ap_memory|        K_3_13|         array|
|K_3_14_address0  |  out|   13|   ap_memory|        K_3_14|         array|
|K_3_14_ce0       |  out|    1|   ap_memory|        K_3_14|         array|
|K_3_14_q0        |   in|    8|   ap_memory|        K_3_14|         array|
|K_3_14_address1  |  out|   13|   ap_memory|        K_3_14|         array|
|K_3_14_ce1       |  out|    1|   ap_memory|        K_3_14|         array|
|K_3_14_q1        |   in|    8|   ap_memory|        K_3_14|         array|
|K_3_15_address0  |  out|   13|   ap_memory|        K_3_15|         array|
|K_3_15_ce0       |  out|    1|   ap_memory|        K_3_15|         array|
|K_3_15_q0        |   in|    8|   ap_memory|        K_3_15|         array|
|K_3_15_address1  |  out|   13|   ap_memory|        K_3_15|         array|
|K_3_15_ce1       |  out|    1|   ap_memory|        K_3_15|         array|
|K_3_15_q1        |   in|    8|   ap_memory|        K_3_15|         array|
|K_3_16_address0  |  out|   13|   ap_memory|        K_3_16|         array|
|K_3_16_ce0       |  out|    1|   ap_memory|        K_3_16|         array|
|K_3_16_q0        |   in|    8|   ap_memory|        K_3_16|         array|
|K_3_16_address1  |  out|   13|   ap_memory|        K_3_16|         array|
|K_3_16_ce1       |  out|    1|   ap_memory|        K_3_16|         array|
|K_3_16_q1        |   in|    8|   ap_memory|        K_3_16|         array|
|K_3_17_address0  |  out|   13|   ap_memory|        K_3_17|         array|
|K_3_17_ce0       |  out|    1|   ap_memory|        K_3_17|         array|
|K_3_17_q0        |   in|    8|   ap_memory|        K_3_17|         array|
|K_3_17_address1  |  out|   13|   ap_memory|        K_3_17|         array|
|K_3_17_ce1       |  out|    1|   ap_memory|        K_3_17|         array|
|K_3_17_q1        |   in|    8|   ap_memory|        K_3_17|         array|
|K_3_18_address0  |  out|   13|   ap_memory|        K_3_18|         array|
|K_3_18_ce0       |  out|    1|   ap_memory|        K_3_18|         array|
|K_3_18_q0        |   in|    8|   ap_memory|        K_3_18|         array|
|K_3_18_address1  |  out|   13|   ap_memory|        K_3_18|         array|
|K_3_18_ce1       |  out|    1|   ap_memory|        K_3_18|         array|
|K_3_18_q1        |   in|    8|   ap_memory|        K_3_18|         array|
|K_3_19_address0  |  out|   13|   ap_memory|        K_3_19|         array|
|K_3_19_ce0       |  out|    1|   ap_memory|        K_3_19|         array|
|K_3_19_q0        |   in|    8|   ap_memory|        K_3_19|         array|
|K_3_19_address1  |  out|   13|   ap_memory|        K_3_19|         array|
|K_3_19_ce1       |  out|    1|   ap_memory|        K_3_19|         array|
|K_3_19_q1        |   in|    8|   ap_memory|        K_3_19|         array|
|K_3_20_address0  |  out|   13|   ap_memory|        K_3_20|         array|
|K_3_20_ce0       |  out|    1|   ap_memory|        K_3_20|         array|
|K_3_20_q0        |   in|    8|   ap_memory|        K_3_20|         array|
|K_3_20_address1  |  out|   13|   ap_memory|        K_3_20|         array|
|K_3_20_ce1       |  out|    1|   ap_memory|        K_3_20|         array|
|K_3_20_q1        |   in|    8|   ap_memory|        K_3_20|         array|
|K_3_21_address0  |  out|   13|   ap_memory|        K_3_21|         array|
|K_3_21_ce0       |  out|    1|   ap_memory|        K_3_21|         array|
|K_3_21_q0        |   in|    8|   ap_memory|        K_3_21|         array|
|K_3_21_address1  |  out|   13|   ap_memory|        K_3_21|         array|
|K_3_21_ce1       |  out|    1|   ap_memory|        K_3_21|         array|
|K_3_21_q1        |   in|    8|   ap_memory|        K_3_21|         array|
|K_3_22_address0  |  out|   13|   ap_memory|        K_3_22|         array|
|K_3_22_ce0       |  out|    1|   ap_memory|        K_3_22|         array|
|K_3_22_q0        |   in|    8|   ap_memory|        K_3_22|         array|
|K_3_22_address1  |  out|   13|   ap_memory|        K_3_22|         array|
|K_3_22_ce1       |  out|    1|   ap_memory|        K_3_22|         array|
|K_3_22_q1        |   in|    8|   ap_memory|        K_3_22|         array|
|K_3_23_address0  |  out|   13|   ap_memory|        K_3_23|         array|
|K_3_23_ce0       |  out|    1|   ap_memory|        K_3_23|         array|
|K_3_23_q0        |   in|    8|   ap_memory|        K_3_23|         array|
|K_3_23_address1  |  out|   13|   ap_memory|        K_3_23|         array|
|K_3_23_ce1       |  out|    1|   ap_memory|        K_3_23|         array|
|K_3_23_q1        |   in|    8|   ap_memory|        K_3_23|         array|
|K_3_24_address0  |  out|   13|   ap_memory|        K_3_24|         array|
|K_3_24_ce0       |  out|    1|   ap_memory|        K_3_24|         array|
|K_3_24_q0        |   in|    8|   ap_memory|        K_3_24|         array|
|K_3_24_address1  |  out|   13|   ap_memory|        K_3_24|         array|
|K_3_24_ce1       |  out|    1|   ap_memory|        K_3_24|         array|
|K_3_24_q1        |   in|    8|   ap_memory|        K_3_24|         array|
|K_3_25_address0  |  out|   13|   ap_memory|        K_3_25|         array|
|K_3_25_ce0       |  out|    1|   ap_memory|        K_3_25|         array|
|K_3_25_q0        |   in|    8|   ap_memory|        K_3_25|         array|
|K_3_25_address1  |  out|   13|   ap_memory|        K_3_25|         array|
|K_3_25_ce1       |  out|    1|   ap_memory|        K_3_25|         array|
|K_3_25_q1        |   in|    8|   ap_memory|        K_3_25|         array|
|K_3_26_address0  |  out|   13|   ap_memory|        K_3_26|         array|
|K_3_26_ce0       |  out|    1|   ap_memory|        K_3_26|         array|
|K_3_26_q0        |   in|    8|   ap_memory|        K_3_26|         array|
|K_3_26_address1  |  out|   13|   ap_memory|        K_3_26|         array|
|K_3_26_ce1       |  out|    1|   ap_memory|        K_3_26|         array|
|K_3_26_q1        |   in|    8|   ap_memory|        K_3_26|         array|
|K_3_27_address0  |  out|   13|   ap_memory|        K_3_27|         array|
|K_3_27_ce0       |  out|    1|   ap_memory|        K_3_27|         array|
|K_3_27_q0        |   in|    8|   ap_memory|        K_3_27|         array|
|K_3_27_address1  |  out|   13|   ap_memory|        K_3_27|         array|
|K_3_27_ce1       |  out|    1|   ap_memory|        K_3_27|         array|
|K_3_27_q1        |   in|    8|   ap_memory|        K_3_27|         array|
|K_3_28_address0  |  out|   13|   ap_memory|        K_3_28|         array|
|K_3_28_ce0       |  out|    1|   ap_memory|        K_3_28|         array|
|K_3_28_q0        |   in|    8|   ap_memory|        K_3_28|         array|
|K_3_28_address1  |  out|   13|   ap_memory|        K_3_28|         array|
|K_3_28_ce1       |  out|    1|   ap_memory|        K_3_28|         array|
|K_3_28_q1        |   in|    8|   ap_memory|        K_3_28|         array|
|K_3_29_address0  |  out|   13|   ap_memory|        K_3_29|         array|
|K_3_29_ce0       |  out|    1|   ap_memory|        K_3_29|         array|
|K_3_29_q0        |   in|    8|   ap_memory|        K_3_29|         array|
|K_3_29_address1  |  out|   13|   ap_memory|        K_3_29|         array|
|K_3_29_ce1       |  out|    1|   ap_memory|        K_3_29|         array|
|K_3_29_q1        |   in|    8|   ap_memory|        K_3_29|         array|
|K_3_30_address0  |  out|   13|   ap_memory|        K_3_30|         array|
|K_3_30_ce0       |  out|    1|   ap_memory|        K_3_30|         array|
|K_3_30_q0        |   in|    8|   ap_memory|        K_3_30|         array|
|K_3_30_address1  |  out|   13|   ap_memory|        K_3_30|         array|
|K_3_30_ce1       |  out|    1|   ap_memory|        K_3_30|         array|
|K_3_30_q1        |   in|    8|   ap_memory|        K_3_30|         array|
|K_3_31_address0  |  out|   13|   ap_memory|        K_3_31|         array|
|K_3_31_ce0       |  out|    1|   ap_memory|        K_3_31|         array|
|K_3_31_q0        |   in|    8|   ap_memory|        K_3_31|         array|
|K_3_31_address1  |  out|   13|   ap_memory|        K_3_31|         array|
|K_3_31_ce1       |  out|    1|   ap_memory|        K_3_31|         array|
|K_3_31_q1        |   in|    8|   ap_memory|        K_3_31|         array|
|V_0_0_address0   |  out|   14|   ap_memory|         V_0_0|         array|
|V_0_0_ce0        |  out|    1|   ap_memory|         V_0_0|         array|
|V_0_0_q0         |   in|    8|   ap_memory|         V_0_0|         array|
|V_0_0_address1   |  out|   14|   ap_memory|         V_0_0|         array|
|V_0_0_ce1        |  out|    1|   ap_memory|         V_0_0|         array|
|V_0_0_q1         |   in|    8|   ap_memory|         V_0_0|         array|
|V_0_1_address0   |  out|   14|   ap_memory|         V_0_1|         array|
|V_0_1_ce0        |  out|    1|   ap_memory|         V_0_1|         array|
|V_0_1_q0         |   in|    8|   ap_memory|         V_0_1|         array|
|V_0_1_address1   |  out|   14|   ap_memory|         V_0_1|         array|
|V_0_1_ce1        |  out|    1|   ap_memory|         V_0_1|         array|
|V_0_1_q1         |   in|    8|   ap_memory|         V_0_1|         array|
|V_0_2_address0   |  out|   14|   ap_memory|         V_0_2|         array|
|V_0_2_ce0        |  out|    1|   ap_memory|         V_0_2|         array|
|V_0_2_q0         |   in|    8|   ap_memory|         V_0_2|         array|
|V_0_2_address1   |  out|   14|   ap_memory|         V_0_2|         array|
|V_0_2_ce1        |  out|    1|   ap_memory|         V_0_2|         array|
|V_0_2_q1         |   in|    8|   ap_memory|         V_0_2|         array|
|V_0_3_address0   |  out|   14|   ap_memory|         V_0_3|         array|
|V_0_3_ce0        |  out|    1|   ap_memory|         V_0_3|         array|
|V_0_3_q0         |   in|    8|   ap_memory|         V_0_3|         array|
|V_0_3_address1   |  out|   14|   ap_memory|         V_0_3|         array|
|V_0_3_ce1        |  out|    1|   ap_memory|         V_0_3|         array|
|V_0_3_q1         |   in|    8|   ap_memory|         V_0_3|         array|
|V_0_4_address0   |  out|   14|   ap_memory|         V_0_4|         array|
|V_0_4_ce0        |  out|    1|   ap_memory|         V_0_4|         array|
|V_0_4_q0         |   in|    8|   ap_memory|         V_0_4|         array|
|V_0_4_address1   |  out|   14|   ap_memory|         V_0_4|         array|
|V_0_4_ce1        |  out|    1|   ap_memory|         V_0_4|         array|
|V_0_4_q1         |   in|    8|   ap_memory|         V_0_4|         array|
|V_0_5_address0   |  out|   14|   ap_memory|         V_0_5|         array|
|V_0_5_ce0        |  out|    1|   ap_memory|         V_0_5|         array|
|V_0_5_q0         |   in|    8|   ap_memory|         V_0_5|         array|
|V_0_5_address1   |  out|   14|   ap_memory|         V_0_5|         array|
|V_0_5_ce1        |  out|    1|   ap_memory|         V_0_5|         array|
|V_0_5_q1         |   in|    8|   ap_memory|         V_0_5|         array|
|V_0_6_address0   |  out|   14|   ap_memory|         V_0_6|         array|
|V_0_6_ce0        |  out|    1|   ap_memory|         V_0_6|         array|
|V_0_6_q0         |   in|    8|   ap_memory|         V_0_6|         array|
|V_0_6_address1   |  out|   14|   ap_memory|         V_0_6|         array|
|V_0_6_ce1        |  out|    1|   ap_memory|         V_0_6|         array|
|V_0_6_q1         |   in|    8|   ap_memory|         V_0_6|         array|
|V_0_7_address0   |  out|   14|   ap_memory|         V_0_7|         array|
|V_0_7_ce0        |  out|    1|   ap_memory|         V_0_7|         array|
|V_0_7_q0         |   in|    8|   ap_memory|         V_0_7|         array|
|V_0_7_address1   |  out|   14|   ap_memory|         V_0_7|         array|
|V_0_7_ce1        |  out|    1|   ap_memory|         V_0_7|         array|
|V_0_7_q1         |   in|    8|   ap_memory|         V_0_7|         array|
|V_0_8_address0   |  out|   14|   ap_memory|         V_0_8|         array|
|V_0_8_ce0        |  out|    1|   ap_memory|         V_0_8|         array|
|V_0_8_q0         |   in|    8|   ap_memory|         V_0_8|         array|
|V_0_8_address1   |  out|   14|   ap_memory|         V_0_8|         array|
|V_0_8_ce1        |  out|    1|   ap_memory|         V_0_8|         array|
|V_0_8_q1         |   in|    8|   ap_memory|         V_0_8|         array|
|V_0_9_address0   |  out|   14|   ap_memory|         V_0_9|         array|
|V_0_9_ce0        |  out|    1|   ap_memory|         V_0_9|         array|
|V_0_9_q0         |   in|    8|   ap_memory|         V_0_9|         array|
|V_0_9_address1   |  out|   14|   ap_memory|         V_0_9|         array|
|V_0_9_ce1        |  out|    1|   ap_memory|         V_0_9|         array|
|V_0_9_q1         |   in|    8|   ap_memory|         V_0_9|         array|
|V_0_10_address0  |  out|   14|   ap_memory|        V_0_10|         array|
|V_0_10_ce0       |  out|    1|   ap_memory|        V_0_10|         array|
|V_0_10_q0        |   in|    8|   ap_memory|        V_0_10|         array|
|V_0_10_address1  |  out|   14|   ap_memory|        V_0_10|         array|
|V_0_10_ce1       |  out|    1|   ap_memory|        V_0_10|         array|
|V_0_10_q1        |   in|    8|   ap_memory|        V_0_10|         array|
|V_0_11_address0  |  out|   14|   ap_memory|        V_0_11|         array|
|V_0_11_ce0       |  out|    1|   ap_memory|        V_0_11|         array|
|V_0_11_q0        |   in|    8|   ap_memory|        V_0_11|         array|
|V_0_11_address1  |  out|   14|   ap_memory|        V_0_11|         array|
|V_0_11_ce1       |  out|    1|   ap_memory|        V_0_11|         array|
|V_0_11_q1        |   in|    8|   ap_memory|        V_0_11|         array|
|V_0_12_address0  |  out|   14|   ap_memory|        V_0_12|         array|
|V_0_12_ce0       |  out|    1|   ap_memory|        V_0_12|         array|
|V_0_12_q0        |   in|    8|   ap_memory|        V_0_12|         array|
|V_0_12_address1  |  out|   14|   ap_memory|        V_0_12|         array|
|V_0_12_ce1       |  out|    1|   ap_memory|        V_0_12|         array|
|V_0_12_q1        |   in|    8|   ap_memory|        V_0_12|         array|
|V_0_13_address0  |  out|   14|   ap_memory|        V_0_13|         array|
|V_0_13_ce0       |  out|    1|   ap_memory|        V_0_13|         array|
|V_0_13_q0        |   in|    8|   ap_memory|        V_0_13|         array|
|V_0_13_address1  |  out|   14|   ap_memory|        V_0_13|         array|
|V_0_13_ce1       |  out|    1|   ap_memory|        V_0_13|         array|
|V_0_13_q1        |   in|    8|   ap_memory|        V_0_13|         array|
|V_0_14_address0  |  out|   14|   ap_memory|        V_0_14|         array|
|V_0_14_ce0       |  out|    1|   ap_memory|        V_0_14|         array|
|V_0_14_q0        |   in|    8|   ap_memory|        V_0_14|         array|
|V_0_14_address1  |  out|   14|   ap_memory|        V_0_14|         array|
|V_0_14_ce1       |  out|    1|   ap_memory|        V_0_14|         array|
|V_0_14_q1        |   in|    8|   ap_memory|        V_0_14|         array|
|V_0_15_address0  |  out|   14|   ap_memory|        V_0_15|         array|
|V_0_15_ce0       |  out|    1|   ap_memory|        V_0_15|         array|
|V_0_15_q0        |   in|    8|   ap_memory|        V_0_15|         array|
|V_0_15_address1  |  out|   14|   ap_memory|        V_0_15|         array|
|V_0_15_ce1       |  out|    1|   ap_memory|        V_0_15|         array|
|V_0_15_q1        |   in|    8|   ap_memory|        V_0_15|         array|
|V_1_0_address0   |  out|   14|   ap_memory|         V_1_0|         array|
|V_1_0_ce0        |  out|    1|   ap_memory|         V_1_0|         array|
|V_1_0_q0         |   in|    8|   ap_memory|         V_1_0|         array|
|V_1_0_address1   |  out|   14|   ap_memory|         V_1_0|         array|
|V_1_0_ce1        |  out|    1|   ap_memory|         V_1_0|         array|
|V_1_0_q1         |   in|    8|   ap_memory|         V_1_0|         array|
|V_1_1_address0   |  out|   14|   ap_memory|         V_1_1|         array|
|V_1_1_ce0        |  out|    1|   ap_memory|         V_1_1|         array|
|V_1_1_q0         |   in|    8|   ap_memory|         V_1_1|         array|
|V_1_1_address1   |  out|   14|   ap_memory|         V_1_1|         array|
|V_1_1_ce1        |  out|    1|   ap_memory|         V_1_1|         array|
|V_1_1_q1         |   in|    8|   ap_memory|         V_1_1|         array|
|V_1_2_address0   |  out|   14|   ap_memory|         V_1_2|         array|
|V_1_2_ce0        |  out|    1|   ap_memory|         V_1_2|         array|
|V_1_2_q0         |   in|    8|   ap_memory|         V_1_2|         array|
|V_1_2_address1   |  out|   14|   ap_memory|         V_1_2|         array|
|V_1_2_ce1        |  out|    1|   ap_memory|         V_1_2|         array|
|V_1_2_q1         |   in|    8|   ap_memory|         V_1_2|         array|
|V_1_3_address0   |  out|   14|   ap_memory|         V_1_3|         array|
|V_1_3_ce0        |  out|    1|   ap_memory|         V_1_3|         array|
|V_1_3_q0         |   in|    8|   ap_memory|         V_1_3|         array|
|V_1_3_address1   |  out|   14|   ap_memory|         V_1_3|         array|
|V_1_3_ce1        |  out|    1|   ap_memory|         V_1_3|         array|
|V_1_3_q1         |   in|    8|   ap_memory|         V_1_3|         array|
|V_1_4_address0   |  out|   14|   ap_memory|         V_1_4|         array|
|V_1_4_ce0        |  out|    1|   ap_memory|         V_1_4|         array|
|V_1_4_q0         |   in|    8|   ap_memory|         V_1_4|         array|
|V_1_4_address1   |  out|   14|   ap_memory|         V_1_4|         array|
|V_1_4_ce1        |  out|    1|   ap_memory|         V_1_4|         array|
|V_1_4_q1         |   in|    8|   ap_memory|         V_1_4|         array|
|V_1_5_address0   |  out|   14|   ap_memory|         V_1_5|         array|
|V_1_5_ce0        |  out|    1|   ap_memory|         V_1_5|         array|
|V_1_5_q0         |   in|    8|   ap_memory|         V_1_5|         array|
|V_1_5_address1   |  out|   14|   ap_memory|         V_1_5|         array|
|V_1_5_ce1        |  out|    1|   ap_memory|         V_1_5|         array|
|V_1_5_q1         |   in|    8|   ap_memory|         V_1_5|         array|
|V_1_6_address0   |  out|   14|   ap_memory|         V_1_6|         array|
|V_1_6_ce0        |  out|    1|   ap_memory|         V_1_6|         array|
|V_1_6_q0         |   in|    8|   ap_memory|         V_1_6|         array|
|V_1_6_address1   |  out|   14|   ap_memory|         V_1_6|         array|
|V_1_6_ce1        |  out|    1|   ap_memory|         V_1_6|         array|
|V_1_6_q1         |   in|    8|   ap_memory|         V_1_6|         array|
|V_1_7_address0   |  out|   14|   ap_memory|         V_1_7|         array|
|V_1_7_ce0        |  out|    1|   ap_memory|         V_1_7|         array|
|V_1_7_q0         |   in|    8|   ap_memory|         V_1_7|         array|
|V_1_7_address1   |  out|   14|   ap_memory|         V_1_7|         array|
|V_1_7_ce1        |  out|    1|   ap_memory|         V_1_7|         array|
|V_1_7_q1         |   in|    8|   ap_memory|         V_1_7|         array|
|V_1_8_address0   |  out|   14|   ap_memory|         V_1_8|         array|
|V_1_8_ce0        |  out|    1|   ap_memory|         V_1_8|         array|
|V_1_8_q0         |   in|    8|   ap_memory|         V_1_8|         array|
|V_1_8_address1   |  out|   14|   ap_memory|         V_1_8|         array|
|V_1_8_ce1        |  out|    1|   ap_memory|         V_1_8|         array|
|V_1_8_q1         |   in|    8|   ap_memory|         V_1_8|         array|
|V_1_9_address0   |  out|   14|   ap_memory|         V_1_9|         array|
|V_1_9_ce0        |  out|    1|   ap_memory|         V_1_9|         array|
|V_1_9_q0         |   in|    8|   ap_memory|         V_1_9|         array|
|V_1_9_address1   |  out|   14|   ap_memory|         V_1_9|         array|
|V_1_9_ce1        |  out|    1|   ap_memory|         V_1_9|         array|
|V_1_9_q1         |   in|    8|   ap_memory|         V_1_9|         array|
|V_1_10_address0  |  out|   14|   ap_memory|        V_1_10|         array|
|V_1_10_ce0       |  out|    1|   ap_memory|        V_1_10|         array|
|V_1_10_q0        |   in|    8|   ap_memory|        V_1_10|         array|
|V_1_10_address1  |  out|   14|   ap_memory|        V_1_10|         array|
|V_1_10_ce1       |  out|    1|   ap_memory|        V_1_10|         array|
|V_1_10_q1        |   in|    8|   ap_memory|        V_1_10|         array|
|V_1_11_address0  |  out|   14|   ap_memory|        V_1_11|         array|
|V_1_11_ce0       |  out|    1|   ap_memory|        V_1_11|         array|
|V_1_11_q0        |   in|    8|   ap_memory|        V_1_11|         array|
|V_1_11_address1  |  out|   14|   ap_memory|        V_1_11|         array|
|V_1_11_ce1       |  out|    1|   ap_memory|        V_1_11|         array|
|V_1_11_q1        |   in|    8|   ap_memory|        V_1_11|         array|
|V_1_12_address0  |  out|   14|   ap_memory|        V_1_12|         array|
|V_1_12_ce0       |  out|    1|   ap_memory|        V_1_12|         array|
|V_1_12_q0        |   in|    8|   ap_memory|        V_1_12|         array|
|V_1_12_address1  |  out|   14|   ap_memory|        V_1_12|         array|
|V_1_12_ce1       |  out|    1|   ap_memory|        V_1_12|         array|
|V_1_12_q1        |   in|    8|   ap_memory|        V_1_12|         array|
|V_1_13_address0  |  out|   14|   ap_memory|        V_1_13|         array|
|V_1_13_ce0       |  out|    1|   ap_memory|        V_1_13|         array|
|V_1_13_q0        |   in|    8|   ap_memory|        V_1_13|         array|
|V_1_13_address1  |  out|   14|   ap_memory|        V_1_13|         array|
|V_1_13_ce1       |  out|    1|   ap_memory|        V_1_13|         array|
|V_1_13_q1        |   in|    8|   ap_memory|        V_1_13|         array|
|V_1_14_address0  |  out|   14|   ap_memory|        V_1_14|         array|
|V_1_14_ce0       |  out|    1|   ap_memory|        V_1_14|         array|
|V_1_14_q0        |   in|    8|   ap_memory|        V_1_14|         array|
|V_1_14_address1  |  out|   14|   ap_memory|        V_1_14|         array|
|V_1_14_ce1       |  out|    1|   ap_memory|        V_1_14|         array|
|V_1_14_q1        |   in|    8|   ap_memory|        V_1_14|         array|
|V_1_15_address0  |  out|   14|   ap_memory|        V_1_15|         array|
|V_1_15_ce0       |  out|    1|   ap_memory|        V_1_15|         array|
|V_1_15_q0        |   in|    8|   ap_memory|        V_1_15|         array|
|V_1_15_address1  |  out|   14|   ap_memory|        V_1_15|         array|
|V_1_15_ce1       |  out|    1|   ap_memory|        V_1_15|         array|
|V_1_15_q1        |   in|    8|   ap_memory|        V_1_15|         array|
|V_2_0_address0   |  out|   14|   ap_memory|         V_2_0|         array|
|V_2_0_ce0        |  out|    1|   ap_memory|         V_2_0|         array|
|V_2_0_q0         |   in|    8|   ap_memory|         V_2_0|         array|
|V_2_0_address1   |  out|   14|   ap_memory|         V_2_0|         array|
|V_2_0_ce1        |  out|    1|   ap_memory|         V_2_0|         array|
|V_2_0_q1         |   in|    8|   ap_memory|         V_2_0|         array|
|V_2_1_address0   |  out|   14|   ap_memory|         V_2_1|         array|
|V_2_1_ce0        |  out|    1|   ap_memory|         V_2_1|         array|
|V_2_1_q0         |   in|    8|   ap_memory|         V_2_1|         array|
|V_2_1_address1   |  out|   14|   ap_memory|         V_2_1|         array|
|V_2_1_ce1        |  out|    1|   ap_memory|         V_2_1|         array|
|V_2_1_q1         |   in|    8|   ap_memory|         V_2_1|         array|
|V_2_2_address0   |  out|   14|   ap_memory|         V_2_2|         array|
|V_2_2_ce0        |  out|    1|   ap_memory|         V_2_2|         array|
|V_2_2_q0         |   in|    8|   ap_memory|         V_2_2|         array|
|V_2_2_address1   |  out|   14|   ap_memory|         V_2_2|         array|
|V_2_2_ce1        |  out|    1|   ap_memory|         V_2_2|         array|
|V_2_2_q1         |   in|    8|   ap_memory|         V_2_2|         array|
|V_2_3_address0   |  out|   14|   ap_memory|         V_2_3|         array|
|V_2_3_ce0        |  out|    1|   ap_memory|         V_2_3|         array|
|V_2_3_q0         |   in|    8|   ap_memory|         V_2_3|         array|
|V_2_3_address1   |  out|   14|   ap_memory|         V_2_3|         array|
|V_2_3_ce1        |  out|    1|   ap_memory|         V_2_3|         array|
|V_2_3_q1         |   in|    8|   ap_memory|         V_2_3|         array|
|V_2_4_address0   |  out|   14|   ap_memory|         V_2_4|         array|
|V_2_4_ce0        |  out|    1|   ap_memory|         V_2_4|         array|
|V_2_4_q0         |   in|    8|   ap_memory|         V_2_4|         array|
|V_2_4_address1   |  out|   14|   ap_memory|         V_2_4|         array|
|V_2_4_ce1        |  out|    1|   ap_memory|         V_2_4|         array|
|V_2_4_q1         |   in|    8|   ap_memory|         V_2_4|         array|
|V_2_5_address0   |  out|   14|   ap_memory|         V_2_5|         array|
|V_2_5_ce0        |  out|    1|   ap_memory|         V_2_5|         array|
|V_2_5_q0         |   in|    8|   ap_memory|         V_2_5|         array|
|V_2_5_address1   |  out|   14|   ap_memory|         V_2_5|         array|
|V_2_5_ce1        |  out|    1|   ap_memory|         V_2_5|         array|
|V_2_5_q1         |   in|    8|   ap_memory|         V_2_5|         array|
|V_2_6_address0   |  out|   14|   ap_memory|         V_2_6|         array|
|V_2_6_ce0        |  out|    1|   ap_memory|         V_2_6|         array|
|V_2_6_q0         |   in|    8|   ap_memory|         V_2_6|         array|
|V_2_6_address1   |  out|   14|   ap_memory|         V_2_6|         array|
|V_2_6_ce1        |  out|    1|   ap_memory|         V_2_6|         array|
|V_2_6_q1         |   in|    8|   ap_memory|         V_2_6|         array|
|V_2_7_address0   |  out|   14|   ap_memory|         V_2_7|         array|
|V_2_7_ce0        |  out|    1|   ap_memory|         V_2_7|         array|
|V_2_7_q0         |   in|    8|   ap_memory|         V_2_7|         array|
|V_2_7_address1   |  out|   14|   ap_memory|         V_2_7|         array|
|V_2_7_ce1        |  out|    1|   ap_memory|         V_2_7|         array|
|V_2_7_q1         |   in|    8|   ap_memory|         V_2_7|         array|
|V_2_8_address0   |  out|   14|   ap_memory|         V_2_8|         array|
|V_2_8_ce0        |  out|    1|   ap_memory|         V_2_8|         array|
|V_2_8_q0         |   in|    8|   ap_memory|         V_2_8|         array|
|V_2_8_address1   |  out|   14|   ap_memory|         V_2_8|         array|
|V_2_8_ce1        |  out|    1|   ap_memory|         V_2_8|         array|
|V_2_8_q1         |   in|    8|   ap_memory|         V_2_8|         array|
|V_2_9_address0   |  out|   14|   ap_memory|         V_2_9|         array|
|V_2_9_ce0        |  out|    1|   ap_memory|         V_2_9|         array|
|V_2_9_q0         |   in|    8|   ap_memory|         V_2_9|         array|
|V_2_9_address1   |  out|   14|   ap_memory|         V_2_9|         array|
|V_2_9_ce1        |  out|    1|   ap_memory|         V_2_9|         array|
|V_2_9_q1         |   in|    8|   ap_memory|         V_2_9|         array|
|V_2_10_address0  |  out|   14|   ap_memory|        V_2_10|         array|
|V_2_10_ce0       |  out|    1|   ap_memory|        V_2_10|         array|
|V_2_10_q0        |   in|    8|   ap_memory|        V_2_10|         array|
|V_2_10_address1  |  out|   14|   ap_memory|        V_2_10|         array|
|V_2_10_ce1       |  out|    1|   ap_memory|        V_2_10|         array|
|V_2_10_q1        |   in|    8|   ap_memory|        V_2_10|         array|
|V_2_11_address0  |  out|   14|   ap_memory|        V_2_11|         array|
|V_2_11_ce0       |  out|    1|   ap_memory|        V_2_11|         array|
|V_2_11_q0        |   in|    8|   ap_memory|        V_2_11|         array|
|V_2_11_address1  |  out|   14|   ap_memory|        V_2_11|         array|
|V_2_11_ce1       |  out|    1|   ap_memory|        V_2_11|         array|
|V_2_11_q1        |   in|    8|   ap_memory|        V_2_11|         array|
|V_2_12_address0  |  out|   14|   ap_memory|        V_2_12|         array|
|V_2_12_ce0       |  out|    1|   ap_memory|        V_2_12|         array|
|V_2_12_q0        |   in|    8|   ap_memory|        V_2_12|         array|
|V_2_12_address1  |  out|   14|   ap_memory|        V_2_12|         array|
|V_2_12_ce1       |  out|    1|   ap_memory|        V_2_12|         array|
|V_2_12_q1        |   in|    8|   ap_memory|        V_2_12|         array|
|V_2_13_address0  |  out|   14|   ap_memory|        V_2_13|         array|
|V_2_13_ce0       |  out|    1|   ap_memory|        V_2_13|         array|
|V_2_13_q0        |   in|    8|   ap_memory|        V_2_13|         array|
|V_2_13_address1  |  out|   14|   ap_memory|        V_2_13|         array|
|V_2_13_ce1       |  out|    1|   ap_memory|        V_2_13|         array|
|V_2_13_q1        |   in|    8|   ap_memory|        V_2_13|         array|
|V_2_14_address0  |  out|   14|   ap_memory|        V_2_14|         array|
|V_2_14_ce0       |  out|    1|   ap_memory|        V_2_14|         array|
|V_2_14_q0        |   in|    8|   ap_memory|        V_2_14|         array|
|V_2_14_address1  |  out|   14|   ap_memory|        V_2_14|         array|
|V_2_14_ce1       |  out|    1|   ap_memory|        V_2_14|         array|
|V_2_14_q1        |   in|    8|   ap_memory|        V_2_14|         array|
|V_2_15_address0  |  out|   14|   ap_memory|        V_2_15|         array|
|V_2_15_ce0       |  out|    1|   ap_memory|        V_2_15|         array|
|V_2_15_q0        |   in|    8|   ap_memory|        V_2_15|         array|
|V_2_15_address1  |  out|   14|   ap_memory|        V_2_15|         array|
|V_2_15_ce1       |  out|    1|   ap_memory|        V_2_15|         array|
|V_2_15_q1        |   in|    8|   ap_memory|        V_2_15|         array|
|V_3_0_address0   |  out|   14|   ap_memory|         V_3_0|         array|
|V_3_0_ce0        |  out|    1|   ap_memory|         V_3_0|         array|
|V_3_0_q0         |   in|    8|   ap_memory|         V_3_0|         array|
|V_3_0_address1   |  out|   14|   ap_memory|         V_3_0|         array|
|V_3_0_ce1        |  out|    1|   ap_memory|         V_3_0|         array|
|V_3_0_q1         |   in|    8|   ap_memory|         V_3_0|         array|
|V_3_1_address0   |  out|   14|   ap_memory|         V_3_1|         array|
|V_3_1_ce0        |  out|    1|   ap_memory|         V_3_1|         array|
|V_3_1_q0         |   in|    8|   ap_memory|         V_3_1|         array|
|V_3_1_address1   |  out|   14|   ap_memory|         V_3_1|         array|
|V_3_1_ce1        |  out|    1|   ap_memory|         V_3_1|         array|
|V_3_1_q1         |   in|    8|   ap_memory|         V_3_1|         array|
|V_3_2_address0   |  out|   14|   ap_memory|         V_3_2|         array|
|V_3_2_ce0        |  out|    1|   ap_memory|         V_3_2|         array|
|V_3_2_q0         |   in|    8|   ap_memory|         V_3_2|         array|
|V_3_2_address1   |  out|   14|   ap_memory|         V_3_2|         array|
|V_3_2_ce1        |  out|    1|   ap_memory|         V_3_2|         array|
|V_3_2_q1         |   in|    8|   ap_memory|         V_3_2|         array|
|V_3_3_address0   |  out|   14|   ap_memory|         V_3_3|         array|
|V_3_3_ce0        |  out|    1|   ap_memory|         V_3_3|         array|
|V_3_3_q0         |   in|    8|   ap_memory|         V_3_3|         array|
|V_3_3_address1   |  out|   14|   ap_memory|         V_3_3|         array|
|V_3_3_ce1        |  out|    1|   ap_memory|         V_3_3|         array|
|V_3_3_q1         |   in|    8|   ap_memory|         V_3_3|         array|
|V_3_4_address0   |  out|   14|   ap_memory|         V_3_4|         array|
|V_3_4_ce0        |  out|    1|   ap_memory|         V_3_4|         array|
|V_3_4_q0         |   in|    8|   ap_memory|         V_3_4|         array|
|V_3_4_address1   |  out|   14|   ap_memory|         V_3_4|         array|
|V_3_4_ce1        |  out|    1|   ap_memory|         V_3_4|         array|
|V_3_4_q1         |   in|    8|   ap_memory|         V_3_4|         array|
|V_3_5_address0   |  out|   14|   ap_memory|         V_3_5|         array|
|V_3_5_ce0        |  out|    1|   ap_memory|         V_3_5|         array|
|V_3_5_q0         |   in|    8|   ap_memory|         V_3_5|         array|
|V_3_5_address1   |  out|   14|   ap_memory|         V_3_5|         array|
|V_3_5_ce1        |  out|    1|   ap_memory|         V_3_5|         array|
|V_3_5_q1         |   in|    8|   ap_memory|         V_3_5|         array|
|V_3_6_address0   |  out|   14|   ap_memory|         V_3_6|         array|
|V_3_6_ce0        |  out|    1|   ap_memory|         V_3_6|         array|
|V_3_6_q0         |   in|    8|   ap_memory|         V_3_6|         array|
|V_3_6_address1   |  out|   14|   ap_memory|         V_3_6|         array|
|V_3_6_ce1        |  out|    1|   ap_memory|         V_3_6|         array|
|V_3_6_q1         |   in|    8|   ap_memory|         V_3_6|         array|
|V_3_7_address0   |  out|   14|   ap_memory|         V_3_7|         array|
|V_3_7_ce0        |  out|    1|   ap_memory|         V_3_7|         array|
|V_3_7_q0         |   in|    8|   ap_memory|         V_3_7|         array|
|V_3_7_address1   |  out|   14|   ap_memory|         V_3_7|         array|
|V_3_7_ce1        |  out|    1|   ap_memory|         V_3_7|         array|
|V_3_7_q1         |   in|    8|   ap_memory|         V_3_7|         array|
|V_3_8_address0   |  out|   14|   ap_memory|         V_3_8|         array|
|V_3_8_ce0        |  out|    1|   ap_memory|         V_3_8|         array|
|V_3_8_q0         |   in|    8|   ap_memory|         V_3_8|         array|
|V_3_8_address1   |  out|   14|   ap_memory|         V_3_8|         array|
|V_3_8_ce1        |  out|    1|   ap_memory|         V_3_8|         array|
|V_3_8_q1         |   in|    8|   ap_memory|         V_3_8|         array|
|V_3_9_address0   |  out|   14|   ap_memory|         V_3_9|         array|
|V_3_9_ce0        |  out|    1|   ap_memory|         V_3_9|         array|
|V_3_9_q0         |   in|    8|   ap_memory|         V_3_9|         array|
|V_3_9_address1   |  out|   14|   ap_memory|         V_3_9|         array|
|V_3_9_ce1        |  out|    1|   ap_memory|         V_3_9|         array|
|V_3_9_q1         |   in|    8|   ap_memory|         V_3_9|         array|
|V_3_10_address0  |  out|   14|   ap_memory|        V_3_10|         array|
|V_3_10_ce0       |  out|    1|   ap_memory|        V_3_10|         array|
|V_3_10_q0        |   in|    8|   ap_memory|        V_3_10|         array|
|V_3_10_address1  |  out|   14|   ap_memory|        V_3_10|         array|
|V_3_10_ce1       |  out|    1|   ap_memory|        V_3_10|         array|
|V_3_10_q1        |   in|    8|   ap_memory|        V_3_10|         array|
|V_3_11_address0  |  out|   14|   ap_memory|        V_3_11|         array|
|V_3_11_ce0       |  out|    1|   ap_memory|        V_3_11|         array|
|V_3_11_q0        |   in|    8|   ap_memory|        V_3_11|         array|
|V_3_11_address1  |  out|   14|   ap_memory|        V_3_11|         array|
|V_3_11_ce1       |  out|    1|   ap_memory|        V_3_11|         array|
|V_3_11_q1        |   in|    8|   ap_memory|        V_3_11|         array|
|V_3_12_address0  |  out|   14|   ap_memory|        V_3_12|         array|
|V_3_12_ce0       |  out|    1|   ap_memory|        V_3_12|         array|
|V_3_12_q0        |   in|    8|   ap_memory|        V_3_12|         array|
|V_3_12_address1  |  out|   14|   ap_memory|        V_3_12|         array|
|V_3_12_ce1       |  out|    1|   ap_memory|        V_3_12|         array|
|V_3_12_q1        |   in|    8|   ap_memory|        V_3_12|         array|
|V_3_13_address0  |  out|   14|   ap_memory|        V_3_13|         array|
|V_3_13_ce0       |  out|    1|   ap_memory|        V_3_13|         array|
|V_3_13_q0        |   in|    8|   ap_memory|        V_3_13|         array|
|V_3_13_address1  |  out|   14|   ap_memory|        V_3_13|         array|
|V_3_13_ce1       |  out|    1|   ap_memory|        V_3_13|         array|
|V_3_13_q1        |   in|    8|   ap_memory|        V_3_13|         array|
|V_3_14_address0  |  out|   14|   ap_memory|        V_3_14|         array|
|V_3_14_ce0       |  out|    1|   ap_memory|        V_3_14|         array|
|V_3_14_q0        |   in|    8|   ap_memory|        V_3_14|         array|
|V_3_14_address1  |  out|   14|   ap_memory|        V_3_14|         array|
|V_3_14_ce1       |  out|    1|   ap_memory|        V_3_14|         array|
|V_3_14_q1        |   in|    8|   ap_memory|        V_3_14|         array|
|V_3_15_address0  |  out|   14|   ap_memory|        V_3_15|         array|
|V_3_15_ce0       |  out|    1|   ap_memory|        V_3_15|         array|
|V_3_15_q0        |   in|    8|   ap_memory|        V_3_15|         array|
|V_3_15_address1  |  out|   14|   ap_memory|        V_3_15|         array|
|V_3_15_ce1       |  out|    1|   ap_memory|        V_3_15|         array|
|V_3_15_q1        |   in|    8|   ap_memory|        V_3_15|         array|
|out_r_address0   |  out|   12|   ap_memory|         out_r|         array|
|out_r_ce0        |  out|    1|   ap_memory|         out_r|         array|
|out_r_we0        |  out|    1|   ap_memory|         out_r|         array|
|out_r_d0         |  out|    8|   ap_memory|         out_r|         array|
+-----------------+-----+-----+------------+--------------+--------------+

