
****** Vivado v2024.1 (64-bit)
  **** SW Build 5076996 on Wed May 22 18:36:09 MDT 2024
  **** IP Build 5075265 on Wed May 22 21:45:21 MDT 2024
  **** SharedData Build 5076995 on Wed May 22 18:29:18 MDT 2024
  **** Start of session at: Thu May 28 13:25:49 2026
    ** Copyright 1986-2022 Xilinx, Inc. All Rights Reserved.
    ** Copyright 2022-2024 Advanced Micro Devices, Inc. All Rights Reserved.

source build_bd_v4.tcl
# set_param general.maxThreads 16
# set part   "xcvc1902-vsva2197-2MP-e-S"
# set REPO   "/tools/projects/FPGA-VLA"
# set T0036v4 "$REPO/runs/T0036_v4"
# set SCHED  "$REPO/coord/reports/T0030"
# puts ">>> STEP0 sanity: Vivado [version -short]"
>>> STEP0 sanity: Vivado 2024.1
# puts ">>> Host: [exec hostname] RAM: [exec free -g | grep Mem | awk {{print $2}}] GiB"
>>> Host: iZuf63nslpsmuz7caylpqsZ RAM: 61 GiB
# set ip_repos [list \
#   "$T0036v4/T0024/xmod_attn_v1_hls/sol1/impl/ip" \
#   "$T0036v4/T0025/gvsa_hls/sol1/impl/ip" \
#   "$T0036v4/T0026/action_diff_hls/sol1/impl/ip" \
#   "$T0036v4/T0029/vit_enc_hls/sol1/impl/ip" ]
# if {[catch {
#     create_project mr_vla_ipi_v4 "$T0036v4/mr_vla_ipi_v4" -part $part -force
#     add_files [list "$SCHED/rate_enable_gen.sv" "$SCHED/mac_unit.sv" \
#                     "$SCHED/bram_axis_fifo.sv" "$SCHED/mr_vla_top.sv" \
#                     "$REPO/runs/T0036/mr_vla_sched_wrap.v"]
#     set_property ip_repo_paths $ip_repos [current_project]
#     update_ip_catalog
#     puts ">>> STEP1 OK: project + ip_repo_paths + update_ip_catalog"
# } err]} {
#     puts ">>> STEP1 FAIL :: $err"; exit 1
# }
INFO: [IP_Flow 19-234] Refreshing IP repositories
INFO: [IP_Flow 19-1700] Loaded user IP repository '/tools/projects/FPGA-VLA/runs/T0036_v4/T0024/xmod_attn_v1_hls/sol1/impl/ip'.
INFO: [IP_Flow 19-1700] Loaded user IP repository '/tools/projects/FPGA-VLA/runs/T0036_v4/T0025/gvsa_hls/sol1/impl/ip'.
INFO: [IP_Flow 19-1700] Loaded user IP repository '/tools/projects/FPGA-VLA/runs/T0036_v4/T0026/action_diff_hls/sol1/impl/ip'.
INFO: [IP_Flow 19-1700] Loaded user IP repository '/tools/projects/FPGA-VLA/runs/T0036_v4/T0029/vit_enc_hls/sol1/impl/ip'.
INFO: [IP_Flow 19-2313] Loaded Vivado IP repository '/tools/Xilinx/Vivado/2024.1/data/ip'.
>>> STEP1 OK: project + ip_repo_paths + update_ip_catalog
# if {[catch {
#     create_bd_design "mr_vla_bd_v4"
#     set c_xmod [create_bd_cell -type ip -vlnv xilinx.com:hls:xmod_attn_v1:1.0      u_xmod]
#     set c_gvsa [create_bd_cell -type ip -vlnv xilinx.com:hls:gvsa_matmul:1.0       u_gvsa]
#     set c_adh  [create_bd_cell -type ip -vlnv xilinx.com:hls:action_diff_head:1.0  u_adh]
#     set c_vit  [create_bd_cell -type ip -vlnv xilinx.com:hls:vit_encoder_12layer:1.0 u_vit]
#     set c_sch  [create_bd_cell -type module -reference mr_vla_sched_wrap u_sched]
#     puts ">>> STEP2 OK: 5 bd_cells instantiated"
# } err]} {
#     puts ">>> STEP2 FAIL :: $err"; exit 1
# }
Wrote  : </tools/projects/FPGA-VLA/runs/T0036_v4/mr_vla_ipi_v4/mr_vla_ipi_v4.srcs/sources_1/bd/mr_vla_bd_v4/mr_vla_bd_v4.bd> 
INFO: [IP_Flow 19-5107] Inferred bus interface 'm_action' of definition 'xilinx.com:interface:axis:1.0' (from Xilinx Repository).
INFO: [IP_Flow 19-5107] Inferred bus interface 's_language' of definition 'xilinx.com:interface:axis:1.0' (from Xilinx Repository).
INFO: [IP_Flow 19-5107] Inferred bus interface 's_vision' of definition 'xilinx.com:interface:axis:1.0' (from Xilinx Repository).
INFO: [IP_Flow 19-5107] Inferred bus interface 'rst_n' of definition 'xilinx.com:signal:reset:1.0' (from Xilinx Repository).
INFO: [IP_Flow 19-5107] Inferred bus interface 'clk' of definition 'xilinx.com:signal:clock:1.0' (from Xilinx Repository).
INFO: [IP_Flow 19-4728] Bus Interface 'rst_n': Added interface parameter 'POLARITY' with value 'ACTIVE_LOW'.
INFO: [IP_Flow 19-4728] Bus Interface 'clk': Added interface parameter 'ASSOCIATED_BUSIF' with value 'm_action'.
WARNING: [IP_Flow 19-11770] Clock interface 'clk' has no FREQ_HZ parameter.
>>> STEP2 OK: 5 bd_cells instantiated
# if {[catch {
#     create_bd_port -dir I -type clk -freq_hz 250000000 clk
#     create_bd_port -dir I ap_rst_n
#     create_bd_port -dir I rst_n
#     connect_bd_net [get_bd_ports clk] \
#         [get_bd_pins u_xmod/ap_clk] [get_bd_pins u_gvsa/ap_clk] \
#         [get_bd_pins u_adh/ap_clk]  [get_bd_pins u_vit/ap_clk] \
#         [get_bd_pins u_sched/clk]
#     connect_bd_net [get_bd_ports ap_rst_n] \
#         [get_bd_pins u_xmod/ap_rst_n] [get_bd_pins u_gvsa/ap_rst_n] \
#         [get_bd_pins u_adh/ap_rst_n]  [get_bd_pins u_vit/ap_rst_n]
#     connect_bd_net [get_bd_ports rst_n] [get_bd_pins u_sched/rst_n]
#     # T0036_v4: ap_start is now in s_axilite control register space (driven by
#     # the AXI-Lite control bus from outside the BD). No separate xlconstant.
#     puts ">>> STEP3 OK: clocks/resets connected (ap_start in s_axilite CSR)"
# } err]} {
#     puts ">>> STEP3 FAIL :: $err"; exit 1
# }
>>> STEP3 OK: clocks/resets connected (ap_start in s_axilite CSR)
# if {[catch {
#     set all_m_axi [list]
#     foreach ip {u_xmod u_gvsa u_adh u_vit} {
#         foreach p [get_bd_intf_pins -quiet -of [get_bd_cells $ip] -filter {VLNV =~ "*aximm*" && MODE == "Master"}] {
#             lappend all_m_axi $p
#         }
#     }
#     puts ">>> STEP4 collected [llength $all_m_axi] m_axi masters:"
#     foreach p $all_m_axi { puts "      $p" }
# } err]} {
#     puts ">>> STEP4 FAIL :: $err"; exit 1
# }
>>> STEP4 collected 16 m_axi masters:
      /u_xmod/m_axi_ddrK
      /u_xmod/m_axi_ddrOUT
      /u_xmod/m_axi_ddrQ
      /u_xmod/m_axi_ddrV
      /u_gvsa/m_axi_ddrK
      /u_gvsa/m_axi_ddrP
      /u_gvsa/m_axi_ddrQ
      /u_adh/m_axi_ddrCTX
      /u_adh/m_axi_ddrIN
      /u_adh/m_axi_ddrOUT
      /u_adh/m_axi_ddrW1
      /u_adh/m_axi_ddrW2
      /u_vit/m_axi_ddrIN
      /u_vit/m_axi_ddrOUT
      /u_vit/m_axi_ddrW1
      /u_vit/m_axi_ddrW2
# if {[catch {
#     set sc [create_bd_cell -type ip -vlnv xilinx.com:ip:smartconnect:1.0 axi_sc_0]
#     set_property -dict [list \
#         CONFIG.NUM_SI [llength $all_m_axi] \
#         CONFIG.NUM_MI {4} \
#         CONFIG.NUM_CLKS {1} \
#     ] $sc
#     puts ">>> STEP5 OK: axi_smartconnect 16:4 instantiated"
# } err]} {
#     puts ">>> STEP5 FAIL :: $err"; exit 1
# }
>>> STEP5 OK: axi_smartconnect 16:4 instantiated
# if {[catch {
#     set i 0
#     foreach p $all_m_axi {
#         set siport [format "S%02d_AXI" $i]
#         connect_bd_intf_net $p [get_bd_intf_pins axi_sc_0/$siport]
#         incr i
#     }
#     puts ">>> STEP6 OK: $i m_axi masters routed through axi_smartconnect"
# } err]} {
#     puts ">>> STEP6 FAIL :: $err"
# }
>>> STEP6 OK: 16 m_axi masters routed through axi_smartconnect
# if {[catch {
#     connect_bd_net [get_bd_ports clk] [get_bd_pins axi_sc_0/aclk]
#     connect_bd_net [get_bd_ports ap_rst_n] [get_bd_pins axi_sc_0/aresetn]
#     puts ">>> STEP7 OK: smartconnect clock+reset connected"
# } err]} {
#     puts ">>> STEP7 WARN :: $err"
# }
>>> STEP7 OK: smartconnect clock+reset connected
# if {[catch {
#     foreach i {0 1 2 3} {
#         set miport [format "M%02d_AXI" $i]
#         make_bd_intf_pins_external [get_bd_intf_pins axi_sc_0/$miport]
#     }
#     puts ">>> STEP7b OK: 4 consolidated AXI master ports externalized"
# } err]} {
#     puts ">>> STEP7b WARN :: $err"
# }
>>> STEP7b OK: 4 consolidated AXI master ports externalized
# if {[catch {
#     foreach ip {u_xmod u_gvsa u_adh u_vit u_sched} {
#         foreach p [get_bd_intf_pins -quiet -of [get_bd_cells $ip] -filter {PATH !~ ""}] {
#             if {[llength [get_bd_intf_nets -quiet -of $p]] == 0} {
#                 catch {make_bd_intf_pins_external $p}
#             }
#         }
#         foreach p [get_bd_pins -quiet -of [get_bd_cells $ip]] {
#             if {[llength [get_bd_nets -quiet -of $p]] == 0} {
#                 catch {make_bd_pins_external $p}
#             }
#         }
#     }
#     validate_bd_design -force
#     puts ">>> STEP8 OK: externalized remaining + validate_bd_design"
# } err]} {
#     puts ">>> STEP8 WARN :: $err (validate warnings are non-fatal for synth)"
# }
WARNING: [BD 41-1306] The connection to interface pin </u_xmod/m_axi_ddrK_ARADDR> is being overridden by the user with net <u_xmod_m_axi_ddrK_ARADDR>. This pin will not be connected as a part of interface connection <m_axi_ddrK>.
WARNING: [BD 41-1306] The connection to interface pin </u_xmod/m_axi_ddrK_ARBURST> is being overridden by the user with net <u_xmod_m_axi_ddrK_ARBURST>. This pin will not be connected as a part of interface connection <m_axi_ddrK>.
WARNING: [BD 41-1306] The connection to interface pin </u_xmod/m_axi_ddrK_ARCACHE> is being overridden by the user with net <u_xmod_m_axi_ddrK_ARCACHE>. This pin will not be connected as a part of interface connection <m_axi_ddrK>.
WARNING: [BD 41-1306] The connection to interface pin </u_xmod/m_axi_ddrK_ARID> is being overridden by the user with net <u_xmod_m_axi_ddrK_ARID>. This pin will not be connected as a part of interface connection <m_axi_ddrK>.
WARNING: [BD 41-1306] The connection to interface pin </u_xmod/m_axi_ddrK_ARLEN> is being overridden by the user with net <u_xmod_m_axi_ddrK_ARLEN>. This pin will not be connected as a part of interface connection <m_axi_ddrK>.
WARNING: [BD 41-1306] The connection to interface pin </u_xmod/m_axi_ddrK_ARLOCK> is being overridden by the user with net <u_xmod_m_axi_ddrK_ARLOCK>. This pin will not be connected as a part of interface connection <m_axi_ddrK>.
WARNING: [BD 41-1306] The connection to interface pin </u_xmod/m_axi_ddrK_ARPROT> is being overridden by the user with net <u_xmod_m_axi_ddrK_ARPROT>. This pin will not be connected as a part of interface connection <m_axi_ddrK>.
WARNING: [BD 41-1306] The connection to interface pin </u_xmod/m_axi_ddrK_ARQOS> is being overridden by the user with net <u_xmod_m_axi_ddrK_ARQOS>. This pin will not be connected as a part of interface connection <m_axi_ddrK>.
WARNING: [BD 41-1306] The connection to interface pin </u_xmod/m_axi_ddrK_ARREADY> is being overridden by the user with net <m_axi_ddrK_ARREADY_0_1>. This pin will not be connected as a part of interface connection <m_axi_ddrK>.
WARNING: [BD 41-1306] The connection to interface pin </u_xmod/m_axi_ddrK_ARREGION> is being overridden by the user with net <u_xmod_m_axi_ddrK_ARREGION>. This pin will not be connected as a part of interface connection <m_axi_ddrK>.
WARNING: [BD 41-1306] The connection to interface pin </u_xmod/m_axi_ddrK_ARSIZE> is being overridden by the user with net <u_xmod_m_axi_ddrK_ARSIZE>. This pin will not be connected as a part of interface connection <m_axi_ddrK>.
WARNING: [BD 41-1306] The connection to interface pin </u_xmod/m_axi_ddrK_ARVALID> is being overridden by the user with net <u_xmod_m_axi_ddrK_ARVALID>. This pin will not be connected as a part of interface connection <m_axi_ddrK>.
WARNING: [BD 41-1306] The connection to interface pin </u_xmod/m_axi_ddrK_AWADDR> is being overridden by the user with net <u_xmod_m_axi_ddrK_AWADDR>. This pin will not be connected as a part of interface connection <m_axi_ddrK>.
WARNING: [BD 41-1306] The connection to interface pin </u_xmod/m_axi_ddrK_AWBURST> is being overridden by the user with net <u_xmod_m_axi_ddrK_AWBURST>. This pin will not be connected as a part of interface connection <m_axi_ddrK>.
WARNING: [BD 41-1306] The connection to interface pin </u_xmod/m_axi_ddrK_AWCACHE> is being overridden by the user with net <u_xmod_m_axi_ddrK_AWCACHE>. This pin will not be connected as a part of interface connection <m_axi_ddrK>.
WARNING: [BD 41-1306] The connection to interface pin </u_xmod/m_axi_ddrK_AWID> is being overridden by the user with net <u_xmod_m_axi_ddrK_AWID>. This pin will not be connected as a part of interface connection <m_axi_ddrK>.
WARNING: [BD 41-1306] The connection to interface pin </u_xmod/m_axi_ddrK_AWLEN> is being overridden by the user with net <u_xmod_m_axi_ddrK_AWLEN>. This pin will not be connected as a part of interface connection <m_axi_ddrK>.
WARNING: [BD 41-1306] The connection to interface pin </u_xmod/m_axi_ddrK_AWLOCK> is being overridden by the user with net <u_xmod_m_axi_ddrK_AWLOCK>. This pin will not be connected as a part of interface connection <m_axi_ddrK>.
WARNING: [BD 41-1306] The connection to interface pin </u_xmod/m_axi_ddrK_AWPROT> is being overridden by the user with net <u_xmod_m_axi_ddrK_AWPROT>. This pin will not be connected as a part of interface connection <m_axi_ddrK>.
WARNING: [BD 41-1306] The connection to interface pin </u_xmod/m_axi_ddrK_AWQOS> is being overridden by the user with net <u_xmod_m_axi_ddrK_AWQOS>. This pin will not be connected as a part of interface connection <m_axi_ddrK>.
WARNING: [BD 41-1306] The connection to interface pin </u_xmod/m_axi_ddrK_AWREADY> is being overridden by the user with net <m_axi_ddrK_AWREADY_0_1>. This pin will not be connected as a part of interface connection <m_axi_ddrK>.
WARNING: [BD 41-1306] The connection to interface pin </u_xmod/m_axi_ddrK_AWREGION> is being overridden by the user with net <u_xmod_m_axi_ddrK_AWREGION>. This pin will not be connected as a part of interface connection <m_axi_ddrK>.
WARNING: [BD 41-1306] The connection to interface pin </u_xmod/m_axi_ddrK_AWSIZE> is being overridden by the user with net <u_xmod_m_axi_ddrK_AWSIZE>. This pin will not be connected as a part of interface connection <m_axi_ddrK>.
WARNING: [BD 41-1306] The connection to interface pin </u_xmod/m_axi_ddrK_AWVALID> is being overridden by the user with net <u_xmod_m_axi_ddrK_AWVALID>. This pin will not be connected as a part of interface connection <m_axi_ddrK>.
WARNING: [BD 41-1306] The connection to interface pin </u_xmod/m_axi_ddrK_BID> is being overridden by the user with net <m_axi_ddrK_BID_0_1>. This pin will not be connected as a part of interface connection <m_axi_ddrK>.
WARNING: [BD 41-1306] The connection to interface pin </u_xmod/m_axi_ddrK_BREADY> is being overridden by the user with net <u_xmod_m_axi_ddrK_BREADY>. This pin will not be connected as a part of interface connection <m_axi_ddrK>.
WARNING: [BD 41-1306] The connection to interface pin </u_xmod/m_axi_ddrK_BRESP> is being overridden by the user with net <m_axi_ddrK_BRESP_0_1>. This pin will not be connected as a part of interface connection <m_axi_ddrK>.
WARNING: [BD 41-1306] The connection to interface pin </u_xmod/m_axi_ddrK_BVALID> is being overridden by the user with net <m_axi_ddrK_BVALID_0_1>. This pin will not be connected as a part of interface connection <m_axi_ddrK>.
WARNING: [BD 41-1306] The connection to interface pin </u_xmod/m_axi_ddrK_RDATA> is being overridden by the user with net <m_axi_ddrK_RDATA_0_1>. This pin will not be connected as a part of interface connection <m_axi_ddrK>.
WARNING: [BD 41-1306] The connection to interface pin </u_xmod/m_axi_ddrK_RID> is being overridden by the user with net <m_axi_ddrK_RID_0_1>. This pin will not be connected as a part of interface connection <m_axi_ddrK>.
WARNING: [BD 41-1306] The connection to interface pin </u_xmod/m_axi_ddrK_RLAST> is being overridden by the user with net <m_axi_ddrK_RLAST_0_1>. This pin will not be connected as a part of interface connection <m_axi_ddrK>.
WARNING: [BD 41-1306] The connection to interface pin </u_xmod/m_axi_ddrK_RREADY> is being overridden by the user with net <u_xmod_m_axi_ddrK_RREADY>. This pin will not be connected as a part of interface connection <m_axi_ddrK>.
WARNING: [BD 41-1306] The connection to interface pin </u_xmod/m_axi_ddrK_RRESP> is being overridden by the user with net <m_axi_ddrK_RRESP_0_1>. This pin will not be connected as a part of interface connection <m_axi_ddrK>.
WARNING: [BD 41-1306] The connection to interface pin </u_xmod/m_axi_ddrK_RVALID> is being overridden by the user with net <m_axi_ddrK_RVALID_0_1>. This pin will not be connected as a part of interface connection <m_axi_ddrK>.
WARNING: [BD 41-1306] The connection to interface pin </u_xmod/m_axi_ddrK_WDATA> is being overridden by the user with net <u_xmod_m_axi_ddrK_WDATA>. This pin will not be connected as a part of interface connection <m_axi_ddrK>.
WARNING: [BD 41-1306] The connection to interface pin </u_xmod/m_axi_ddrK_WID> is being overridden by the user with net <u_xmod_m_axi_ddrK_WID>. This pin will not be connected as a part of interface connection <m_axi_ddrK>.
WARNING: [BD 41-1306] The connection to interface pin </u_xmod/m_axi_ddrK_WLAST> is being overridden by the user with net <u_xmod_m_axi_ddrK_WLAST>. This pin will not be connected as a part of interface connection <m_axi_ddrK>.
WARNING: [BD 41-1306] The connection to interface pin </u_xmod/m_axi_ddrK_WREADY> is being overridden by the user with net <m_axi_ddrK_WREADY_0_1>. This pin will not be connected as a part of interface connection <m_axi_ddrK>.
WARNING: [BD 41-1306] The connection to interface pin </u_xmod/m_axi_ddrK_WSTRB> is being overridden by the user with net <u_xmod_m_axi_ddrK_WSTRB>. This pin will not be connected as a part of interface connection <m_axi_ddrK>.
WARNING: [BD 41-1306] The connection to interface pin </u_xmod/m_axi_ddrK_WVALID> is being overridden by the user with net <u_xmod_m_axi_ddrK_WVALID>. This pin will not be connected as a part of interface connection <m_axi_ddrK>.
WARNING: [BD 41-1306] The connection to interface pin </u_xmod/m_axi_ddrOUT_ARADDR> is being overridden by the user with net <u_xmod_m_axi_ddrOUT_ARADDR>. This pin will not be connected as a part of interface connection <m_axi_ddrOUT>.
WARNING: [BD 41-1306] The connection to interface pin </u_xmod/m_axi_ddrOUT_ARBURST> is being overridden by the user with net <u_xmod_m_axi_ddrOUT_ARBURST>. This pin will not be connected as a part of interface connection <m_axi_ddrOUT>.
WARNING: [BD 41-1306] The connection to interface pin </u_xmod/m_axi_ddrOUT_ARCACHE> is being overridden by the user with net <u_xmod_m_axi_ddrOUT_ARCACHE>. This pin will not be connected as a part of interface connection <m_axi_ddrOUT>.
WARNING: [BD 41-1306] The connection to interface pin </u_xmod/m_axi_ddrOUT_ARID> is being overridden by the user with net <u_xmod_m_axi_ddrOUT_ARID>. This pin will not be connected as a part of interface connection <m_axi_ddrOUT>.
WARNING: [BD 41-1306] The connection to interface pin </u_xmod/m_axi_ddrOUT_ARLEN> is being overridden by the user with net <u_xmod_m_axi_ddrOUT_ARLEN>. This pin will not be connected as a part of interface connection <m_axi_ddrOUT>.
WARNING: [BD 41-1306] The connection to interface pin </u_xmod/m_axi_ddrOUT_ARLOCK> is being overridden by the user with net <u_xmod_m_axi_ddrOUT_ARLOCK>. This pin will not be connected as a part of interface connection <m_axi_ddrOUT>.
WARNING: [BD 41-1306] The connection to interface pin </u_xmod/m_axi_ddrOUT_ARPROT> is being overridden by the user with net <u_xmod_m_axi_ddrOUT_ARPROT>. This pin will not be connected as a part of interface connection <m_axi_ddrOUT>.
WARNING: [BD 41-1306] The connection to interface pin </u_xmod/m_axi_ddrOUT_ARQOS> is being overridden by the user with net <u_xmod_m_axi_ddrOUT_ARQOS>. This pin will not be connected as a part of interface connection <m_axi_ddrOUT>.
WARNING: [BD 41-1306] The connection to interface pin </u_xmod/m_axi_ddrOUT_ARREADY> is being overridden by the user with net <m_axi_ddrOUT_ARREADY_0_1>. This pin will not be connected as a part of interface connection <m_axi_ddrOUT>.
WARNING: [BD 41-1306] The connection to interface pin </u_xmod/m_axi_ddrOUT_ARREGION> is being overridden by the user with net <u_xmod_m_axi_ddrOUT_ARREGION>. This pin will not be connected as a part of interface connection <m_axi_ddrOUT>.
WARNING: [BD 41-1306] The connection to interface pin </u_xmod/m_axi_ddrOUT_ARSIZE> is being overridden by the user with net <u_xmod_m_axi_ddrOUT_ARSIZE>. This pin will not be connected as a part of interface connection <m_axi_ddrOUT>.
WARNING: [BD 41-1306] The connection to interface pin </u_xmod/m_axi_ddrOUT_ARVALID> is being overridden by the user with net <u_xmod_m_axi_ddrOUT_ARVALID>. This pin will not be connected as a part of interface connection <m_axi_ddrOUT>.
WARNING: [BD 41-1306] The connection to interface pin </u_xmod/m_axi_ddrOUT_AWADDR> is being overridden by the user with net <u_xmod_m_axi_ddrOUT_AWADDR>. This pin will not be connected as a part of interface connection <m_axi_ddrOUT>.
WARNING: [BD 41-1306] The connection to interface pin </u_xmod/m_axi_ddrOUT_AWBURST> is being overridden by the user with net <u_xmod_m_axi_ddrOUT_AWBURST>. This pin will not be connected as a part of interface connection <m_axi_ddrOUT>.
WARNING: [BD 41-1306] The connection to interface pin </u_xmod/m_axi_ddrOUT_AWCACHE> is being overridden by the user with net <u_xmod_m_axi_ddrOUT_AWCACHE>. This pin will not be connected as a part of interface connection <m_axi_ddrOUT>.
WARNING: [BD 41-1306] The connection to interface pin </u_xmod/m_axi_ddrOUT_AWID> is being overridden by the user with net <u_xmod_m_axi_ddrOUT_AWID>. This pin will not be connected as a part of interface connection <m_axi_ddrOUT>.
WARNING: [BD 41-1306] The connection to interface pin </u_xmod/m_axi_ddrOUT_AWLEN> is being overridden by the user with net <u_xmod_m_axi_ddrOUT_AWLEN>. This pin will not be connected as a part of interface connection <m_axi_ddrOUT>.
WARNING: [BD 41-1306] The connection to interface pin </u_xmod/m_axi_ddrOUT_AWLOCK> is being overridden by the user with net <u_xmod_m_axi_ddrOUT_AWLOCK>. This pin will not be connected as a part of interface connection <m_axi_ddrOUT>.
WARNING: [BD 41-1306] The connection to interface pin </u_xmod/m_axi_ddrOUT_AWPROT> is being overridden by the user with net <u_xmod_m_axi_ddrOUT_AWPROT>. This pin will not be connected as a part of interface connection <m_axi_ddrOUT>.
WARNING: [BD 41-1306] The connection to interface pin </u_xmod/m_axi_ddrOUT_AWQOS> is being overridden by the user with net <u_xmod_m_axi_ddrOUT_AWQOS>. This pin will not be connected as a part of interface connection <m_axi_ddrOUT>.
WARNING: [BD 41-1306] The connection to interface pin </u_xmod/m_axi_ddrOUT_AWREADY> is being overridden by the user with net <m_axi_ddrOUT_AWREADY_0_1>. This pin will not be connected as a part of interface connection <m_axi_ddrOUT>.
WARNING: [BD 41-1306] The connection to interface pin </u_xmod/m_axi_ddrOUT_AWREGION> is being overridden by the user with net <u_xmod_m_axi_ddrOUT_AWREGION>. This pin will not be connected as a part of interface connection <m_axi_ddrOUT>.
WARNING: [BD 41-1306] The connection to interface pin </u_xmod/m_axi_ddrOUT_AWSIZE> is being overridden by the user with net <u_xmod_m_axi_ddrOUT_AWSIZE>. This pin will not be connected as a part of interface connection <m_axi_ddrOUT>.
WARNING: [BD 41-1306] The connection to interface pin </u_xmod/m_axi_ddrOUT_AWVALID> is being overridden by the user with net <u_xmod_m_axi_ddrOUT_AWVALID>. This pin will not be connected as a part of interface connection <m_axi_ddrOUT>.
WARNING: [BD 41-1306] The connection to interface pin </u_xmod/m_axi_ddrOUT_BID> is being overridden by the user with net <m_axi_ddrOUT_BID_0_1>. This pin will not be connected as a part of interface connection <m_axi_ddrOUT>.
WARNING: [BD 41-1306] The connection to interface pin </u_xmod/m_axi_ddrOUT_BREADY> is being overridden by the user with net <u_xmod_m_axi_ddrOUT_BREADY>. This pin will not be connected as a part of interface connection <m_axi_ddrOUT>.
WARNING: [BD 41-1306] The connection to interface pin </u_xmod/m_axi_ddrOUT_BRESP> is being overridden by the user with net <m_axi_ddrOUT_BRESP_0_1>. This pin will not be connected as a part of interface connection <m_axi_ddrOUT>.
WARNING: [BD 41-1306] The connection to interface pin </u_xmod/m_axi_ddrOUT_BVALID> is being overridden by the user with net <m_axi_ddrOUT_BVALID_0_1>. This pin will not be connected as a part of interface connection <m_axi_ddrOUT>.
WARNING: [BD 41-1306] The connection to interface pin </u_xmod/m_axi_ddrOUT_RDATA> is being overridden by the user with net <m_axi_ddrOUT_RDATA_0_1>. This pin will not be connected as a part of interface connection <m_axi_ddrOUT>.
WARNING: [BD 41-1306] The connection to interface pin </u_xmod/m_axi_ddrOUT_RID> is being overridden by the user with net <m_axi_ddrOUT_RID_0_1>. This pin will not be connected as a part of interface connection <m_axi_ddrOUT>.
WARNING: [BD 41-1306] The connection to interface pin </u_xmod/m_axi_ddrOUT_RLAST> is being overridden by the user with net <m_axi_ddrOUT_RLAST_0_1>. This pin will not be connected as a part of interface connection <m_axi_ddrOUT>.
WARNING: [BD 41-1306] The connection to interface pin </u_xmod/m_axi_ddrOUT_RREADY> is being overridden by the user with net <u_xmod_m_axi_ddrOUT_RREADY>. This pin will not be connected as a part of interface connection <m_axi_ddrOUT>.
WARNING: [BD 41-1306] The connection to interface pin </u_xmod/m_axi_ddrOUT_RRESP> is being overridden by the user with net <m_axi_ddrOUT_RRESP_0_1>. This pin will not be connected as a part of interface connection <m_axi_ddrOUT>.
WARNING: [BD 41-1306] The connection to interface pin </u_xmod/m_axi_ddrOUT_RVALID> is being overridden by the user with net <m_axi_ddrOUT_RVALID_0_1>. This pin will not be connected as a part of interface connection <m_axi_ddrOUT>.
WARNING: [BD 41-1306] The connection to interface pin </u_xmod/m_axi_ddrOUT_WDATA> is being overridden by the user with net <u_xmod_m_axi_ddrOUT_WDATA>. This pin will not be connected as a part of interface connection <m_axi_ddrOUT>.
WARNING: [BD 41-1306] The connection to interface pin </u_xmod/m_axi_ddrOUT_WID> is being overridden by the user with net <u_xmod_m_axi_ddrOUT_WID>. This pin will not be connected as a part of interface connection <m_axi_ddrOUT>.
WARNING: [BD 41-1306] The connection to interface pin </u_xmod/m_axi_ddrOUT_WLAST> is being overridden by the user with net <u_xmod_m_axi_ddrOUT_WLAST>. This pin will not be connected as a part of interface connection <m_axi_ddrOUT>.
WARNING: [BD 41-1306] The connection to interface pin </u_xmod/m_axi_ddrOUT_WREADY> is being overridden by the user with net <m_axi_ddrOUT_WREADY_0_1>. This pin will not be connected as a part of interface connection <m_axi_ddrOUT>.
WARNING: [BD 41-1306] The connection to interface pin </u_xmod/m_axi_ddrOUT_WSTRB> is being overridden by the user with net <u_xmod_m_axi_ddrOUT_WSTRB>. This pin will not be connected as a part of interface connection <m_axi_ddrOUT>.
WARNING: [BD 41-1306] The connection to interface pin </u_xmod/m_axi_ddrOUT_WVALID> is being overridden by the user with net <u_xmod_m_axi_ddrOUT_WVALID>. This pin will not be connected as a part of interface connection <m_axi_ddrOUT>.
WARNING: [BD 41-1306] The connection to interface pin </u_xmod/m_axi_ddrQ_ARADDR> is being overridden by the user with net <u_xmod_m_axi_ddrQ_ARADDR>. This pin will not be connected as a part of interface connection <m_axi_ddrQ>.
WARNING: [BD 41-1306] The connection to interface pin </u_xmod/m_axi_ddrQ_ARBURST> is being overridden by the user with net <u_xmod_m_axi_ddrQ_ARBURST>. This pin will not be connected as a part of interface connection <m_axi_ddrQ>.
WARNING: [BD 41-1306] The connection to interface pin </u_xmod/m_axi_ddrQ_ARCACHE> is being overridden by the user with net <u_xmod_m_axi_ddrQ_ARCACHE>. This pin will not be connected as a part of interface connection <m_axi_ddrQ>.
WARNING: [BD 41-1306] The connection to interface pin </u_xmod/m_axi_ddrQ_ARID> is being overridden by the user with net <u_xmod_m_axi_ddrQ_ARID>. This pin will not be connected as a part of interface connection <m_axi_ddrQ>.
WARNING: [BD 41-1306] The connection to interface pin </u_xmod/m_axi_ddrQ_ARLEN> is being overridden by the user with net <u_xmod_m_axi_ddrQ_ARLEN>. This pin will not be connected as a part of interface connection <m_axi_ddrQ>.
WARNING: [BD 41-1306] The connection to interface pin </u_xmod/m_axi_ddrQ_ARLOCK> is being overridden by the user with net <u_xmod_m_axi_ddrQ_ARLOCK>. This pin will not be connected as a part of interface connection <m_axi_ddrQ>.
WARNING: [BD 41-1306] The connection to interface pin </u_xmod/m_axi_ddrQ_ARPROT> is being overridden by the user with net <u_xmod_m_axi_ddrQ_ARPROT>. This pin will not be connected as a part of interface connection <m_axi_ddrQ>.
WARNING: [BD 41-1306] The connection to interface pin </u_xmod/m_axi_ddrQ_ARQOS> is being overridden by the user with net <u_xmod_m_axi_ddrQ_ARQOS>. This pin will not be connected as a part of interface connection <m_axi_ddrQ>.
WARNING: [BD 41-1306] The connection to interface pin </u_xmod/m_axi_ddrQ_ARREADY> is being overridden by the user with net <m_axi_ddrQ_ARREADY_0_1>. This pin will not be connected as a part of interface connection <m_axi_ddrQ>.
WARNING: [BD 41-1306] The connection to interface pin </u_xmod/m_axi_ddrQ_ARREGION> is being overridden by the user with net <u_xmod_m_axi_ddrQ_ARREGION>. This pin will not be connected as a part of interface connection <m_axi_ddrQ>.
WARNING: [BD 41-1306] The connection to interface pin </u_xmod/m_axi_ddrQ_ARSIZE> is being overridden by the user with net <u_xmod_m_axi_ddrQ_ARSIZE>. This pin will not be connected as a part of interface connection <m_axi_ddrQ>.
WARNING: [BD 41-1306] The connection to interface pin </u_xmod/m_axi_ddrQ_ARVALID> is being overridden by the user with net <u_xmod_m_axi_ddrQ_ARVALID>. This pin will not be connected as a part of interface connection <m_axi_ddrQ>.
WARNING: [BD 41-1306] The connection to interface pin </u_xmod/m_axi_ddrQ_AWADDR> is being overridden by the user with net <u_xmod_m_axi_ddrQ_AWADDR>. This pin will not be connected as a part of interface connection <m_axi_ddrQ>.
WARNING: [BD 41-1306] The connection to interface pin </u_xmod/m_axi_ddrQ_AWBURST> is being overridden by the user with net <u_xmod_m_axi_ddrQ_AWBURST>. This pin will not be connected as a part of interface connection <m_axi_ddrQ>.
WARNING: [BD 41-1306] The connection to interface pin </u_xmod/m_axi_ddrQ_AWCACHE> is being overridden by the user with net <u_xmod_m_axi_ddrQ_AWCACHE>. This pin will not be connected as a part of interface connection <m_axi_ddrQ>.
WARNING: [BD 41-1306] The connection to interface pin </u_xmod/m_axi_ddrQ_AWID> is being overridden by the user with net <u_xmod_m_axi_ddrQ_AWID>. This pin will not be connected as a part of interface connection <m_axi_ddrQ>.
WARNING: [BD 41-1306] The connection to interface pin </u_xmod/m_axi_ddrQ_AWLEN> is being overridden by the user with net <u_xmod_m_axi_ddrQ_AWLEN>. This pin will not be connected as a part of interface connection <m_axi_ddrQ>.
WARNING: [BD 41-1306] The connection to interface pin </u_xmod/m_axi_ddrQ_AWLOCK> is being overridden by the user with net <u_xmod_m_axi_ddrQ_AWLOCK>. This pin will not be connected as a part of interface connection <m_axi_ddrQ>.
WARNING: [BD 41-1306] The connection to interface pin </u_xmod/m_axi_ddrQ_AWPROT> is being overridden by the user with net <u_xmod_m_axi_ddrQ_AWPROT>. This pin will not be connected as a part of interface connection <m_axi_ddrQ>.
WARNING: [BD 41-1306] The connection to interface pin </u_xmod/m_axi_ddrQ_AWQOS> is being overridden by the user with net <u_xmod_m_axi_ddrQ_AWQOS>. This pin will not be connected as a part of interface connection <m_axi_ddrQ>.
INFO: [Common 17-14] Message 'BD 41-1306' appears 100 times and further instances of the messages will be disabled. Use the Tcl command set_msg_config to change the current settings.
CRITICAL WARNING: [BD 41-1356] Slave segment </u_gvsa/s_axi_control/Reg> is not assigned into address space </s_axi_control_1>. Please use Address Editor to either assign or exclude it.
CRITICAL WARNING: [BD 41-1356] Slave segment </M00_AXI_0/Reg> is not assigned into address space </u_adh/Data_m_axi_ddrW2>. Please use Address Editor to either assign or exclude it.
CRITICAL WARNING: [BD 41-1356] Slave segment </M01_AXI_0/Reg> is not assigned into address space </u_adh/Data_m_axi_ddrW2>. Please use Address Editor to either assign or exclude it.
CRITICAL WARNING: [BD 41-1356] Slave segment </M02_AXI_0/Reg> is not assigned into address space </u_adh/Data_m_axi_ddrW2>. Please use Address Editor to either assign or exclude it.
CRITICAL WARNING: [BD 41-1356] Slave segment </M03_AXI_0/Reg> is not assigned into address space </u_adh/Data_m_axi_ddrW2>. Please use Address Editor to either assign or exclude it.
CRITICAL WARNING: [BD 41-1356] Slave segment </M00_AXI_0/Reg> is not assigned into address space </u_adh/Data_m_axi_ddrOUT>. Please use Address Editor to either assign or exclude it.
CRITICAL WARNING: [BD 41-1356] Slave segment </M01_AXI_0/Reg> is not assigned into address space </u_adh/Data_m_axi_ddrOUT>. Please use Address Editor to either assign or exclude it.
CRITICAL WARNING: [BD 41-1356] Slave segment </M02_AXI_0/Reg> is not assigned into address space </u_adh/Data_m_axi_ddrOUT>. Please use Address Editor to either assign or exclude it.
CRITICAL WARNING: [BD 41-1356] Slave segment </M03_AXI_0/Reg> is not assigned into address space </u_adh/Data_m_axi_ddrOUT>. Please use Address Editor to either assign or exclude it.
CRITICAL WARNING: [BD 41-1356] Slave segment </u_xmod/s_axi_control/Reg> is not assigned into address space </s_axi_control_0>. Please use Address Editor to either assign or exclude it.
CRITICAL WARNING: [BD 41-1356] Slave segment </u_adh/s_axi_control/Reg> is not assigned into address space </s_axi_control_2>. Please use Address Editor to either assign or exclude it.
CRITICAL WARNING: [BD 41-1356] Slave segment </M00_AXI_0/Reg> is not assigned into address space </u_adh/Data_m_axi_ddrCTX>. Please use Address Editor to either assign or exclude it.
CRITICAL WARNING: [BD 41-1356] Slave segment </M01_AXI_0/Reg> is not assigned into address space </u_adh/Data_m_axi_ddrCTX>. Please use Address Editor to either assign or exclude it.
CRITICAL WARNING: [BD 41-1356] Slave segment </M02_AXI_0/Reg> is not assigned into address space </u_adh/Data_m_axi_ddrCTX>. Please use Address Editor to either assign or exclude it.
CRITICAL WARNING: [BD 41-1356] Slave segment </M03_AXI_0/Reg> is not assigned into address space </u_adh/Data_m_axi_ddrCTX>. Please use Address Editor to either assign or exclude it.
CRITICAL WARNING: [BD 41-1356] Slave segment </M00_AXI_0/Reg> is not assigned into address space </u_adh/Data_m_axi_ddrIN>. Please use Address Editor to either assign or exclude it.
CRITICAL WARNING: [BD 41-1356] Slave segment </M01_AXI_0/Reg> is not assigned into address space </u_adh/Data_m_axi_ddrIN>. Please use Address Editor to either assign or exclude it.
CRITICAL WARNING: [BD 41-1356] Slave segment </M02_AXI_0/Reg> is not assigned into address space </u_adh/Data_m_axi_ddrIN>. Please use Address Editor to either assign or exclude it.
CRITICAL WARNING: [BD 41-1356] Slave segment </M03_AXI_0/Reg> is not assigned into address space </u_adh/Data_m_axi_ddrIN>. Please use Address Editor to either assign or exclude it.
CRITICAL WARNING: [BD 41-1356] Slave segment </M00_AXI_0/Reg> is not assigned into address space </u_adh/Data_m_axi_ddrW1>. Please use Address Editor to either assign or exclude it.
CRITICAL WARNING: [BD 41-1356] Slave segment </M01_AXI_0/Reg> is not assigned into address space </u_adh/Data_m_axi_ddrW1>. Please use Address Editor to either assign or exclude it.
CRITICAL WARNING: [BD 41-1356] Slave segment </M02_AXI_0/Reg> is not assigned into address space </u_adh/Data_m_axi_ddrW1>. Please use Address Editor to either assign or exclude it.
CRITICAL WARNING: [BD 41-1356] Slave segment </M03_AXI_0/Reg> is not assigned into address space </u_adh/Data_m_axi_ddrW1>. Please use Address Editor to either assign or exclude it.
CRITICAL WARNING: [BD 41-1356] Slave segment </M00_AXI_0/Reg> is not assigned into address space </u_xmod/Data_m_axi_ddrK>. Please use Address Editor to either assign or exclude it.
CRITICAL WARNING: [BD 41-1356] Slave segment </M01_AXI_0/Reg> is not assigned into address space </u_xmod/Data_m_axi_ddrK>. Please use Address Editor to either assign or exclude it.
CRITICAL WARNING: [BD 41-1356] Slave segment </M02_AXI_0/Reg> is not assigned into address space </u_xmod/Data_m_axi_ddrK>. Please use Address Editor to either assign or exclude it.
CRITICAL WARNING: [BD 41-1356] Slave segment </M03_AXI_0/Reg> is not assigned into address space </u_xmod/Data_m_axi_ddrK>. Please use Address Editor to either assign or exclude it.
CRITICAL WARNING: [BD 41-1356] Slave segment </M00_AXI_0/Reg> is not assigned into address space </u_xmod/Data_m_axi_ddrV>. Please use Address Editor to either assign or exclude it.
CRITICAL WARNING: [BD 41-1356] Slave segment </M01_AXI_0/Reg> is not assigned into address space </u_xmod/Data_m_axi_ddrV>. Please use Address Editor to either assign or exclude it.
CRITICAL WARNING: [BD 41-1356] Slave segment </M02_AXI_0/Reg> is not assigned into address space </u_xmod/Data_m_axi_ddrV>. Please use Address Editor to either assign or exclude it.
CRITICAL WARNING: [BD 41-1356] Slave segment </M03_AXI_0/Reg> is not assigned into address space </u_xmod/Data_m_axi_ddrV>. Please use Address Editor to either assign or exclude it.
CRITICAL WARNING: [BD 41-1356] Slave segment </M00_AXI_0/Reg> is not assigned into address space </u_xmod/Data_m_axi_ddrOUT>. Please use Address Editor to either assign or exclude it.
CRITICAL WARNING: [BD 41-1356] Slave segment </M01_AXI_0/Reg> is not assigned into address space </u_xmod/Data_m_axi_ddrOUT>. Please use Address Editor to either assign or exclude it.
CRITICAL WARNING: [BD 41-1356] Slave segment </M02_AXI_0/Reg> is not assigned into address space </u_xmod/Data_m_axi_ddrOUT>. Please use Address Editor to either assign or exclude it.
CRITICAL WARNING: [BD 41-1356] Slave segment </M03_AXI_0/Reg> is not assigned into address space </u_xmod/Data_m_axi_ddrOUT>. Please use Address Editor to either assign or exclude it.
CRITICAL WARNING: [BD 41-1356] Slave segment </M00_AXI_0/Reg> is not assigned into address space </u_xmod/Data_m_axi_ddrQ>. Please use Address Editor to either assign or exclude it.
CRITICAL WARNING: [BD 41-1356] Slave segment </M01_AXI_0/Reg> is not assigned into address space </u_xmod/Data_m_axi_ddrQ>. Please use Address Editor to either assign or exclude it.
CRITICAL WARNING: [BD 41-1356] Slave segment </M02_AXI_0/Reg> is not assigned into address space </u_xmod/Data_m_axi_ddrQ>. Please use Address Editor to either assign or exclude it.
CRITICAL WARNING: [BD 41-1356] Slave segment </M03_AXI_0/Reg> is not assigned into address space </u_xmod/Data_m_axi_ddrQ>. Please use Address Editor to either assign or exclude it.
CRITICAL WARNING: [BD 41-1356] Slave segment </M00_AXI_0/Reg> is not assigned into address space </u_gvsa/Data_m_axi_ddrP>. Please use Address Editor to either assign or exclude it.
CRITICAL WARNING: [BD 41-1356] Slave segment </M01_AXI_0/Reg> is not assigned into address space </u_gvsa/Data_m_axi_ddrP>. Please use Address Editor to either assign or exclude it.
CRITICAL WARNING: [BD 41-1356] Slave segment </M02_AXI_0/Reg> is not assigned into address space </u_gvsa/Data_m_axi_ddrP>. Please use Address Editor to either assign or exclude it.
CRITICAL WARNING: [BD 41-1356] Slave segment </M03_AXI_0/Reg> is not assigned into address space </u_gvsa/Data_m_axi_ddrP>. Please use Address Editor to either assign or exclude it.
CRITICAL WARNING: [BD 41-1356] Slave segment </M00_AXI_0/Reg> is not assigned into address space </u_vit/Data_m_axi_ddrIN>. Please use Address Editor to either assign or exclude it.
CRITICAL WARNING: [BD 41-1356] Slave segment </M01_AXI_0/Reg> is not assigned into address space </u_vit/Data_m_axi_ddrIN>. Please use Address Editor to either assign or exclude it.
CRITICAL WARNING: [BD 41-1356] Slave segment </M02_AXI_0/Reg> is not assigned into address space </u_vit/Data_m_axi_ddrIN>. Please use Address Editor to either assign or exclude it.
CRITICAL WARNING: [BD 41-1356] Slave segment </M03_AXI_0/Reg> is not assigned into address space </u_vit/Data_m_axi_ddrIN>. Please use Address Editor to either assign or exclude it.
CRITICAL WARNING: [BD 41-1356] Slave segment </M00_AXI_0/Reg> is not assigned into address space </u_vit/Data_m_axi_ddrW1>. Please use Address Editor to either assign or exclude it.
CRITICAL WARNING: [BD 41-1356] Slave segment </M01_AXI_0/Reg> is not assigned into address space </u_vit/Data_m_axi_ddrW1>. Please use Address Editor to either assign or exclude it.
CRITICAL WARNING: [BD 41-1356] Slave segment </M02_AXI_0/Reg> is not assigned into address space </u_vit/Data_m_axi_ddrW1>. Please use Address Editor to either assign or exclude it.
CRITICAL WARNING: [BD 41-1356] Slave segment </M03_AXI_0/Reg> is not assigned into address space </u_vit/Data_m_axi_ddrW1>. Please use Address Editor to either assign or exclude it.
CRITICAL WARNING: [BD 41-1356] Slave segment </M00_AXI_0/Reg> is not assigned into address space </u_vit/Data_m_axi_ddrW2>. Please use Address Editor to either assign or exclude it.
CRITICAL WARNING: [BD 41-1356] Slave segment </M01_AXI_0/Reg> is not assigned into address space </u_vit/Data_m_axi_ddrW2>. Please use Address Editor to either assign or exclude it.
CRITICAL WARNING: [BD 41-1356] Slave segment </M02_AXI_0/Reg> is not assigned into address space </u_vit/Data_m_axi_ddrW2>. Please use Address Editor to either assign or exclude it.
CRITICAL WARNING: [BD 41-1356] Slave segment </M03_AXI_0/Reg> is not assigned into address space </u_vit/Data_m_axi_ddrW2>. Please use Address Editor to either assign or exclude it.
CRITICAL WARNING: [BD 41-1356] Slave segment </M00_AXI_0/Reg> is not assigned into address space </u_vit/Data_m_axi_ddrOUT>. Please use Address Editor to either assign or exclude it.
CRITICAL WARNING: [BD 41-1356] Slave segment </M01_AXI_0/Reg> is not assigned into address space </u_vit/Data_m_axi_ddrOUT>. Please use Address Editor to either assign or exclude it.
CRITICAL WARNING: [BD 41-1356] Slave segment </M02_AXI_0/Reg> is not assigned into address space </u_vit/Data_m_axi_ddrOUT>. Please use Address Editor to either assign or exclude it.
CRITICAL WARNING: [BD 41-1356] Slave segment </M03_AXI_0/Reg> is not assigned into address space </u_vit/Data_m_axi_ddrOUT>. Please use Address Editor to either assign or exclude it.
CRITICAL WARNING: [BD 41-1356] Slave segment </u_vit/s_axi_control/Reg> is not assigned into address space </s_axi_control_3>. Please use Address Editor to either assign or exclude it.
CRITICAL WARNING: [BD 41-1356] Slave segment </M00_AXI_0/Reg> is not assigned into address space </u_gvsa/Data_m_axi_ddrQ>. Please use Address Editor to either assign or exclude it.
CRITICAL WARNING: [BD 41-1356] Slave segment </M01_AXI_0/Reg> is not assigned into address space </u_gvsa/Data_m_axi_ddrQ>. Please use Address Editor to either assign or exclude it.
CRITICAL WARNING: [BD 41-1356] Slave segment </M02_AXI_0/Reg> is not assigned into address space </u_gvsa/Data_m_axi_ddrQ>. Please use Address Editor to either assign or exclude it.
CRITICAL WARNING: [BD 41-1356] Slave segment </M03_AXI_0/Reg> is not assigned into address space </u_gvsa/Data_m_axi_ddrQ>. Please use Address Editor to either assign or exclude it.
CRITICAL WARNING: [BD 41-1356] Slave segment </M00_AXI_0/Reg> is not assigned into address space </u_gvsa/Data_m_axi_ddrK>. Please use Address Editor to either assign or exclude it.
CRITICAL WARNING: [BD 41-1356] Slave segment </M01_AXI_0/Reg> is not assigned into address space </u_gvsa/Data_m_axi_ddrK>. Please use Address Editor to either assign or exclude it.
CRITICAL WARNING: [BD 41-1356] Slave segment </M02_AXI_0/Reg> is not assigned into address space </u_gvsa/Data_m_axi_ddrK>. Please use Address Editor to either assign or exclude it.
CRITICAL WARNING: [BD 41-1356] Slave segment </M03_AXI_0/Reg> is not assigned into address space </u_gvsa/Data_m_axi_ddrK>. Please use Address Editor to either assign or exclude it.
CRITICAL WARNING: [BD 41-2909] Smartconnect block </axi_sc_0> has no assigned address segments through any of its interfaces and has its contents undefined, which may lead to black-box errors during implementation
Resolution: Make sure that there is at least one address assigned through this Smartconnect and endpoints are correctly connected to each other
INFO: [xilinx.com:ip:smartconnect:1.0-1] mr_vla_bd_v4_axi_sc_0_0: SmartConnect mr_vla_bd_v4_axi_sc_0_0 is in High-performance Mode.
xit::source_ipfile: Time (s): cpu = 00:00:05 ; elapsed = 00:00:06 . Memory (MB): peak = 1836.316 ; gain = 198.344 ; free physical = 58497 ; free virtual = 61092
WARNING: [BD 41-1271] The connection to the pin: /u_xmod/m_axi_ddrK_ARSIZE has been overridden by the user. This pin will not be connected as a part of the interface connection: u_xmod_m_axi_ddrK 
WARNING: [BD 41-1271] The connection to the pin: /u_xmod/m_axi_ddrK_ARCACHE has been overridden by the user. This pin will not be connected as a part of the interface connection: u_xmod_m_axi_ddrK 
WARNING: [BD 41-1271] The connection to the pin: /u_xmod/m_axi_ddrK_ARVALID has been overridden by the user. This pin will not be connected as a part of the interface connection: u_xmod_m_axi_ddrK 
WARNING: [BD 41-1271] The connection to the pin: /u_xmod/m_axi_ddrK_ARREADY has been overridden by the user. This pin will not be connected as a part of the interface connection: u_xmod_m_axi_ddrK 
WARNING: [BD 41-1271] The connection to the pin: /u_xmod/m_axi_ddrK_ARBURST has been overridden by the user. This pin will not be connected as a part of the interface connection: u_xmod_m_axi_ddrK 
WARNING: [BD 41-1271] The connection to the pin: /u_xmod/m_axi_ddrK_ARQOS has been overridden by the user. This pin will not be connected as a part of the interface connection: u_xmod_m_axi_ddrK 
WARNING: [BD 41-1271] The connection to the pin: /u_xmod/m_axi_ddrK_ARPROT has been overridden by the user. This pin will not be connected as a part of the interface connection: u_xmod_m_axi_ddrK 
WARNING: [BD 41-1271] The connection to the pin: /u_xmod/m_axi_ddrK_ARADDR has been overridden by the user. This pin will not be connected as a part of the interface connection: u_xmod_m_axi_ddrK 
WARNING: [BD 41-1271] The connection to the pin: /u_xmod/m_axi_ddrK_ARID has been overridden by the user. This pin will not be connected as a part of the interface connection: u_xmod_m_axi_ddrK 
WARNING: [BD 41-1271] The connection to the pin: /u_xmod/m_axi_ddrK_ARLEN has been overridden by the user. This pin will not be connected as a part of the interface connection: u_xmod_m_axi_ddrK 
WARNING: [BD 41-1271] The connection to the pin: /u_xmod/m_axi_ddrK_ARLOCK has been overridden by the user. This pin will not be connected as a part of the interface connection: u_xmod_m_axi_ddrK 
WARNING: [BD 41-1271] The connection to the pin: /u_xmod/m_axi_ddrK_RLAST has been overridden by the user. This pin will not be connected as a part of the interface connection: u_xmod_m_axi_ddrK 
WARNING: [BD 41-1271] The connection to the pin: /u_xmod/m_axi_ddrK_RDATA has been overridden by the user. This pin will not be connected as a part of the interface connection: u_xmod_m_axi_ddrK 
WARNING: [BD 41-1271] The connection to the pin: /u_xmod/m_axi_ddrK_RREADY has been overridden by the user. This pin will not be connected as a part of the interface connection: u_xmod_m_axi_ddrK 
WARNING: [BD 41-1271] The connection to the pin: /u_xmod/m_axi_ddrK_RRESP has been overridden by the user. This pin will not be connected as a part of the interface connection: u_xmod_m_axi_ddrK 
WARNING: [BD 41-1271] The connection to the pin: /u_xmod/m_axi_ddrK_RID has been overridden by the user. This pin will not be connected as a part of the interface connection: u_xmod_m_axi_ddrK 
WARNING: [BD 41-1271] The connection to the pin: /u_xmod/m_axi_ddrK_RVALID has been overridden by the user. This pin will not be connected as a part of the interface connection: u_xmod_m_axi_ddrK 
WARNING: [BD 41-1271] The connection to the pin: /u_xmod/m_axi_ddrOUT_WVALID has been overridden by the user. This pin will not be connected as a part of the interface connection: u_xmod_m_axi_ddrOUT 
WARNING: [BD 41-1271] The connection to the pin: /u_xmod/m_axi_ddrOUT_AWSIZE has been overridden by the user. This pin will not be connected as a part of the interface connection: u_xmod_m_axi_ddrOUT 
WARNING: [BD 41-1271] The connection to the pin: /u_xmod/m_axi_ddrOUT_AWADDR has been overridden by the user. This pin will not be connected as a part of the interface connection: u_xmod_m_axi_ddrOUT 
WARNING: [BD 41-1271] The connection to the pin: /u_xmod/m_axi_ddrOUT_AWLEN has been overridden by the user. This pin will not be connected as a part of the interface connection: u_xmod_m_axi_ddrOUT 
WARNING: [BD 41-1271] The connection to the pin: /u_xmod/m_axi_ddrOUT_AWLOCK has been overridden by the user. This pin will not be connected as a part of the interface connection: u_xmod_m_axi_ddrOUT 
WARNING: [BD 41-1271] The connection to the pin: /u_xmod/m_axi_ddrOUT_BVALID has been overridden by the user. This pin will not be connected as a part of the interface connection: u_xmod_m_axi_ddrOUT 
WARNING: [BD 41-1271] The connection to the pin: /u_xmod/m_axi_ddrOUT_WSTRB has been overridden by the user. This pin will not be connected as a part of the interface connection: u_xmod_m_axi_ddrOUT 
WARNING: [BD 41-1271] The connection to the pin: /u_xmod/m_axi_ddrOUT_AWVALID has been overridden by the user. This pin will not be connected as a part of the interface connection: u_xmod_m_axi_ddrOUT 
WARNING: [BD 41-1271] The connection to the pin: /u_xmod/m_axi_ddrOUT_WDATA has been overridden by the user. This pin will not be connected as a part of the interface connection: u_xmod_m_axi_ddrOUT 
WARNING: [BD 41-1271] The connection to the pin: /u_xmod/m_axi_ddrOUT_AWID has been overridden by the user. This pin will not be connected as a part of the interface connection: u_xmod_m_axi_ddrOUT 
WARNING: [BD 41-1271] The connection to the pin: /u_xmod/m_axi_ddrOUT_AWPROT has been overridden by the user. This pin will not be connected as a part of the interface connection: u_xmod_m_axi_ddrOUT 
WARNING: [BD 41-1271] The connection to the pin: /u_xmod/m_axi_ddrOUT_BREADY has been overridden by the user. This pin will not be connected as a part of the interface connection: u_xmod_m_axi_ddrOUT 
WARNING: [BD 41-1271] The connection to the pin: /u_xmod/m_axi_ddrOUT_AWBURST has been overridden by the user. This pin will not be connected as a part of the interface connection: u_xmod_m_axi_ddrOUT 
WARNING: [BD 41-1271] The connection to the pin: /u_xmod/m_axi_ddrOUT_AWREADY has been overridden by the user. This pin will not be connected as a part of the interface connection: u_xmod_m_axi_ddrOUT 
WARNING: [BD 41-1271] The connection to the pin: /u_xmod/m_axi_ddrOUT_WREADY has been overridden by the user. This pin will not be connected as a part of the interface connection: u_xmod_m_axi_ddrOUT 
WARNING: [BD 41-1271] The connection to the pin: /u_xmod/m_axi_ddrOUT_BID has been overridden by the user. This pin will not be connected as a part of the interface connection: u_xmod_m_axi_ddrOUT 
WARNING: [BD 41-1271] The connection to the pin: /u_xmod/m_axi_ddrOUT_BRESP has been overridden by the user. This pin will not be connected as a part of the interface connection: u_xmod_m_axi_ddrOUT 
WARNING: [BD 41-1271] The connection to the pin: /u_xmod/m_axi_ddrOUT_AWQOS has been overridden by the user. This pin will not be connected as a part of the interface connection: u_xmod_m_axi_ddrOUT 
WARNING: [BD 41-1271] The connection to the pin: /u_xmod/m_axi_ddrOUT_WLAST has been overridden by the user. This pin will not be connected as a part of the interface connection: u_xmod_m_axi_ddrOUT 
WARNING: [BD 41-1271] The connection to the pin: /u_xmod/m_axi_ddrOUT_AWCACHE has been overridden by the user. This pin will not be connected as a part of the interface connection: u_xmod_m_axi_ddrOUT 
WARNING: [BD 41-1271] The connection to the pin: /u_xmod/m_axi_ddrQ_ARSIZE has been overridden by the user. This pin will not be connected as a part of the interface connection: u_xmod_m_axi_ddrQ 
WARNING: [BD 41-1271] The connection to the pin: /u_xmod/m_axi_ddrQ_ARCACHE has been overridden by the user. This pin will not be connected as a part of the interface connection: u_xmod_m_axi_ddrQ 
WARNING: [BD 41-1271] The connection to the pin: /u_xmod/m_axi_ddrQ_ARVALID has been overridden by the user. This pin will not be connected as a part of the interface connection: u_xmod_m_axi_ddrQ 
WARNING: [BD 41-1271] The connection to the pin: /u_xmod/m_axi_ddrQ_ARREADY has been overridden by the user. This pin will not be connected as a part of the interface connection: u_xmod_m_axi_ddrQ 
WARNING: [BD 41-1271] The connection to the pin: /u_xmod/m_axi_ddrQ_ARBURST has been overridden by the user. This pin will not be connected as a part of the interface connection: u_xmod_m_axi_ddrQ 
WARNING: [BD 41-1271] The connection to the pin: /u_xmod/m_axi_ddrQ_ARQOS has been overridden by the user. This pin will not be connected as a part of the interface connection: u_xmod_m_axi_ddrQ 
WARNING: [BD 41-1271] The connection to the pin: /u_xmod/m_axi_ddrQ_ARPROT has been overridden by the user. This pin will not be connected as a part of the interface connection: u_xmod_m_axi_ddrQ 
WARNING: [BD 41-1271] The connection to the pin: /u_xmod/m_axi_ddrQ_ARADDR has been overridden by the user. This pin will not be connected as a part of the interface connection: u_xmod_m_axi_ddrQ 
WARNING: [BD 41-1271] The connection to the pin: /u_xmod/m_axi_ddrQ_ARID has been overridden by the user. This pin will not be connected as a part of the interface connection: u_xmod_m_axi_ddrQ 
WARNING: [BD 41-1271] The connection to the pin: /u_xmod/m_axi_ddrQ_ARLEN has been overridden by the user. This pin will not be connected as a part of the interface connection: u_xmod_m_axi_ddrQ 
WARNING: [BD 41-1271] The connection to the pin: /u_xmod/m_axi_ddrQ_ARLOCK has been overridden by the user. This pin will not be connected as a part of the interface connection: u_xmod_m_axi_ddrQ 
WARNING: [BD 41-1271] The connection to the pin: /u_xmod/m_axi_ddrQ_RLAST has been overridden by the user. This pin will not be connected as a part of the interface connection: u_xmod_m_axi_ddrQ 
WARNING: [BD 41-1271] The connection to the pin: /u_xmod/m_axi_ddrQ_RDATA has been overridden by the user. This pin will not be connected as a part of the interface connection: u_xmod_m_axi_ddrQ 
WARNING: [BD 41-1271] The connection to the pin: /u_xmod/m_axi_ddrQ_RREADY has been overridden by the user. This pin will not be connected as a part of the interface connection: u_xmod_m_axi_ddrQ 
WARNING: [BD 41-1271] The connection to the pin: /u_xmod/m_axi_ddrQ_RRESP has been overridden by the user. This pin will not be connected as a part of the interface connection: u_xmod_m_axi_ddrQ 
WARNING: [BD 41-1271] The connection to the pin: /u_xmod/m_axi_ddrQ_RID has been overridden by the user. This pin will not be connected as a part of the interface connection: u_xmod_m_axi_ddrQ 
WARNING: [BD 41-1271] The connection to the pin: /u_xmod/m_axi_ddrQ_RVALID has been overridden by the user. This pin will not be connected as a part of the interface connection: u_xmod_m_axi_ddrQ 
WARNING: [BD 41-1271] The connection to the pin: /u_xmod/m_axi_ddrV_ARSIZE has been overridden by the user. This pin will not be connected as a part of the interface connection: u_xmod_m_axi_ddrV 
WARNING: [BD 41-1271] The connection to the pin: /u_xmod/m_axi_ddrV_ARCACHE has been overridden by the user. This pin will not be connected as a part of the interface connection: u_xmod_m_axi_ddrV 
WARNING: [BD 41-1271] The connection to the pin: /u_xmod/m_axi_ddrV_ARVALID has been overridden by the user. This pin will not be connected as a part of the interface connection: u_xmod_m_axi_ddrV 
WARNING: [BD 41-1271] The connection to the pin: /u_xmod/m_axi_ddrV_ARREADY has been overridden by the user. This pin will not be connected as a part of the interface connection: u_xmod_m_axi_ddrV 
WARNING: [BD 41-1271] The connection to the pin: /u_xmod/m_axi_ddrV_ARBURST has been overridden by the user. This pin will not be connected as a part of the interface connection: u_xmod_m_axi_ddrV 
WARNING: [BD 41-1271] The connection to the pin: /u_xmod/m_axi_ddrV_ARQOS has been overridden by the user. This pin will not be connected as a part of the interface connection: u_xmod_m_axi_ddrV 
WARNING: [BD 41-1271] The connection to the pin: /u_xmod/m_axi_ddrV_ARPROT has been overridden by the user. This pin will not be connected as a part of the interface connection: u_xmod_m_axi_ddrV 
WARNING: [BD 41-1271] The connection to the pin: /u_xmod/m_axi_ddrV_ARADDR has been overridden by the user. This pin will not be connected as a part of the interface connection: u_xmod_m_axi_ddrV 
WARNING: [BD 41-1271] The connection to the pin: /u_xmod/m_axi_ddrV_ARID has been overridden by the user. This pin will not be connected as a part of the interface connection: u_xmod_m_axi_ddrV 
WARNING: [BD 41-1271] The connection to the pin: /u_xmod/m_axi_ddrV_ARLEN has been overridden by the user. This pin will not be connected as a part of the interface connection: u_xmod_m_axi_ddrV 
WARNING: [BD 41-1271] The connection to the pin: /u_xmod/m_axi_ddrV_ARLOCK has been overridden by the user. This pin will not be connected as a part of the interface connection: u_xmod_m_axi_ddrV 
WARNING: [BD 41-1271] The connection to the pin: /u_xmod/m_axi_ddrV_RLAST has been overridden by the user. This pin will not be connected as a part of the interface connection: u_xmod_m_axi_ddrV 
WARNING: [BD 41-1271] The connection to the pin: /u_xmod/m_axi_ddrV_RDATA has been overridden by the user. This pin will not be connected as a part of the interface connection: u_xmod_m_axi_ddrV 
WARNING: [BD 41-1271] The connection to the pin: /u_xmod/m_axi_ddrV_RREADY has been overridden by the user. This pin will not be connected as a part of the interface connection: u_xmod_m_axi_ddrV 
WARNING: [BD 41-1271] The connection to the pin: /u_xmod/m_axi_ddrV_RRESP has been overridden by the user. This pin will not be connected as a part of the interface connection: u_xmod_m_axi_ddrV 
WARNING: [BD 41-1271] The connection to the pin: /u_xmod/m_axi_ddrV_RID has been overridden by the user. This pin will not be connected as a part of the interface connection: u_xmod_m_axi_ddrV 
WARNING: [BD 41-1271] The connection to the pin: /u_xmod/m_axi_ddrV_RVALID has been overridden by the user. This pin will not be connected as a part of the interface connection: u_xmod_m_axi_ddrV 
WARNING: [BD 41-1271] The connection to the pin: /u_gvsa/m_axi_ddrK_ARSIZE has been overridden by the user. This pin will not be connected as a part of the interface connection: u_gvsa_m_axi_ddrK 
WARNING: [BD 41-1271] The connection to the pin: /u_gvsa/m_axi_ddrK_ARCACHE has been overridden by the user. This pin will not be connected as a part of the interface connection: u_gvsa_m_axi_ddrK 
WARNING: [BD 41-1271] The connection to the pin: /u_gvsa/m_axi_ddrK_ARVALID has been overridden by the user. This pin will not be connected as a part of the interface connection: u_gvsa_m_axi_ddrK 
WARNING: [BD 41-1271] The connection to the pin: /u_gvsa/m_axi_ddrK_ARREADY has been overridden by the user. This pin will not be connected as a part of the interface connection: u_gvsa_m_axi_ddrK 
WARNING: [BD 41-1271] The connection to the pin: /u_gvsa/m_axi_ddrK_ARBURST has been overridden by the user. This pin will not be connected as a part of the interface connection: u_gvsa_m_axi_ddrK 
WARNING: [BD 41-1271] The connection to the pin: /u_gvsa/m_axi_ddrK_ARQOS has been overridden by the user. This pin will not be connected as a part of the interface connection: u_gvsa_m_axi_ddrK 
WARNING: [BD 41-1271] The connection to the pin: /u_gvsa/m_axi_ddrK_ARPROT has been overridden by the user. This pin will not be connected as a part of the interface connection: u_gvsa_m_axi_ddrK 
WARNING: [BD 41-1271] The connection to the pin: /u_gvsa/m_axi_ddrK_ARADDR has been overridden by the user. This pin will not be connected as a part of the interface connection: u_gvsa_m_axi_ddrK 
WARNING: [BD 41-1271] The connection to the pin: /u_gvsa/m_axi_ddrK_ARID has been overridden by the user. This pin will not be connected as a part of the interface connection: u_gvsa_m_axi_ddrK 
WARNING: [BD 41-1271] The connection to the pin: /u_gvsa/m_axi_ddrK_ARLEN has been overridden by the user. This pin will not be connected as a part of the interface connection: u_gvsa_m_axi_ddrK 
WARNING: [BD 41-1271] The connection to the pin: /u_gvsa/m_axi_ddrK_ARLOCK has been overridden by the user. This pin will not be connected as a part of the interface connection: u_gvsa_m_axi_ddrK 
WARNING: [BD 41-1271] The connection to the pin: /u_gvsa/m_axi_ddrK_RLAST has been overridden by the user. This pin will not be connected as a part of the interface connection: u_gvsa_m_axi_ddrK 
WARNING: [BD 41-1271] The connection to the pin: /u_gvsa/m_axi_ddrK_RDATA has been overridden by the user. This pin will not be connected as a part of the interface connection: u_gvsa_m_axi_ddrK 
WARNING: [BD 41-1271] The connection to the pin: /u_gvsa/m_axi_ddrK_RREADY has been overridden by the user. This pin will not be connected as a part of the interface connection: u_gvsa_m_axi_ddrK 
WARNING: [BD 41-1271] The connection to the pin: /u_gvsa/m_axi_ddrK_RRESP has been overridden by the user. This pin will not be connected as a part of the interface connection: u_gvsa_m_axi_ddrK 
WARNING: [BD 41-1271] The connection to the pin: /u_gvsa/m_axi_ddrK_RID has been overridden by the user. This pin will not be connected as a part of the interface connection: u_gvsa_m_axi_ddrK 
WARNING: [BD 41-1271] The connection to the pin: /u_gvsa/m_axi_ddrK_RVALID has been overridden by the user. This pin will not be connected as a part of the interface connection: u_gvsa_m_axi_ddrK 
WARNING: [BD 41-1271] The connection to the pin: /u_gvsa/m_axi_ddrP_WVALID has been overridden by the user. This pin will not be connected as a part of the interface connection: u_gvsa_m_axi_ddrP 
WARNING: [BD 41-1271] The connection to the pin: /u_gvsa/m_axi_ddrP_AWSIZE has been overridden by the user. This pin will not be connected as a part of the interface connection: u_gvsa_m_axi_ddrP 
WARNING: [BD 41-1271] The connection to the pin: /u_gvsa/m_axi_ddrP_AWADDR has been overridden by the user. This pin will not be connected as a part of the interface connection: u_gvsa_m_axi_ddrP 
WARNING: [BD 41-1271] The connection to the pin: /u_gvsa/m_axi_ddrP_AWLEN has been overridden by the user. This pin will not be connected as a part of the interface connection: u_gvsa_m_axi_ddrP 
WARNING: [BD 41-1271] The connection to the pin: /u_gvsa/m_axi_ddrP_AWLOCK has been overridden by the user. This pin will not be connected as a part of the interface connection: u_gvsa_m_axi_ddrP 
WARNING: [BD 41-1271] The connection to the pin: /u_gvsa/m_axi_ddrP_BVALID has been overridden by the user. This pin will not be connected as a part of the interface connection: u_gvsa_m_axi_ddrP 
WARNING: [BD 41-1271] The connection to the pin: /u_gvsa/m_axi_ddrP_WSTRB has been overridden by the user. This pin will not be connected as a part of the interface connection: u_gvsa_m_axi_ddrP 
WARNING: [BD 41-1271] The connection to the pin: /u_gvsa/m_axi_ddrP_AWVALID has been overridden by the user. This pin will not be connected as a part of the interface connection: u_gvsa_m_axi_ddrP 
WARNING: [BD 41-1271] The connection to the pin: /u_gvsa/m_axi_ddrP_WDATA has been overridden by the user. This pin will not be connected as a part of the interface connection: u_gvsa_m_axi_ddrP 
WARNING: [BD 41-1271] The connection to the pin: /u_gvsa/m_axi_ddrP_AWID has been overridden by the user. This pin will not be connected as a part of the interface connection: u_gvsa_m_axi_ddrP 
WARNING: [BD 41-1271] The connection to the pin: /u_gvsa/m_axi_ddrP_AWPROT has been overridden by the user. This pin will not be connected as a part of the interface connection: u_gvsa_m_axi_ddrP 
WARNING: [BD 41-1271] The connection to the pin: /u_gvsa/m_axi_ddrP_BREADY has been overridden by the user. This pin will not be connected as a part of the interface connection: u_gvsa_m_axi_ddrP 
INFO: [Common 17-14] Message 'BD 41-1271' appears 100 times and further instances of the messages will be disabled. Use the Tcl command set_msg_config to change the current settings.
validate_bd_design: Time (s): cpu = 00:00:11 ; elapsed = 00:00:11 . Memory (MB): peak = 1864.035 ; gain = 238.969 ; free physical = 58490 ; free virtual = 61085
>>> STEP8 OK: externalized remaining + validate_bd_design
# if {[catch {
#     save_bd_design
#     set bdf [get_files mr_vla_bd_v4.bd]
#     make_wrapper -files $bdf -top
#     add_files -norecurse "$T0036v4/mr_vla_ipi_v4/mr_vla_ipi_v4.gen/sources_1/bd/mr_vla_bd_v4/hdl/mr_vla_bd_v4_wrapper.v"
#     set_property top mr_vla_bd_v4_wrapper [current_fileset]
#     update_compile_order -fileset sources_1
#     puts ">>> STEP9 OK: wrapper generated"
# } err]} {
#     puts ">>> STEP9 FAIL :: $err"; exit 1
# }
Wrote  : </tools/projects/FPGA-VLA/runs/T0036_v4/mr_vla_ipi_v4/mr_vla_ipi_v4.srcs/sources_1/bd/mr_vla_bd_v4/mr_vla_bd_v4.bd> 
INFO: [BD 41-1662] The design 'mr_vla_bd_v4.bd' is already validated. Therefore parameter propagation will not be re-run.
Verilog Output written to : /tools/projects/FPGA-VLA/runs/T0036_v4/mr_vla_ipi_v4/mr_vla_ipi_v4.gen/sources_1/bd/mr_vla_bd_v4/synth/mr_vla_bd_v4.v
Verilog Output written to : /tools/projects/FPGA-VLA/runs/T0036_v4/mr_vla_ipi_v4/mr_vla_ipi_v4.gen/sources_1/bd/mr_vla_bd_v4/sim/mr_vla_bd_v4.v
Verilog Output written to : /tools/projects/FPGA-VLA/runs/T0036_v4/mr_vla_ipi_v4/mr_vla_ipi_v4.gen/sources_1/bd/mr_vla_bd_v4/hdl/mr_vla_bd_v4_wrapper.v
>>> STEP9 OK: wrapper generated
# if {[catch {
#     launch_runs synth_1 -jobs 4
#     wait_on_run synth_1
#     open_run synth_1 -name synth_1
#     report_utilization    -file "$T0036v4/synth_util.rpt"
#     report_timing_summary -file "$T0036v4/synth_timing.rpt" -warn_on_violation -no_header
#     set wp [get_timing_paths -quiet -setup -max_paths 1 -nworst 1]
#     if {[llength $wp] > 0} { set wns [get_property SLACK [lindex $wp 0]] } else { set wns "n/a" }
#     puts ">>> STEP10 SYNTH OK : WNS=$wns"
# } err]} {
#     puts ">>> STEP10 SYNTH FAIL :: $err"; exit 1
# }
INFO: [BD 41-1662] The design 'mr_vla_bd_v4.bd' is already validated. Therefore parameter propagation will not be re-run.
WARNING: [BD 41-1271] The connection to the pin: /u_xmod/m_axi_ddrK_ARSIZE has been overridden by the user. This pin will not be connected as a part of the interface connection: u_xmod_m_axi_ddrK 
WARNING: [BD 41-1271] The connection to the pin: /u_xmod/m_axi_ddrK_ARCACHE has been overridden by the user. This pin will not be connected as a part of the interface connection: u_xmod_m_axi_ddrK 
WARNING: [BD 41-1271] The connection to the pin: /u_xmod/m_axi_ddrK_ARVALID has been overridden by the user. This pin will not be connected as a part of the interface connection: u_xmod_m_axi_ddrK 
WARNING: [BD 41-1271] The connection to the pin: /u_xmod/m_axi_ddrK_ARREADY has been overridden by the user. This pin will not be connected as a part of the interface connection: u_xmod_m_axi_ddrK 
WARNING: [BD 41-1271] The connection to the pin: /u_xmod/m_axi_ddrK_ARBURST has been overridden by the user. This pin will not be connected as a part of the interface connection: u_xmod_m_axi_ddrK 
WARNING: [BD 41-1271] The connection to the pin: /u_xmod/m_axi_ddrK_ARQOS has been overridden by the user. This pin will not be connected as a part of the interface connection: u_xmod_m_axi_ddrK 
WARNING: [BD 41-1271] The connection to the pin: /u_xmod/m_axi_ddrK_ARPROT has been overridden by the user. This pin will not be connected as a part of the interface connection: u_xmod_m_axi_ddrK 
WARNING: [BD 41-1271] The connection to the pin: /u_xmod/m_axi_ddrK_ARADDR has been overridden by the user. This pin will not be connected as a part of the interface connection: u_xmod_m_axi_ddrK 
WARNING: [BD 41-1271] The connection to the pin: /u_xmod/m_axi_ddrK_ARID has been overridden by the user. This pin will not be connected as a part of the interface connection: u_xmod_m_axi_ddrK 
WARNING: [BD 41-1271] The connection to the pin: /u_xmod/m_axi_ddrK_ARLEN has been overridden by the user. This pin will not be connected as a part of the interface connection: u_xmod_m_axi_ddrK 
WARNING: [BD 41-1271] The connection to the pin: /u_xmod/m_axi_ddrK_ARLOCK has been overridden by the user. This pin will not be connected as a part of the interface connection: u_xmod_m_axi_ddrK 
WARNING: [BD 41-1271] The connection to the pin: /u_xmod/m_axi_ddrK_RLAST has been overridden by the user. This pin will not be connected as a part of the interface connection: u_xmod_m_axi_ddrK 
WARNING: [BD 41-1271] The connection to the pin: /u_xmod/m_axi_ddrK_RDATA has been overridden by the user. This pin will not be connected as a part of the interface connection: u_xmod_m_axi_ddrK 
WARNING: [BD 41-1271] The connection to the pin: /u_xmod/m_axi_ddrK_RREADY has been overridden by the user. This pin will not be connected as a part of the interface connection: u_xmod_m_axi_ddrK 
WARNING: [BD 41-1271] The connection to the pin: /u_xmod/m_axi_ddrK_RRESP has been overridden by the user. This pin will not be connected as a part of the interface connection: u_xmod_m_axi_ddrK 
WARNING: [BD 41-1271] The connection to the pin: /u_xmod/m_axi_ddrK_RID has been overridden by the user. This pin will not be connected as a part of the interface connection: u_xmod_m_axi_ddrK 
WARNING: [BD 41-1271] The connection to the pin: /u_xmod/m_axi_ddrK_RVALID has been overridden by the user. This pin will not be connected as a part of the interface connection: u_xmod_m_axi_ddrK 
WARNING: [BD 41-1271] The connection to the pin: /u_xmod/m_axi_ddrOUT_WVALID has been overridden by the user. This pin will not be connected as a part of the interface connection: u_xmod_m_axi_ddrOUT 
WARNING: [BD 41-1271] The connection to the pin: /u_xmod/m_axi_ddrOUT_AWSIZE has been overridden by the user. This pin will not be connected as a part of the interface connection: u_xmod_m_axi_ddrOUT 
WARNING: [BD 41-1271] The connection to the pin: /u_xmod/m_axi_ddrOUT_AWADDR has been overridden by the user. This pin will not be connected as a part of the interface connection: u_xmod_m_axi_ddrOUT 
WARNING: [BD 41-1271] The connection to the pin: /u_xmod/m_axi_ddrOUT_AWLEN has been overridden by the user. This pin will not be connected as a part of the interface connection: u_xmod_m_axi_ddrOUT 
WARNING: [BD 41-1271] The connection to the pin: /u_xmod/m_axi_ddrOUT_AWLOCK has been overridden by the user. This pin will not be connected as a part of the interface connection: u_xmod_m_axi_ddrOUT 
WARNING: [BD 41-1271] The connection to the pin: /u_xmod/m_axi_ddrOUT_BVALID has been overridden by the user. This pin will not be connected as a part of the interface connection: u_xmod_m_axi_ddrOUT 
WARNING: [BD 41-1271] The connection to the pin: /u_xmod/m_axi_ddrOUT_WSTRB has been overridden by the user. This pin will not be connected as a part of the interface connection: u_xmod_m_axi_ddrOUT 
WARNING: [BD 41-1271] The connection to the pin: /u_xmod/m_axi_ddrOUT_AWVALID has been overridden by the user. This pin will not be connected as a part of the interface connection: u_xmod_m_axi_ddrOUT 
WARNING: [BD 41-1271] The connection to the pin: /u_xmod/m_axi_ddrOUT_WDATA has been overridden by the user. This pin will not be connected as a part of the interface connection: u_xmod_m_axi_ddrOUT 
WARNING: [BD 41-1271] The connection to the pin: /u_xmod/m_axi_ddrOUT_AWID has been overridden by the user. This pin will not be connected as a part of the interface connection: u_xmod_m_axi_ddrOUT 
WARNING: [BD 41-1271] The connection to the pin: /u_xmod/m_axi_ddrOUT_AWPROT has been overridden by the user. This pin will not be connected as a part of the interface connection: u_xmod_m_axi_ddrOUT 
WARNING: [BD 41-1271] The connection to the pin: /u_xmod/m_axi_ddrOUT_BREADY has been overridden by the user. This pin will not be connected as a part of the interface connection: u_xmod_m_axi_ddrOUT 
WARNING: [BD 41-1271] The connection to the pin: /u_xmod/m_axi_ddrOUT_AWBURST has been overridden by the user. This pin will not be connected as a part of the interface connection: u_xmod_m_axi_ddrOUT 
WARNING: [BD 41-1271] The connection to the pin: /u_xmod/m_axi_ddrOUT_AWREADY has been overridden by the user. This pin will not be connected as a part of the interface connection: u_xmod_m_axi_ddrOUT 
WARNING: [BD 41-1271] The connection to the pin: /u_xmod/m_axi_ddrOUT_WREADY has been overridden by the user. This pin will not be connected as a part of the interface connection: u_xmod_m_axi_ddrOUT 
WARNING: [BD 41-1271] The connection to the pin: /u_xmod/m_axi_ddrOUT_BID has been overridden by the user. This pin will not be connected as a part of the interface connection: u_xmod_m_axi_ddrOUT 
WARNING: [BD 41-1271] The connection to the pin: /u_xmod/m_axi_ddrOUT_BRESP has been overridden by the user. This pin will not be connected as a part of the interface connection: u_xmod_m_axi_ddrOUT 
WARNING: [BD 41-1271] The connection to the pin: /u_xmod/m_axi_ddrOUT_AWQOS has been overridden by the user. This pin will not be connected as a part of the interface connection: u_xmod_m_axi_ddrOUT 
WARNING: [BD 41-1271] The connection to the pin: /u_xmod/m_axi_ddrOUT_WLAST has been overridden by the user. This pin will not be connected as a part of the interface connection: u_xmod_m_axi_ddrOUT 
WARNING: [BD 41-1271] The connection to the pin: /u_xmod/m_axi_ddrOUT_AWCACHE has been overridden by the user. This pin will not be connected as a part of the interface connection: u_xmod_m_axi_ddrOUT 
WARNING: [BD 41-1271] The connection to the pin: /u_xmod/m_axi_ddrQ_ARSIZE has been overridden by the user. This pin will not be connected as a part of the interface connection: u_xmod_m_axi_ddrQ 
WARNING: [BD 41-1271] The connection to the pin: /u_xmod/m_axi_ddrQ_ARCACHE has been overridden by the user. This pin will not be connected as a part of the interface connection: u_xmod_m_axi_ddrQ 
WARNING: [BD 41-1271] The connection to the pin: /u_xmod/m_axi_ddrQ_ARVALID has been overridden by the user. This pin will not be connected as a part of the interface connection: u_xmod_m_axi_ddrQ 
WARNING: [BD 41-1271] The connection to the pin: /u_xmod/m_axi_ddrQ_ARREADY has been overridden by the user. This pin will not be connected as a part of the interface connection: u_xmod_m_axi_ddrQ 
WARNING: [BD 41-1271] The connection to the pin: /u_xmod/m_axi_ddrQ_ARBURST has been overridden by the user. This pin will not be connected as a part of the interface connection: u_xmod_m_axi_ddrQ 
WARNING: [BD 41-1271] The connection to the pin: /u_xmod/m_axi_ddrQ_ARQOS has been overridden by the user. This pin will not be connected as a part of the interface connection: u_xmod_m_axi_ddrQ 
WARNING: [BD 41-1271] The connection to the pin: /u_xmod/m_axi_ddrQ_ARPROT has been overridden by the user. This pin will not be connected as a part of the interface connection: u_xmod_m_axi_ddrQ 
WARNING: [BD 41-1271] The connection to the pin: /u_xmod/m_axi_ddrQ_ARADDR has been overridden by the user. This pin will not be connected as a part of the interface connection: u_xmod_m_axi_ddrQ 
WARNING: [BD 41-1271] The connection to the pin: /u_xmod/m_axi_ddrQ_ARID has been overridden by the user. This pin will not be connected as a part of the interface connection: u_xmod_m_axi_ddrQ 
WARNING: [BD 41-1271] The connection to the pin: /u_xmod/m_axi_ddrQ_ARLEN has been overridden by the user. This pin will not be connected as a part of the interface connection: u_xmod_m_axi_ddrQ 
WARNING: [BD 41-1271] The connection to the pin: /u_xmod/m_axi_ddrQ_ARLOCK has been overridden by the user. This pin will not be connected as a part of the interface connection: u_xmod_m_axi_ddrQ 
WARNING: [BD 41-1271] The connection to the pin: /u_xmod/m_axi_ddrQ_RLAST has been overridden by the user. This pin will not be connected as a part of the interface connection: u_xmod_m_axi_ddrQ 
WARNING: [BD 41-1271] The connection to the pin: /u_xmod/m_axi_ddrQ_RDATA has been overridden by the user. This pin will not be connected as a part of the interface connection: u_xmod_m_axi_ddrQ 
WARNING: [BD 41-1271] The connection to the pin: /u_xmod/m_axi_ddrQ_RREADY has been overridden by the user. This pin will not be connected as a part of the interface connection: u_xmod_m_axi_ddrQ 
WARNING: [BD 41-1271] The connection to the pin: /u_xmod/m_axi_ddrQ_RRESP has been overridden by the user. This pin will not be connected as a part of the interface connection: u_xmod_m_axi_ddrQ 
WARNING: [BD 41-1271] The connection to the pin: /u_xmod/m_axi_ddrQ_RID has been overridden by the user. This pin will not be connected as a part of the interface connection: u_xmod_m_axi_ddrQ 
WARNING: [BD 41-1271] The connection to the pin: /u_xmod/m_axi_ddrQ_RVALID has been overridden by the user. This pin will not be connected as a part of the interface connection: u_xmod_m_axi_ddrQ 
WARNING: [BD 41-1271] The connection to the pin: /u_xmod/m_axi_ddrV_ARSIZE has been overridden by the user. This pin will not be connected as a part of the interface connection: u_xmod_m_axi_ddrV 
WARNING: [BD 41-1271] The connection to the pin: /u_xmod/m_axi_ddrV_ARCACHE has been overridden by the user. This pin will not be connected as a part of the interface connection: u_xmod_m_axi_ddrV 
WARNING: [BD 41-1271] The connection to the pin: /u_xmod/m_axi_ddrV_ARVALID has been overridden by the user. This pin will not be connected as a part of the interface connection: u_xmod_m_axi_ddrV 
WARNING: [BD 41-1271] The connection to the pin: /u_xmod/m_axi_ddrV_ARREADY has been overridden by the user. This pin will not be connected as a part of the interface connection: u_xmod_m_axi_ddrV 
WARNING: [BD 41-1271] The connection to the pin: /u_xmod/m_axi_ddrV_ARBURST has been overridden by the user. This pin will not be connected as a part of the interface connection: u_xmod_m_axi_ddrV 
WARNING: [BD 41-1271] The connection to the pin: /u_xmod/m_axi_ddrV_ARQOS has been overridden by the user. This pin will not be connected as a part of the interface connection: u_xmod_m_axi_ddrV 
WARNING: [BD 41-1271] The connection to the pin: /u_xmod/m_axi_ddrV_ARPROT has been overridden by the user. This pin will not be connected as a part of the interface connection: u_xmod_m_axi_ddrV 
WARNING: [BD 41-1271] The connection to the pin: /u_xmod/m_axi_ddrV_ARADDR has been overridden by the user. This pin will not be connected as a part of the interface connection: u_xmod_m_axi_ddrV 
WARNING: [BD 41-1271] The connection to the pin: /u_xmod/m_axi_ddrV_ARID has been overridden by the user. This pin will not be connected as a part of the interface connection: u_xmod_m_axi_ddrV 
WARNING: [BD 41-1271] The connection to the pin: /u_xmod/m_axi_ddrV_ARLEN has been overridden by the user. This pin will not be connected as a part of the interface connection: u_xmod_m_axi_ddrV 
WARNING: [BD 41-1271] The connection to the pin: /u_xmod/m_axi_ddrV_ARLOCK has been overridden by the user. This pin will not be connected as a part of the interface connection: u_xmod_m_axi_ddrV 
WARNING: [BD 41-1271] The connection to the pin: /u_xmod/m_axi_ddrV_RLAST has been overridden by the user. This pin will not be connected as a part of the interface connection: u_xmod_m_axi_ddrV 
WARNING: [BD 41-1271] The connection to the pin: /u_xmod/m_axi_ddrV_RDATA has been overridden by the user. This pin will not be connected as a part of the interface connection: u_xmod_m_axi_ddrV 
WARNING: [BD 41-1271] The connection to the pin: /u_xmod/m_axi_ddrV_RREADY has been overridden by the user. This pin will not be connected as a part of the interface connection: u_xmod_m_axi_ddrV 
WARNING: [BD 41-1271] The connection to the pin: /u_xmod/m_axi_ddrV_RRESP has been overridden by the user. This pin will not be connected as a part of the interface connection: u_xmod_m_axi_ddrV 
WARNING: [BD 41-1271] The connection to the pin: /u_xmod/m_axi_ddrV_RID has been overridden by the user. This pin will not be connected as a part of the interface connection: u_xmod_m_axi_ddrV 
WARNING: [BD 41-1271] The connection to the pin: /u_xmod/m_axi_ddrV_RVALID has been overridden by the user. This pin will not be connected as a part of the interface connection: u_xmod_m_axi_ddrV 
WARNING: [BD 41-1271] The connection to the pin: /u_gvsa/m_axi_ddrK_ARSIZE has been overridden by the user. This pin will not be connected as a part of the interface connection: u_gvsa_m_axi_ddrK 
WARNING: [BD 41-1271] The connection to the pin: /u_gvsa/m_axi_ddrK_ARCACHE has been overridden by the user. This pin will not be connected as a part of the interface connection: u_gvsa_m_axi_ddrK 
WARNING: [BD 41-1271] The connection to the pin: /u_gvsa/m_axi_ddrK_ARVALID has been overridden by the user. This pin will not be connected as a part of the interface connection: u_gvsa_m_axi_ddrK 
WARNING: [BD 41-1271] The connection to the pin: /u_gvsa/m_axi_ddrK_ARREADY has been overridden by the user. This pin will not be connected as a part of the interface connection: u_gvsa_m_axi_ddrK 
WARNING: [BD 41-1271] The connection to the pin: /u_gvsa/m_axi_ddrK_ARBURST has been overridden by the user. This pin will not be connected as a part of the interface connection: u_gvsa_m_axi_ddrK 
WARNING: [BD 41-1271] The connection to the pin: /u_gvsa/m_axi_ddrK_ARQOS has been overridden by the user. This pin will not be connected as a part of the interface connection: u_gvsa_m_axi_ddrK 
WARNING: [BD 41-1271] The connection to the pin: /u_gvsa/m_axi_ddrK_ARPROT has been overridden by the user. This pin will not be connected as a part of the interface connection: u_gvsa_m_axi_ddrK 
WARNING: [BD 41-1271] The connection to the pin: /u_gvsa/m_axi_ddrK_ARADDR has been overridden by the user. This pin will not be connected as a part of the interface connection: u_gvsa_m_axi_ddrK 
WARNING: [BD 41-1271] The connection to the pin: /u_gvsa/m_axi_ddrK_ARID has been overridden by the user. This pin will not be connected as a part of the interface connection: u_gvsa_m_axi_ddrK 
WARNING: [BD 41-1271] The connection to the pin: /u_gvsa/m_axi_ddrK_ARLEN has been overridden by the user. This pin will not be connected as a part of the interface connection: u_gvsa_m_axi_ddrK 
WARNING: [BD 41-1271] The connection to the pin: /u_gvsa/m_axi_ddrK_ARLOCK has been overridden by the user. This pin will not be connected as a part of the interface connection: u_gvsa_m_axi_ddrK 
WARNING: [BD 41-1271] The connection to the pin: /u_gvsa/m_axi_ddrK_RLAST has been overridden by the user. This pin will not be connected as a part of the interface connection: u_gvsa_m_axi_ddrK 
WARNING: [BD 41-1271] The connection to the pin: /u_gvsa/m_axi_ddrK_RDATA has been overridden by the user. This pin will not be connected as a part of the interface connection: u_gvsa_m_axi_ddrK 
WARNING: [BD 41-1271] The connection to the pin: /u_gvsa/m_axi_ddrK_RREADY has been overridden by the user. This pin will not be connected as a part of the interface connection: u_gvsa_m_axi_ddrK 
WARNING: [BD 41-1271] The connection to the pin: /u_gvsa/m_axi_ddrK_RRESP has been overridden by the user. This pin will not be connected as a part of the interface connection: u_gvsa_m_axi_ddrK 
WARNING: [BD 41-1271] The connection to the pin: /u_gvsa/m_axi_ddrK_RID has been overridden by the user. This pin will not be connected as a part of the interface connection: u_gvsa_m_axi_ddrK 
WARNING: [BD 41-1271] The connection to the pin: /u_gvsa/m_axi_ddrK_RVALID has been overridden by the user. This pin will not be connected as a part of the interface connection: u_gvsa_m_axi_ddrK 
WARNING: [BD 41-1271] The connection to the pin: /u_gvsa/m_axi_ddrP_WVALID has been overridden by the user. This pin will not be connected as a part of the interface connection: u_gvsa_m_axi_ddrP 
WARNING: [BD 41-1271] The connection to the pin: /u_gvsa/m_axi_ddrP_AWSIZE has been overridden by the user. This pin will not be connected as a part of the interface connection: u_gvsa_m_axi_ddrP 
WARNING: [BD 41-1271] The connection to the pin: /u_gvsa/m_axi_ddrP_AWADDR has been overridden by the user. This pin will not be connected as a part of the interface connection: u_gvsa_m_axi_ddrP 
WARNING: [BD 41-1271] The connection to the pin: /u_gvsa/m_axi_ddrP_AWLEN has been overridden by the user. This pin will not be connected as a part of the interface connection: u_gvsa_m_axi_ddrP 
WARNING: [BD 41-1271] The connection to the pin: /u_gvsa/m_axi_ddrP_AWLOCK has been overridden by the user. This pin will not be connected as a part of the interface connection: u_gvsa_m_axi_ddrP 
WARNING: [BD 41-1271] The connection to the pin: /u_gvsa/m_axi_ddrP_BVALID has been overridden by the user. This pin will not be connected as a part of the interface connection: u_gvsa_m_axi_ddrP 
WARNING: [BD 41-1271] The connection to the pin: /u_gvsa/m_axi_ddrP_WSTRB has been overridden by the user. This pin will not be connected as a part of the interface connection: u_gvsa_m_axi_ddrP 
WARNING: [BD 41-1271] The connection to the pin: /u_gvsa/m_axi_ddrP_AWVALID has been overridden by the user. This pin will not be connected as a part of the interface connection: u_gvsa_m_axi_ddrP 
WARNING: [BD 41-1271] The connection to the pin: /u_gvsa/m_axi_ddrP_WDATA has been overridden by the user. This pin will not be connected as a part of the interface connection: u_gvsa_m_axi_ddrP 
WARNING: [BD 41-1271] The connection to the pin: /u_gvsa/m_axi_ddrP_AWID has been overridden by the user. This pin will not be connected as a part of the interface connection: u_gvsa_m_axi_ddrP 
WARNING: [BD 41-1271] The connection to the pin: /u_gvsa/m_axi_ddrP_AWPROT has been overridden by the user. This pin will not be connected as a part of the interface connection: u_gvsa_m_axi_ddrP 
WARNING: [BD 41-1271] The connection to the pin: /u_gvsa/m_axi_ddrP_BREADY has been overridden by the user. This pin will not be connected as a part of the interface connection: u_gvsa_m_axi_ddrP 
INFO: [Common 17-14] Message 'BD 41-1271' appears 100 times and further instances of the messages will be disabled. Use the Tcl command set_msg_config to change the current settings.
Verilog Output written to : /tools/projects/FPGA-VLA/runs/T0036_v4/mr_vla_ipi_v4/mr_vla_ipi_v4.gen/sources_1/bd/mr_vla_bd_v4/synth/mr_vla_bd_v4.v
Verilog Output written to : /tools/projects/FPGA-VLA/runs/T0036_v4/mr_vla_ipi_v4/mr_vla_ipi_v4.gen/sources_1/bd/mr_vla_bd_v4/sim/mr_vla_bd_v4.v
Verilog Output written to : /tools/projects/FPGA-VLA/runs/T0036_v4/mr_vla_ipi_v4/mr_vla_ipi_v4.gen/sources_1/bd/mr_vla_bd_v4/hdl/mr_vla_bd_v4_wrapper.v
INFO: [BD 41-1029] Generation completed for the IP Integrator block u_xmod .
INFO: [BD 41-1029] Generation completed for the IP Integrator block u_gvsa .
INFO: [BD 41-1029] Generation completed for the IP Integrator block u_adh .
INFO: [BD 41-1029] Generation completed for the IP Integrator block u_vit .
INFO: [BD 41-1029] Generation completed for the IP Integrator block u_sched .
Exporting to file /tools/projects/FPGA-VLA/runs/T0036_v4/mr_vla_ipi_v4/mr_vla_ipi_v4.gen/sources_1/bd/mr_vla_bd_v4/ip/mr_vla_bd_v4_axi_sc_0_0/bd_0/hw_handoff/mr_vla_bd_v4_axi_sc_0_0.hwh
Generated Hardware Definition File /tools/projects/FPGA-VLA/runs/T0036_v4/mr_vla_ipi_v4/mr_vla_ipi_v4.gen/sources_1/bd/mr_vla_bd_v4/ip/mr_vla_bd_v4_axi_sc_0_0/bd_0/synth/mr_vla_bd_v4_axi_sc_0_0.hwdef
INFO: [BD 41-1029] Generation completed for the IP Integrator block axi_sc_0 .
Exporting to file /tools/projects/FPGA-VLA/runs/T0036_v4/mr_vla_ipi_v4/mr_vla_ipi_v4.gen/sources_1/bd/mr_vla_bd_v4/hw_handoff/mr_vla_bd_v4.hwh
Generated Hardware Definition File /tools/projects/FPGA-VLA/runs/T0036_v4/mr_vla_ipi_v4/mr_vla_ipi_v4.gen/sources_1/bd/mr_vla_bd_v4/synth/mr_vla_bd_v4.hwdef
INFO: [IP_Flow 19-6930] IPCACHE: runCacheChecks() number of threads = 8
INFO: [IP_Flow 19-6921] IPCACHE: Adding cache check func to thread queue for IP mr_vla_bd_v4_axi_sc_0_0
INFO: [IP_Flow 19-6921] IPCACHE: Adding cache check func to thread queue for IP mr_vla_bd_v4_u_adh_0
INFO: [IP_Flow 19-6921] IPCACHE: Adding cache check func to thread queue for IP mr_vla_bd_v4_u_gvsa_0
INFO: [IP_Flow 19-6921] IPCACHE: Adding cache check func to thread queue for IP mr_vla_bd_v4_u_vit_0
INFO: [IP_Flow 19-6921] IPCACHE: Adding cache check func to thread queue for IP mr_vla_bd_v4_u_xmod_0
INFO: [IP_Flow 19-8020] IPCACHE: runCacheChecks() calling threadPool finishWork()
INFO: [IP_Flow 19-6924] IPCACHE: Running cache check for IP inst: mr_vla_bd_v4_axi_sc_0_0
INFO: [IP_Flow 19-6924] IPCACHE: Running cache check for IP inst: mr_vla_bd_v4_u_adh_0
INFO: [IP_Flow 19-6924] IPCACHE: Running cache check for IP inst: mr_vla_bd_v4_u_gvsa_0
INFO: [IP_Flow 19-6924] IPCACHE: Running cache check for IP inst: mr_vla_bd_v4_u_vit_0
INFO: [IP_Flow 19-6924] IPCACHE: Running cache check for IP inst: mr_vla_bd_v4_u_xmod_0
WARNING: [Vivado 12-7122] Auto Incremental Compile:: No reference checkpoint was found in run synth_1. Auto-incremental flow will not be run, the standard flow will be run instead.
[Thu May 28 13:26:25 2026] Launched mr_vla_bd_v4_u_sched_0_synth_1, mr_vla_bd_v4_u_xmod_0_synth_1, mr_vla_bd_v4_u_gvsa_0_synth_1, mr_vla_bd_v4_u_vit_0_synth_1, mr_vla_bd_v4_u_adh_0_synth_1, mr_vla_bd_v4_axi_sc_0_0_synth_1...
Run output will be captured here:
mr_vla_bd_v4_u_sched_0_synth_1: /tools/projects/FPGA-VLA/runs/T0036_v4/mr_vla_ipi_v4/mr_vla_ipi_v4.runs/mr_vla_bd_v4_u_sched_0_synth_1/runme.log
mr_vla_bd_v4_u_xmod_0_synth_1: /tools/projects/FPGA-VLA/runs/T0036_v4/mr_vla_ipi_v4/mr_vla_ipi_v4.runs/mr_vla_bd_v4_u_xmod_0_synth_1/runme.log
mr_vla_bd_v4_u_gvsa_0_synth_1: /tools/projects/FPGA-VLA/runs/T0036_v4/mr_vla_ipi_v4/mr_vla_ipi_v4.runs/mr_vla_bd_v4_u_gvsa_0_synth_1/runme.log
mr_vla_bd_v4_u_vit_0_synth_1: /tools/projects/FPGA-VLA/runs/T0036_v4/mr_vla_ipi_v4/mr_vla_ipi_v4.runs/mr_vla_bd_v4_u_vit_0_synth_1/runme.log
mr_vla_bd_v4_u_adh_0_synth_1: /tools/projects/FPGA-VLA/runs/T0036_v4/mr_vla_ipi_v4/mr_vla_ipi_v4.runs/mr_vla_bd_v4_u_adh_0_synth_1/runme.log
mr_vla_bd_v4_axi_sc_0_0_synth_1: /tools/projects/FPGA-VLA/runs/T0036_v4/mr_vla_ipi_v4/mr_vla_ipi_v4.runs/mr_vla_bd_v4_axi_sc_0_0_synth_1/runme.log
[Thu May 28 13:26:25 2026] Launched synth_1...
Run output will be captured here: /tools/projects/FPGA-VLA/runs/T0036_v4/mr_vla_ipi_v4/mr_vla_ipi_v4.runs/synth_1/runme.log
launch_runs: Time (s): cpu = 00:00:10 ; elapsed = 00:00:10 . Memory (MB): peak = 2488.520 ; gain = 305.352 ; free physical = 57967 ; free virtual = 60662
[Thu May 28 13:26:25 2026] Waiting for synth_1 to finish...

*** Running vivado
    with args -log mr_vla_bd_v4_wrapper.vds -m64 -product Vivado -mode batch -messageDb vivado.pb -notrace -source mr_vla_bd_v4_wrapper.tcl


****** Vivado v2024.1 (64-bit)
  **** SW Build 5076996 on Wed May 22 18:36:09 MDT 2024
  **** IP Build 5075265 on Wed May 22 21:45:21 MDT 2024
  **** SharedData Build 5076995 on Wed May 22 18:29:18 MDT 2024
  **** Start of session at: Thu May 28 13:32:52 2026
    ** Copyright 1986-2022 Xilinx, Inc. All Rights Reserved.
    ** Copyright 2022-2024 Advanced Micro Devices, Inc. All Rights Reserved.

source mr_vla_bd_v4_wrapper.tcl -notrace
INFO: [IP_Flow 19-234] Refreshing IP repositories
INFO: [IP_Flow 19-1700] Loaded user IP repository '/tools/projects/FPGA-VLA/runs/T0036_v4/T0024/xmod_attn_v1_hls/sol1/impl/ip'.
INFO: [IP_Flow 19-1700] Loaded user IP repository '/tools/projects/FPGA-VLA/runs/T0036_v4/T0025/gvsa_hls/sol1/impl/ip'.
INFO: [IP_Flow 19-1700] Loaded user IP repository '/tools/projects/FPGA-VLA/runs/T0036_v4/T0026/action_diff_hls/sol1/impl/ip'.
INFO: [IP_Flow 19-1700] Loaded user IP repository '/tools/projects/FPGA-VLA/runs/T0036_v4/T0029/vit_enc_hls/sol1/impl/ip'.
INFO: [IP_Flow 19-2313] Loaded Vivado IP repository '/tools/Xilinx/Vivado/2024.1/data/ip'.
Command: synth_design -top mr_vla_bd_v4_wrapper -part xcvc1902-vsva2197-2MP-e-S
Starting synth_design
Attempting to get a license for feature 'Synthesis' and/or device 'xcvc1902'
INFO: [Common 17-349] Got license for feature 'Synthesis' and/or device 'xcvc1902'
INFO: [Common 17-86] Your Synthesis license expires in 28 day(s)
INFO: [Device 21-403] Loading part xcvc1902-vsva2197-2MP-e-S
INFO: [Synth 8-7079] Multithreading enabled for synth_design using a maximum of 4 processes.
INFO: [Synth 8-7078] Launching helper process for spawning children vivado processes
INFO: [Synth 8-7075] Helper process launched with PID 9038
---------------------------------------------------------------------------------
Starting RTL Elaboration : Time (s): cpu = 00:00:02 ; elapsed = 00:00:03 . Memory (MB): peak = 2807.879 ; gain = 406.984 ; free physical = 55166 ; free virtual = 58490
---------------------------------------------------------------------------------
INFO: [Synth 8-6157] synthesizing module 'mr_vla_bd_v4_wrapper' [/tools/projects/FPGA-VLA/runs/T0036_v4/mr_vla_ipi_v4/mr_vla_ipi_v4.gen/sources_1/bd/mr_vla_bd_v4/hdl/mr_vla_bd_v4_wrapper.v:13]
INFO: [Synth 8-6157] synthesizing module 'mr_vla_bd_v4' [/tools/projects/FPGA-VLA/runs/T0036_v4/mr_vla_ipi_v4/mr_vla_ipi_v4.gen/sources_1/bd/mr_vla_bd_v4/synth/mr_vla_bd_v4.v:13]
INFO: [Synth 8-6157] synthesizing module 'mr_vla_bd_v4_axi_sc_0_0' [/tools/projects/FPGA-VLA/runs/T0036_v4/mr_vla_ipi_v4/mr_vla_ipi_v4.runs/synth_1/.Xil/Vivado-9029-iZuf63nslpsmuz7caylpqsZ/realtime/mr_vla_bd_v4_axi_sc_0_0_stub.v:6]
INFO: [Synth 8-6155] done synthesizing module 'mr_vla_bd_v4_axi_sc_0_0' (0#1) [/tools/projects/FPGA-VLA/runs/T0036_v4/mr_vla_ipi_v4/mr_vla_ipi_v4.runs/synth_1/.Xil/Vivado-9029-iZuf63nslpsmuz7caylpqsZ/realtime/mr_vla_bd_v4_axi_sc_0_0_stub.v:6]
WARNING: [Synth 8-7071] port 'S00_AXI_arready' of module 'mr_vla_bd_v4_axi_sc_0_0' is unconnected for instance 'axi_sc_0' [/tools/projects/FPGA-VLA/runs/T0036_v4/mr_vla_ipi_v4/mr_vla_ipi_v4.gen/sources_1/bd/mr_vla_bd_v4/synth/mr_vla_bd_v4.v:3457]
WARNING: [Synth 8-7071] port 'S00_AXI_rid' of module 'mr_vla_bd_v4_axi_sc_0_0' is unconnected for instance 'axi_sc_0' [/tools/projects/FPGA-VLA/runs/T0036_v4/mr_vla_ipi_v4/mr_vla_ipi_v4.gen/sources_1/bd/mr_vla_bd_v4/synth/mr_vla_bd_v4.v:3457]
WARNING: [Synth 8-7071] port 'S00_AXI_rdata' of module 'mr_vla_bd_v4_axi_sc_0_0' is unconnected for instance 'axi_sc_0' [/tools/projects/FPGA-VLA/runs/T0036_v4/mr_vla_ipi_v4/mr_vla_ipi_v4.gen/sources_1/bd/mr_vla_bd_v4/synth/mr_vla_bd_v4.v:3457]
WARNING: [Synth 8-7071] port 'S00_AXI_rresp' of module 'mr_vla_bd_v4_axi_sc_0_0' is unconnected for instance 'axi_sc_0' [/tools/projects/FPGA-VLA/runs/T0036_v4/mr_vla_ipi_v4/mr_vla_ipi_v4.gen/sources_1/bd/mr_vla_bd_v4/synth/mr_vla_bd_v4.v:3457]
WARNING: [Synth 8-7071] port 'S00_AXI_rlast' of module 'mr_vla_bd_v4_axi_sc_0_0' is unconnected for instance 'axi_sc_0' [/tools/projects/FPGA-VLA/runs/T0036_v4/mr_vla_ipi_v4/mr_vla_ipi_v4.gen/sources_1/bd/mr_vla_bd_v4/synth/mr_vla_bd_v4.v:3457]
WARNING: [Synth 8-7071] port 'S00_AXI_rvalid' of module 'mr_vla_bd_v4_axi_sc_0_0' is unconnected for instance 'axi_sc_0' [/tools/projects/FPGA-VLA/runs/T0036_v4/mr_vla_ipi_v4/mr_vla_ipi_v4.gen/sources_1/bd/mr_vla_bd_v4/synth/mr_vla_bd_v4.v:3457]
WARNING: [Synth 8-7071] port 'S01_AXI_awready' of module 'mr_vla_bd_v4_axi_sc_0_0' is unconnected for instance 'axi_sc_0' [/tools/projects/FPGA-VLA/runs/T0036_v4/mr_vla_ipi_v4/mr_vla_ipi_v4.gen/sources_1/bd/mr_vla_bd_v4/synth/mr_vla_bd_v4.v:3457]
WARNING: [Synth 8-7071] port 'S01_AXI_wready' of module 'mr_vla_bd_v4_axi_sc_0_0' is unconnected for instance 'axi_sc_0' [/tools/projects/FPGA-VLA/runs/T0036_v4/mr_vla_ipi_v4/mr_vla_ipi_v4.gen/sources_1/bd/mr_vla_bd_v4/synth/mr_vla_bd_v4.v:3457]
WARNING: [Synth 8-7071] port 'S01_AXI_bid' of module 'mr_vla_bd_v4_axi_sc_0_0' is unconnected for instance 'axi_sc_0' [/tools/projects/FPGA-VLA/runs/T0036_v4/mr_vla_ipi_v4/mr_vla_ipi_v4.gen/sources_1/bd/mr_vla_bd_v4/synth/mr_vla_bd_v4.v:3457]
WARNING: [Synth 8-7071] port 'S01_AXI_bresp' of module 'mr_vla_bd_v4_axi_sc_0_0' is unconnected for instance 'axi_sc_0' [/tools/projects/FPGA-VLA/runs/T0036_v4/mr_vla_ipi_v4/mr_vla_ipi_v4.gen/sources_1/bd/mr_vla_bd_v4/synth/mr_vla_bd_v4.v:3457]
WARNING: [Synth 8-7071] port 'S01_AXI_bvalid' of module 'mr_vla_bd_v4_axi_sc_0_0' is unconnected for instance 'axi_sc_0' [/tools/projects/FPGA-VLA/runs/T0036_v4/mr_vla_ipi_v4/mr_vla_ipi_v4.gen/sources_1/bd/mr_vla_bd_v4/synth/mr_vla_bd_v4.v:3457]
WARNING: [Synth 8-7071] port 'S02_AXI_arready' of module 'mr_vla_bd_v4_axi_sc_0_0' is unconnected for instance 'axi_sc_0' [/tools/projects/FPGA-VLA/runs/T0036_v4/mr_vla_ipi_v4/mr_vla_ipi_v4.gen/sources_1/bd/mr_vla_bd_v4/synth/mr_vla_bd_v4.v:3457]
WARNING: [Synth 8-7071] port 'S02_AXI_rid' of module 'mr_vla_bd_v4_axi_sc_0_0' is unconnected for instance 'axi_sc_0' [/tools/projects/FPGA-VLA/runs/T0036_v4/mr_vla_ipi_v4/mr_vla_ipi_v4.gen/sources_1/bd/mr_vla_bd_v4/synth/mr_vla_bd_v4.v:3457]
WARNING: [Synth 8-7071] port 'S02_AXI_rdata' of module 'mr_vla_bd_v4_axi_sc_0_0' is unconnected for instance 'axi_sc_0' [/tools/projects/FPGA-VLA/runs/T0036_v4/mr_vla_ipi_v4/mr_vla_ipi_v4.gen/sources_1/bd/mr_vla_bd_v4/synth/mr_vla_bd_v4.v:3457]
WARNING: [Synth 8-7071] port 'S02_AXI_rresp' of module 'mr_vla_bd_v4_axi_sc_0_0' is unconnected for instance 'axi_sc_0' [/tools/projects/FPGA-VLA/runs/T0036_v4/mr_vla_ipi_v4/mr_vla_ipi_v4.gen/sources_1/bd/mr_vla_bd_v4/synth/mr_vla_bd_v4.v:3457]
WARNING: [Synth 8-7071] port 'S02_AXI_rlast' of module 'mr_vla_bd_v4_axi_sc_0_0' is unconnected for instance 'axi_sc_0' [/tools/projects/FPGA-VLA/runs/T0036_v4/mr_vla_ipi_v4/mr_vla_ipi_v4.gen/sources_1/bd/mr_vla_bd_v4/synth/mr_vla_bd_v4.v:3457]
WARNING: [Synth 8-7071] port 'S02_AXI_rvalid' of module 'mr_vla_bd_v4_axi_sc_0_0' is unconnected for instance 'axi_sc_0' [/tools/projects/FPGA-VLA/runs/T0036_v4/mr_vla_ipi_v4/mr_vla_ipi_v4.gen/sources_1/bd/mr_vla_bd_v4/synth/mr_vla_bd_v4.v:3457]
WARNING: [Synth 8-7071] port 'S03_AXI_arready' of module 'mr_vla_bd_v4_axi_sc_0_0' is unconnected for instance 'axi_sc_0' [/tools/projects/FPGA-VLA/runs/T0036_v4/mr_vla_ipi_v4/mr_vla_ipi_v4.gen/sources_1/bd/mr_vla_bd_v4/synth/mr_vla_bd_v4.v:3457]
WARNING: [Synth 8-7071] port 'S03_AXI_rid' of module 'mr_vla_bd_v4_axi_sc_0_0' is unconnected for instance 'axi_sc_0' [/tools/projects/FPGA-VLA/runs/T0036_v4/mr_vla_ipi_v4/mr_vla_ipi_v4.gen/sources_1/bd/mr_vla_bd_v4/synth/mr_vla_bd_v4.v:3457]
WARNING: [Synth 8-7071] port 'S03_AXI_rdata' of module 'mr_vla_bd_v4_axi_sc_0_0' is unconnected for instance 'axi_sc_0' [/tools/projects/FPGA-VLA/runs/T0036_v4/mr_vla_ipi_v4/mr_vla_ipi_v4.gen/sources_1/bd/mr_vla_bd_v4/synth/mr_vla_bd_v4.v:3457]
WARNING: [Synth 8-7071] port 'S03_AXI_rresp' of module 'mr_vla_bd_v4_axi_sc_0_0' is unconnected for instance 'axi_sc_0' [/tools/projects/FPGA-VLA/runs/T0036_v4/mr_vla_ipi_v4/mr_vla_ipi_v4.gen/sources_1/bd/mr_vla_bd_v4/synth/mr_vla_bd_v4.v:3457]
WARNING: [Synth 8-7071] port 'S03_AXI_rlast' of module 'mr_vla_bd_v4_axi_sc_0_0' is unconnected for instance 'axi_sc_0' [/tools/projects/FPGA-VLA/runs/T0036_v4/mr_vla_ipi_v4/mr_vla_ipi_v4.gen/sources_1/bd/mr_vla_bd_v4/synth/mr_vla_bd_v4.v:3457]
WARNING: [Synth 8-7071] port 'S03_AXI_rvalid' of module 'mr_vla_bd_v4_axi_sc_0_0' is unconnected for instance 'axi_sc_0' [/tools/projects/FPGA-VLA/runs/T0036_v4/mr_vla_ipi_v4/mr_vla_ipi_v4.gen/sources_1/bd/mr_vla_bd_v4/synth/mr_vla_bd_v4.v:3457]
WARNING: [Synth 8-7071] port 'S04_AXI_arready' of module 'mr_vla_bd_v4_axi_sc_0_0' is unconnected for instance 'axi_sc_0' [/tools/projects/FPGA-VLA/runs/T0036_v4/mr_vla_ipi_v4/mr_vla_ipi_v4.gen/sources_1/bd/mr_vla_bd_v4/synth/mr_vla_bd_v4.v:3457]
WARNING: [Synth 8-7071] port 'S04_AXI_rid' of module 'mr_vla_bd_v4_axi_sc_0_0' is unconnected for instance 'axi_sc_0' [/tools/projects/FPGA-VLA/runs/T0036_v4/mr_vla_ipi_v4/mr_vla_ipi_v4.gen/sources_1/bd/mr_vla_bd_v4/synth/mr_vla_bd_v4.v:3457]
WARNING: [Synth 8-7071] port 'S04_AXI_rdata' of module 'mr_vla_bd_v4_axi_sc_0_0' is unconnected for instance 'axi_sc_0' [/tools/projects/FPGA-VLA/runs/T0036_v4/mr_vla_ipi_v4/mr_vla_ipi_v4.gen/sources_1/bd/mr_vla_bd_v4/synth/mr_vla_bd_v4.v:3457]
WARNING: [Synth 8-7071] port 'S04_AXI_rresp' of module 'mr_vla_bd_v4_axi_sc_0_0' is unconnected for instance 'axi_sc_0' [/tools/projects/FPGA-VLA/runs/T0036_v4/mr_vla_ipi_v4/mr_vla_ipi_v4.gen/sources_1/bd/mr_vla_bd_v4/synth/mr_vla_bd_v4.v:3457]
WARNING: [Synth 8-7071] port 'S04_AXI_rlast' of module 'mr_vla_bd_v4_axi_sc_0_0' is unconnected for instance 'axi_sc_0' [/tools/projects/FPGA-VLA/runs/T0036_v4/mr_vla_ipi_v4/mr_vla_ipi_v4.gen/sources_1/bd/mr_vla_bd_v4/synth/mr_vla_bd_v4.v:3457]
WARNING: [Synth 8-7071] port 'S04_AXI_rvalid' of module 'mr_vla_bd_v4_axi_sc_0_0' is unconnected for instance 'axi_sc_0' [/tools/projects/FPGA-VLA/runs/T0036_v4/mr_vla_ipi_v4/mr_vla_ipi_v4.gen/sources_1/bd/mr_vla_bd_v4/synth/mr_vla_bd_v4.v:3457]
WARNING: [Synth 8-7071] port 'S05_AXI_awready' of module 'mr_vla_bd_v4_axi_sc_0_0' is unconnected for instance 'axi_sc_0' [/tools/projects/FPGA-VLA/runs/T0036_v4/mr_vla_ipi_v4/mr_vla_ipi_v4.gen/sources_1/bd/mr_vla_bd_v4/synth/mr_vla_bd_v4.v:3457]
WARNING: [Synth 8-7071] port 'S05_AXI_wready' of module 'mr_vla_bd_v4_axi_sc_0_0' is unconnected for instance 'axi_sc_0' [/tools/projects/FPGA-VLA/runs/T0036_v4/mr_vla_ipi_v4/mr_vla_ipi_v4.gen/sources_1/bd/mr_vla_bd_v4/synth/mr_vla_bd_v4.v:3457]
WARNING: [Synth 8-7071] port 'S05_AXI_bid' of module 'mr_vla_bd_v4_axi_sc_0_0' is unconnected for instance 'axi_sc_0' [/tools/projects/FPGA-VLA/runs/T0036_v4/mr_vla_ipi_v4/mr_vla_ipi_v4.gen/sources_1/bd/mr_vla_bd_v4/synth/mr_vla_bd_v4.v:3457]
WARNING: [Synth 8-7071] port 'S05_AXI_bresp' of module 'mr_vla_bd_v4_axi_sc_0_0' is unconnected for instance 'axi_sc_0' [/tools/projects/FPGA-VLA/runs/T0036_v4/mr_vla_ipi_v4/mr_vla_ipi_v4.gen/sources_1/bd/mr_vla_bd_v4/synth/mr_vla_bd_v4.v:3457]
WARNING: [Synth 8-7071] port 'S05_AXI_bvalid' of module 'mr_vla_bd_v4_axi_sc_0_0' is unconnected for instance 'axi_sc_0' [/tools/projects/FPGA-VLA/runs/T0036_v4/mr_vla_ipi_v4/mr_vla_ipi_v4.gen/sources_1/bd/mr_vla_bd_v4/synth/mr_vla_bd_v4.v:3457]
WARNING: [Synth 8-7071] port 'S06_AXI_arready' of module 'mr_vla_bd_v4_axi_sc_0_0' is unconnected for instance 'axi_sc_0' [/tools/projects/FPGA-VLA/runs/T0036_v4/mr_vla_ipi_v4/mr_vla_ipi_v4.gen/sources_1/bd/mr_vla_bd_v4/synth/mr_vla_bd_v4.v:3457]
WARNING: [Synth 8-7071] port 'S06_AXI_rid' of module 'mr_vla_bd_v4_axi_sc_0_0' is unconnected for instance 'axi_sc_0' [/tools/projects/FPGA-VLA/runs/T0036_v4/mr_vla_ipi_v4/mr_vla_ipi_v4.gen/sources_1/bd/mr_vla_bd_v4/synth/mr_vla_bd_v4.v:3457]
WARNING: [Synth 8-7071] port 'S06_AXI_rdata' of module 'mr_vla_bd_v4_axi_sc_0_0' is unconnected for instance 'axi_sc_0' [/tools/projects/FPGA-VLA/runs/T0036_v4/mr_vla_ipi_v4/mr_vla_ipi_v4.gen/sources_1/bd/mr_vla_bd_v4/synth/mr_vla_bd_v4.v:3457]
WARNING: [Synth 8-7071] port 'S06_AXI_rresp' of module 'mr_vla_bd_v4_axi_sc_0_0' is unconnected for instance 'axi_sc_0' [/tools/projects/FPGA-VLA/runs/T0036_v4/mr_vla_ipi_v4/mr_vla_ipi_v4.gen/sources_1/bd/mr_vla_bd_v4/synth/mr_vla_bd_v4.v:3457]
WARNING: [Synth 8-7071] port 'S06_AXI_rlast' of module 'mr_vla_bd_v4_axi_sc_0_0' is unconnected for instance 'axi_sc_0' [/tools/projects/FPGA-VLA/runs/T0036_v4/mr_vla_ipi_v4/mr_vla_ipi_v4.gen/sources_1/bd/mr_vla_bd_v4/synth/mr_vla_bd_v4.v:3457]
WARNING: [Synth 8-7071] port 'S06_AXI_rvalid' of module 'mr_vla_bd_v4_axi_sc_0_0' is unconnected for instance 'axi_sc_0' [/tools/projects/FPGA-VLA/runs/T0036_v4/mr_vla_ipi_v4/mr_vla_ipi_v4.gen/sources_1/bd/mr_vla_bd_v4/synth/mr_vla_bd_v4.v:3457]
WARNING: [Synth 8-7071] port 'S07_AXI_arready' of module 'mr_vla_bd_v4_axi_sc_0_0' is unconnected for instance 'axi_sc_0' [/tools/projects/FPGA-VLA/runs/T0036_v4/mr_vla_ipi_v4/mr_vla_ipi_v4.gen/sources_1/bd/mr_vla_bd_v4/synth/mr_vla_bd_v4.v:3457]
WARNING: [Synth 8-7071] port 'S07_AXI_rid' of module 'mr_vla_bd_v4_axi_sc_0_0' is unconnected for instance 'axi_sc_0' [/tools/projects/FPGA-VLA/runs/T0036_v4/mr_vla_ipi_v4/mr_vla_ipi_v4.gen/sources_1/bd/mr_vla_bd_v4/synth/mr_vla_bd_v4.v:3457]
WARNING: [Synth 8-7071] port 'S07_AXI_rdata' of module 'mr_vla_bd_v4_axi_sc_0_0' is unconnected for instance 'axi_sc_0' [/tools/projects/FPGA-VLA/runs/T0036_v4/mr_vla_ipi_v4/mr_vla_ipi_v4.gen/sources_1/bd/mr_vla_bd_v4/synth/mr_vla_bd_v4.v:3457]
WARNING: [Synth 8-7071] port 'S07_AXI_rresp' of module 'mr_vla_bd_v4_axi_sc_0_0' is unconnected for instance 'axi_sc_0' [/tools/projects/FPGA-VLA/runs/T0036_v4/mr_vla_ipi_v4/mr_vla_ipi_v4.gen/sources_1/bd/mr_vla_bd_v4/synth/mr_vla_bd_v4.v:3457]
WARNING: [Synth 8-7071] port 'S07_AXI_rlast' of module 'mr_vla_bd_v4_axi_sc_0_0' is unconnected for instance 'axi_sc_0' [/tools/projects/FPGA-VLA/runs/T0036_v4/mr_vla_ipi_v4/mr_vla_ipi_v4.gen/sources_1/bd/mr_vla_bd_v4/synth/mr_vla_bd_v4.v:3457]
WARNING: [Synth 8-7071] port 'S07_AXI_rvalid' of module 'mr_vla_bd_v4_axi_sc_0_0' is unconnected for instance 'axi_sc_0' [/tools/projects/FPGA-VLA/runs/T0036_v4/mr_vla_ipi_v4/mr_vla_ipi_v4.gen/sources_1/bd/mr_vla_bd_v4/synth/mr_vla_bd_v4.v:3457]
WARNING: [Synth 8-7071] port 'S08_AXI_arready' of module 'mr_vla_bd_v4_axi_sc_0_0' is unconnected for instance 'axi_sc_0' [/tools/projects/FPGA-VLA/runs/T0036_v4/mr_vla_ipi_v4/mr_vla_ipi_v4.gen/sources_1/bd/mr_vla_bd_v4/synth/mr_vla_bd_v4.v:3457]
WARNING: [Synth 8-7071] port 'S08_AXI_rid' of module 'mr_vla_bd_v4_axi_sc_0_0' is unconnected for instance 'axi_sc_0' [/tools/projects/FPGA-VLA/runs/T0036_v4/mr_vla_ipi_v4/mr_vla_ipi_v4.gen/sources_1/bd/mr_vla_bd_v4/synth/mr_vla_bd_v4.v:3457]
WARNING: [Synth 8-7071] port 'S08_AXI_rdata' of module 'mr_vla_bd_v4_axi_sc_0_0' is unconnected for instance 'axi_sc_0' [/tools/projects/FPGA-VLA/runs/T0036_v4/mr_vla_ipi_v4/mr_vla_ipi_v4.gen/sources_1/bd/mr_vla_bd_v4/synth/mr_vla_bd_v4.v:3457]
WARNING: [Synth 8-7071] port 'S08_AXI_rresp' of module 'mr_vla_bd_v4_axi_sc_0_0' is unconnected for instance 'axi_sc_0' [/tools/projects/FPGA-VLA/runs/T0036_v4/mr_vla_ipi_v4/mr_vla_ipi_v4.gen/sources_1/bd/mr_vla_bd_v4/synth/mr_vla_bd_v4.v:3457]
WARNING: [Synth 8-7071] port 'S08_AXI_rlast' of module 'mr_vla_bd_v4_axi_sc_0_0' is unconnected for instance 'axi_sc_0' [/tools/projects/FPGA-VLA/runs/T0036_v4/mr_vla_ipi_v4/mr_vla_ipi_v4.gen/sources_1/bd/mr_vla_bd_v4/synth/mr_vla_bd_v4.v:3457]
WARNING: [Synth 8-7071] port 'S08_AXI_rvalid' of module 'mr_vla_bd_v4_axi_sc_0_0' is unconnected for instance 'axi_sc_0' [/tools/projects/FPGA-VLA/runs/T0036_v4/mr_vla_ipi_v4/mr_vla_ipi_v4.gen/sources_1/bd/mr_vla_bd_v4/synth/mr_vla_bd_v4.v:3457]
WARNING: [Synth 8-7071] port 'S09_AXI_awready' of module 'mr_vla_bd_v4_axi_sc_0_0' is unconnected for instance 'axi_sc_0' [/tools/projects/FPGA-VLA/runs/T0036_v4/mr_vla_ipi_v4/mr_vla_ipi_v4.gen/sources_1/bd/mr_vla_bd_v4/synth/mr_vla_bd_v4.v:3457]
WARNING: [Synth 8-7071] port 'S09_AXI_wready' of module 'mr_vla_bd_v4_axi_sc_0_0' is unconnected for instance 'axi_sc_0' [/tools/projects/FPGA-VLA/runs/T0036_v4/mr_vla_ipi_v4/mr_vla_ipi_v4.gen/sources_1/bd/mr_vla_bd_v4/synth/mr_vla_bd_v4.v:3457]
WARNING: [Synth 8-7071] port 'S09_AXI_bid' of module 'mr_vla_bd_v4_axi_sc_0_0' is unconnected for instance 'axi_sc_0' [/tools/projects/FPGA-VLA/runs/T0036_v4/mr_vla_ipi_v4/mr_vla_ipi_v4.gen/sources_1/bd/mr_vla_bd_v4/synth/mr_vla_bd_v4.v:3457]
WARNING: [Synth 8-7071] port 'S09_AXI_bresp' of module 'mr_vla_bd_v4_axi_sc_0_0' is unconnected for instance 'axi_sc_0' [/tools/projects/FPGA-VLA/runs/T0036_v4/mr_vla_ipi_v4/mr_vla_ipi_v4.gen/sources_1/bd/mr_vla_bd_v4/synth/mr_vla_bd_v4.v:3457]
WARNING: [Synth 8-7071] port 'S09_AXI_bvalid' of module 'mr_vla_bd_v4_axi_sc_0_0' is unconnected for instance 'axi_sc_0' [/tools/projects/FPGA-VLA/runs/T0036_v4/mr_vla_ipi_v4/mr_vla_ipi_v4.gen/sources_1/bd/mr_vla_bd_v4/synth/mr_vla_bd_v4.v:3457]
WARNING: [Synth 8-7071] port 'S10_AXI_arready' of module 'mr_vla_bd_v4_axi_sc_0_0' is unconnected for instance 'axi_sc_0' [/tools/projects/FPGA-VLA/runs/T0036_v4/mr_vla_ipi_v4/mr_vla_ipi_v4.gen/sources_1/bd/mr_vla_bd_v4/synth/mr_vla_bd_v4.v:3457]
WARNING: [Synth 8-7071] port 'S10_AXI_rid' of module 'mr_vla_bd_v4_axi_sc_0_0' is unconnected for instance 'axi_sc_0' [/tools/projects/FPGA-VLA/runs/T0036_v4/mr_vla_ipi_v4/mr_vla_ipi_v4.gen/sources_1/bd/mr_vla_bd_v4/synth/mr_vla_bd_v4.v:3457]
WARNING: [Synth 8-7071] port 'S10_AXI_rdata' of module 'mr_vla_bd_v4_axi_sc_0_0' is unconnected for instance 'axi_sc_0' [/tools/projects/FPGA-VLA/runs/T0036_v4/mr_vla_ipi_v4/mr_vla_ipi_v4.gen/sources_1/bd/mr_vla_bd_v4/synth/mr_vla_bd_v4.v:3457]
WARNING: [Synth 8-7071] port 'S10_AXI_rresp' of module 'mr_vla_bd_v4_axi_sc_0_0' is unconnected for instance 'axi_sc_0' [/tools/projects/FPGA-VLA/runs/T0036_v4/mr_vla_ipi_v4/mr_vla_ipi_v4.gen/sources_1/bd/mr_vla_bd_v4/synth/mr_vla_bd_v4.v:3457]
WARNING: [Synth 8-7071] port 'S10_AXI_rlast' of module 'mr_vla_bd_v4_axi_sc_0_0' is unconnected for instance 'axi_sc_0' [/tools/projects/FPGA-VLA/runs/T0036_v4/mr_vla_ipi_v4/mr_vla_ipi_v4.gen/sources_1/bd/mr_vla_bd_v4/synth/mr_vla_bd_v4.v:3457]
WARNING: [Synth 8-7071] port 'S10_AXI_rvalid' of module 'mr_vla_bd_v4_axi_sc_0_0' is unconnected for instance 'axi_sc_0' [/tools/projects/FPGA-VLA/runs/T0036_v4/mr_vla_ipi_v4/mr_vla_ipi_v4.gen/sources_1/bd/mr_vla_bd_v4/synth/mr_vla_bd_v4.v:3457]
WARNING: [Synth 8-7071] port 'S11_AXI_arready' of module 'mr_vla_bd_v4_axi_sc_0_0' is unconnected for instance 'axi_sc_0' [/tools/projects/FPGA-VLA/runs/T0036_v4/mr_vla_ipi_v4/mr_vla_ipi_v4.gen/sources_1/bd/mr_vla_bd_v4/synth/mr_vla_bd_v4.v:3457]
WARNING: [Synth 8-7071] port 'S11_AXI_rid' of module 'mr_vla_bd_v4_axi_sc_0_0' is unconnected for instance 'axi_sc_0' [/tools/projects/FPGA-VLA/runs/T0036_v4/mr_vla_ipi_v4/mr_vla_ipi_v4.gen/sources_1/bd/mr_vla_bd_v4/synth/mr_vla_bd_v4.v:3457]
WARNING: [Synth 8-7071] port 'S11_AXI_rdata' of module 'mr_vla_bd_v4_axi_sc_0_0' is unconnected for instance 'axi_sc_0' [/tools/projects/FPGA-VLA/runs/T0036_v4/mr_vla_ipi_v4/mr_vla_ipi_v4.gen/sources_1/bd/mr_vla_bd_v4/synth/mr_vla_bd_v4.v:3457]
WARNING: [Synth 8-7071] port 'S11_AXI_rresp' of module 'mr_vla_bd_v4_axi_sc_0_0' is unconnected for instance 'axi_sc_0' [/tools/projects/FPGA-VLA/runs/T0036_v4/mr_vla_ipi_v4/mr_vla_ipi_v4.gen/sources_1/bd/mr_vla_bd_v4/synth/mr_vla_bd_v4.v:3457]
WARNING: [Synth 8-7071] port 'S11_AXI_rlast' of module 'mr_vla_bd_v4_axi_sc_0_0' is unconnected for instance 'axi_sc_0' [/tools/projects/FPGA-VLA/runs/T0036_v4/mr_vla_ipi_v4/mr_vla_ipi_v4.gen/sources_1/bd/mr_vla_bd_v4/synth/mr_vla_bd_v4.v:3457]
WARNING: [Synth 8-7071] port 'S11_AXI_rvalid' of module 'mr_vla_bd_v4_axi_sc_0_0' is unconnected for instance 'axi_sc_0' [/tools/projects/FPGA-VLA/runs/T0036_v4/mr_vla_ipi_v4/mr_vla_ipi_v4.gen/sources_1/bd/mr_vla_bd_v4/synth/mr_vla_bd_v4.v:3457]
WARNING: [Synth 8-7071] port 'S12_AXI_arready' of module 'mr_vla_bd_v4_axi_sc_0_0' is unconnected for instance 'axi_sc_0' [/tools/projects/FPGA-VLA/runs/T0036_v4/mr_vla_ipi_v4/mr_vla_ipi_v4.gen/sources_1/bd/mr_vla_bd_v4/synth/mr_vla_bd_v4.v:3457]
WARNING: [Synth 8-7071] port 'S12_AXI_rid' of module 'mr_vla_bd_v4_axi_sc_0_0' is unconnected for instance 'axi_sc_0' [/tools/projects/FPGA-VLA/runs/T0036_v4/mr_vla_ipi_v4/mr_vla_ipi_v4.gen/sources_1/bd/mr_vla_bd_v4/synth/mr_vla_bd_v4.v:3457]
WARNING: [Synth 8-7071] port 'S12_AXI_rdata' of module 'mr_vla_bd_v4_axi_sc_0_0' is unconnected for instance 'axi_sc_0' [/tools/projects/FPGA-VLA/runs/T0036_v4/mr_vla_ipi_v4/mr_vla_ipi_v4.gen/sources_1/bd/mr_vla_bd_v4/synth/mr_vla_bd_v4.v:3457]
WARNING: [Synth 8-7071] port 'S12_AXI_rresp' of module 'mr_vla_bd_v4_axi_sc_0_0' is unconnected for instance 'axi_sc_0' [/tools/projects/FPGA-VLA/runs/T0036_v4/mr_vla_ipi_v4/mr_vla_ipi_v4.gen/sources_1/bd/mr_vla_bd_v4/synth/mr_vla_bd_v4.v:3457]
WARNING: [Synth 8-7071] port 'S12_AXI_rlast' of module 'mr_vla_bd_v4_axi_sc_0_0' is unconnected for instance 'axi_sc_0' [/tools/projects/FPGA-VLA/runs/T0036_v4/mr_vla_ipi_v4/mr_vla_ipi_v4.gen/sources_1/bd/mr_vla_bd_v4/synth/mr_vla_bd_v4.v:3457]
WARNING: [Synth 8-7071] port 'S12_AXI_rvalid' of module 'mr_vla_bd_v4_axi_sc_0_0' is unconnected for instance 'axi_sc_0' [/tools/projects/FPGA-VLA/runs/T0036_v4/mr_vla_ipi_v4/mr_vla_ipi_v4.gen/sources_1/bd/mr_vla_bd_v4/synth/mr_vla_bd_v4.v:3457]
WARNING: [Synth 8-7071] port 'S13_AXI_awready' of module 'mr_vla_bd_v4_axi_sc_0_0' is unconnected for instance 'axi_sc_0' [/tools/projects/FPGA-VLA/runs/T0036_v4/mr_vla_ipi_v4/mr_vla_ipi_v4.gen/sources_1/bd/mr_vla_bd_v4/synth/mr_vla_bd_v4.v:3457]
WARNING: [Synth 8-7071] port 'S13_AXI_wready' of module 'mr_vla_bd_v4_axi_sc_0_0' is unconnected for instance 'axi_sc_0' [/tools/projects/FPGA-VLA/runs/T0036_v4/mr_vla_ipi_v4/mr_vla_ipi_v4.gen/sources_1/bd/mr_vla_bd_v4/synth/mr_vla_bd_v4.v:3457]
WARNING: [Synth 8-7071] port 'S13_AXI_bid' of module 'mr_vla_bd_v4_axi_sc_0_0' is unconnected for instance 'axi_sc_0' [/tools/projects/FPGA-VLA/runs/T0036_v4/mr_vla_ipi_v4/mr_vla_ipi_v4.gen/sources_1/bd/mr_vla_bd_v4/synth/mr_vla_bd_v4.v:3457]
WARNING: [Synth 8-7071] port 'S13_AXI_bresp' of module 'mr_vla_bd_v4_axi_sc_0_0' is unconnected for instance 'axi_sc_0' [/tools/projects/FPGA-VLA/runs/T0036_v4/mr_vla_ipi_v4/mr_vla_ipi_v4.gen/sources_1/bd/mr_vla_bd_v4/synth/mr_vla_bd_v4.v:3457]
WARNING: [Synth 8-7071] port 'S13_AXI_bvalid' of module 'mr_vla_bd_v4_axi_sc_0_0' is unconnected for instance 'axi_sc_0' [/tools/projects/FPGA-VLA/runs/T0036_v4/mr_vla_ipi_v4/mr_vla_ipi_v4.gen/sources_1/bd/mr_vla_bd_v4/synth/mr_vla_bd_v4.v:3457]
WARNING: [Synth 8-7071] port 'S14_AXI_arready' of module 'mr_vla_bd_v4_axi_sc_0_0' is unconnected for instance 'axi_sc_0' [/tools/projects/FPGA-VLA/runs/T0036_v4/mr_vla_ipi_v4/mr_vla_ipi_v4.gen/sources_1/bd/mr_vla_bd_v4/synth/mr_vla_bd_v4.v:3457]
WARNING: [Synth 8-7071] port 'S14_AXI_rid' of module 'mr_vla_bd_v4_axi_sc_0_0' is unconnected for instance 'axi_sc_0' [/tools/projects/FPGA-VLA/runs/T0036_v4/mr_vla_ipi_v4/mr_vla_ipi_v4.gen/sources_1/bd/mr_vla_bd_v4/synth/mr_vla_bd_v4.v:3457]
WARNING: [Synth 8-7071] port 'S14_AXI_rdata' of module 'mr_vla_bd_v4_axi_sc_0_0' is unconnected for instance 'axi_sc_0' [/tools/projects/FPGA-VLA/runs/T0036_v4/mr_vla_ipi_v4/mr_vla_ipi_v4.gen/sources_1/bd/mr_vla_bd_v4/synth/mr_vla_bd_v4.v:3457]
WARNING: [Synth 8-7071] port 'S14_AXI_rresp' of module 'mr_vla_bd_v4_axi_sc_0_0' is unconnected for instance 'axi_sc_0' [/tools/projects/FPGA-VLA/runs/T0036_v4/mr_vla_ipi_v4/mr_vla_ipi_v4.gen/sources_1/bd/mr_vla_bd_v4/synth/mr_vla_bd_v4.v:3457]
WARNING: [Synth 8-7071] port 'S14_AXI_rlast' of module 'mr_vla_bd_v4_axi_sc_0_0' is unconnected for instance 'axi_sc_0' [/tools/projects/FPGA-VLA/runs/T0036_v4/mr_vla_ipi_v4/mr_vla_ipi_v4.gen/sources_1/bd/mr_vla_bd_v4/synth/mr_vla_bd_v4.v:3457]
WARNING: [Synth 8-7071] port 'S14_AXI_rvalid' of module 'mr_vla_bd_v4_axi_sc_0_0' is unconnected for instance 'axi_sc_0' [/tools/projects/FPGA-VLA/runs/T0036_v4/mr_vla_ipi_v4/mr_vla_ipi_v4.gen/sources_1/bd/mr_vla_bd_v4/synth/mr_vla_bd_v4.v:3457]
WARNING: [Synth 8-7071] port 'S15_AXI_arready' of module 'mr_vla_bd_v4_axi_sc_0_0' is unconnected for instance 'axi_sc_0' [/tools/projects/FPGA-VLA/runs/T0036_v4/mr_vla_ipi_v4/mr_vla_ipi_v4.gen/sources_1/bd/mr_vla_bd_v4/synth/mr_vla_bd_v4.v:3457]
WARNING: [Synth 8-7071] port 'S15_AXI_rid' of module 'mr_vla_bd_v4_axi_sc_0_0' is unconnected for instance 'axi_sc_0' [/tools/projects/FPGA-VLA/runs/T0036_v4/mr_vla_ipi_v4/mr_vla_ipi_v4.gen/sources_1/bd/mr_vla_bd_v4/synth/mr_vla_bd_v4.v:3457]
WARNING: [Synth 8-7071] port 'S15_AXI_rdata' of module 'mr_vla_bd_v4_axi_sc_0_0' is unconnected for instance 'axi_sc_0' [/tools/projects/FPGA-VLA/runs/T0036_v4/mr_vla_ipi_v4/mr_vla_ipi_v4.gen/sources_1/bd/mr_vla_bd_v4/synth/mr_vla_bd_v4.v:3457]
WARNING: [Synth 8-7071] port 'S15_AXI_rresp' of module 'mr_vla_bd_v4_axi_sc_0_0' is unconnected for instance 'axi_sc_0' [/tools/projects/FPGA-VLA/runs/T0036_v4/mr_vla_ipi_v4/mr_vla_ipi_v4.gen/sources_1/bd/mr_vla_bd_v4/synth/mr_vla_bd_v4.v:3457]
WARNING: [Synth 8-7071] port 'S15_AXI_rlast' of module 'mr_vla_bd_v4_axi_sc_0_0' is unconnected for instance 'axi_sc_0' [/tools/projects/FPGA-VLA/runs/T0036_v4/mr_vla_ipi_v4/mr_vla_ipi_v4.gen/sources_1/bd/mr_vla_bd_v4/synth/mr_vla_bd_v4.v:3457]
WARNING: [Synth 8-7071] port 'S15_AXI_rvalid' of module 'mr_vla_bd_v4_axi_sc_0_0' is unconnected for instance 'axi_sc_0' [/tools/projects/FPGA-VLA/runs/T0036_v4/mr_vla_ipi_v4/mr_vla_ipi_v4.gen/sources_1/bd/mr_vla_bd_v4/synth/mr_vla_bd_v4.v:3457]
WARNING: [Synth 8-7023] instance 'axi_sc_0' of module 'mr_vla_bd_v4_axi_sc_0_0' has 418 connections declared, but only 326 given [/tools/projects/FPGA-VLA/runs/T0036_v4/mr_vla_ipi_v4/mr_vla_ipi_v4.gen/sources_1/bd/mr_vla_bd_v4/synth/mr_vla_bd_v4.v:3457]
INFO: [Synth 8-6157] synthesizing module 'mr_vla_bd_v4_u_adh_0' [/tools/projects/FPGA-VLA/runs/T0036_v4/mr_vla_ipi_v4/mr_vla_ipi_v4.runs/synth_1/.Xil/Vivado-9029-iZuf63nslpsmuz7caylpqsZ/realtime/mr_vla_bd_v4_u_adh_0_stub.v:6]
INFO: [Synth 8-6155] done synthesizing module 'mr_vla_bd_v4_u_adh_0' (0#1) [/tools/projects/FPGA-VLA/runs/T0036_v4/mr_vla_ipi_v4/mr_vla_ipi_v4.runs/synth_1/.Xil/Vivado-9029-iZuf63nslpsmuz7caylpqsZ/realtime/mr_vla_bd_v4_u_adh_0_stub.v:6]
INFO: [Synth 8-6157] synthesizing module 'mr_vla_bd_v4_u_gvsa_0' [/tools/projects/FPGA-VLA/runs/T0036_v4/mr_vla_ipi_v4/mr_vla_ipi_v4.runs/synth_1/.Xil/Vivado-9029-iZuf63nslpsmuz7caylpqsZ/realtime/mr_vla_bd_v4_u_gvsa_0_stub.v:6]
INFO: [Synth 8-6155] done synthesizing module 'mr_vla_bd_v4_u_gvsa_0' (0#1) [/tools/projects/FPGA-VLA/runs/T0036_v4/mr_vla_ipi_v4/mr_vla_ipi_v4.runs/synth_1/.Xil/Vivado-9029-iZuf63nslpsmuz7caylpqsZ/realtime/mr_vla_bd_v4_u_gvsa_0_stub.v:6]
INFO: [Synth 8-6157] synthesizing module 'mr_vla_bd_v4_u_sched_0' [/tools/projects/FPGA-VLA/runs/T0036_v4/mr_vla_ipi_v4/mr_vla_ipi_v4.runs/synth_1/.Xil/Vivado-9029-iZuf63nslpsmuz7caylpqsZ/realtime/mr_vla_bd_v4_u_sched_0_stub.v:6]
INFO: [Synth 8-6155] done synthesizing module 'mr_vla_bd_v4_u_sched_0' (0#1) [/tools/projects/FPGA-VLA/runs/T0036_v4/mr_vla_ipi_v4/mr_vla_ipi_v4.runs/synth_1/.Xil/Vivado-9029-iZuf63nslpsmuz7caylpqsZ/realtime/mr_vla_bd_v4_u_sched_0_stub.v:6]
INFO: [Synth 8-6157] synthesizing module 'mr_vla_bd_v4_u_vit_0' [/tools/projects/FPGA-VLA/runs/T0036_v4/mr_vla_ipi_v4/mr_vla_ipi_v4.runs/synth_1/.Xil/Vivado-9029-iZuf63nslpsmuz7caylpqsZ/realtime/mr_vla_bd_v4_u_vit_0_stub.v:6]
INFO: [Synth 8-6155] done synthesizing module 'mr_vla_bd_v4_u_vit_0' (0#1) [/tools/projects/FPGA-VLA/runs/T0036_v4/mr_vla_ipi_v4/mr_vla_ipi_v4.runs/synth_1/.Xil/Vivado-9029-iZuf63nslpsmuz7caylpqsZ/realtime/mr_vla_bd_v4_u_vit_0_stub.v:6]
INFO: [Synth 8-6157] synthesizing module 'mr_vla_bd_v4_u_xmod_0' [/tools/projects/FPGA-VLA/runs/T0036_v4/mr_vla_ipi_v4/mr_vla_ipi_v4.runs/synth_1/.Xil/Vivado-9029-iZuf63nslpsmuz7caylpqsZ/realtime/mr_vla_bd_v4_u_xmod_0_stub.v:6]
INFO: [Synth 8-6155] done synthesizing module 'mr_vla_bd_v4_u_xmod_0' (0#1) [/tools/projects/FPGA-VLA/runs/T0036_v4/mr_vla_ipi_v4/mr_vla_ipi_v4.runs/synth_1/.Xil/Vivado-9029-iZuf63nslpsmuz7caylpqsZ/realtime/mr_vla_bd_v4_u_xmod_0_stub.v:6]
INFO: [Synth 8-6155] done synthesizing module 'mr_vla_bd_v4' (0#1) [/tools/projects/FPGA-VLA/runs/T0036_v4/mr_vla_ipi_v4/mr_vla_ipi_v4.gen/sources_1/bd/mr_vla_bd_v4/synth/mr_vla_bd_v4.v:13]
INFO: [Synth 8-6155] done synthesizing module 'mr_vla_bd_v4_wrapper' (0#1) [/tools/projects/FPGA-VLA/runs/T0036_v4/mr_vla_ipi_v4/mr_vla_ipi_v4.gen/sources_1/bd/mr_vla_bd_v4/hdl/mr_vla_bd_v4_wrapper.v:13]
---------------------------------------------------------------------------------
Finished RTL Elaboration : Time (s): cpu = 00:00:04 ; elapsed = 00:00:04 . Memory (MB): peak = 2902.848 ; gain = 501.953 ; free physical = 55052 ; free virtual = 58377
---------------------------------------------------------------------------------
---------------------------------------------------------------------------------
Start Handling Custom Attributes
---------------------------------------------------------------------------------
---------------------------------------------------------------------------------
Finished Handling Custom Attributes : Time (s): cpu = 00:00:04 ; elapsed = 00:00:04 . Memory (MB): peak = 2905.816 ; gain = 504.922 ; free physical = 55052 ; free virtual = 58377
---------------------------------------------------------------------------------
---------------------------------------------------------------------------------
Finished RTL Optimization Phase 1 : Time (s): cpu = 00:00:04 ; elapsed = 00:00:04 . Memory (MB): peak = 2905.816 ; gain = 504.922 ; free physical = 55052 ; free virtual = 58377
---------------------------------------------------------------------------------
Netlist sorting complete. Time (s): cpu = 00:00:00.02 ; elapsed = 00:00:00.02 . Memory (MB): peak = 2909.816 ; gain = 0.000 ; free physical = 55052 ; free virtual = 58377
INFO: [Constraints 18-6358] GCLK_DESKEW_DEFAULT not specified in Clock Expansion Window constraints config file for device xcvc1902.  GCLK Deskew mode will be Off and cannot be enabled via GCLK_DESKEW override.
INFO: [Constraints 18-5720] The default GCLK Deskew mode is Off.
INFO: [Project 1-570] Preparing netlist for logic optimization

Processing XDC Constraints
Initializing timing engine
Parsing XDC File [/tools/projects/FPGA-VLA/runs/T0036_v4/mr_vla_ipi_v4/mr_vla_ipi_v4.gen/sources_1/bd/mr_vla_bd_v4/ip/mr_vla_bd_v4_u_xmod_0/mr_vla_bd_v4_u_xmod_0/mr_vla_bd_v4_u_xmod_0_in_context.xdc] for cell 'mr_vla_bd_v4_i/u_xmod'
Finished Parsing XDC File [/tools/projects/FPGA-VLA/runs/T0036_v4/mr_vla_ipi_v4/mr_vla_ipi_v4.gen/sources_1/bd/mr_vla_bd_v4/ip/mr_vla_bd_v4_u_xmod_0/mr_vla_bd_v4_u_xmod_0/mr_vla_bd_v4_u_xmod_0_in_context.xdc] for cell 'mr_vla_bd_v4_i/u_xmod'
Parsing XDC File [/tools/projects/FPGA-VLA/runs/T0036_v4/mr_vla_ipi_v4/mr_vla_ipi_v4.gen/sources_1/bd/mr_vla_bd_v4/ip/mr_vla_bd_v4_u_gvsa_0/mr_vla_bd_v4_u_gvsa_0/mr_vla_bd_v4_u_gvsa_0_in_context.xdc] for cell 'mr_vla_bd_v4_i/u_gvsa'
Finished Parsing XDC File [/tools/projects/FPGA-VLA/runs/T0036_v4/mr_vla_ipi_v4/mr_vla_ipi_v4.gen/sources_1/bd/mr_vla_bd_v4/ip/mr_vla_bd_v4_u_gvsa_0/mr_vla_bd_v4_u_gvsa_0/mr_vla_bd_v4_u_gvsa_0_in_context.xdc] for cell 'mr_vla_bd_v4_i/u_gvsa'
Parsing XDC File [/tools/projects/FPGA-VLA/runs/T0036_v4/mr_vla_ipi_v4/mr_vla_ipi_v4.gen/sources_1/bd/mr_vla_bd_v4/ip/mr_vla_bd_v4_u_adh_0/mr_vla_bd_v4_u_adh_0/mr_vla_bd_v4_u_adh_0_in_context.xdc] for cell 'mr_vla_bd_v4_i/u_adh'
Finished Parsing XDC File [/tools/projects/FPGA-VLA/runs/T0036_v4/mr_vla_ipi_v4/mr_vla_ipi_v4.gen/sources_1/bd/mr_vla_bd_v4/ip/mr_vla_bd_v4_u_adh_0/mr_vla_bd_v4_u_adh_0/mr_vla_bd_v4_u_adh_0_in_context.xdc] for cell 'mr_vla_bd_v4_i/u_adh'
Parsing XDC File [/tools/projects/FPGA-VLA/runs/T0036_v4/mr_vla_ipi_v4/mr_vla_ipi_v4.gen/sources_1/bd/mr_vla_bd_v4/ip/mr_vla_bd_v4_u_vit_0/mr_vla_bd_v4_u_vit_0/mr_vla_bd_v4_u_vit_0_in_context.xdc] for cell 'mr_vla_bd_v4_i/u_vit'
Finished Parsing XDC File [/tools/projects/FPGA-VLA/runs/T0036_v4/mr_vla_ipi_v4/mr_vla_ipi_v4.gen/sources_1/bd/mr_vla_bd_v4/ip/mr_vla_bd_v4_u_vit_0/mr_vla_bd_v4_u_vit_0/mr_vla_bd_v4_u_vit_0_in_context.xdc] for cell 'mr_vla_bd_v4_i/u_vit'
Parsing XDC File [/tools/projects/FPGA-VLA/runs/T0036_v4/mr_vla_ipi_v4/mr_vla_ipi_v4.gen/sources_1/bd/mr_vla_bd_v4/ip/mr_vla_bd_v4_u_sched_0/mr_vla_bd_v4_u_sched_0/mr_vla_bd_v4_u_sched_0_in_context.xdc] for cell 'mr_vla_bd_v4_i/u_sched'
Finished Parsing XDC File [/tools/projects/FPGA-VLA/runs/T0036_v4/mr_vla_ipi_v4/mr_vla_ipi_v4.gen/sources_1/bd/mr_vla_bd_v4/ip/mr_vla_bd_v4_u_sched_0/mr_vla_bd_v4_u_sched_0/mr_vla_bd_v4_u_sched_0_in_context.xdc] for cell 'mr_vla_bd_v4_i/u_sched'
Parsing XDC File [/tools/projects/FPGA-VLA/runs/T0036_v4/mr_vla_ipi_v4/mr_vla_ipi_v4.gen/sources_1/bd/mr_vla_bd_v4/ip/mr_vla_bd_v4_axi_sc_0_0/mr_vla_bd_v4_axi_sc_0_0/mr_vla_bd_v4_axi_sc_0_0_in_context.xdc] for cell 'mr_vla_bd_v4_i/axi_sc_0'
Finished Parsing XDC File [/tools/projects/FPGA-VLA/runs/T0036_v4/mr_vla_ipi_v4/mr_vla_ipi_v4.gen/sources_1/bd/mr_vla_bd_v4/ip/mr_vla_bd_v4_axi_sc_0_0/mr_vla_bd_v4_axi_sc_0_0/mr_vla_bd_v4_axi_sc_0_0_in_context.xdc] for cell 'mr_vla_bd_v4_i/axi_sc_0'
Parsing XDC File [/tools/projects/FPGA-VLA/runs/T0036_v4/mr_vla_ipi_v4/mr_vla_ipi_v4.runs/synth_1/dont_touch.xdc]
Finished Parsing XDC File [/tools/projects/FPGA-VLA/runs/T0036_v4/mr_vla_ipi_v4/mr_vla_ipi_v4.runs/synth_1/dont_touch.xdc]
Completed Processing XDC Constraints

Netlist sorting complete. Time (s): cpu = 00:00:00 ; elapsed = 00:00:00 . Memory (MB): peak = 3253.715 ; gain = 0.000 ; free physical = 55012 ; free virtual = 58337
INFO: [Project 1-111] Unisim Transformation Summary:
No Unisim elements were transformed.

Constraint Validation Runtime : Time (s): cpu = 00:00:00.01 ; elapsed = 00:00:00 . Memory (MB): peak = 3253.715 ; gain = 0.000 ; free physical = 55012 ; free virtual = 58337
---------------------------------------------------------------------------------
Finished Constraint Validation : Time (s): cpu = 00:00:08 ; elapsed = 00:00:08 . Memory (MB): peak = 3253.715 ; gain = 852.820 ; free physical = 55007 ; free virtual = 58332
---------------------------------------------------------------------------------
---------------------------------------------------------------------------------
Start Loading Part and Timing Information
---------------------------------------------------------------------------------
Loading part: xcvc1902-vsva2197-2MP-e-S
INFO: [Synth 8-6742] Reading net delay rules and data
---------------------------------------------------------------------------------
Finished Loading Part and Timing Information : Time (s): cpu = 00:00:08 ; elapsed = 00:00:08 . Memory (MB): peak = 3253.715 ; gain = 852.820 ; free physical = 55007 ; free virtual = 58332
---------------------------------------------------------------------------------
---------------------------------------------------------------------------------
Start Applying 'set_property' XDC Constraints
---------------------------------------------------------------------------------
Applied set_property KEEP_HIERARCHY = SOFT for mr_vla_bd_v4_i. (constraint file  auto generated constraint).
Applied set_property KEEP_HIERARCHY = SOFT for mr_vla_bd_v4_i/u_xmod. (constraint file  auto generated constraint).
Applied set_property KEEP_HIERARCHY = SOFT for mr_vla_bd_v4_i/u_gvsa. (constraint file  auto generated constraint).
Applied set_property KEEP_HIERARCHY = SOFT for mr_vla_bd_v4_i/u_adh. (constraint file  auto generated constraint).
Applied set_property KEEP_HIERARCHY = SOFT for mr_vla_bd_v4_i/u_vit. (constraint file  auto generated constraint).
Applied set_property KEEP_HIERARCHY = SOFT for mr_vla_bd_v4_i/u_sched. (constraint file  auto generated constraint).
Applied set_property KEEP_HIERARCHY = SOFT for mr_vla_bd_v4_i/axi_sc_0. (constraint file  auto generated constraint).
---------------------------------------------------------------------------------
Finished applying 'set_property' XDC Constraints : Time (s): cpu = 00:00:08 ; elapsed = 00:00:08 . Memory (MB): peak = 3253.715 ; gain = 852.820 ; free physical = 55007 ; free virtual = 58332
---------------------------------------------------------------------------------
---------------------------------------------------------------------------------
Finished RTL Optimization Phase 2 : Time (s): cpu = 00:00:08 ; elapsed = 00:00:09 . Memory (MB): peak = 3253.715 ; gain = 852.820 ; free physical = 55006 ; free virtual = 58332
---------------------------------------------------------------------------------
---------------------------------------------------------------------------------
Start RTL Component Statistics 
---------------------------------------------------------------------------------
Detailed RTL Component Info : 
---------------------------------------------------------------------------------
Finished RTL Component Statistics 
---------------------------------------------------------------------------------
---------------------------------------------------------------------------------
Start Part Resource Summary
---------------------------------------------------------------------------------
Part Resources:
DSPs: 1968 (col length:164)
BRAMs: 1934 (col length: RAMB18 168 RAMB36 84)
---------------------------------------------------------------------------------
Finished Part Resource Summary
---------------------------------------------------------------------------------
---------------------------------------------------------------------------------
Start Cross Boundary and Area Optimization
---------------------------------------------------------------------------------
WARNING: [Synth 8-7080] Parallel synthesis criteria is not met
---------------------------------------------------------------------------------
Finished Cross Boundary and Area Optimization : Time (s): cpu = 00:00:09 ; elapsed = 00:00:10 . Memory (MB): peak = 3253.715 ; gain = 852.820 ; free physical = 55004 ; free virtual = 58335
---------------------------------------------------------------------------------
---------------------------------------------------------------------------------
Start Applying XDC Timing Constraints
---------------------------------------------------------------------------------
---------------------------------------------------------------------------------
Finished Applying XDC Timing Constraints : Time (s): cpu = 00:00:20 ; elapsed = 00:00:20 . Memory (MB): peak = 3866.039 ; gain = 1465.145 ; free physical = 54335 ; free virtual = 57666
---------------------------------------------------------------------------------
---------------------------------------------------------------------------------
Start Timing Optimization
---------------------------------------------------------------------------------
---------------------------------------------------------------------------------
Finished Timing Optimization : Time (s): cpu = 00:00:20 ; elapsed = 00:00:20 . Memory (MB): peak = 3868.039 ; gain = 1467.145 ; free physical = 54333 ; free virtual = 57664
---------------------------------------------------------------------------------
---------------------------------------------------------------------------------
Start Technology Mapping
---------------------------------------------------------------------------------
INFO: [Synth 8-11322] No global retiming is needed without any clock constraint
---------------------------------------------------------------------------------
Finished Technology Mapping : Time (s): cpu = 00:00:20 ; elapsed = 00:00:21 . Memory (MB): peak = 3879.734 ; gain = 1478.840 ; free physical = 54320 ; free virtual = 57651
---------------------------------------------------------------------------------
---------------------------------------------------------------------------------
Start IO Insertion
---------------------------------------------------------------------------------
---------------------------------------------------------------------------------
Start Flattening Before IO Insertion
---------------------------------------------------------------------------------
---------------------------------------------------------------------------------
Finished Flattening Before IO Insertion
---------------------------------------------------------------------------------
---------------------------------------------------------------------------------
Start Final Netlist Cleanup
---------------------------------------------------------------------------------
---------------------------------------------------------------------------------
Finished Final Netlist Cleanup
---------------------------------------------------------------------------------
---------------------------------------------------------------------------------
Finished IO Insertion : Time (s): cpu = 00:00:23 ; elapsed = 00:00:23 . Memory (MB): peak = 3893.609 ; gain = 1492.715 ; free physical = 54320 ; free virtual = 57651
---------------------------------------------------------------------------------
---------------------------------------------------------------------------------
Start Renaming Generated Instances
---------------------------------------------------------------------------------
---------------------------------------------------------------------------------
Finished Renaming Generated Instances : Time (s): cpu = 00:00:23 ; elapsed = 00:00:23 . Memory (MB): peak = 3893.609 ; gain = 1492.715 ; free physical = 54320 ; free virtual = 57651
---------------------------------------------------------------------------------
---------------------------------------------------------------------------------
Start Rebuilding User Hierarchy
---------------------------------------------------------------------------------
---------------------------------------------------------------------------------
Finished Rebuilding User Hierarchy : Time (s): cpu = 00:00:23 ; elapsed = 00:00:23 . Memory (MB): peak = 3893.609 ; gain = 1492.715 ; free physical = 54320 ; free virtual = 57651
---------------------------------------------------------------------------------
---------------------------------------------------------------------------------
Start Renaming Generated Ports
---------------------------------------------------------------------------------
---------------------------------------------------------------------------------
Finished Renaming Generated Ports : Time (s): cpu = 00:00:23 ; elapsed = 00:00:23 . Memory (MB): peak = 3893.609 ; gain = 1492.715 ; free physical = 54320 ; free virtual = 57651
---------------------------------------------------------------------------------
---------------------------------------------------------------------------------
Start Handling Custom Attributes
---------------------------------------------------------------------------------
---------------------------------------------------------------------------------
Finished Handling Custom Attributes : Time (s): cpu = 00:00:23 ; elapsed = 00:00:23 . Memory (MB): peak = 3893.609 ; gain = 1492.715 ; free physical = 54320 ; free virtual = 57651
---------------------------------------------------------------------------------
---------------------------------------------------------------------------------
Start Renaming Generated Nets
---------------------------------------------------------------------------------
---------------------------------------------------------------------------------
Finished Renaming Generated Nets : Time (s): cpu = 00:00:23 ; elapsed = 00:00:23 . Memory (MB): peak = 3893.609 ; gain = 1492.715 ; free physical = 54320 ; free virtual = 57651
---------------------------------------------------------------------------------
---------------------------------------------------------------------------------
Start Writing Synthesis Report
---------------------------------------------------------------------------------

Report BlackBoxes: 
+------+------------------------+----------+
|      |BlackBox name           |Instances |
+------+------------------------+----------+
|1     |mr_vla_bd_v4_axi_sc_0_0 |         1|
|2     |mr_vla_bd_v4_u_adh_0    |         1|
|3     |mr_vla_bd_v4_u_gvsa_0   |         1|
|4     |mr_vla_bd_v4_u_sched_0  |         1|
|5     |mr_vla_bd_v4_u_vit_0    |         1|
|6     |mr_vla_bd_v4_u_xmod_0   |         1|
+------+------------------------+----------+

Report Cell Usage: 
+------+----------------------+------+
|      |Cell                  |Count |
+------+----------------------+------+
|1     |mr_vla_bd_v4_axi_sc_0 |     1|
|2     |mr_vla_bd_v4_u_adh    |     1|
|3     |mr_vla_bd_v4_u_gvsa   |     1|
|4     |mr_vla_bd_v4_u_sched  |     1|
|5     |mr_vla_bd_v4_u_vit    |     1|
|6     |mr_vla_bd_v4_u_xmod   |     1|
|7     |IBUF                  |  1158|
|8     |OBUF                  |  4683|
+------+----------------------+------+
---------------------------------------------------------------------------------
Finished Writing Synthesis Report : Time (s): cpu = 00:00:23 ; elapsed = 00:00:23 . Memory (MB): peak = 3893.609 ; gain = 1492.715 ; free physical = 54320 ; free virtual = 57651
---------------------------------------------------------------------------------
Synthesis finished with 0 errors, 0 critical warnings and 1 warnings.
Synthesis Optimization Runtime : Time (s): cpu = 00:00:21 ; elapsed = 00:00:22 . Memory (MB): peak = 3893.609 ; gain = 1144.816 ; free physical = 54320 ; free virtual = 57651
Synthesis Optimization Complete : Time (s): cpu = 00:00:23 ; elapsed = 00:00:23 . Memory (MB): peak = 3893.609 ; gain = 1492.715 ; free physical = 54320 ; free virtual = 57651
INFO: [Project 1-571] Translating synthesized netlist
Netlist sorting complete. Time (s): cpu = 00:00:00.04 ; elapsed = 00:00:00.03 . Memory (MB): peak = 3893.609 ; gain = 0.000 ; free physical = 54620 ; free virtual = 57951
WARNING: [Netlist 29-101] Netlist 'mr_vla_bd_v4_wrapper' is not ideal for floorplanning, since the cellview 'mr_vla_bd_v4_wrapper' contains a large number of primitives.  Please consider enabling hierarchy in synthesis if you want to do floorplanning.
INFO: [Constraints 18-6358] GCLK_DESKEW_DEFAULT not specified in Clock Expansion Window constraints config file for device xcvc1902.  GCLK Deskew mode will be Off and cannot be enabled via GCLK_DESKEW override.
INFO: [Constraints 18-5720] The default GCLK Deskew mode is Off.
INFO: [Project 1-570] Preparing netlist for logic optimization
INFO: [Opt 31-138] Pushed 0 inverter(s) to 0 load pin(s).
Netlist sorting complete. Time (s): cpu = 00:00:00 ; elapsed = 00:00:00 . Memory (MB): peak = 3893.609 ; gain = 0.000 ; free physical = 54620 ; free virtual = 57951
INFO: [Project 1-111] Unisim Transformation Summary:
No Unisim elements were transformed.

Synth Design complete | Checksum: 971b68b6
INFO: [Common 17-83] Releasing license: Synthesis
41 Infos, 95 Warnings, 0 Critical Warnings and 0 Errors encountered.
synth_design completed successfully
synth_design: Time (s): cpu = 00:00:33 ; elapsed = 00:00:32 . Memory (MB): peak = 3893.609 ; gain = 2369.223 ; free physical = 54620 ; free virtual = 57951
INFO: [Common 17-2834] synth_design peak Physical Memory [PSS] (MB): overall = 3157.208; main = 2911.374; forked = 398.955
INFO: [Common 17-2834] synth_design peak Virtual Memory [VSS] (MB): overall = 4805.082; main = 3883.234; forked = 1033.039
Write ShapeDB Complete: Time (s): cpu = 00:00:00.11 ; elapsed = 00:00:00.05 . Memory (MB): peak = 3895.441 ; gain = 0.000 ; free physical = 54616 ; free virtual = 57953
INFO: [Common 17-1381] The checkpoint '/tools/projects/FPGA-VLA/runs/T0036_v4/mr_vla_ipi_v4/mr_vla_ipi_v4.runs/synth_1/mr_vla_bd_v4_wrapper.dcp' has been generated.
INFO: [Vivado 12-24828] Executing command : report_utilization -file mr_vla_bd_v4_wrapper_utilization_synth.rpt -pb mr_vla_bd_v4_wrapper_utilization_synth.pb
INFO: [Common 17-206] Exiting Vivado at Thu May 28 13:33:36 2026...
[Thu May 28 13:33:46 2026] synth_1 finished
wait_on_runs: Time (s): cpu = 00:18:09 ; elapsed = 00:07:21 . Memory (MB): peak = 2488.520 ; gain = 0.000 ; free physical = 57277 ; free virtual = 60602
Design is defaulting to impl run constrset: constrs_1
Design is defaulting to synth run part: xcvc1902-vsva2197-2MP-e-S
INFO: [Device 21-403] Loading part xcvc1902-vsva2197-2MP-e-S
INFO: [Project 1-454] Reading design checkpoint '/tools/projects/FPGA-VLA/runs/T0036_v4/mr_vla_ipi_v4/mr_vla_ipi_v4.gen/sources_1/bd/mr_vla_bd_v4/ip/mr_vla_bd_v4_axi_sc_0_0/mr_vla_bd_v4_axi_sc_0_0.dcp' for cell 'mr_vla_bd_v4_i/axi_sc_0'
INFO: [Project 1-454] Reading design checkpoint '/tools/projects/FPGA-VLA/runs/T0036_v4/mr_vla_ipi_v4/mr_vla_ipi_v4.gen/sources_1/bd/mr_vla_bd_v4/ip/mr_vla_bd_v4_u_adh_0/mr_vla_bd_v4_u_adh_0.dcp' for cell 'mr_vla_bd_v4_i/u_adh'
INFO: [Project 1-454] Reading design checkpoint '/tools/projects/FPGA-VLA/runs/T0036_v4/mr_vla_ipi_v4/mr_vla_ipi_v4.gen/sources_1/bd/mr_vla_bd_v4/ip/mr_vla_bd_v4_u_gvsa_0/mr_vla_bd_v4_u_gvsa_0.dcp' for cell 'mr_vla_bd_v4_i/u_gvsa'
INFO: [Project 1-454] Reading design checkpoint '/tools/projects/FPGA-VLA/runs/T0036_v4/mr_vla_ipi_v4/mr_vla_ipi_v4.gen/sources_1/bd/mr_vla_bd_v4/ip/mr_vla_bd_v4_u_sched_0/mr_vla_bd_v4_u_sched_0.dcp' for cell 'mr_vla_bd_v4_i/u_sched'
INFO: [Project 1-454] Reading design checkpoint '/tools/projects/FPGA-VLA/runs/T0036_v4/mr_vla_ipi_v4/mr_vla_ipi_v4.gen/sources_1/bd/mr_vla_bd_v4/ip/mr_vla_bd_v4_u_vit_0/mr_vla_bd_v4_u_vit_0.dcp' for cell 'mr_vla_bd_v4_i/u_vit'
INFO: [Project 1-454] Reading design checkpoint '/tools/projects/FPGA-VLA/runs/T0036_v4/mr_vla_ipi_v4/mr_vla_ipi_v4.gen/sources_1/bd/mr_vla_bd_v4/ip/mr_vla_bd_v4_u_xmod_0/mr_vla_bd_v4_u_xmod_0.dcp' for cell 'mr_vla_bd_v4_i/u_xmod'
Netlist sorting complete. Time (s): cpu = 00:00:01 ; elapsed = 00:00:01 . Memory (MB): peak = 3137.230 ; gain = 0.000 ; free physical = 56424 ; free virtual = 59749
INFO: [Netlist 29-17] Analyzing 28984 Unisim elements for replacement
INFO: [Netlist 29-28] Unisim Transformation completed in 7 CPU seconds
INFO: [Project 1-479] Netlist was created with Vivado 2024.1
INFO: [Constraints 18-6358] GCLK_DESKEW_DEFAULT not specified in Clock Expansion Window constraints config file for device xcvc1902.  GCLK Deskew mode will be Off and cannot be enabled via GCLK_DESKEW override.
INFO: [Constraints 18-5720] The default GCLK Deskew mode is Off.
INFO: [Project 1-570] Preparing netlist for logic optimization
Parsing XDC File [/tools/projects/FPGA-VLA/runs/T0036_v4/mr_vla_ipi_v4/mr_vla_ipi_v4.gen/sources_1/bd/mr_vla_bd_v4/ip/mr_vla_bd_v4_axi_sc_0_0/bd_0/ip/ip_116/bd_2c30_m01rn_0_clocks.xdc] for cell 'mr_vla_bd_v4_i/axi_sc_0/inst/m01_nodes/m01_r_node/inst'
Finished Parsing XDC File [/tools/projects/FPGA-VLA/runs/T0036_v4/mr_vla_ipi_v4/mr_vla_ipi_v4.gen/sources_1/bd/mr_vla_bd_v4/ip/mr_vla_bd_v4_axi_sc_0_0/bd_0/ip/ip_116/bd_2c30_m01rn_0_clocks.xdc] for cell 'mr_vla_bd_v4_i/axi_sc_0/inst/m01_nodes/m01_r_node/inst'
Parsing XDC File [/tools/projects/FPGA-VLA/runs/T0036_v4/mr_vla_ipi_v4/mr_vla_ipi_v4.gen/sources_1/bd/mr_vla_bd_v4/ip/mr_vla_bd_v4_axi_sc_0_0/bd_0/ip/ip_87/bd_2c30_srn_9_clocks.xdc] for cell 'mr_vla_bd_v4_i/axi_sc_0/inst/s12_nodes/s12_r_node/inst'
WARNING: [Vivado_Tcl 4-921] Waiver ID 'CDC-1' -to list should not be empty. [/tools/projects/FPGA-VLA/runs/T0036_v4/mr_vla_ipi_v4/mr_vla_ipi_v4.gen/sources_1/bd/mr_vla_bd_v4/ip/mr_vla_bd_v4_axi_sc_0_0/bd_0/ip/ip_87/bd_2c30_srn_9_clocks.xdc:49]
WARNING: [Vivado_Tcl 4-921] Waiver ID 'CDC-1' -to list should not be empty. [/tools/projects/FPGA-VLA/runs/T0036_v4/mr_vla_ipi_v4/mr_vla_ipi_v4.gen/sources_1/bd/mr_vla_bd_v4/ip/mr_vla_bd_v4_axi_sc_0_0/bd_0/ip/ip_87/bd_2c30_srn_9_clocks.xdc:52]
WARNING: [Vivado_Tcl 4-921] Waiver ID 'CDC-1' -to list should not be empty. [/tools/projects/FPGA-VLA/runs/T0036_v4/mr_vla_ipi_v4/mr_vla_ipi_v4.gen/sources_1/bd/mr_vla_bd_v4/ip/mr_vla_bd_v4_axi_sc_0_0/bd_0/ip/ip_87/bd_2c30_srn_9_clocks.xdc:55]
WARNING: [Vivado_Tcl 4-921] Waiver ID 'CDC-1' -to list should not be empty. [/tools/projects/FPGA-VLA/runs/T0036_v4/mr_vla_ipi_v4/mr_vla_ipi_v4.gen/sources_1/bd/mr_vla_bd_v4/ip/mr_vla_bd_v4_axi_sc_0_0/bd_0/ip/ip_87/bd_2c30_srn_9_clocks.xdc:59]
WARNING: [Vivado_Tcl 4-921] Waiver ID 'CDC-1' -to list should not be empty. [/tools/projects/FPGA-VLA/runs/T0036_v4/mr_vla_ipi_v4/mr_vla_ipi_v4.gen/sources_1/bd/mr_vla_bd_v4/ip/mr_vla_bd_v4_axi_sc_0_0/bd_0/ip/ip_87/bd_2c30_srn_9_clocks.xdc:63]
WARNING: [Vivado_Tcl 4-921] Waiver ID 'CDC-1' -to list should not be empty. [/tools/projects/FPGA-VLA/runs/T0036_v4/mr_vla_ipi_v4/mr_vla_ipi_v4.gen/sources_1/bd/mr_vla_bd_v4/ip/mr_vla_bd_v4_axi_sc_0_0/bd_0/ip/ip_87/bd_2c30_srn_9_clocks.xdc:66]
WARNING: [Vivado_Tcl 4-921] Waiver ID 'CDC-1' -to list should not be empty. [/tools/projects/FPGA-VLA/runs/T0036_v4/mr_vla_ipi_v4/mr_vla_ipi_v4.gen/sources_1/bd/mr_vla_bd_v4/ip/mr_vla_bd_v4_axi_sc_0_0/bd_0/ip/ip_87/bd_2c30_srn_9_clocks.xdc:70]
WARNING: [Vivado_Tcl 4-921] Waiver ID 'CDC-1' -to list should not be empty. [/tools/projects/FPGA-VLA/runs/T0036_v4/mr_vla_ipi_v4/mr_vla_ipi_v4.gen/sources_1/bd/mr_vla_bd_v4/ip/mr_vla_bd_v4_axi_sc_0_0/bd_0/ip/ip_87/bd_2c30_srn_9_clocks.xdc:73]
WARNING: [Vivado_Tcl 4-921] Waiver ID 'CDC-1' -to list should not be empty. [/tools/projects/FPGA-VLA/runs/T0036_v4/mr_vla_ipi_v4/mr_vla_ipi_v4.gen/sources_1/bd/mr_vla_bd_v4/ip/mr_vla_bd_v4_axi_sc_0_0/bd_0/ip/ip_87/bd_2c30_srn_9_clocks.xdc:76]
WARNING: [Vivado_Tcl 4-921] Waiver ID 'CDC-1' -to list should not be empty. [/tools/projects/FPGA-VLA/runs/T0036_v4/mr_vla_ipi_v4/mr_vla_ipi_v4.gen/sources_1/bd/mr_vla_bd_v4/ip/mr_vla_bd_v4_axi_sc_0_0/bd_0/ip/ip_87/bd_2c30_srn_9_clocks.xdc:79]
WARNING: [Vivado_Tcl 4-921] Waiver ID 'CDC-1' -to list should not be empty. [/tools/projects/FPGA-VLA/runs/T0036_v4/mr_vla_ipi_v4/mr_vla_ipi_v4.gen/sources_1/bd/mr_vla_bd_v4/ip/mr_vla_bd_v4_axi_sc_0_0/bd_0/ip/ip_87/bd_2c30_srn_9_clocks.xdc:82]
WARNING: [Vivado_Tcl 4-921] Waiver ID 'CDC-4' -to list should not be empty. [/tools/projects/FPGA-VLA/runs/T0036_v4/mr_vla_ipi_v4/mr_vla_ipi_v4.gen/sources_1/bd/mr_vla_bd_v4/ip/mr_vla_bd_v4_axi_sc_0_0/bd_0/ip/ip_87/bd_2c30_srn_9_clocks.xdc:85]
WARNING: [Vivado_Tcl 4-921] Waiver ID 'CDC-4' -to list should not be empty. [/tools/projects/FPGA-VLA/runs/T0036_v4/mr_vla_ipi_v4/mr_vla_ipi_v4.gen/sources_1/bd/mr_vla_bd_v4/ip/mr_vla_bd_v4_axi_sc_0_0/bd_0/ip/ip_87/bd_2c30_srn_9_clocks.xdc:88]
WARNING: [Vivado_Tcl 4-921] Waiver ID 'CDC-2' -to list should not be empty. [/tools/projects/FPGA-VLA/runs/T0036_v4/mr_vla_ipi_v4/mr_vla_ipi_v4.gen/sources_1/bd/mr_vla_bd_v4/ip/mr_vla_bd_v4_axi_sc_0_0/bd_0/ip/ip_87/bd_2c30_srn_9_clocks.xdc:91]
WARNING: [Vivado_Tcl 4-921] Waiver ID 'CDC-2' -to list should not be empty. [/tools/projects/FPGA-VLA/runs/T0036_v4/mr_vla_ipi_v4/mr_vla_ipi_v4.gen/sources_1/bd/mr_vla_bd_v4/ip/mr_vla_bd_v4_axi_sc_0_0/bd_0/ip/ip_87/bd_2c30_srn_9_clocks.xdc:94]
WARNING: [Vivado_Tcl 4-921] Waiver ID 'CDC-2' -to list should not be empty. [/tools/projects/FPGA-VLA/runs/T0036_v4/mr_vla_ipi_v4/mr_vla_ipi_v4.gen/sources_1/bd/mr_vla_bd_v4/ip/mr_vla_bd_v4_axi_sc_0_0/bd_0/ip/ip_87/bd_2c30_srn_9_clocks.xdc:97]
WARNING: [Vivado_Tcl 4-921] Waiver ID 'CDC-2' -to list should not be empty. [/tools/projects/FPGA-VLA/runs/T0036_v4/mr_vla_ipi_v4/mr_vla_ipi_v4.gen/sources_1/bd/mr_vla_bd_v4/ip/mr_vla_bd_v4_axi_sc_0_0/bd_0/ip/ip_87/bd_2c30_srn_9_clocks.xdc:100]
WARNING: [Vivado_Tcl 4-921] Waiver ID 'CDC-1' -to list should not be empty. [/tools/projects/FPGA-VLA/runs/T0036_v4/mr_vla_ipi_v4/mr_vla_ipi_v4.gen/sources_1/bd/mr_vla_bd_v4/ip/mr_vla_bd_v4_axi_sc_0_0/bd_0/ip/ip_87/bd_2c30_srn_9_clocks.xdc:104]
WARNING: [Vivado_Tcl 4-921] Waiver ID 'CDC-10' -to list should not be empty. [/tools/projects/FPGA-VLA/runs/T0036_v4/mr_vla_ipi_v4/mr_vla_ipi_v4.gen/sources_1/bd/mr_vla_bd_v4/ip/mr_vla_bd_v4_axi_sc_0_0/bd_0/ip/ip_87/bd_2c30_srn_9_clocks.xdc:107]
WARNING: [Vivado_Tcl 4-921] Waiver ID 'CDC-10' -to list should not be empty. [/tools/projects/FPGA-VLA/runs/T0036_v4/mr_vla_ipi_v4/mr_vla_ipi_v4.gen/sources_1/bd/mr_vla_bd_v4/ip/mr_vla_bd_v4_axi_sc_0_0/bd_0/ip/ip_87/bd_2c30_srn_9_clocks.xdc:110]
WARNING: [Vivado_Tcl 4-921] Waiver ID 'CDC-1' -to list should not be empty. [/tools/projects/FPGA-VLA/runs/T0036_v4/mr_vla_ipi_v4/mr_vla_ipi_v4.gen/sources_1/bd/mr_vla_bd_v4/ip/mr_vla_bd_v4_axi_sc_0_0/bd_0/ip/ip_87/bd_2c30_srn_9_clocks.xdc:113]
WARNING: [Vivado_Tcl 4-921] Waiver ID 'CDC-1' -to list should not be empty. [/tools/projects/FPGA-VLA/runs/T0036_v4/mr_vla_ipi_v4/mr_vla_ipi_v4.gen/sources_1/bd/mr_vla_bd_v4/ip/mr_vla_bd_v4_axi_sc_0_0/bd_0/ip/ip_87/bd_2c30_srn_9_clocks.xdc:116]
WARNING: [Vivado_Tcl 4-921] Waiver ID 'CDC-1' -to list should not be empty. [/tools/projects/FPGA-VLA/runs/T0036_v4/mr_vla_ipi_v4/mr_vla_ipi_v4.gen/sources_1/bd/mr_vla_bd_v4/ip/mr_vla_bd_v4_axi_sc_0_0/bd_0/ip/ip_87/bd_2c30_srn_9_clocks.xdc:119]
WARNING: [Vivado_Tcl 4-921] Waiver ID 'CDC-13' -to list should not be empty. [/tools/projects/FPGA-VLA/runs/T0036_v4/mr_vla_ipi_v4/mr_vla_ipi_v4.gen/sources_1/bd/mr_vla_bd_v4/ip/mr_vla_bd_v4_axi_sc_0_0/bd_0/ip/ip_87/bd_2c30_srn_9_clocks.xdc:122]
WARNING: [Vivado_Tcl 4-921] Waiver ID 'CDC-1' -to list should not be empty. [/tools/projects/FPGA-VLA/runs/T0036_v4/mr_vla_ipi_v4/mr_vla_ipi_v4.gen/sources_1/bd/mr_vla_bd_v4/ip/mr_vla_bd_v4_axi_sc_0_0/bd_0/ip/ip_87/bd_2c30_srn_9_clocks.xdc:125]
WARNING: [Vivado_Tcl 4-921] Waiver ID 'CDC-1' -to list should not be empty. [/tools/projects/FPGA-VLA/runs/T0036_v4/mr_vla_ipi_v4/mr_vla_ipi_v4.gen/sources_1/bd/mr_vla_bd_v4/ip/mr_vla_bd_v4_axi_sc_0_0/bd_0/ip/ip_87/bd_2c30_srn_9_clocks.xdc:128]
WARNING: [Vivado_Tcl 4-921] Waiver ID 'CDC-13' -to list should not be empty. [/tools/projects/FPGA-VLA/runs/T0036_v4/mr_vla_ipi_v4/mr_vla_ipi_v4.gen/sources_1/bd/mr_vla_bd_v4/ip/mr_vla_bd_v4_axi_sc_0_0/bd_0/ip/ip_87/bd_2c30_srn_9_clocks.xdc:131]
WARNING: [Vivado_Tcl 4-921] Waiver ID 'CDC-1' -to list should not be empty. [/tools/projects/FPGA-VLA/runs/T0036_v4/mr_vla_ipi_v4/mr_vla_ipi_v4.gen/sources_1/bd/mr_vla_bd_v4/ip/mr_vla_bd_v4_axi_sc_0_0/bd_0/ip/ip_87/bd_2c30_srn_9_clocks.xdc:134]
WARNING: [Vivado_Tcl 4-921] Waiver ID 'CDC-10' -to list should not be empty. [/tools/projects/FPGA-VLA/runs/T0036_v4/mr_vla_ipi_v4/mr_vla_ipi_v4.gen/sources_1/bd/mr_vla_bd_v4/ip/mr_vla_bd_v4_axi_sc_0_0/bd_0/ip/ip_87/bd_2c30_srn_9_clocks.xdc:137]
WARNING: [Vivado_Tcl 4-921] Waiver ID 'CDC-1' -to list should not be empty. [/tools/projects/FPGA-VLA/runs/T0036_v4/mr_vla_ipi_v4/mr_vla_ipi_v4.gen/sources_1/bd/mr_vla_bd_v4/ip/mr_vla_bd_v4_axi_sc_0_0/bd_0/ip/ip_87/bd_2c30_srn_9_clocks.xdc:140]
WARNING: [Vivado_Tcl 4-921] Waiver ID 'CDC-1' -to list should not be empty. [/tools/projects/FPGA-VLA/runs/T0036_v4/mr_vla_ipi_v4/mr_vla_ipi_v4.gen/sources_1/bd/mr_vla_bd_v4/ip/mr_vla_bd_v4_axi_sc_0_0/bd_0/ip/ip_87/bd_2c30_srn_9_clocks.xdc:143]
WARNING: [Vivado_Tcl 4-921] Waiver ID 'CDC-1' -to list should not be empty. [/tools/projects/FPGA-VLA/runs/T0036_v4/mr_vla_ipi_v4/mr_vla_ipi_v4.gen/sources_1/bd/mr_vla_bd_v4/ip/mr_vla_bd_v4_axi_sc_0_0/bd_0/ip/ip_87/bd_2c30_srn_9_clocks.xdc:146]
WARNING: [Vivado_Tcl 4-921] Waiver ID 'CDC-2' -to list should not be empty. [/tools/projects/FPGA-VLA/runs/T0036_v4/mr_vla_ipi_v4/mr_vla_ipi_v4.gen/sources_1/bd/mr_vla_bd_v4/ip/mr_vla_bd_v4_axi_sc_0_0/bd_0/ip/ip_87/bd_2c30_srn_9_clocks.xdc:149]
WARNING: [Vivado_Tcl 4-921] Waiver ID 'CDC-1' -to list should not be empty. [/tools/projects/FPGA-VLA/runs/T0036_v4/mr_vla_ipi_v4/mr_vla_ipi_v4.gen/sources_1/bd/mr_vla_bd_v4/ip/mr_vla_bd_v4_axi_sc_0_0/bd_0/ip/ip_87/bd_2c30_srn_9_clocks.xdc:152]
WARNING: [Vivado_Tcl 4-921] Waiver ID 'CDC-1' -to list should not be empty. [/tools/projects/FPGA-VLA/runs/T0036_v4/mr_vla_ipi_v4/mr_vla_ipi_v4.gen/sources_1/bd/mr_vla_bd_v4/ip/mr_vla_bd_v4_axi_sc_0_0/bd_0/ip/ip_87/bd_2c30_srn_9_clocks.xdc:155]
WARNING: [Vivado_Tcl 4-921] Waiver ID 'CDC-1' -to list should not be empty. [/tools/projects/FPGA-VLA/runs/T0036_v4/mr_vla_ipi_v4/mr_vla_ipi_v4.gen/sources_1/bd/mr_vla_bd_v4/ip/mr_vla_bd_v4_axi_sc_0_0/bd_0/ip/ip_87/bd_2c30_srn_9_clocks.xdc:158]
WARNING: [Vivado_Tcl 4-921] Waiver ID 'CDC-10' -to list should not be empty. [/tools/projects/FPGA-VLA/runs/T0036_v4/mr_vla_ipi_v4/mr_vla_ipi_v4.gen/sources_1/bd/mr_vla_bd_v4/ip/mr_vla_bd_v4_axi_sc_0_0/bd_0/ip/ip_87/bd_2c30_srn_9_clocks.xdc:161]
WARNING: [Vivado_Tcl 4-921] Waiver ID 'CDC-4' -to list should not be empty. [/tools/projects/FPGA-VLA/runs/T0036_v4/mr_vla_ipi_v4/mr_vla_ipi_v4.gen/sources_1/bd/mr_vla_bd_v4/ip/mr_vla_bd_v4_axi_sc_0_0/bd_0/ip/ip_87/bd_2c30_srn_9_clocks.xdc:164]
WARNING: [Vivado_Tcl 4-921] Waiver ID 'CDC-4' -to list should not be empty. [/tools/projects/FPGA-VLA/runs/T0036_v4/mr_vla_ipi_v4/mr_vla_ipi_v4.gen/sources_1/bd/mr_vla_bd_v4/ip/mr_vla_bd_v4_axi_sc_0_0/bd_0/ip/ip_87/bd_2c30_srn_9_clocks.xdc:167]
WARNING: [Vivado_Tcl 4-921] Waiver ID 'CDC-4' -to list should not be empty. [/tools/projects/FPGA-VLA/runs/T0036_v4/mr_vla_ipi_v4/mr_vla_ipi_v4.gen/sources_1/bd/mr_vla_bd_v4/ip/mr_vla_bd_v4_axi_sc_0_0/bd_0/ip/ip_87/bd_2c30_srn_9_clocks.xdc:171]
WARNING: [Vivado_Tcl 4-921] Waiver ID 'CDC-4' -to list should not be empty. [/tools/projects/FPGA-VLA/runs/T0036_v4/mr_vla_ipi_v4/mr_vla_ipi_v4.gen/sources_1/bd/mr_vla_bd_v4/ip/mr_vla_bd_v4_axi_sc_0_0/bd_0/ip/ip_87/bd_2c30_srn_9_clocks.xdc:174]
WARNING: [Vivado_Tcl 4-921] Waiver ID 'CDC-1' -to list should not be empty. [/tools/projects/FPGA-VLA/runs/T0036_v4/mr_vla_ipi_v4/mr_vla_ipi_v4.gen/sources_1/bd/mr_vla_bd_v4/ip/mr_vla_bd_v4_axi_sc_0_0/bd_0/ip/ip_87/bd_2c30_srn_9_clocks.xdc:178]
WARNING: [Vivado_Tcl 4-921] Waiver ID 'CDC-1' -to list should not be empty. [/tools/projects/FPGA-VLA/runs/T0036_v4/mr_vla_ipi_v4/mr_vla_ipi_v4.gen/sources_1/bd/mr_vla_bd_v4/ip/mr_vla_bd_v4_axi_sc_0_0/bd_0/ip/ip_87/bd_2c30_srn_9_clocks.xdc:181]
WARNING: [Vivado_Tcl 4-921] Waiver ID 'CDC-13' -to list should not be empty. [/tools/projects/FPGA-VLA/runs/T0036_v4/mr_vla_ipi_v4/mr_vla_ipi_v4.gen/sources_1/bd/mr_vla_bd_v4/ip/mr_vla_bd_v4_axi_sc_0_0/bd_0/ip/ip_87/bd_2c30_srn_9_clocks.xdc:184]
Finished Parsing XDC File [/tools/projects/FPGA-VLA/runs/T0036_v4/mr_vla_ipi_v4/mr_vla_ipi_v4.gen/sources_1/bd/mr_vla_bd_v4/ip/mr_vla_bd_v4_axi_sc_0_0/bd_0/ip/ip_87/bd_2c30_srn_9_clocks.xdc] for cell 'mr_vla_bd_v4_i/axi_sc_0/inst/s12_nodes/s12_r_node/inst'
Parsing XDC File [/tools/projects/FPGA-VLA/runs/T0036_v4/mr_vla_ipi_v4/mr_vla_ipi_v4.gen/sources_1/bd/mr_vla_bd_v4/ip/mr_vla_bd_v4_axi_sc_0_0/bd_0/ip/ip_92/bd_2c30_sawn_3_clocks.xdc] for cell 'mr_vla_bd_v4_i/axi_sc_0/inst/s13_nodes/s13_aw_node/inst'
WARNING: [Vivado_Tcl 4-921] Waiver ID 'CDC-1' -to list should not be empty. [/tools/projects/FPGA-VLA/runs/T0036_v4/mr_vla_ipi_v4/mr_vla_ipi_v4.gen/sources_1/bd/mr_vla_bd_v4/ip/mr_vla_bd_v4_axi_sc_0_0/bd_0/ip/ip_92/bd_2c30_sawn_3_clocks.xdc:49]
WARNING: [Vivado_Tcl 4-921] Waiver ID 'CDC-1' -to list should not be empty. [/tools/projects/FPGA-VLA/runs/T0036_v4/mr_vla_ipi_v4/mr_vla_ipi_v4.gen/sources_1/bd/mr_vla_bd_v4/ip/mr_vla_bd_v4_axi_sc_0_0/bd_0/ip/ip_92/bd_2c30_sawn_3_clocks.xdc:52]
WARNING: [Vivado_Tcl 4-921] Waiver ID 'CDC-1' -to list should not be empty. [/tools/projects/FPGA-VLA/runs/T0036_v4/mr_vla_ipi_v4/mr_vla_ipi_v4.gen/sources_1/bd/mr_vla_bd_v4/ip/mr_vla_bd_v4_axi_sc_0_0/bd_0/ip/ip_92/bd_2c30_sawn_3_clocks.xdc:55]
WARNING: [Vivado_Tcl 4-921] Waiver ID 'CDC-1' -to list should not be empty. [/tools/projects/FPGA-VLA/runs/T0036_v4/mr_vla_ipi_v4/mr_vla_ipi_v4.gen/sources_1/bd/mr_vla_bd_v4/ip/mr_vla_bd_v4_axi_sc_0_0/bd_0/ip/ip_92/bd_2c30_sawn_3_clocks.xdc:59]
WARNING: [Vivado_Tcl 4-921] Waiver ID 'CDC-1' -to list should not be empty. [/tools/projects/FPGA-VLA/runs/T0036_v4/mr_vla_ipi_v4/mr_vla_ipi_v4.gen/sources_1/bd/mr_vla_bd_v4/ip/mr_vla_bd_v4_axi_sc_0_0/bd_0/ip/ip_92/bd_2c30_sawn_3_clocks.xdc:63]
WARNING: [Vivado_Tcl 4-921] Waiver ID 'CDC-1' -to list should not be empty. [/tools/projects/FPGA-VLA/runs/T0036_v4/mr_vla_ipi_v4/mr_vla_ipi_v4.gen/sources_1/bd/mr_vla_bd_v4/ip/mr_vla_bd_v4_axi_sc_0_0/bd_0/ip/ip_92/bd_2c30_sawn_3_clocks.xdc:66]
WARNING: [Vivado_Tcl 4-921] Waiver ID 'CDC-1' -to list should not be empty. [/tools/projects/FPGA-VLA/runs/T0036_v4/mr_vla_ipi_v4/mr_vla_ipi_v4.gen/sources_1/bd/mr_vla_bd_v4/ip/mr_vla_bd_v4_axi_sc_0_0/bd_0/ip/ip_92/bd_2c30_sawn_3_clocks.xdc:70]
WARNING: [Vivado_Tcl 4-921] Waiver ID 'CDC-1' -to list should not be empty. [/tools/projects/FPGA-VLA/runs/T0036_v4/mr_vla_ipi_v4/mr_vla_ipi_v4.gen/sources_1/bd/mr_vla_bd_v4/ip/mr_vla_bd_v4_axi_sc_0_0/bd_0/ip/ip_92/bd_2c30_sawn_3_clocks.xdc:73]
WARNING: [Vivado_Tcl 4-921] Waiver ID 'CDC-1' -to list should not be empty. [/tools/projects/FPGA-VLA/runs/T0036_v4/mr_vla_ipi_v4/mr_vla_ipi_v4.gen/sources_1/bd/mr_vla_bd_v4/ip/mr_vla_bd_v4_axi_sc_0_0/bd_0/ip/ip_92/bd_2c30_sawn_3_clocks.xdc:76]
WARNING: [Vivado_Tcl 4-921] Waiver ID 'CDC-1' -to list should not be empty. [/tools/projects/FPGA-VLA/runs/T0036_v4/mr_vla_ipi_v4/mr_vla_ipi_v4.gen/sources_1/bd/mr_vla_bd_v4/ip/mr_vla_bd_v4_axi_sc_0_0/bd_0/ip/ip_92/bd_2c30_sawn_3_clocks.xdc:79]
WARNING: [Vivado_Tcl 4-921] Waiver ID 'CDC-1' -to list should not be empty. [/tools/projects/FPGA-VLA/runs/T0036_v4/mr_vla_ipi_v4/mr_vla_ipi_v4.gen/sources_1/bd/mr_vla_bd_v4/ip/mr_vla_bd_v4_axi_sc_0_0/bd_0/ip/ip_92/bd_2c30_sawn_3_clocks.xdc:82]
WARNING: [Vivado_Tcl 4-921] Waiver ID 'CDC-4' -to list should not be empty. [/tools/projects/FPGA-VLA/runs/T0036_v4/mr_vla_ipi_v4/mr_vla_ipi_v4.gen/sources_1/bd/mr_vla_bd_v4/ip/mr_vla_bd_v4_axi_sc_0_0/bd_0/ip/ip_92/bd_2c30_sawn_3_clocks.xdc:85]
WARNING: [Vivado_Tcl 4-921] Waiver ID 'CDC-4' -to list should not be empty. [/tools/projects/FPGA-VLA/runs/T0036_v4/mr_vla_ipi_v4/mr_vla_ipi_v4.gen/sources_1/bd/mr_vla_bd_v4/ip/mr_vla_bd_v4_axi_sc_0_0/bd_0/ip/ip_92/bd_2c30_sawn_3_clocks.xdc:88]
WARNING: [Vivado_Tcl 4-921] Waiver ID 'CDC-2' -to list should not be empty. [/tools/projects/FPGA-VLA/runs/T0036_v4/mr_vla_ipi_v4/mr_vla_ipi_v4.gen/sources_1/bd/mr_vla_bd_v4/ip/mr_vla_bd_v4_axi_sc_0_0/bd_0/ip/ip_92/bd_2c30_sawn_3_clocks.xdc:91]
WARNING: [Vivado_Tcl 4-921] Waiver ID 'CDC-2' -to list should not be empty. [/tools/projects/FPGA-VLA/runs/T0036_v4/mr_vla_ipi_v4/mr_vla_ipi_v4.gen/sources_1/bd/mr_vla_bd_v4/ip/mr_vla_bd_v4_axi_sc_0_0/bd_0/ip/ip_92/bd_2c30_sawn_3_clocks.xdc:94]
WARNING: [Vivado_Tcl 4-921] Waiver ID 'CDC-2' -to list should not be empty. [/tools/projects/FPGA-VLA/runs/T0036_v4/mr_vla_ipi_v4/mr_vla_ipi_v4.gen/sources_1/bd/mr_vla_bd_v4/ip/mr_vla_bd_v4_axi_sc_0_0/bd_0/ip/ip_92/bd_2c30_sawn_3_clocks.xdc:97]
WARNING: [Vivado_Tcl 4-921] Waiver ID 'CDC-2' -to list should not be empty. [/tools/projects/FPGA-VLA/runs/T0036_v4/mr_vla_ipi_v4/mr_vla_ipi_v4.gen/sources_1/bd/mr_vla_bd_v4/ip/mr_vla_bd_v4_axi_sc_0_0/bd_0/ip/ip_92/bd_2c30_sawn_3_clocks.xdc:100]
WARNING: [Vivado_Tcl 4-921] Waiver ID 'CDC-1' -to list should not be empty. [/tools/projects/FPGA-VLA/runs/T0036_v4/mr_vla_ipi_v4/mr_vla_ipi_v4.gen/sources_1/bd/mr_vla_bd_v4/ip/mr_vla_bd_v4_axi_sc_0_0/bd_0/ip/ip_92/bd_2c30_sawn_3_clocks.xdc:104]
WARNING: [Vivado_Tcl 4-921] Waiver ID 'CDC-10' -to list should not be empty. [/tools/projects/FPGA-VLA/runs/T0036_v4/mr_vla_ipi_v4/mr_vla_ipi_v4.gen/sources_1/bd/mr_vla_bd_v4/ip/mr_vla_bd_v4_axi_sc_0_0/bd_0/ip/ip_92/bd_2c30_sawn_3_clocks.xdc:107]
WARNING: [Vivado_Tcl 4-921] Waiver ID 'CDC-10' -to list should not be empty. [/tools/projects/FPGA-VLA/runs/T0036_v4/mr_vla_ipi_v4/mr_vla_ipi_v4.gen/sources_1/bd/mr_vla_bd_v4/ip/mr_vla_bd_v4_axi_sc_0_0/bd_0/ip/ip_92/bd_2c30_sawn_3_clocks.xdc:110]
WARNING: [Vivado_Tcl 4-921] Waiver ID 'CDC-1' -to list should not be empty. [/tools/projects/FPGA-VLA/runs/T0036_v4/mr_vla_ipi_v4/mr_vla_ipi_v4.gen/sources_1/bd/mr_vla_bd_v4/ip/mr_vla_bd_v4_axi_sc_0_0/bd_0/ip/ip_92/bd_2c30_sawn_3_clocks.xdc:113]
WARNING: [Vivado_Tcl 4-921] Waiver ID 'CDC-1' -to list should not be empty. [/tools/projects/FPGA-VLA/runs/T0036_v4/mr_vla_ipi_v4/mr_vla_ipi_v4.gen/sources_1/bd/mr_vla_bd_v4/ip/mr_vla_bd_v4_axi_sc_0_0/bd_0/ip/ip_92/bd_2c30_sawn_3_clocks.xdc:116]
WARNING: [Vivado_Tcl 4-921] Waiver ID 'CDC-1' -to list should not be empty. [/tools/projects/FPGA-VLA/runs/T0036_v4/mr_vla_ipi_v4/mr_vla_ipi_v4.gen/sources_1/bd/mr_vla_bd_v4/ip/mr_vla_bd_v4_axi_sc_0_0/bd_0/ip/ip_92/bd_2c30_sawn_3_clocks.xdc:119]
WARNING: [Vivado_Tcl 4-921] Waiver ID 'CDC-13' -to list should not be empty. [/tools/projects/FPGA-VLA/runs/T0036_v4/mr_vla_ipi_v4/mr_vla_ipi_v4.gen/sources_1/bd/mr_vla_bd_v4/ip/mr_vla_bd_v4_axi_sc_0_0/bd_0/ip/ip_92/bd_2c30_sawn_3_clocks.xdc:122]
WARNING: [Vivado_Tcl 4-921] Waiver ID 'CDC-1' -to list should not be empty. [/tools/projects/FPGA-VLA/runs/T0036_v4/mr_vla_ipi_v4/mr_vla_ipi_v4.gen/sources_1/bd/mr_vla_bd_v4/ip/mr_vla_bd_v4_axi_sc_0_0/bd_0/ip/ip_92/bd_2c30_sawn_3_clocks.xdc:125]
WARNING: [Vivado_Tcl 4-921] Waiver ID 'CDC-1' -to list should not be empty. [/tools/projects/FPGA-VLA/runs/T0036_v4/mr_vla_ipi_v4/mr_vla_ipi_v4.gen/sources_1/bd/mr_vla_bd_v4/ip/mr_vla_bd_v4_axi_sc_0_0/bd_0/ip/ip_92/bd_2c30_sawn_3_clocks.xdc:128]
WARNING: [Vivado_Tcl 4-921] Waiver ID 'CDC-13' -to list should not be empty. [/tools/projects/FPGA-VLA/runs/T0036_v4/mr_vla_ipi_v4/mr_vla_ipi_v4.gen/sources_1/bd/mr_vla_bd_v4/ip/mr_vla_bd_v4_axi_sc_0_0/bd_0/ip/ip_92/bd_2c30_sawn_3_clocks.xdc:131]
WARNING: [Vivado_Tcl 4-921] Waiver ID 'CDC-1' -to list should not be empty. [/tools/projects/FPGA-VLA/runs/T0036_v4/mr_vla_ipi_v4/mr_vla_ipi_v4.gen/sources_1/bd/mr_vla_bd_v4/ip/mr_vla_bd_v4_axi_sc_0_0/bd_0/ip/ip_92/bd_2c30_sawn_3_clocks.xdc:134]
WARNING: [Vivado_Tcl 4-921] Waiver ID 'CDC-10' -to list should not be empty. [/tools/projects/FPGA-VLA/runs/T0036_v4/mr_vla_ipi_v4/mr_vla_ipi_v4.gen/sources_1/bd/mr_vla_bd_v4/ip/mr_vla_bd_v4_axi_sc_0_0/bd_0/ip/ip_92/bd_2c30_sawn_3_clocks.xdc:137]
WARNING: [Vivado_Tcl 4-921] Waiver ID 'CDC-1' -to list should not be empty. [/tools/projects/FPGA-VLA/runs/T0036_v4/mr_vla_ipi_v4/mr_vla_ipi_v4.gen/sources_1/bd/mr_vla_bd_v4/ip/mr_vla_bd_v4_axi_sc_0_0/bd_0/ip/ip_92/bd_2c30_sawn_3_clocks.xdc:140]
WARNING: [Vivado_Tcl 4-921] Waiver ID 'CDC-1' -to list should not be empty. [/tools/projects/FPGA-VLA/runs/T0036_v4/mr_vla_ipi_v4/mr_vla_ipi_v4.gen/sources_1/bd/mr_vla_bd_v4/ip/mr_vla_bd_v4_axi_sc_0_0/bd_0/ip/ip_92/bd_2c30_sawn_3_clocks.xdc:143]
WARNING: [Vivado_Tcl 4-921] Waiver ID 'CDC-1' -to list should not be empty. [/tools/projects/FPGA-VLA/runs/T0036_v4/mr_vla_ipi_v4/mr_vla_ipi_v4.gen/sources_1/bd/mr_vla_bd_v4/ip/mr_vla_bd_v4_axi_sc_0_0/bd_0/ip/ip_92/bd_2c30_sawn_3_clocks.xdc:146]
WARNING: [Vivado_Tcl 4-921] Waiver ID 'CDC-2' -to list should not be empty. [/tools/projects/FPGA-VLA/runs/T0036_v4/mr_vla_ipi_v4/mr_vla_ipi_v4.gen/sources_1/bd/mr_vla_bd_v4/ip/mr_vla_bd_v4_axi_sc_0_0/bd_0/ip/ip_92/bd_2c30_sawn_3_clocks.xdc:149]
WARNING: [Vivado_Tcl 4-921] Waiver ID 'CDC-1' -to list should not be empty. [/tools/projects/FPGA-VLA/runs/T0036_v4/mr_vla_ipi_v4/mr_vla_ipi_v4.gen/sources_1/bd/mr_vla_bd_v4/ip/mr_vla_bd_v4_axi_sc_0_0/bd_0/ip/ip_92/bd_2c30_sawn_3_clocks.xdc:152]
WARNING: [Vivado_Tcl 4-921] Waiver ID 'CDC-1' -to list should not be empty. [/tools/projects/FPGA-VLA/runs/T0036_v4/mr_vla_ipi_v4/mr_vla_ipi_v4.gen/sources_1/bd/mr_vla_bd_v4/ip/mr_vla_bd_v4_axi_sc_0_0/bd_0/ip/ip_92/bd_2c30_sawn_3_clocks.xdc:155]
WARNING: [Vivado_Tcl 4-921] Waiver ID 'CDC-1' -to list should not be empty. [/tools/projects/FPGA-VLA/runs/T0036_v4/mr_vla_ipi_v4/mr_vla_ipi_v4.gen/sources_1/bd/mr_vla_bd_v4/ip/mr_vla_bd_v4_axi_sc_0_0/bd_0/ip/ip_92/bd_2c30_sawn_3_clocks.xdc:158]
WARNING: [Vivado_Tcl 4-921] Waiver ID 'CDC-10' -to list should not be empty. [/tools/projects/FPGA-VLA/runs/T0036_v4/mr_vla_ipi_v4/mr_vla_ipi_v4.gen/sources_1/bd/mr_vla_bd_v4/ip/mr_vla_bd_v4_axi_sc_0_0/bd_0/ip/ip_92/bd_2c30_sawn_3_clocks.xdc:161]
WARNING: [Vivado_Tcl 4-921] Waiver ID 'CDC-4' -to list should not be empty. [/tools/projects/FPGA-VLA/runs/T0036_v4/mr_vla_ipi_v4/mr_vla_ipi_v4.gen/sources_1/bd/mr_vla_bd_v4/ip/mr_vla_bd_v4_axi_sc_0_0/bd_0/ip/ip_92/bd_2c30_sawn_3_clocks.xdc:164]
WARNING: [Vivado_Tcl 4-921] Waiver ID 'CDC-4' -to list should not be empty. [/tools/projects/FPGA-VLA/runs/T0036_v4/mr_vla_ipi_v4/mr_vla_ipi_v4.gen/sources_1/bd/mr_vla_bd_v4/ip/mr_vla_bd_v4_axi_sc_0_0/bd_0/ip/ip_92/bd_2c30_sawn_3_clocks.xdc:167]
WARNING: [Vivado_Tcl 4-921] Waiver ID 'CDC-4' -to list should not be empty. [/tools/projects/FPGA-VLA/runs/T0036_v4/mr_vla_ipi_v4/mr_vla_ipi_v4.gen/sources_1/bd/mr_vla_bd_v4/ip/mr_vla_bd_v4_axi_sc_0_0/bd_0/ip/ip_92/bd_2c30_sawn_3_clocks.xdc:171]
WARNING: [Vivado_Tcl 4-921] Waiver ID 'CDC-4' -to list should not be empty. [/tools/projects/FPGA-VLA/runs/T0036_v4/mr_vla_ipi_v4/mr_vla_ipi_v4.gen/sources_1/bd/mr_vla_bd_v4/ip/mr_vla_bd_v4_axi_sc_0_0/bd_0/ip/ip_92/bd_2c30_sawn_3_clocks.xdc:174]
WARNING: [Vivado_Tcl 4-921] Waiver ID 'CDC-1' -to list should not be empty. [/tools/projects/FPGA-VLA/runs/T0036_v4/mr_vla_ipi_v4/mr_vla_ipi_v4.gen/sources_1/bd/mr_vla_bd_v4/ip/mr_vla_bd_v4_axi_sc_0_0/bd_0/ip/ip_92/bd_2c30_sawn_3_clocks.xdc:178]
WARNING: [Vivado_Tcl 4-921] Waiver ID 'CDC-1' -to list should not be empty. [/tools/projects/FPGA-VLA/runs/T0036_v4/mr_vla_ipi_v4/mr_vla_ipi_v4.gen/sources_1/bd/mr_vla_bd_v4/ip/mr_vla_bd_v4_axi_sc_0_0/bd_0/ip/ip_92/bd_2c30_sawn_3_clocks.xdc:181]
WARNING: [Vivado_Tcl 4-921] Waiver ID 'CDC-13' -to list should not be empty. [/tools/projects/FPGA-VLA/runs/T0036_v4/mr_vla_ipi_v4/mr_vla_ipi_v4.gen/sources_1/bd/mr_vla_bd_v4/ip/mr_vla_bd_v4_axi_sc_0_0/bd_0/ip/ip_92/bd_2c30_sawn_3_clocks.xdc:184]
Finished Parsing XDC File [/tools/projects/FPGA-VLA/runs/T0036_v4/mr_vla_ipi_v4/mr_vla_ipi_v4.gen/sources_1/bd/mr_vla_bd_v4/ip/mr_vla_bd_v4_axi_sc_0_0/bd_0/ip/ip_92/bd_2c30_sawn_3_clocks.xdc] for cell 'mr_vla_bd_v4_i/axi_sc_0/inst/s13_nodes/s13_aw_node/inst'
Parsing XDC File [/tools/projects/FPGA-VLA/runs/T0036_v4/mr_vla_ipi_v4/mr_vla_ipi_v4.gen/sources_1/bd/mr_vla_bd_v4/ip/mr_vla_bd_v4_axi_sc_0_0/bd_0/ip/ip_93/bd_2c30_swn_3_clocks.xdc] for cell 'mr_vla_bd_v4_i/axi_sc_0/inst/s13_nodes/s13_w_node/inst'
WARNING: [Vivado_Tcl 4-921] Waiver ID 'CDC-1' -to list should not be empty. [/tools/projects/FPGA-VLA/runs/T0036_v4/mr_vla_ipi_v4/mr_vla_ipi_v4.gen/sources_1/bd/mr_vla_bd_v4/ip/mr_vla_bd_v4_axi_sc_0_0/bd_0/ip/ip_93/bd_2c30_swn_3_clocks.xdc:49]
WARNING: [Vivado_Tcl 4-921] Waiver ID 'CDC-1' -to list should not be empty. [/tools/projects/FPGA-VLA/runs/T0036_v4/mr_vla_ipi_v4/mr_vla_ipi_v4.gen/sources_1/bd/mr_vla_bd_v4/ip/mr_vla_bd_v4_axi_sc_0_0/bd_0/ip/ip_93/bd_2c30_swn_3_clocks.xdc:52]
WARNING: [Vivado_Tcl 4-921] Waiver ID 'CDC-1' -to list should not be empty. [/tools/projects/FPGA-VLA/runs/T0036_v4/mr_vla_ipi_v4/mr_vla_ipi_v4.gen/sources_1/bd/mr_vla_bd_v4/ip/mr_vla_bd_v4_axi_sc_0_0/bd_0/ip/ip_93/bd_2c30_swn_3_clocks.xdc:55]
WARNING: [Vivado_Tcl 4-921] Waiver ID 'CDC-1' -to list should not be empty. [/tools/projects/FPGA-VLA/runs/T0036_v4/mr_vla_ipi_v4/mr_vla_ipi_v4.gen/sources_1/bd/mr_vla_bd_v4/ip/mr_vla_bd_v4_axi_sc_0_0/bd_0/ip/ip_93/bd_2c30_swn_3_clocks.xdc:59]
WARNING: [Vivado_Tcl 4-921] Waiver ID 'CDC-1' -to list should not be empty. [/tools/projects/FPGA-VLA/runs/T0036_v4/mr_vla_ipi_v4/mr_vla_ipi_v4.gen/sources_1/bd/mr_vla_bd_v4/ip/mr_vla_bd_v4_axi_sc_0_0/bd_0/ip/ip_93/bd_2c30_swn_3_clocks.xdc:63]
INFO: [Common 17-14] Message 'Vivado 12-180' appears 100 times and further instances of the messages will be disabled. Use the Tcl command set_msg_config to change the current settings. [/tools/projects/FPGA-VLA/runs/T0036_v4/mr_vla_ipi_v4/mr_vla_ipi_v4.gen/sources_1/bd/mr_vla_bd_v4/ip/mr_vla_bd_v4_axi_sc_0_0/bd_0/ip/ip_93/bd_2c30_swn_3_clocks.xdc:66]
WARNING: [Vivado_Tcl 4-921] Waiver ID 'CDC-1' -to list should not be empty. [/tools/projects/FPGA-VLA/runs/T0036_v4/mr_vla_ipi_v4/mr_vla_ipi_v4.gen/sources_1/bd/mr_vla_bd_v4/ip/mr_vla_bd_v4_axi_sc_0_0/bd_0/ip/ip_93/bd_2c30_swn_3_clocks.xdc:66]
WARNING: [Vivado_Tcl 4-921] Waiver ID 'CDC-1' -to list should not be empty. [/tools/projects/FPGA-VLA/runs/T0036_v4/mr_vla_ipi_v4/mr_vla_ipi_v4.gen/sources_1/bd/mr_vla_bd_v4/ip/mr_vla_bd_v4_axi_sc_0_0/bd_0/ip/ip_93/bd_2c30_swn_3_clocks.xdc:70]
WARNING: [Vivado_Tcl 4-921] Waiver ID 'CDC-1' -to list should not be empty. [/tools/projects/FPGA-VLA/runs/T0036_v4/mr_vla_ipi_v4/mr_vla_ipi_v4.gen/sources_1/bd/mr_vla_bd_v4/ip/mr_vla_bd_v4_axi_sc_0_0/bd_0/ip/ip_93/bd_2c30_swn_3_clocks.xdc:73]
WARNING: [Vivado_Tcl 4-921] Waiver ID 'CDC-1' -to list should not be empty. [/tools/projects/FPGA-VLA/runs/T0036_v4/mr_vla_ipi_v4/mr_vla_ipi_v4.gen/sources_1/bd/mr_vla_bd_v4/ip/mr_vla_bd_v4_axi_sc_0_0/bd_0/ip/ip_93/bd_2c30_swn_3_clocks.xdc:76]
WARNING: [Vivado_Tcl 4-921] Waiver ID 'CDC-1' -to list should not be empty. [/tools/projects/FPGA-VLA/runs/T0036_v4/mr_vla_ipi_v4/mr_vla_ipi_v4.gen/sources_1/bd/mr_vla_bd_v4/ip/mr_vla_bd_v4_axi_sc_0_0/bd_0/ip/ip_93/bd_2c30_swn_3_clocks.xdc:79]
WARNING: [Vivado_Tcl 4-921] Waiver ID 'CDC-1' -to list should not be empty. [/tools/projects/FPGA-VLA/runs/T0036_v4/mr_vla_ipi_v4/mr_vla_ipi_v4.gen/sources_1/bd/mr_vla_bd_v4/ip/mr_vla_bd_v4_axi_sc_0_0/bd_0/ip/ip_93/bd_2c30_swn_3_clocks.xdc:82]
WARNING: [Vivado_Tcl 4-921] Waiver ID 'CDC-4' -to list should not be empty. [/tools/projects/FPGA-VLA/runs/T0036_v4/mr_vla_ipi_v4/mr_vla_ipi_v4.gen/sources_1/bd/mr_vla_bd_v4/ip/mr_vla_bd_v4_axi_sc_0_0/bd_0/ip/ip_93/bd_2c30_swn_3_clocks.xdc:85]
INFO: [Common 17-14] Message 'Vivado_Tcl 4-921' appears 100 times and further instances of the messages will be disabled. Use the Tcl command set_msg_config to change the current settings. [/tools/projects/FPGA-VLA/runs/T0036_v4/mr_vla_ipi_v4/mr_vla_ipi_v4.gen/sources_1/bd/mr_vla_bd_v4/ip/mr_vla_bd_v4_axi_sc_0_0/bd_0/ip/ip_93/bd_2c30_swn_3_clocks.xdc:85]
Finished Parsing XDC File [/tools/projects/FPGA-VLA/runs/T0036_v4/mr_vla_ipi_v4/mr_vla_ipi_v4.gen/sources_1/bd/mr_vla_bd_v4/ip/mr_vla_bd_v4_axi_sc_0_0/bd_0/ip/ip_93/bd_2c30_swn_3_clocks.xdc] for cell 'mr_vla_bd_v4_i/axi_sc_0/inst/s13_nodes/s13_w_node/inst'
Parsing XDC File [/tools/projects/FPGA-VLA/runs/T0036_v4/mr_vla_ipi_v4/mr_vla_ipi_v4.gen/sources_1/bd/mr_vla_bd_v4/ip/mr_vla_bd_v4_axi_sc_0_0/bd_0/ip/ip_94/bd_2c30_sbn_3_clocks.xdc] for cell 'mr_vla_bd_v4_i/axi_sc_0/inst/s13_nodes/s13_b_node/inst'
Finished Parsing XDC File [/tools/projects/FPGA-VLA/runs/T0036_v4/mr_vla_ipi_v4/mr_vla_ipi_v4.gen/sources_1/bd/mr_vla_bd_v4/ip/mr_vla_bd_v4_axi_sc_0_0/bd_0/ip/ip_94/bd_2c30_sbn_3_clocks.xdc] for cell 'mr_vla_bd_v4_i/axi_sc_0/inst/s13_nodes/s13_b_node/inst'
Parsing XDC File [/tools/projects/FPGA-VLA/runs/T0036_v4/mr_vla_ipi_v4/mr_vla_ipi_v4.gen/sources_1/bd/mr_vla_bd_v4/ip/mr_vla_bd_v4_axi_sc_0_0/bd_0/ip/ip_99/bd_2c30_sarn_10_clocks.xdc] for cell 'mr_vla_bd_v4_i/axi_sc_0/inst/s14_nodes/s14_ar_node/inst'
Finished Parsing XDC File [/tools/projects/FPGA-VLA/runs/T0036_v4/mr_vla_ipi_v4/mr_vla_ipi_v4.gen/sources_1/bd/mr_vla_bd_v4/ip/mr_vla_bd_v4_axi_sc_0_0/bd_0/ip/ip_99/bd_2c30_sarn_10_clocks.xdc] for cell 'mr_vla_bd_v4_i/axi_sc_0/inst/s14_nodes/s14_ar_node/inst'
Parsing XDC File [/tools/projects/FPGA-VLA/runs/T0036_v4/mr_vla_ipi_v4/mr_vla_ipi_v4.gen/sources_1/bd/mr_vla_bd_v4/ip/mr_vla_bd_v4_axi_sc_0_0/bd_0/ip/ip_100/bd_2c30_srn_10_clocks.xdc] for cell 'mr_vla_bd_v4_i/axi_sc_0/inst/s14_nodes/s14_r_node/inst'
Finished Parsing XDC File [/tools/projects/FPGA-VLA/runs/T0036_v4/mr_vla_ipi_v4/mr_vla_ipi_v4.gen/sources_1/bd/mr_vla_bd_v4/ip/mr_vla_bd_v4_axi_sc_0_0/bd_0/ip/ip_100/bd_2c30_srn_10_clocks.xdc] for cell 'mr_vla_bd_v4_i/axi_sc_0/inst/s14_nodes/s14_r_node/inst'
Parsing XDC File [/tools/projects/FPGA-VLA/runs/T0036_v4/mr_vla_ipi_v4/mr_vla_ipi_v4.gen/sources_1/bd/mr_vla_bd_v4/ip/mr_vla_bd_v4_axi_sc_0_0/bd_0/ip/ip_105/bd_2c30_sarn_11_clocks.xdc] for cell 'mr_vla_bd_v4_i/axi_sc_0/inst/s15_nodes/s15_ar_node/inst'
Finished Parsing XDC File [/tools/projects/FPGA-VLA/runs/T0036_v4/mr_vla_ipi_v4/mr_vla_ipi_v4.gen/sources_1/bd/mr_vla_bd_v4/ip/mr_vla_bd_v4_axi_sc_0_0/bd_0/ip/ip_105/bd_2c30_sarn_11_clocks.xdc] for cell 'mr_vla_bd_v4_i/axi_sc_0/inst/s15_nodes/s15_ar_node/inst'
Parsing XDC File [/tools/projects/FPGA-VLA/runs/T0036_v4/mr_vla_ipi_v4/mr_vla_ipi_v4.gen/sources_1/bd/mr_vla_bd_v4/ip/mr_vla_bd_v4_axi_sc_0_0/bd_0/ip/ip_106/bd_2c30_srn_11_clocks.xdc] for cell 'mr_vla_bd_v4_i/axi_sc_0/inst/s15_nodes/s15_r_node/inst'
Finished Parsing XDC File [/tools/projects/FPGA-VLA/runs/T0036_v4/mr_vla_ipi_v4/mr_vla_ipi_v4.gen/sources_1/bd/mr_vla_bd_v4/ip/mr_vla_bd_v4_axi_sc_0_0/bd_0/ip/ip_106/bd_2c30_srn_11_clocks.xdc] for cell 'mr_vla_bd_v4_i/axi_sc_0/inst/s15_nodes/s15_r_node/inst'
Parsing XDC File [/tools/projects/FPGA-VLA/runs/T0036_v4/mr_vla_ipi_v4/mr_vla_ipi_v4.gen/sources_1/bd/mr_vla_bd_v4/ip/mr_vla_bd_v4_axi_sc_0_0/bd_0/ip/ip_108/bd_2c30_m00arn_0_clocks.xdc] for cell 'mr_vla_bd_v4_i/axi_sc_0/inst/m00_nodes/m00_ar_node/inst'
Finished Parsing XDC File [/tools/projects/FPGA-VLA/runs/T0036_v4/mr_vla_ipi_v4/mr_vla_ipi_v4.gen/sources_1/bd/mr_vla_bd_v4/ip/mr_vla_bd_v4_axi_sc_0_0/bd_0/ip/ip_108/bd_2c30_m00arn_0_clocks.xdc] for cell 'mr_vla_bd_v4_i/axi_sc_0/inst/m00_nodes/m00_ar_node/inst'
Parsing XDC File [/tools/projects/FPGA-VLA/runs/T0036_v4/mr_vla_ipi_v4/mr_vla_ipi_v4.gen/sources_1/bd/mr_vla_bd_v4/ip/mr_vla_bd_v4_axi_sc_0_0/bd_0/ip/ip_109/bd_2c30_m00rn_0_clocks.xdc] for cell 'mr_vla_bd_v4_i/axi_sc_0/inst/m00_nodes/m00_r_node/inst'
Finished Parsing XDC File [/tools/projects/FPGA-VLA/runs/T0036_v4/mr_vla_ipi_v4/mr_vla_ipi_v4.gen/sources_1/bd/mr_vla_bd_v4/ip/mr_vla_bd_v4_axi_sc_0_0/bd_0/ip/ip_109/bd_2c30_m00rn_0_clocks.xdc] for cell 'mr_vla_bd_v4_i/axi_sc_0/inst/m00_nodes/m00_r_node/inst'
Parsing XDC File [/tools/projects/FPGA-VLA/runs/T0036_v4/mr_vla_ipi_v4/mr_vla_ipi_v4.gen/sources_1/bd/mr_vla_bd_v4/ip/mr_vla_bd_v4_axi_sc_0_0/bd_0/ip/ip_110/bd_2c30_m00awn_0_clocks.xdc] for cell 'mr_vla_bd_v4_i/axi_sc_0/inst/m00_nodes/m00_aw_node/inst'
Finished Parsing XDC File [/tools/projects/FPGA-VLA/runs/T0036_v4/mr_vla_ipi_v4/mr_vla_ipi_v4.gen/sources_1/bd/mr_vla_bd_v4/ip/mr_vla_bd_v4_axi_sc_0_0/bd_0/ip/ip_110/bd_2c30_m00awn_0_clocks.xdc] for cell 'mr_vla_bd_v4_i/axi_sc_0/inst/m00_nodes/m00_aw_node/inst'
Parsing XDC File [/tools/projects/FPGA-VLA/runs/T0036_v4/mr_vla_ipi_v4/mr_vla_ipi_v4.gen/sources_1/bd/mr_vla_bd_v4/ip/mr_vla_bd_v4_axi_sc_0_0/bd_0/ip/ip_111/bd_2c30_m00wn_0_clocks.xdc] for cell 'mr_vla_bd_v4_i/axi_sc_0/inst/m00_nodes/m00_w_node/inst'
Finished Parsing XDC File [/tools/projects/FPGA-VLA/runs/T0036_v4/mr_vla_ipi_v4/mr_vla_ipi_v4.gen/sources_1/bd/mr_vla_bd_v4/ip/mr_vla_bd_v4_axi_sc_0_0/bd_0/ip/ip_111/bd_2c30_m00wn_0_clocks.xdc] for cell 'mr_vla_bd_v4_i/axi_sc_0/inst/m00_nodes/m00_w_node/inst'
Parsing XDC File [/tools/projects/FPGA-VLA/runs/T0036_v4/mr_vla_ipi_v4/mr_vla_ipi_v4.gen/sources_1/bd/mr_vla_bd_v4/ip/mr_vla_bd_v4_axi_sc_0_0/bd_0/ip/ip_112/bd_2c30_m00bn_0_clocks.xdc] for cell 'mr_vla_bd_v4_i/axi_sc_0/inst/m00_nodes/m00_b_node/inst'
Finished Parsing XDC File [/tools/projects/FPGA-VLA/runs/T0036_v4/mr_vla_ipi_v4/mr_vla_ipi_v4.gen/sources_1/bd/mr_vla_bd_v4/ip/mr_vla_bd_v4_axi_sc_0_0/bd_0/ip/ip_112/bd_2c30_m00bn_0_clocks.xdc] for cell 'mr_vla_bd_v4_i/axi_sc_0/inst/m00_nodes/m00_b_node/inst'
Parsing XDC File [/tools/projects/FPGA-VLA/runs/T0036_v4/mr_vla_ipi_v4/mr_vla_ipi_v4.gen/sources_1/bd/mr_vla_bd_v4/ip/mr_vla_bd_v4_axi_sc_0_0/bd_0/ip/ip_115/bd_2c30_m01arn_0_clocks.xdc] for cell 'mr_vla_bd_v4_i/axi_sc_0/inst/m01_nodes/m01_ar_node/inst'
Finished Parsing XDC File [/tools/projects/FPGA-VLA/runs/T0036_v4/mr_vla_ipi_v4/mr_vla_ipi_v4.gen/sources_1/bd/mr_vla_bd_v4/ip/mr_vla_bd_v4_axi_sc_0_0/bd_0/ip/ip_115/bd_2c30_m01arn_0_clocks.xdc] for cell 'mr_vla_bd_v4_i/axi_sc_0/inst/m01_nodes/m01_ar_node/inst'
Parsing XDC File [/tools/projects/FPGA-VLA/runs/T0036_v4/mr_vla_ipi_v4/mr_vla_ipi_v4.gen/sources_1/bd/mr_vla_bd_v4/ip/mr_vla_bd_v4_axi_sc_0_0/bd_0/ip/ip_86/bd_2c30_sarn_9_clocks.xdc] for cell 'mr_vla_bd_v4_i/axi_sc_0/inst/s12_nodes/s12_ar_node/inst'
Finished Parsing XDC File [/tools/projects/FPGA-VLA/runs/T0036_v4/mr_vla_ipi_v4/mr_vla_ipi_v4.gen/sources_1/bd/mr_vla_bd_v4/ip/mr_vla_bd_v4_axi_sc_0_0/bd_0/ip/ip_86/bd_2c30_sarn_9_clocks.xdc] for cell 'mr_vla_bd_v4_i/axi_sc_0/inst/s12_nodes/s12_ar_node/inst'
Parsing XDC File [/tools/projects/FPGA-VLA/runs/T0036_v4/mr_vla_ipi_v4/mr_vla_ipi_v4.gen/sources_1/bd/mr_vla_bd_v4/ip/mr_vla_bd_v4_axi_sc_0_0/bd_0/ip/ip_117/bd_2c30_m01awn_0_clocks.xdc] for cell 'mr_vla_bd_v4_i/axi_sc_0/inst/m01_nodes/m01_aw_node/inst'
Finished Parsing XDC File [/tools/projects/FPGA-VLA/runs/T0036_v4/mr_vla_ipi_v4/mr_vla_ipi_v4.gen/sources_1/bd/mr_vla_bd_v4/ip/mr_vla_bd_v4_axi_sc_0_0/bd_0/ip/ip_117/bd_2c30_m01awn_0_clocks.xdc] for cell 'mr_vla_bd_v4_i/axi_sc_0/inst/m01_nodes/m01_aw_node/inst'
Parsing XDC File [/tools/projects/FPGA-VLA/runs/T0036_v4/mr_vla_ipi_v4/mr_vla_ipi_v4.gen/sources_1/bd/mr_vla_bd_v4/ip/mr_vla_bd_v4_axi_sc_0_0/bd_0/ip/ip_118/bd_2c30_m01wn_0_clocks.xdc] for cell 'mr_vla_bd_v4_i/axi_sc_0/inst/m01_nodes/m01_w_node/inst'
Finished Parsing XDC File [/tools/projects/FPGA-VLA/runs/T0036_v4/mr_vla_ipi_v4/mr_vla_ipi_v4.gen/sources_1/bd/mr_vla_bd_v4/ip/mr_vla_bd_v4_axi_sc_0_0/bd_0/ip/ip_118/bd_2c30_m01wn_0_clocks.xdc] for cell 'mr_vla_bd_v4_i/axi_sc_0/inst/m01_nodes/m01_w_node/inst'
Parsing XDC File [/tools/projects/FPGA-VLA/runs/T0036_v4/mr_vla_ipi_v4/mr_vla_ipi_v4.gen/sources_1/bd/mr_vla_bd_v4/ip/mr_vla_bd_v4_axi_sc_0_0/bd_0/ip/ip_119/bd_2c30_m01bn_0_clocks.xdc] for cell 'mr_vla_bd_v4_i/axi_sc_0/inst/m01_nodes/m01_b_node/inst'
Finished Parsing XDC File [/tools/projects/FPGA-VLA/runs/T0036_v4/mr_vla_ipi_v4/mr_vla_ipi_v4.gen/sources_1/bd/mr_vla_bd_v4/ip/mr_vla_bd_v4_axi_sc_0_0/bd_0/ip/ip_119/bd_2c30_m01bn_0_clocks.xdc] for cell 'mr_vla_bd_v4_i/axi_sc_0/inst/m01_nodes/m01_b_node/inst'
Parsing XDC File [/tools/projects/FPGA-VLA/runs/T0036_v4/mr_vla_ipi_v4/mr_vla_ipi_v4.gen/sources_1/bd/mr_vla_bd_v4/ip/mr_vla_bd_v4_axi_sc_0_0/bd_0/ip/ip_122/bd_2c30_m02arn_0_clocks.xdc] for cell 'mr_vla_bd_v4_i/axi_sc_0/inst/m02_nodes/m02_ar_node/inst'
Finished Parsing XDC File [/tools/projects/FPGA-VLA/runs/T0036_v4/mr_vla_ipi_v4/mr_vla_ipi_v4.gen/sources_1/bd/mr_vla_bd_v4/ip/mr_vla_bd_v4_axi_sc_0_0/bd_0/ip/ip_122/bd_2c30_m02arn_0_clocks.xdc] for cell 'mr_vla_bd_v4_i/axi_sc_0/inst/m02_nodes/m02_ar_node/inst'
Parsing XDC File [/tools/projects/FPGA-VLA/runs/T0036_v4/mr_vla_ipi_v4/mr_vla_ipi_v4.gen/sources_1/bd/mr_vla_bd_v4/ip/mr_vla_bd_v4_axi_sc_0_0/bd_0/ip/ip_123/bd_2c30_m02rn_0_clocks.xdc] for cell 'mr_vla_bd_v4_i/axi_sc_0/inst/m02_nodes/m02_r_node/inst'
Finished Parsing XDC File [/tools/projects/FPGA-VLA/runs/T0036_v4/mr_vla_ipi_v4/mr_vla_ipi_v4.gen/sources_1/bd/mr_vla_bd_v4/ip/mr_vla_bd_v4_axi_sc_0_0/bd_0/ip/ip_123/bd_2c30_m02rn_0_clocks.xdc] for cell 'mr_vla_bd_v4_i/axi_sc_0/inst/m02_nodes/m02_r_node/inst'
Parsing XDC File [/tools/projects/FPGA-VLA/runs/T0036_v4/mr_vla_ipi_v4/mr_vla_ipi_v4.gen/sources_1/bd/mr_vla_bd_v4/ip/mr_vla_bd_v4_axi_sc_0_0/bd_0/ip/ip_124/bd_2c30_m02awn_0_clocks.xdc] for cell 'mr_vla_bd_v4_i/axi_sc_0/inst/m02_nodes/m02_aw_node/inst'
Finished Parsing XDC File [/tools/projects/FPGA-VLA/runs/T0036_v4/mr_vla_ipi_v4/mr_vla_ipi_v4.gen/sources_1/bd/mr_vla_bd_v4/ip/mr_vla_bd_v4_axi_sc_0_0/bd_0/ip/ip_124/bd_2c30_m02awn_0_clocks.xdc] for cell 'mr_vla_bd_v4_i/axi_sc_0/inst/m02_nodes/m02_aw_node/inst'
Parsing XDC File [/tools/projects/FPGA-VLA/runs/T0036_v4/mr_vla_ipi_v4/mr_vla_ipi_v4.gen/sources_1/bd/mr_vla_bd_v4/ip/mr_vla_bd_v4_axi_sc_0_0/bd_0/ip/ip_125/bd_2c30_m02wn_0_clocks.xdc] for cell 'mr_vla_bd_v4_i/axi_sc_0/inst/m02_nodes/m02_w_node/inst'
Finished Parsing XDC File [/tools/projects/FPGA-VLA/runs/T0036_v4/mr_vla_ipi_v4/mr_vla_ipi_v4.gen/sources_1/bd/mr_vla_bd_v4/ip/mr_vla_bd_v4_axi_sc_0_0/bd_0/ip/ip_125/bd_2c30_m02wn_0_clocks.xdc] for cell 'mr_vla_bd_v4_i/axi_sc_0/inst/m02_nodes/m02_w_node/inst'
Parsing XDC File [/tools/projects/FPGA-VLA/runs/T0036_v4/mr_vla_ipi_v4/mr_vla_ipi_v4.gen/sources_1/bd/mr_vla_bd_v4/ip/mr_vla_bd_v4_axi_sc_0_0/bd_0/ip/ip_126/bd_2c30_m02bn_0_clocks.xdc] for cell 'mr_vla_bd_v4_i/axi_sc_0/inst/m02_nodes/m02_b_node/inst'
Finished Parsing XDC File [/tools/projects/FPGA-VLA/runs/T0036_v4/mr_vla_ipi_v4/mr_vla_ipi_v4.gen/sources_1/bd/mr_vla_bd_v4/ip/mr_vla_bd_v4_axi_sc_0_0/bd_0/ip/ip_126/bd_2c30_m02bn_0_clocks.xdc] for cell 'mr_vla_bd_v4_i/axi_sc_0/inst/m02_nodes/m02_b_node/inst'
Parsing XDC File [/tools/projects/FPGA-VLA/runs/T0036_v4/mr_vla_ipi_v4/mr_vla_ipi_v4.gen/sources_1/bd/mr_vla_bd_v4/ip/mr_vla_bd_v4_axi_sc_0_0/bd_0/ip/ip_129/bd_2c30_m03arn_0_clocks.xdc] for cell 'mr_vla_bd_v4_i/axi_sc_0/inst/m03_nodes/m03_ar_node/inst'
Finished Parsing XDC File [/tools/projects/FPGA-VLA/runs/T0036_v4/mr_vla_ipi_v4/mr_vla_ipi_v4.gen/sources_1/bd/mr_vla_bd_v4/ip/mr_vla_bd_v4_axi_sc_0_0/bd_0/ip/ip_129/bd_2c30_m03arn_0_clocks.xdc] for cell 'mr_vla_bd_v4_i/axi_sc_0/inst/m03_nodes/m03_ar_node/inst'
Parsing XDC File [/tools/projects/FPGA-VLA/runs/T0036_v4/mr_vla_ipi_v4/mr_vla_ipi_v4.gen/sources_1/bd/mr_vla_bd_v4/ip/mr_vla_bd_v4_axi_sc_0_0/bd_0/ip/ip_130/bd_2c30_m03rn_0_clocks.xdc] for cell 'mr_vla_bd_v4_i/axi_sc_0/inst/m03_nodes/m03_r_node/inst'
Finished Parsing XDC File [/tools/projects/FPGA-VLA/runs/T0036_v4/mr_vla_ipi_v4/mr_vla_ipi_v4.gen/sources_1/bd/mr_vla_bd_v4/ip/mr_vla_bd_v4_axi_sc_0_0/bd_0/ip/ip_130/bd_2c30_m03rn_0_clocks.xdc] for cell 'mr_vla_bd_v4_i/axi_sc_0/inst/m03_nodes/m03_r_node/inst'
Parsing XDC File [/tools/projects/FPGA-VLA/runs/T0036_v4/mr_vla_ipi_v4/mr_vla_ipi_v4.gen/sources_1/bd/mr_vla_bd_v4/ip/mr_vla_bd_v4_axi_sc_0_0/bd_0/ip/ip_131/bd_2c30_m03awn_0_clocks.xdc] for cell 'mr_vla_bd_v4_i/axi_sc_0/inst/m03_nodes/m03_aw_node/inst'
Finished Parsing XDC File [/tools/projects/FPGA-VLA/runs/T0036_v4/mr_vla_ipi_v4/mr_vla_ipi_v4.gen/sources_1/bd/mr_vla_bd_v4/ip/mr_vla_bd_v4_axi_sc_0_0/bd_0/ip/ip_131/bd_2c30_m03awn_0_clocks.xdc] for cell 'mr_vla_bd_v4_i/axi_sc_0/inst/m03_nodes/m03_aw_node/inst'
Parsing XDC File [/tools/projects/FPGA-VLA/runs/T0036_v4/mr_vla_ipi_v4/mr_vla_ipi_v4.gen/sources_1/bd/mr_vla_bd_v4/ip/mr_vla_bd_v4_axi_sc_0_0/bd_0/ip/ip_132/bd_2c30_m03wn_0_clocks.xdc] for cell 'mr_vla_bd_v4_i/axi_sc_0/inst/m03_nodes/m03_w_node/inst'
Finished Parsing XDC File [/tools/projects/FPGA-VLA/runs/T0036_v4/mr_vla_ipi_v4/mr_vla_ipi_v4.gen/sources_1/bd/mr_vla_bd_v4/ip/mr_vla_bd_v4_axi_sc_0_0/bd_0/ip/ip_132/bd_2c30_m03wn_0_clocks.xdc] for cell 'mr_vla_bd_v4_i/axi_sc_0/inst/m03_nodes/m03_w_node/inst'
Parsing XDC File [/tools/projects/FPGA-VLA/runs/T0036_v4/mr_vla_ipi_v4/mr_vla_ipi_v4.gen/sources_1/bd/mr_vla_bd_v4/ip/mr_vla_bd_v4_axi_sc_0_0/bd_0/ip/ip_133/bd_2c30_m03bn_0_clocks.xdc] for cell 'mr_vla_bd_v4_i/axi_sc_0/inst/m03_nodes/m03_b_node/inst'
Finished Parsing XDC File [/tools/projects/FPGA-VLA/runs/T0036_v4/mr_vla_ipi_v4/mr_vla_ipi_v4.gen/sources_1/bd/mr_vla_bd_v4/ip/mr_vla_bd_v4_axi_sc_0_0/bd_0/ip/ip_133/bd_2c30_m03bn_0_clocks.xdc] for cell 'mr_vla_bd_v4_i/axi_sc_0/inst/m03_nodes/m03_b_node/inst'
Parsing XDC File [/tools/projects/FPGA-VLA/runs/T0036_v4/mr_vla_ipi_v4/mr_vla_ipi_v4.gen/sources_1/bd/mr_vla_bd_v4/ip/mr_vla_bd_v4_axi_sc_0_0/smartconnect.xdc] for cell 'mr_vla_bd_v4_i/axi_sc_0/inst'
WARNING: [Vivado_Tcl 4-919] Waiver ID 'CDC-1' -from list should not be empty. [/tools/projects/FPGA-VLA/runs/T0036_v4/mr_vla_ipi_v4/mr_vla_ipi_v4.gen/sources_1/bd/mr_vla_bd_v4/ip/mr_vla_bd_v4_axi_sc_0_0/smartconnect.xdc:1]
Finished Parsing XDC File [/tools/projects/FPGA-VLA/runs/T0036_v4/mr_vla_ipi_v4/mr_vla_ipi_v4.gen/sources_1/bd/mr_vla_bd_v4/ip/mr_vla_bd_v4_axi_sc_0_0/smartconnect.xdc] for cell 'mr_vla_bd_v4_i/axi_sc_0/inst'
Parsing XDC File [/tools/projects/FPGA-VLA/runs/T0036_v4/mr_vla_ipi_v4/mr_vla_ipi_v4.gen/sources_1/bd/mr_vla_bd_v4/ip/mr_vla_bd_v4_axi_sc_0_0/bd_0/ip/ip_44/bd_2c30_sbn_1_clocks.xdc] for cell 'mr_vla_bd_v4_i/axi_sc_0/inst/s05_nodes/s05_b_node/inst'
Finished Parsing XDC File [/tools/projects/FPGA-VLA/runs/T0036_v4/mr_vla_ipi_v4/mr_vla_ipi_v4.gen/sources_1/bd/mr_vla_bd_v4/ip/mr_vla_bd_v4_axi_sc_0_0/bd_0/ip/ip_44/bd_2c30_sbn_1_clocks.xdc] for cell 'mr_vla_bd_v4_i/axi_sc_0/inst/s05_nodes/s05_b_node/inst'
Parsing XDC File [/tools/projects/FPGA-VLA/runs/T0036_v4/mr_vla_ipi_v4/mr_vla_ipi_v4.gen/sources_1/bd/mr_vla_bd_v4/ip/mr_vla_bd_v4_axi_sc_0_0/bd_0/ip/ip_1/bd_2c30_psr_aclk_0.xdc] for cell 'mr_vla_bd_v4_i/axi_sc_0/inst/clk_map/psr_aclk/U0'
Finished Parsing XDC File [/tools/projects/FPGA-VLA/runs/T0036_v4/mr_vla_ipi_v4/mr_vla_ipi_v4.gen/sources_1/bd/mr_vla_bd_v4/ip/mr_vla_bd_v4_axi_sc_0_0/bd_0/ip/ip_1/bd_2c30_psr_aclk_0.xdc] for cell 'mr_vla_bd_v4_i/axi_sc_0/inst/clk_map/psr_aclk/U0'
Parsing XDC File [/tools/projects/FPGA-VLA/runs/T0036_v4/mr_vla_ipi_v4/mr_vla_ipi_v4.gen/sources_1/bd/mr_vla_bd_v4/ip/mr_vla_bd_v4_axi_sc_0_0/bd_0/ip/ip_11/bd_2c30_sarn_0_clocks.xdc] for cell 'mr_vla_bd_v4_i/axi_sc_0/inst/s00_nodes/s00_ar_node/inst'
Finished Parsing XDC File [/tools/projects/FPGA-VLA/runs/T0036_v4/mr_vla_ipi_v4/mr_vla_ipi_v4.gen/sources_1/bd/mr_vla_bd_v4/ip/mr_vla_bd_v4_axi_sc_0_0/bd_0/ip/ip_11/bd_2c30_sarn_0_clocks.xdc] for cell 'mr_vla_bd_v4_i/axi_sc_0/inst/s00_nodes/s00_ar_node/inst'
Parsing XDC File [/tools/projects/FPGA-VLA/runs/T0036_v4/mr_vla_ipi_v4/mr_vla_ipi_v4.gen/sources_1/bd/mr_vla_bd_v4/ip/mr_vla_bd_v4_axi_sc_0_0/bd_0/ip/ip_12/bd_2c30_srn_0_clocks.xdc] for cell 'mr_vla_bd_v4_i/axi_sc_0/inst/s00_nodes/s00_r_node/inst'
Finished Parsing XDC File [/tools/projects/FPGA-VLA/runs/T0036_v4/mr_vla_ipi_v4/mr_vla_ipi_v4.gen/sources_1/bd/mr_vla_bd_v4/ip/mr_vla_bd_v4_axi_sc_0_0/bd_0/ip/ip_12/bd_2c30_srn_0_clocks.xdc] for cell 'mr_vla_bd_v4_i/axi_sc_0/inst/s00_nodes/s00_r_node/inst'
Parsing XDC File [/tools/projects/FPGA-VLA/runs/T0036_v4/mr_vla_ipi_v4/mr_vla_ipi_v4.gen/sources_1/bd/mr_vla_bd_v4/ip/mr_vla_bd_v4_axi_sc_0_0/bd_0/ip/ip_17/bd_2c30_sawn_0_clocks.xdc] for cell 'mr_vla_bd_v4_i/axi_sc_0/inst/s01_nodes/s01_aw_node/inst'
Finished Parsing XDC File [/tools/projects/FPGA-VLA/runs/T0036_v4/mr_vla_ipi_v4/mr_vla_ipi_v4.gen/sources_1/bd/mr_vla_bd_v4/ip/mr_vla_bd_v4_axi_sc_0_0/bd_0/ip/ip_17/bd_2c30_sawn_0_clocks.xdc] for cell 'mr_vla_bd_v4_i/axi_sc_0/inst/s01_nodes/s01_aw_node/inst'
Parsing XDC File [/tools/projects/FPGA-VLA/runs/T0036_v4/mr_vla_ipi_v4/mr_vla_ipi_v4.gen/sources_1/bd/mr_vla_bd_v4/ip/mr_vla_bd_v4_axi_sc_0_0/bd_0/ip/ip_18/bd_2c30_swn_0_clocks.xdc] for cell 'mr_vla_bd_v4_i/axi_sc_0/inst/s01_nodes/s01_w_node/inst'
Finished Parsing XDC File [/tools/projects/FPGA-VLA/runs/T0036_v4/mr_vla_ipi_v4/mr_vla_ipi_v4.gen/sources_1/bd/mr_vla_bd_v4/ip/mr_vla_bd_v4_axi_sc_0_0/bd_0/ip/ip_18/bd_2c30_swn_0_clocks.xdc] for cell 'mr_vla_bd_v4_i/axi_sc_0/inst/s01_nodes/s01_w_node/inst'
Parsing XDC File [/tools/projects/FPGA-VLA/runs/T0036_v4/mr_vla_ipi_v4/mr_vla_ipi_v4.gen/sources_1/bd/mr_vla_bd_v4/ip/mr_vla_bd_v4_axi_sc_0_0/bd_0/ip/ip_19/bd_2c30_sbn_0_clocks.xdc] for cell 'mr_vla_bd_v4_i/axi_sc_0/inst/s01_nodes/s01_b_node/inst'
Finished Parsing XDC File [/tools/projects/FPGA-VLA/runs/T0036_v4/mr_vla_ipi_v4/mr_vla_ipi_v4.gen/sources_1/bd/mr_vla_bd_v4/ip/mr_vla_bd_v4_axi_sc_0_0/bd_0/ip/ip_19/bd_2c30_sbn_0_clocks.xdc] for cell 'mr_vla_bd_v4_i/axi_sc_0/inst/s01_nodes/s01_b_node/inst'
Parsing XDC File [/tools/projects/FPGA-VLA/runs/T0036_v4/mr_vla_ipi_v4/mr_vla_ipi_v4.gen/sources_1/bd/mr_vla_bd_v4/ip/mr_vla_bd_v4_axi_sc_0_0/bd_0/ip/ip_24/bd_2c30_sarn_1_clocks.xdc] for cell 'mr_vla_bd_v4_i/axi_sc_0/inst/s02_nodes/s02_ar_node/inst'
Finished Parsing XDC File [/tools/projects/FPGA-VLA/runs/T0036_v4/mr_vla_ipi_v4/mr_vla_ipi_v4.gen/sources_1/bd/mr_vla_bd_v4/ip/mr_vla_bd_v4_axi_sc_0_0/bd_0/ip/ip_24/bd_2c30_sarn_1_clocks.xdc] for cell 'mr_vla_bd_v4_i/axi_sc_0/inst/s02_nodes/s02_ar_node/inst'
Parsing XDC File [/tools/projects/FPGA-VLA/runs/T0036_v4/mr_vla_ipi_v4/mr_vla_ipi_v4.gen/sources_1/bd/mr_vla_bd_v4/ip/mr_vla_bd_v4_axi_sc_0_0/bd_0/ip/ip_25/bd_2c30_srn_1_clocks.xdc] for cell 'mr_vla_bd_v4_i/axi_sc_0/inst/s02_nodes/s02_r_node/inst'
Finished Parsing XDC File [/tools/projects/FPGA-VLA/runs/T0036_v4/mr_vla_ipi_v4/mr_vla_ipi_v4.gen/sources_1/bd/mr_vla_bd_v4/ip/mr_vla_bd_v4_axi_sc_0_0/bd_0/ip/ip_25/bd_2c30_srn_1_clocks.xdc] for cell 'mr_vla_bd_v4_i/axi_sc_0/inst/s02_nodes/s02_r_node/inst'
Parsing XDC File [/tools/projects/FPGA-VLA/runs/T0036_v4/mr_vla_ipi_v4/mr_vla_ipi_v4.gen/sources_1/bd/mr_vla_bd_v4/ip/mr_vla_bd_v4_axi_sc_0_0/bd_0/ip/ip_30/bd_2c30_sarn_2_clocks.xdc] for cell 'mr_vla_bd_v4_i/axi_sc_0/inst/s03_nodes/s03_ar_node/inst'
Finished Parsing XDC File [/tools/projects/FPGA-VLA/runs/T0036_v4/mr_vla_ipi_v4/mr_vla_ipi_v4.gen/sources_1/bd/mr_vla_bd_v4/ip/mr_vla_bd_v4_axi_sc_0_0/bd_0/ip/ip_30/bd_2c30_sarn_2_clocks.xdc] for cell 'mr_vla_bd_v4_i/axi_sc_0/inst/s03_nodes/s03_ar_node/inst'
Parsing XDC File [/tools/projects/FPGA-VLA/runs/T0036_v4/mr_vla_ipi_v4/mr_vla_ipi_v4.gen/sources_1/bd/mr_vla_bd_v4/ip/mr_vla_bd_v4_axi_sc_0_0/bd_0/ip/ip_31/bd_2c30_srn_2_clocks.xdc] for cell 'mr_vla_bd_v4_i/axi_sc_0/inst/s03_nodes/s03_r_node/inst'
Finished Parsing XDC File [/tools/projects/FPGA-VLA/runs/T0036_v4/mr_vla_ipi_v4/mr_vla_ipi_v4.gen/sources_1/bd/mr_vla_bd_v4/ip/mr_vla_bd_v4_axi_sc_0_0/bd_0/ip/ip_31/bd_2c30_srn_2_clocks.xdc] for cell 'mr_vla_bd_v4_i/axi_sc_0/inst/s03_nodes/s03_r_node/inst'
Parsing XDC File [/tools/projects/FPGA-VLA/runs/T0036_v4/mr_vla_ipi_v4/mr_vla_ipi_v4.gen/sources_1/bd/mr_vla_bd_v4/ip/mr_vla_bd_v4_axi_sc_0_0/bd_0/ip/ip_36/bd_2c30_sarn_3_clocks.xdc] for cell 'mr_vla_bd_v4_i/axi_sc_0/inst/s04_nodes/s04_ar_node/inst'
Finished Parsing XDC File [/tools/projects/FPGA-VLA/runs/T0036_v4/mr_vla_ipi_v4/mr_vla_ipi_v4.gen/sources_1/bd/mr_vla_bd_v4/ip/mr_vla_bd_v4_axi_sc_0_0/bd_0/ip/ip_36/bd_2c30_sarn_3_clocks.xdc] for cell 'mr_vla_bd_v4_i/axi_sc_0/inst/s04_nodes/s04_ar_node/inst'
Parsing XDC File [/tools/projects/FPGA-VLA/runs/T0036_v4/mr_vla_ipi_v4/mr_vla_ipi_v4.gen/sources_1/bd/mr_vla_bd_v4/ip/mr_vla_bd_v4_axi_sc_0_0/bd_0/ip/ip_37/bd_2c30_srn_3_clocks.xdc] for cell 'mr_vla_bd_v4_i/axi_sc_0/inst/s04_nodes/s04_r_node/inst'
Finished Parsing XDC File [/tools/projects/FPGA-VLA/runs/T0036_v4/mr_vla_ipi_v4/mr_vla_ipi_v4.gen/sources_1/bd/mr_vla_bd_v4/ip/mr_vla_bd_v4_axi_sc_0_0/bd_0/ip/ip_37/bd_2c30_srn_3_clocks.xdc] for cell 'mr_vla_bd_v4_i/axi_sc_0/inst/s04_nodes/s04_r_node/inst'
Parsing XDC File [/tools/projects/FPGA-VLA/runs/T0036_v4/mr_vla_ipi_v4/mr_vla_ipi_v4.gen/sources_1/bd/mr_vla_bd_v4/ip/mr_vla_bd_v4_axi_sc_0_0/bd_0/ip/ip_42/bd_2c30_sawn_1_clocks.xdc] for cell 'mr_vla_bd_v4_i/axi_sc_0/inst/s05_nodes/s05_aw_node/inst'
Finished Parsing XDC File [/tools/projects/FPGA-VLA/runs/T0036_v4/mr_vla_ipi_v4/mr_vla_ipi_v4.gen/sources_1/bd/mr_vla_bd_v4/ip/mr_vla_bd_v4_axi_sc_0_0/bd_0/ip/ip_42/bd_2c30_sawn_1_clocks.xdc] for cell 'mr_vla_bd_v4_i/axi_sc_0/inst/s05_nodes/s05_aw_node/inst'
Parsing XDC File [/tools/projects/FPGA-VLA/runs/T0036_v4/mr_vla_ipi_v4/mr_vla_ipi_v4.gen/sources_1/bd/mr_vla_bd_v4/ip/mr_vla_bd_v4_axi_sc_0_0/bd_0/ip/ip_43/bd_2c30_swn_1_clocks.xdc] for cell 'mr_vla_bd_v4_i/axi_sc_0/inst/s05_nodes/s05_w_node/inst'
Finished Parsing XDC File [/tools/projects/FPGA-VLA/runs/T0036_v4/mr_vla_ipi_v4/mr_vla_ipi_v4.gen/sources_1/bd/mr_vla_bd_v4/ip/mr_vla_bd_v4_axi_sc_0_0/bd_0/ip/ip_43/bd_2c30_swn_1_clocks.xdc] for cell 'mr_vla_bd_v4_i/axi_sc_0/inst/s05_nodes/s05_w_node/inst'
Parsing XDC File [/tools/projects/FPGA-VLA/runs/T0036_v4/mr_vla_ipi_v4/mr_vla_ipi_v4.gen/sources_1/bd/mr_vla_bd_v4/ip/mr_vla_bd_v4_axi_sc_0_0/bd_0/ip/ip_1/bd_2c30_psr_aclk_0_board.xdc] for cell 'mr_vla_bd_v4_i/axi_sc_0/inst/clk_map/psr_aclk/U0'
Finished Parsing XDC File [/tools/projects/FPGA-VLA/runs/T0036_v4/mr_vla_ipi_v4/mr_vla_ipi_v4.gen/sources_1/bd/mr_vla_bd_v4/ip/mr_vla_bd_v4_axi_sc_0_0/bd_0/ip/ip_1/bd_2c30_psr_aclk_0_board.xdc] for cell 'mr_vla_bd_v4_i/axi_sc_0/inst/clk_map/psr_aclk/U0'
Parsing XDC File [/tools/projects/FPGA-VLA/runs/T0036_v4/mr_vla_ipi_v4/mr_vla_ipi_v4.gen/sources_1/bd/mr_vla_bd_v4/ip/mr_vla_bd_v4_axi_sc_0_0/bd_0/ip/ip_49/bd_2c30_sarn_4_clocks.xdc] for cell 'mr_vla_bd_v4_i/axi_sc_0/inst/s06_nodes/s06_ar_node/inst'
Finished Parsing XDC File [/tools/projects/FPGA-VLA/runs/T0036_v4/mr_vla_ipi_v4/mr_vla_ipi_v4.gen/sources_1/bd/mr_vla_bd_v4/ip/mr_vla_bd_v4_axi_sc_0_0/bd_0/ip/ip_49/bd_2c30_sarn_4_clocks.xdc] for cell 'mr_vla_bd_v4_i/axi_sc_0/inst/s06_nodes/s06_ar_node/inst'
Parsing XDC File [/tools/projects/FPGA-VLA/runs/T0036_v4/mr_vla_ipi_v4/mr_vla_ipi_v4.gen/sources_1/bd/mr_vla_bd_v4/ip/mr_vla_bd_v4_axi_sc_0_0/bd_0/ip/ip_50/bd_2c30_srn_4_clocks.xdc] for cell 'mr_vla_bd_v4_i/axi_sc_0/inst/s06_nodes/s06_r_node/inst'
Finished Parsing XDC File [/tools/projects/FPGA-VLA/runs/T0036_v4/mr_vla_ipi_v4/mr_vla_ipi_v4.gen/sources_1/bd/mr_vla_bd_v4/ip/mr_vla_bd_v4_axi_sc_0_0/bd_0/ip/ip_50/bd_2c30_srn_4_clocks.xdc] for cell 'mr_vla_bd_v4_i/axi_sc_0/inst/s06_nodes/s06_r_node/inst'
Parsing XDC File [/tools/projects/FPGA-VLA/runs/T0036_v4/mr_vla_ipi_v4/mr_vla_ipi_v4.gen/sources_1/bd/mr_vla_bd_v4/ip/mr_vla_bd_v4_axi_sc_0_0/bd_0/ip/ip_55/bd_2c30_sarn_5_clocks.xdc] for cell 'mr_vla_bd_v4_i/axi_sc_0/inst/s07_nodes/s07_ar_node/inst'
Finished Parsing XDC File [/tools/projects/FPGA-VLA/runs/T0036_v4/mr_vla_ipi_v4/mr_vla_ipi_v4.gen/sources_1/bd/mr_vla_bd_v4/ip/mr_vla_bd_v4_axi_sc_0_0/bd_0/ip/ip_55/bd_2c30_sarn_5_clocks.xdc] for cell 'mr_vla_bd_v4_i/axi_sc_0/inst/s07_nodes/s07_ar_node/inst'
Parsing XDC File [/tools/projects/FPGA-VLA/runs/T0036_v4/mr_vla_ipi_v4/mr_vla_ipi_v4.gen/sources_1/bd/mr_vla_bd_v4/ip/mr_vla_bd_v4_axi_sc_0_0/bd_0/ip/ip_56/bd_2c30_srn_5_clocks.xdc] for cell 'mr_vla_bd_v4_i/axi_sc_0/inst/s07_nodes/s07_r_node/inst'
Finished Parsing XDC File [/tools/projects/FPGA-VLA/runs/T0036_v4/mr_vla_ipi_v4/mr_vla_ipi_v4.gen/sources_1/bd/mr_vla_bd_v4/ip/mr_vla_bd_v4_axi_sc_0_0/bd_0/ip/ip_56/bd_2c30_srn_5_clocks.xdc] for cell 'mr_vla_bd_v4_i/axi_sc_0/inst/s07_nodes/s07_r_node/inst'
Parsing XDC File [/tools/projects/FPGA-VLA/runs/T0036_v4/mr_vla_ipi_v4/mr_vla_ipi_v4.gen/sources_1/bd/mr_vla_bd_v4/ip/mr_vla_bd_v4_axi_sc_0_0/bd_0/ip/ip_61/bd_2c30_sarn_6_clocks.xdc] for cell 'mr_vla_bd_v4_i/axi_sc_0/inst/s08_nodes/s08_ar_node/inst'
Finished Parsing XDC File [/tools/projects/FPGA-VLA/runs/T0036_v4/mr_vla_ipi_v4/mr_vla_ipi_v4.gen/sources_1/bd/mr_vla_bd_v4/ip/mr_vla_bd_v4_axi_sc_0_0/bd_0/ip/ip_61/bd_2c30_sarn_6_clocks.xdc] for cell 'mr_vla_bd_v4_i/axi_sc_0/inst/s08_nodes/s08_ar_node/inst'
Parsing XDC File [/tools/projects/FPGA-VLA/runs/T0036_v4/mr_vla_ipi_v4/mr_vla_ipi_v4.gen/sources_1/bd/mr_vla_bd_v4/ip/mr_vla_bd_v4_axi_sc_0_0/bd_0/ip/ip_62/bd_2c30_srn_6_clocks.xdc] for cell 'mr_vla_bd_v4_i/axi_sc_0/inst/s08_nodes/s08_r_node/inst'
Finished Parsing XDC File [/tools/projects/FPGA-VLA/runs/T0036_v4/mr_vla_ipi_v4/mr_vla_ipi_v4.gen/sources_1/bd/mr_vla_bd_v4/ip/mr_vla_bd_v4_axi_sc_0_0/bd_0/ip/ip_62/bd_2c30_srn_6_clocks.xdc] for cell 'mr_vla_bd_v4_i/axi_sc_0/inst/s08_nodes/s08_r_node/inst'
Parsing XDC File [/tools/projects/FPGA-VLA/runs/T0036_v4/mr_vla_ipi_v4/mr_vla_ipi_v4.gen/sources_1/bd/mr_vla_bd_v4/ip/mr_vla_bd_v4_axi_sc_0_0/bd_0/ip/ip_67/bd_2c30_sawn_2_clocks.xdc] for cell 'mr_vla_bd_v4_i/axi_sc_0/inst/s09_nodes/s09_aw_node/inst'
Finished Parsing XDC File [/tools/projects/FPGA-VLA/runs/T0036_v4/mr_vla_ipi_v4/mr_vla_ipi_v4.gen/sources_1/bd/mr_vla_bd_v4/ip/mr_vla_bd_v4_axi_sc_0_0/bd_0/ip/ip_67/bd_2c30_sawn_2_clocks.xdc] for cell 'mr_vla_bd_v4_i/axi_sc_0/inst/s09_nodes/s09_aw_node/inst'
Parsing XDC File [/tools/projects/FPGA-VLA/runs/T0036_v4/mr_vla_ipi_v4/mr_vla_ipi_v4.gen/sources_1/bd/mr_vla_bd_v4/ip/mr_vla_bd_v4_axi_sc_0_0/bd_0/ip/ip_68/bd_2c30_swn_2_clocks.xdc] for cell 'mr_vla_bd_v4_i/axi_sc_0/inst/s09_nodes/s09_w_node/inst'
Finished Parsing XDC File [/tools/projects/FPGA-VLA/runs/T0036_v4/mr_vla_ipi_v4/mr_vla_ipi_v4.gen/sources_1/bd/mr_vla_bd_v4/ip/mr_vla_bd_v4_axi_sc_0_0/bd_0/ip/ip_68/bd_2c30_swn_2_clocks.xdc] for cell 'mr_vla_bd_v4_i/axi_sc_0/inst/s09_nodes/s09_w_node/inst'
Parsing XDC File [/tools/projects/FPGA-VLA/runs/T0036_v4/mr_vla_ipi_v4/mr_vla_ipi_v4.gen/sources_1/bd/mr_vla_bd_v4/ip/mr_vla_bd_v4_axi_sc_0_0/bd_0/ip/ip_69/bd_2c30_sbn_2_clocks.xdc] for cell 'mr_vla_bd_v4_i/axi_sc_0/inst/s09_nodes/s09_b_node/inst'
Finished Parsing XDC File [/tools/projects/FPGA-VLA/runs/T0036_v4/mr_vla_ipi_v4/mr_vla_ipi_v4.gen/sources_1/bd/mr_vla_bd_v4/ip/mr_vla_bd_v4_axi_sc_0_0/bd_0/ip/ip_69/bd_2c30_sbn_2_clocks.xdc] for cell 'mr_vla_bd_v4_i/axi_sc_0/inst/s09_nodes/s09_b_node/inst'
Parsing XDC File [/tools/projects/FPGA-VLA/runs/T0036_v4/mr_vla_ipi_v4/mr_vla_ipi_v4.gen/sources_1/bd/mr_vla_bd_v4/ip/mr_vla_bd_v4_axi_sc_0_0/bd_0/ip/ip_74/bd_2c30_sarn_7_clocks.xdc] for cell 'mr_vla_bd_v4_i/axi_sc_0/inst/s10_nodes/s10_ar_node/inst'
Finished Parsing XDC File [/tools/projects/FPGA-VLA/runs/T0036_v4/mr_vla_ipi_v4/mr_vla_ipi_v4.gen/sources_1/bd/mr_vla_bd_v4/ip/mr_vla_bd_v4_axi_sc_0_0/bd_0/ip/ip_74/bd_2c30_sarn_7_clocks.xdc] for cell 'mr_vla_bd_v4_i/axi_sc_0/inst/s10_nodes/s10_ar_node/inst'
Parsing XDC File [/tools/projects/FPGA-VLA/runs/T0036_v4/mr_vla_ipi_v4/mr_vla_ipi_v4.gen/sources_1/bd/mr_vla_bd_v4/ip/mr_vla_bd_v4_axi_sc_0_0/bd_0/ip/ip_75/bd_2c30_srn_7_clocks.xdc] for cell 'mr_vla_bd_v4_i/axi_sc_0/inst/s10_nodes/s10_r_node/inst'
Finished Parsing XDC File [/tools/projects/FPGA-VLA/runs/T0036_v4/mr_vla_ipi_v4/mr_vla_ipi_v4.gen/sources_1/bd/mr_vla_bd_v4/ip/mr_vla_bd_v4_axi_sc_0_0/bd_0/ip/ip_75/bd_2c30_srn_7_clocks.xdc] for cell 'mr_vla_bd_v4_i/axi_sc_0/inst/s10_nodes/s10_r_node/inst'
Parsing XDC File [/tools/projects/FPGA-VLA/runs/T0036_v4/mr_vla_ipi_v4/mr_vla_ipi_v4.gen/sources_1/bd/mr_vla_bd_v4/ip/mr_vla_bd_v4_axi_sc_0_0/bd_0/ip/ip_80/bd_2c30_sarn_8_clocks.xdc] for cell 'mr_vla_bd_v4_i/axi_sc_0/inst/s11_nodes/s11_ar_node/inst'
Finished Parsing XDC File [/tools/projects/FPGA-VLA/runs/T0036_v4/mr_vla_ipi_v4/mr_vla_ipi_v4.gen/sources_1/bd/mr_vla_bd_v4/ip/mr_vla_bd_v4_axi_sc_0_0/bd_0/ip/ip_80/bd_2c30_sarn_8_clocks.xdc] for cell 'mr_vla_bd_v4_i/axi_sc_0/inst/s11_nodes/s11_ar_node/inst'
Parsing XDC File [/tools/projects/FPGA-VLA/runs/T0036_v4/mr_vla_ipi_v4/mr_vla_ipi_v4.gen/sources_1/bd/mr_vla_bd_v4/ip/mr_vla_bd_v4_axi_sc_0_0/bd_0/ip/ip_81/bd_2c30_srn_8_clocks.xdc] for cell 'mr_vla_bd_v4_i/axi_sc_0/inst/s11_nodes/s11_r_node/inst'
Finished Parsing XDC File [/tools/projects/FPGA-VLA/runs/T0036_v4/mr_vla_ipi_v4/mr_vla_ipi_v4.gen/sources_1/bd/mr_vla_bd_v4/ip/mr_vla_bd_v4_axi_sc_0_0/bd_0/ip/ip_81/bd_2c30_srn_8_clocks.xdc] for cell 'mr_vla_bd_v4_i/axi_sc_0/inst/s11_nodes/s11_r_node/inst'
INFO: [Project 1-1714] 180 XPM XDC files have been applied to the design.
INFO: [Opt 31-138] Pushed 0 inverter(s) to 0 load pin(s).
INFO: [Project 1-1687] 1669 scoped IP constraints or related sub-commands were skipped due to synthesis logic optimizations usually triggered by constant connectivity or unconnected output pins. To review the skipped constraints and messages, run the command 'set_param netlist.IPMsgFiltering false' before opening the design.
Netlist sorting complete. Time (s): cpu = 00:00:00.04 ; elapsed = 00:00:00.04 . Memory (MB): peak = 6333.344 ; gain = 0.000 ; free physical = 53752 ; free virtual = 57080
INFO: [Project 1-111] Unisim Transformation Summary:
  A total of 28984 instances were transformed.
  (CARRY8) => LUT6CY (LUTCY1, LUTCY2): 2336 instances
  DSP58 => DSP58 (DSP_ALUADD, DSP_ALUMUX, DSP_ALUREG, DSP_A_B_DATA58, DSP_C_DATA58, DSP_MULTIPLIER58, DSP_M_DATA58, DSP_OUTPUT58, DSP_PATDET, DSP_PREADD58, DSP_PREADD_DATA58, DSP_SRCMX_OPTINV, VCC): 465 instances
  LUT6CY => LUT6CY (LUTCY1, LUTCY2): 17906 instances
  LUT6_2 => LUT6_2 (LUT5, LUT6): 37 instances
  RAM16X1S => RAM32X1S (RAMS32): 3080 instances
  RAM32M16 => RAM32M16 (RAMD32(x14), RAMS32(x2)): 40 instances
  RAM64X1S => RAM64X1S (RAMS64E5, VCC): 5120 instances

open_run: Time (s): cpu = 00:01:54 ; elapsed = 00:01:12 . Memory (MB): peak = 6333.344 ; gain = 3844.824 ; free physical = 53752 ; free virtual = 57080
INFO: [Timing 38-35] Done setting XDC timing constraints.
INFO: [Timing 38-91] UpdateTimingParams: Speed grade: -2MP, Temperature grade: E, Delay Type: min_max.
INFO: [Timing 38-191] Multithreading enabled for timing update using a maximum of 16 CPUs
report_timing_summary: Time (s): cpu = 00:01:59 ; elapsed = 00:00:34 . Memory (MB): peak = 6796.562 ; gain = 463.219 ; free physical = 53207 ; free virtual = 56567
>>> STEP10 SYNTH OK : WNS=
# puts ">>> build_bd_v4.tcl synth phase done"
>>> build_bd_v4.tcl synth phase done
# exit 0
INFO: [Common 17-206] Exiting Vivado at Thu May 28 13:35:33 2026...
