
****** Vivado v2024.1 (64-bit)
  **** SW Build 5076996 on Wed May 22 18:36:09 MDT 2024
  **** IP Build 5075265 on Wed May 22 21:45:21 MDT 2024
  **** SharedData Build 5076995 on Wed May 22 18:29:18 MDT 2024
  **** Start of session at: Thu May 28 13:52:56 2026
    ** Copyright 1986-2022 Xilinx, Inc. All Rights Reserved.
    ** Copyright 2022-2024 Advanced Micro Devices, Inc. All Rights Reserved.

source run_ooc.tcl
# set_param general.maxThreads 16
# set part   "xcvc1902-vsva2197-2MP-e-S"
# set T0036v5 "/tools/projects/FPGA-VLA/runs/T0036_v5"
# open_project "$T0036v5/mr_vla_ipi_v4/mr_vla_ipi_v4.xpr"
Scanning sources...
Finished scanning sources
INFO: [IP_Flow 19-234] Refreshing IP repositories
INFO: [IP_Flow 19-1700] Loaded user IP repository '/tools/projects/FPGA-VLA/runs/T0036_v4/T0024/xmod_attn_v1_hls/sol1/impl/ip'.
INFO: [IP_Flow 19-1700] Loaded user IP repository '/tools/projects/FPGA-VLA/runs/T0036_v4/T0025/gvsa_hls/sol1/impl/ip'.
INFO: [IP_Flow 19-1700] Loaded user IP repository '/tools/projects/FPGA-VLA/runs/T0036_v4/T0026/action_diff_hls/sol1/impl/ip'.
INFO: [IP_Flow 19-1700] Loaded user IP repository '/tools/projects/FPGA-VLA/runs/T0036_v4/T0029/vit_enc_hls/sol1/impl/ip'.
INFO: [IP_Flow 19-2313] Loaded Vivado IP repository '/tools/Xilinx/Vivado/2024.1/data/ip'.
open_project: Time (s): cpu = 00:00:09 ; elapsed = 00:00:09 . Memory (MB): peak = 1534.352 ; gain = 99.906 ; free physical = 56592 ; free virtual = 61247
# catch {remove_files -fileset constrs_1 [get_files -filter {USED_IN =~ "*constraints*"}]}
WARNING: [Vivado 12-818] No files matched '*'
# add_files -fileset constrs_1 "$T0036v5/mr_vla_bd_v5_ooc.xdc"
WARNING: [filemgmt 56-12] File '/tools/projects/FPGA-VLA/runs/T0036_v5/mr_vla_bd_v5_ooc.xdc' cannot be added to the project because it already exists in the project, skipping this file
# update_compile_order -fileset sources_1
# puts ">>> v5 STEP1 OOC synth_design start"
>>> v5 STEP1 OOC synth_design start
# synth_design -top mr_vla_bd_v4_wrapper -part $part -mode out_of_context
Command: synth_design -top mr_vla_bd_v4_wrapper -part xcvc1902-vsva2197-2MP-e-S -mode out_of_context
Starting synth_design
Attempting to get a license for feature 'Synthesis' and/or device 'xcvc1902'
INFO: [Common 17-349] Got license for feature 'Synthesis' and/or device 'xcvc1902'
INFO: [Common 17-86] Your Synthesis license expires in 28 day(s)
INFO: [Device 21-403] Loading part xcvc1902-vsva2197-2MP-e-S
INFO: [Synth 8-7079] Multithreading enabled for synth_design using a maximum of 4 processes.
INFO: [Synth 8-7078] Launching helper process for spawning children vivado processes
INFO: [Synth 8-7075] Helper process launched with PID 11159
---------------------------------------------------------------------------------
Starting RTL Elaboration : Time (s): cpu = 00:00:03 ; elapsed = 00:00:03 . Memory (MB): peak = 2843.797 ; gain = 394.773 ; free physical = 54703 ; free virtual = 59583
---------------------------------------------------------------------------------
INFO: [Synth 8-6157] synthesizing module 'mr_vla_bd_v4_wrapper' [/tools/projects/FPGA-VLA/runs/T0036_v5/mr_vla_ipi_v4/mr_vla_ipi_v4.gen/sources_1/bd/mr_vla_bd_v4/hdl/mr_vla_bd_v4_wrapper.v:13]
INFO: [Synth 8-6157] synthesizing module 'mr_vla_bd_v4' [/tools/projects/FPGA-VLA/runs/T0036_v5/mr_vla_ipi_v4/mr_vla_ipi_v4.gen/sources_1/bd/mr_vla_bd_v4/synth/mr_vla_bd_v4.v:13]
INFO: [Synth 8-6157] synthesizing module 'mr_vla_bd_v4_axi_sc_0_0' [/tools/projects/FPGA-VLA/runs/T0036_v5/.Xil/Vivado-10977-iZuf63nslpsmuz7caylpqsZ/realtime/mr_vla_bd_v4_axi_sc_0_0_stub.v:6]
INFO: [Synth 8-6155] done synthesizing module 'mr_vla_bd_v4_axi_sc_0_0' (0#1) [/tools/projects/FPGA-VLA/runs/T0036_v5/.Xil/Vivado-10977-iZuf63nslpsmuz7caylpqsZ/realtime/mr_vla_bd_v4_axi_sc_0_0_stub.v:6]
WARNING: [Synth 8-7071] port 'S00_AXI_arready' of module 'mr_vla_bd_v4_axi_sc_0_0' is unconnected for instance 'axi_sc_0' [/tools/projects/FPGA-VLA/runs/T0036_v5/mr_vla_ipi_v4/mr_vla_ipi_v4.gen/sources_1/bd/mr_vla_bd_v4/synth/mr_vla_bd_v4.v:3457]
WARNING: [Synth 8-7071] port 'S00_AXI_rid' of module 'mr_vla_bd_v4_axi_sc_0_0' is unconnected for instance 'axi_sc_0' [/tools/projects/FPGA-VLA/runs/T0036_v5/mr_vla_ipi_v4/mr_vla_ipi_v4.gen/sources_1/bd/mr_vla_bd_v4/synth/mr_vla_bd_v4.v:3457]
WARNING: [Synth 8-7071] port 'S00_AXI_rdata' of module 'mr_vla_bd_v4_axi_sc_0_0' is unconnected for instance 'axi_sc_0' [/tools/projects/FPGA-VLA/runs/T0036_v5/mr_vla_ipi_v4/mr_vla_ipi_v4.gen/sources_1/bd/mr_vla_bd_v4/synth/mr_vla_bd_v4.v:3457]
WARNING: [Synth 8-7071] port 'S00_AXI_rresp' of module 'mr_vla_bd_v4_axi_sc_0_0' is unconnected for instance 'axi_sc_0' [/tools/projects/FPGA-VLA/runs/T0036_v5/mr_vla_ipi_v4/mr_vla_ipi_v4.gen/sources_1/bd/mr_vla_bd_v4/synth/mr_vla_bd_v4.v:3457]
WARNING: [Synth 8-7071] port 'S00_AXI_rlast' of module 'mr_vla_bd_v4_axi_sc_0_0' is unconnected for instance 'axi_sc_0' [/tools/projects/FPGA-VLA/runs/T0036_v5/mr_vla_ipi_v4/mr_vla_ipi_v4.gen/sources_1/bd/mr_vla_bd_v4/synth/mr_vla_bd_v4.v:3457]
WARNING: [Synth 8-7071] port 'S00_AXI_rvalid' of module 'mr_vla_bd_v4_axi_sc_0_0' is unconnected for instance 'axi_sc_0' [/tools/projects/FPGA-VLA/runs/T0036_v5/mr_vla_ipi_v4/mr_vla_ipi_v4.gen/sources_1/bd/mr_vla_bd_v4/synth/mr_vla_bd_v4.v:3457]
WARNING: [Synth 8-7071] port 'S01_AXI_awready' of module 'mr_vla_bd_v4_axi_sc_0_0' is unconnected for instance 'axi_sc_0' [/tools/projects/FPGA-VLA/runs/T0036_v5/mr_vla_ipi_v4/mr_vla_ipi_v4.gen/sources_1/bd/mr_vla_bd_v4/synth/mr_vla_bd_v4.v:3457]
WARNING: [Synth 8-7071] port 'S01_AXI_wready' of module 'mr_vla_bd_v4_axi_sc_0_0' is unconnected for instance 'axi_sc_0' [/tools/projects/FPGA-VLA/runs/T0036_v5/mr_vla_ipi_v4/mr_vla_ipi_v4.gen/sources_1/bd/mr_vla_bd_v4/synth/mr_vla_bd_v4.v:3457]
WARNING: [Synth 8-7071] port 'S01_AXI_bid' of module 'mr_vla_bd_v4_axi_sc_0_0' is unconnected for instance 'axi_sc_0' [/tools/projects/FPGA-VLA/runs/T0036_v5/mr_vla_ipi_v4/mr_vla_ipi_v4.gen/sources_1/bd/mr_vla_bd_v4/synth/mr_vla_bd_v4.v:3457]
WARNING: [Synth 8-7071] port 'S01_AXI_bresp' of module 'mr_vla_bd_v4_axi_sc_0_0' is unconnected for instance 'axi_sc_0' [/tools/projects/FPGA-VLA/runs/T0036_v5/mr_vla_ipi_v4/mr_vla_ipi_v4.gen/sources_1/bd/mr_vla_bd_v4/synth/mr_vla_bd_v4.v:3457]
WARNING: [Synth 8-7071] port 'S01_AXI_bvalid' of module 'mr_vla_bd_v4_axi_sc_0_0' is unconnected for instance 'axi_sc_0' [/tools/projects/FPGA-VLA/runs/T0036_v5/mr_vla_ipi_v4/mr_vla_ipi_v4.gen/sources_1/bd/mr_vla_bd_v4/synth/mr_vla_bd_v4.v:3457]
WARNING: [Synth 8-7071] port 'S02_AXI_arready' of module 'mr_vla_bd_v4_axi_sc_0_0' is unconnected for instance 'axi_sc_0' [/tools/projects/FPGA-VLA/runs/T0036_v5/mr_vla_ipi_v4/mr_vla_ipi_v4.gen/sources_1/bd/mr_vla_bd_v4/synth/mr_vla_bd_v4.v:3457]
WARNING: [Synth 8-7071] port 'S02_AXI_rid' of module 'mr_vla_bd_v4_axi_sc_0_0' is unconnected for instance 'axi_sc_0' [/tools/projects/FPGA-VLA/runs/T0036_v5/mr_vla_ipi_v4/mr_vla_ipi_v4.gen/sources_1/bd/mr_vla_bd_v4/synth/mr_vla_bd_v4.v:3457]
WARNING: [Synth 8-7071] port 'S02_AXI_rdata' of module 'mr_vla_bd_v4_axi_sc_0_0' is unconnected for instance 'axi_sc_0' [/tools/projects/FPGA-VLA/runs/T0036_v5/mr_vla_ipi_v4/mr_vla_ipi_v4.gen/sources_1/bd/mr_vla_bd_v4/synth/mr_vla_bd_v4.v:3457]
WARNING: [Synth 8-7071] port 'S02_AXI_rresp' of module 'mr_vla_bd_v4_axi_sc_0_0' is unconnected for instance 'axi_sc_0' [/tools/projects/FPGA-VLA/runs/T0036_v5/mr_vla_ipi_v4/mr_vla_ipi_v4.gen/sources_1/bd/mr_vla_bd_v4/synth/mr_vla_bd_v4.v:3457]
WARNING: [Synth 8-7071] port 'S02_AXI_rlast' of module 'mr_vla_bd_v4_axi_sc_0_0' is unconnected for instance 'axi_sc_0' [/tools/projects/FPGA-VLA/runs/T0036_v5/mr_vla_ipi_v4/mr_vla_ipi_v4.gen/sources_1/bd/mr_vla_bd_v4/synth/mr_vla_bd_v4.v:3457]
WARNING: [Synth 8-7071] port 'S02_AXI_rvalid' of module 'mr_vla_bd_v4_axi_sc_0_0' is unconnected for instance 'axi_sc_0' [/tools/projects/FPGA-VLA/runs/T0036_v5/mr_vla_ipi_v4/mr_vla_ipi_v4.gen/sources_1/bd/mr_vla_bd_v4/synth/mr_vla_bd_v4.v:3457]
WARNING: [Synth 8-7071] port 'S03_AXI_arready' of module 'mr_vla_bd_v4_axi_sc_0_0' is unconnected for instance 'axi_sc_0' [/tools/projects/FPGA-VLA/runs/T0036_v5/mr_vla_ipi_v4/mr_vla_ipi_v4.gen/sources_1/bd/mr_vla_bd_v4/synth/mr_vla_bd_v4.v:3457]
WARNING: [Synth 8-7071] port 'S03_AXI_rid' of module 'mr_vla_bd_v4_axi_sc_0_0' is unconnected for instance 'axi_sc_0' [/tools/projects/FPGA-VLA/runs/T0036_v5/mr_vla_ipi_v4/mr_vla_ipi_v4.gen/sources_1/bd/mr_vla_bd_v4/synth/mr_vla_bd_v4.v:3457]
WARNING: [Synth 8-7071] port 'S03_AXI_rdata' of module 'mr_vla_bd_v4_axi_sc_0_0' is unconnected for instance 'axi_sc_0' [/tools/projects/FPGA-VLA/runs/T0036_v5/mr_vla_ipi_v4/mr_vla_ipi_v4.gen/sources_1/bd/mr_vla_bd_v4/synth/mr_vla_bd_v4.v:3457]
WARNING: [Synth 8-7071] port 'S03_AXI_rresp' of module 'mr_vla_bd_v4_axi_sc_0_0' is unconnected for instance 'axi_sc_0' [/tools/projects/FPGA-VLA/runs/T0036_v5/mr_vla_ipi_v4/mr_vla_ipi_v4.gen/sources_1/bd/mr_vla_bd_v4/synth/mr_vla_bd_v4.v:3457]
WARNING: [Synth 8-7071] port 'S03_AXI_rlast' of module 'mr_vla_bd_v4_axi_sc_0_0' is unconnected for instance 'axi_sc_0' [/tools/projects/FPGA-VLA/runs/T0036_v5/mr_vla_ipi_v4/mr_vla_ipi_v4.gen/sources_1/bd/mr_vla_bd_v4/synth/mr_vla_bd_v4.v:3457]
WARNING: [Synth 8-7071] port 'S03_AXI_rvalid' of module 'mr_vla_bd_v4_axi_sc_0_0' is unconnected for instance 'axi_sc_0' [/tools/projects/FPGA-VLA/runs/T0036_v5/mr_vla_ipi_v4/mr_vla_ipi_v4.gen/sources_1/bd/mr_vla_bd_v4/synth/mr_vla_bd_v4.v:3457]
WARNING: [Synth 8-7071] port 'S04_AXI_arready' of module 'mr_vla_bd_v4_axi_sc_0_0' is unconnected for instance 'axi_sc_0' [/tools/projects/FPGA-VLA/runs/T0036_v5/mr_vla_ipi_v4/mr_vla_ipi_v4.gen/sources_1/bd/mr_vla_bd_v4/synth/mr_vla_bd_v4.v:3457]
WARNING: [Synth 8-7071] port 'S04_AXI_rid' of module 'mr_vla_bd_v4_axi_sc_0_0' is unconnected for instance 'axi_sc_0' [/tools/projects/FPGA-VLA/runs/T0036_v5/mr_vla_ipi_v4/mr_vla_ipi_v4.gen/sources_1/bd/mr_vla_bd_v4/synth/mr_vla_bd_v4.v:3457]
WARNING: [Synth 8-7071] port 'S04_AXI_rdata' of module 'mr_vla_bd_v4_axi_sc_0_0' is unconnected for instance 'axi_sc_0' [/tools/projects/FPGA-VLA/runs/T0036_v5/mr_vla_ipi_v4/mr_vla_ipi_v4.gen/sources_1/bd/mr_vla_bd_v4/synth/mr_vla_bd_v4.v:3457]
WARNING: [Synth 8-7071] port 'S04_AXI_rresp' of module 'mr_vla_bd_v4_axi_sc_0_0' is unconnected for instance 'axi_sc_0' [/tools/projects/FPGA-VLA/runs/T0036_v5/mr_vla_ipi_v4/mr_vla_ipi_v4.gen/sources_1/bd/mr_vla_bd_v4/synth/mr_vla_bd_v4.v:3457]
WARNING: [Synth 8-7071] port 'S04_AXI_rlast' of module 'mr_vla_bd_v4_axi_sc_0_0' is unconnected for instance 'axi_sc_0' [/tools/projects/FPGA-VLA/runs/T0036_v5/mr_vla_ipi_v4/mr_vla_ipi_v4.gen/sources_1/bd/mr_vla_bd_v4/synth/mr_vla_bd_v4.v:3457]
WARNING: [Synth 8-7071] port 'S04_AXI_rvalid' of module 'mr_vla_bd_v4_axi_sc_0_0' is unconnected for instance 'axi_sc_0' [/tools/projects/FPGA-VLA/runs/T0036_v5/mr_vla_ipi_v4/mr_vla_ipi_v4.gen/sources_1/bd/mr_vla_bd_v4/synth/mr_vla_bd_v4.v:3457]
WARNING: [Synth 8-7071] port 'S05_AXI_awready' of module 'mr_vla_bd_v4_axi_sc_0_0' is unconnected for instance 'axi_sc_0' [/tools/projects/FPGA-VLA/runs/T0036_v5/mr_vla_ipi_v4/mr_vla_ipi_v4.gen/sources_1/bd/mr_vla_bd_v4/synth/mr_vla_bd_v4.v:3457]
WARNING: [Synth 8-7071] port 'S05_AXI_wready' of module 'mr_vla_bd_v4_axi_sc_0_0' is unconnected for instance 'axi_sc_0' [/tools/projects/FPGA-VLA/runs/T0036_v5/mr_vla_ipi_v4/mr_vla_ipi_v4.gen/sources_1/bd/mr_vla_bd_v4/synth/mr_vla_bd_v4.v:3457]
WARNING: [Synth 8-7071] port 'S05_AXI_bid' of module 'mr_vla_bd_v4_axi_sc_0_0' is unconnected for instance 'axi_sc_0' [/tools/projects/FPGA-VLA/runs/T0036_v5/mr_vla_ipi_v4/mr_vla_ipi_v4.gen/sources_1/bd/mr_vla_bd_v4/synth/mr_vla_bd_v4.v:3457]
WARNING: [Synth 8-7071] port 'S05_AXI_bresp' of module 'mr_vla_bd_v4_axi_sc_0_0' is unconnected for instance 'axi_sc_0' [/tools/projects/FPGA-VLA/runs/T0036_v5/mr_vla_ipi_v4/mr_vla_ipi_v4.gen/sources_1/bd/mr_vla_bd_v4/synth/mr_vla_bd_v4.v:3457]
WARNING: [Synth 8-7071] port 'S05_AXI_bvalid' of module 'mr_vla_bd_v4_axi_sc_0_0' is unconnected for instance 'axi_sc_0' [/tools/projects/FPGA-VLA/runs/T0036_v5/mr_vla_ipi_v4/mr_vla_ipi_v4.gen/sources_1/bd/mr_vla_bd_v4/synth/mr_vla_bd_v4.v:3457]
WARNING: [Synth 8-7071] port 'S06_AXI_arready' of module 'mr_vla_bd_v4_axi_sc_0_0' is unconnected for instance 'axi_sc_0' [/tools/projects/FPGA-VLA/runs/T0036_v5/mr_vla_ipi_v4/mr_vla_ipi_v4.gen/sources_1/bd/mr_vla_bd_v4/synth/mr_vla_bd_v4.v:3457]
WARNING: [Synth 8-7071] port 'S06_AXI_rid' of module 'mr_vla_bd_v4_axi_sc_0_0' is unconnected for instance 'axi_sc_0' [/tools/projects/FPGA-VLA/runs/T0036_v5/mr_vla_ipi_v4/mr_vla_ipi_v4.gen/sources_1/bd/mr_vla_bd_v4/synth/mr_vla_bd_v4.v:3457]
WARNING: [Synth 8-7071] port 'S06_AXI_rdata' of module 'mr_vla_bd_v4_axi_sc_0_0' is unconnected for instance 'axi_sc_0' [/tools/projects/FPGA-VLA/runs/T0036_v5/mr_vla_ipi_v4/mr_vla_ipi_v4.gen/sources_1/bd/mr_vla_bd_v4/synth/mr_vla_bd_v4.v:3457]
WARNING: [Synth 8-7071] port 'S06_AXI_rresp' of module 'mr_vla_bd_v4_axi_sc_0_0' is unconnected for instance 'axi_sc_0' [/tools/projects/FPGA-VLA/runs/T0036_v5/mr_vla_ipi_v4/mr_vla_ipi_v4.gen/sources_1/bd/mr_vla_bd_v4/synth/mr_vla_bd_v4.v:3457]
WARNING: [Synth 8-7071] port 'S06_AXI_rlast' of module 'mr_vla_bd_v4_axi_sc_0_0' is unconnected for instance 'axi_sc_0' [/tools/projects/FPGA-VLA/runs/T0036_v5/mr_vla_ipi_v4/mr_vla_ipi_v4.gen/sources_1/bd/mr_vla_bd_v4/synth/mr_vla_bd_v4.v:3457]
WARNING: [Synth 8-7071] port 'S06_AXI_rvalid' of module 'mr_vla_bd_v4_axi_sc_0_0' is unconnected for instance 'axi_sc_0' [/tools/projects/FPGA-VLA/runs/T0036_v5/mr_vla_ipi_v4/mr_vla_ipi_v4.gen/sources_1/bd/mr_vla_bd_v4/synth/mr_vla_bd_v4.v:3457]
WARNING: [Synth 8-7071] port 'S07_AXI_arready' of module 'mr_vla_bd_v4_axi_sc_0_0' is unconnected for instance 'axi_sc_0' [/tools/projects/FPGA-VLA/runs/T0036_v5/mr_vla_ipi_v4/mr_vla_ipi_v4.gen/sources_1/bd/mr_vla_bd_v4/synth/mr_vla_bd_v4.v:3457]
WARNING: [Synth 8-7071] port 'S07_AXI_rid' of module 'mr_vla_bd_v4_axi_sc_0_0' is unconnected for instance 'axi_sc_0' [/tools/projects/FPGA-VLA/runs/T0036_v5/mr_vla_ipi_v4/mr_vla_ipi_v4.gen/sources_1/bd/mr_vla_bd_v4/synth/mr_vla_bd_v4.v:3457]
WARNING: [Synth 8-7071] port 'S07_AXI_rdata' of module 'mr_vla_bd_v4_axi_sc_0_0' is unconnected for instance 'axi_sc_0' [/tools/projects/FPGA-VLA/runs/T0036_v5/mr_vla_ipi_v4/mr_vla_ipi_v4.gen/sources_1/bd/mr_vla_bd_v4/synth/mr_vla_bd_v4.v:3457]
WARNING: [Synth 8-7071] port 'S07_AXI_rresp' of module 'mr_vla_bd_v4_axi_sc_0_0' is unconnected for instance 'axi_sc_0' [/tools/projects/FPGA-VLA/runs/T0036_v5/mr_vla_ipi_v4/mr_vla_ipi_v4.gen/sources_1/bd/mr_vla_bd_v4/synth/mr_vla_bd_v4.v:3457]
WARNING: [Synth 8-7071] port 'S07_AXI_rlast' of module 'mr_vla_bd_v4_axi_sc_0_0' is unconnected for instance 'axi_sc_0' [/tools/projects/FPGA-VLA/runs/T0036_v5/mr_vla_ipi_v4/mr_vla_ipi_v4.gen/sources_1/bd/mr_vla_bd_v4/synth/mr_vla_bd_v4.v:3457]
WARNING: [Synth 8-7071] port 'S07_AXI_rvalid' of module 'mr_vla_bd_v4_axi_sc_0_0' is unconnected for instance 'axi_sc_0' [/tools/projects/FPGA-VLA/runs/T0036_v5/mr_vla_ipi_v4/mr_vla_ipi_v4.gen/sources_1/bd/mr_vla_bd_v4/synth/mr_vla_bd_v4.v:3457]
WARNING: [Synth 8-7071] port 'S08_AXI_arready' of module 'mr_vla_bd_v4_axi_sc_0_0' is unconnected for instance 'axi_sc_0' [/tools/projects/FPGA-VLA/runs/T0036_v5/mr_vla_ipi_v4/mr_vla_ipi_v4.gen/sources_1/bd/mr_vla_bd_v4/synth/mr_vla_bd_v4.v:3457]
WARNING: [Synth 8-7071] port 'S08_AXI_rid' of module 'mr_vla_bd_v4_axi_sc_0_0' is unconnected for instance 'axi_sc_0' [/tools/projects/FPGA-VLA/runs/T0036_v5/mr_vla_ipi_v4/mr_vla_ipi_v4.gen/sources_1/bd/mr_vla_bd_v4/synth/mr_vla_bd_v4.v:3457]
WARNING: [Synth 8-7071] port 'S08_AXI_rdata' of module 'mr_vla_bd_v4_axi_sc_0_0' is unconnected for instance 'axi_sc_0' [/tools/projects/FPGA-VLA/runs/T0036_v5/mr_vla_ipi_v4/mr_vla_ipi_v4.gen/sources_1/bd/mr_vla_bd_v4/synth/mr_vla_bd_v4.v:3457]
WARNING: [Synth 8-7071] port 'S08_AXI_rresp' of module 'mr_vla_bd_v4_axi_sc_0_0' is unconnected for instance 'axi_sc_0' [/tools/projects/FPGA-VLA/runs/T0036_v5/mr_vla_ipi_v4/mr_vla_ipi_v4.gen/sources_1/bd/mr_vla_bd_v4/synth/mr_vla_bd_v4.v:3457]
WARNING: [Synth 8-7071] port 'S08_AXI_rlast' of module 'mr_vla_bd_v4_axi_sc_0_0' is unconnected for instance 'axi_sc_0' [/tools/projects/FPGA-VLA/runs/T0036_v5/mr_vla_ipi_v4/mr_vla_ipi_v4.gen/sources_1/bd/mr_vla_bd_v4/synth/mr_vla_bd_v4.v:3457]
WARNING: [Synth 8-7071] port 'S08_AXI_rvalid' of module 'mr_vla_bd_v4_axi_sc_0_0' is unconnected for instance 'axi_sc_0' [/tools/projects/FPGA-VLA/runs/T0036_v5/mr_vla_ipi_v4/mr_vla_ipi_v4.gen/sources_1/bd/mr_vla_bd_v4/synth/mr_vla_bd_v4.v:3457]
WARNING: [Synth 8-7071] port 'S09_AXI_awready' of module 'mr_vla_bd_v4_axi_sc_0_0' is unconnected for instance 'axi_sc_0' [/tools/projects/FPGA-VLA/runs/T0036_v5/mr_vla_ipi_v4/mr_vla_ipi_v4.gen/sources_1/bd/mr_vla_bd_v4/synth/mr_vla_bd_v4.v:3457]
WARNING: [Synth 8-7071] port 'S09_AXI_wready' of module 'mr_vla_bd_v4_axi_sc_0_0' is unconnected for instance 'axi_sc_0' [/tools/projects/FPGA-VLA/runs/T0036_v5/mr_vla_ipi_v4/mr_vla_ipi_v4.gen/sources_1/bd/mr_vla_bd_v4/synth/mr_vla_bd_v4.v:3457]
WARNING: [Synth 8-7071] port 'S09_AXI_bid' of module 'mr_vla_bd_v4_axi_sc_0_0' is unconnected for instance 'axi_sc_0' [/tools/projects/FPGA-VLA/runs/T0036_v5/mr_vla_ipi_v4/mr_vla_ipi_v4.gen/sources_1/bd/mr_vla_bd_v4/synth/mr_vla_bd_v4.v:3457]
WARNING: [Synth 8-7071] port 'S09_AXI_bresp' of module 'mr_vla_bd_v4_axi_sc_0_0' is unconnected for instance 'axi_sc_0' [/tools/projects/FPGA-VLA/runs/T0036_v5/mr_vla_ipi_v4/mr_vla_ipi_v4.gen/sources_1/bd/mr_vla_bd_v4/synth/mr_vla_bd_v4.v:3457]
WARNING: [Synth 8-7071] port 'S09_AXI_bvalid' of module 'mr_vla_bd_v4_axi_sc_0_0' is unconnected for instance 'axi_sc_0' [/tools/projects/FPGA-VLA/runs/T0036_v5/mr_vla_ipi_v4/mr_vla_ipi_v4.gen/sources_1/bd/mr_vla_bd_v4/synth/mr_vla_bd_v4.v:3457]
WARNING: [Synth 8-7071] port 'S10_AXI_arready' of module 'mr_vla_bd_v4_axi_sc_0_0' is unconnected for instance 'axi_sc_0' [/tools/projects/FPGA-VLA/runs/T0036_v5/mr_vla_ipi_v4/mr_vla_ipi_v4.gen/sources_1/bd/mr_vla_bd_v4/synth/mr_vla_bd_v4.v:3457]
WARNING: [Synth 8-7071] port 'S10_AXI_rid' of module 'mr_vla_bd_v4_axi_sc_0_0' is unconnected for instance 'axi_sc_0' [/tools/projects/FPGA-VLA/runs/T0036_v5/mr_vla_ipi_v4/mr_vla_ipi_v4.gen/sources_1/bd/mr_vla_bd_v4/synth/mr_vla_bd_v4.v:3457]
WARNING: [Synth 8-7071] port 'S10_AXI_rdata' of module 'mr_vla_bd_v4_axi_sc_0_0' is unconnected for instance 'axi_sc_0' [/tools/projects/FPGA-VLA/runs/T0036_v5/mr_vla_ipi_v4/mr_vla_ipi_v4.gen/sources_1/bd/mr_vla_bd_v4/synth/mr_vla_bd_v4.v:3457]
WARNING: [Synth 8-7071] port 'S10_AXI_rresp' of module 'mr_vla_bd_v4_axi_sc_0_0' is unconnected for instance 'axi_sc_0' [/tools/projects/FPGA-VLA/runs/T0036_v5/mr_vla_ipi_v4/mr_vla_ipi_v4.gen/sources_1/bd/mr_vla_bd_v4/synth/mr_vla_bd_v4.v:3457]
WARNING: [Synth 8-7071] port 'S10_AXI_rlast' of module 'mr_vla_bd_v4_axi_sc_0_0' is unconnected for instance 'axi_sc_0' [/tools/projects/FPGA-VLA/runs/T0036_v5/mr_vla_ipi_v4/mr_vla_ipi_v4.gen/sources_1/bd/mr_vla_bd_v4/synth/mr_vla_bd_v4.v:3457]
WARNING: [Synth 8-7071] port 'S10_AXI_rvalid' of module 'mr_vla_bd_v4_axi_sc_0_0' is unconnected for instance 'axi_sc_0' [/tools/projects/FPGA-VLA/runs/T0036_v5/mr_vla_ipi_v4/mr_vla_ipi_v4.gen/sources_1/bd/mr_vla_bd_v4/synth/mr_vla_bd_v4.v:3457]
WARNING: [Synth 8-7071] port 'S11_AXI_arready' of module 'mr_vla_bd_v4_axi_sc_0_0' is unconnected for instance 'axi_sc_0' [/tools/projects/FPGA-VLA/runs/T0036_v5/mr_vla_ipi_v4/mr_vla_ipi_v4.gen/sources_1/bd/mr_vla_bd_v4/synth/mr_vla_bd_v4.v:3457]
WARNING: [Synth 8-7071] port 'S11_AXI_rid' of module 'mr_vla_bd_v4_axi_sc_0_0' is unconnected for instance 'axi_sc_0' [/tools/projects/FPGA-VLA/runs/T0036_v5/mr_vla_ipi_v4/mr_vla_ipi_v4.gen/sources_1/bd/mr_vla_bd_v4/synth/mr_vla_bd_v4.v:3457]
WARNING: [Synth 8-7071] port 'S11_AXI_rdata' of module 'mr_vla_bd_v4_axi_sc_0_0' is unconnected for instance 'axi_sc_0' [/tools/projects/FPGA-VLA/runs/T0036_v5/mr_vla_ipi_v4/mr_vla_ipi_v4.gen/sources_1/bd/mr_vla_bd_v4/synth/mr_vla_bd_v4.v:3457]
WARNING: [Synth 8-7071] port 'S11_AXI_rresp' of module 'mr_vla_bd_v4_axi_sc_0_0' is unconnected for instance 'axi_sc_0' [/tools/projects/FPGA-VLA/runs/T0036_v5/mr_vla_ipi_v4/mr_vla_ipi_v4.gen/sources_1/bd/mr_vla_bd_v4/synth/mr_vla_bd_v4.v:3457]
WARNING: [Synth 8-7071] port 'S11_AXI_rlast' of module 'mr_vla_bd_v4_axi_sc_0_0' is unconnected for instance 'axi_sc_0' [/tools/projects/FPGA-VLA/runs/T0036_v5/mr_vla_ipi_v4/mr_vla_ipi_v4.gen/sources_1/bd/mr_vla_bd_v4/synth/mr_vla_bd_v4.v:3457]
WARNING: [Synth 8-7071] port 'S11_AXI_rvalid' of module 'mr_vla_bd_v4_axi_sc_0_0' is unconnected for instance 'axi_sc_0' [/tools/projects/FPGA-VLA/runs/T0036_v5/mr_vla_ipi_v4/mr_vla_ipi_v4.gen/sources_1/bd/mr_vla_bd_v4/synth/mr_vla_bd_v4.v:3457]
WARNING: [Synth 8-7071] port 'S12_AXI_arready' of module 'mr_vla_bd_v4_axi_sc_0_0' is unconnected for instance 'axi_sc_0' [/tools/projects/FPGA-VLA/runs/T0036_v5/mr_vla_ipi_v4/mr_vla_ipi_v4.gen/sources_1/bd/mr_vla_bd_v4/synth/mr_vla_bd_v4.v:3457]
WARNING: [Synth 8-7071] port 'S12_AXI_rid' of module 'mr_vla_bd_v4_axi_sc_0_0' is unconnected for instance 'axi_sc_0' [/tools/projects/FPGA-VLA/runs/T0036_v5/mr_vla_ipi_v4/mr_vla_ipi_v4.gen/sources_1/bd/mr_vla_bd_v4/synth/mr_vla_bd_v4.v:3457]
WARNING: [Synth 8-7071] port 'S12_AXI_rdata' of module 'mr_vla_bd_v4_axi_sc_0_0' is unconnected for instance 'axi_sc_0' [/tools/projects/FPGA-VLA/runs/T0036_v5/mr_vla_ipi_v4/mr_vla_ipi_v4.gen/sources_1/bd/mr_vla_bd_v4/synth/mr_vla_bd_v4.v:3457]
WARNING: [Synth 8-7071] port 'S12_AXI_rresp' of module 'mr_vla_bd_v4_axi_sc_0_0' is unconnected for instance 'axi_sc_0' [/tools/projects/FPGA-VLA/runs/T0036_v5/mr_vla_ipi_v4/mr_vla_ipi_v4.gen/sources_1/bd/mr_vla_bd_v4/synth/mr_vla_bd_v4.v:3457]
WARNING: [Synth 8-7071] port 'S12_AXI_rlast' of module 'mr_vla_bd_v4_axi_sc_0_0' is unconnected for instance 'axi_sc_0' [/tools/projects/FPGA-VLA/runs/T0036_v5/mr_vla_ipi_v4/mr_vla_ipi_v4.gen/sources_1/bd/mr_vla_bd_v4/synth/mr_vla_bd_v4.v:3457]
WARNING: [Synth 8-7071] port 'S12_AXI_rvalid' of module 'mr_vla_bd_v4_axi_sc_0_0' is unconnected for instance 'axi_sc_0' [/tools/projects/FPGA-VLA/runs/T0036_v5/mr_vla_ipi_v4/mr_vla_ipi_v4.gen/sources_1/bd/mr_vla_bd_v4/synth/mr_vla_bd_v4.v:3457]
WARNING: [Synth 8-7071] port 'S13_AXI_awready' of module 'mr_vla_bd_v4_axi_sc_0_0' is unconnected for instance 'axi_sc_0' [/tools/projects/FPGA-VLA/runs/T0036_v5/mr_vla_ipi_v4/mr_vla_ipi_v4.gen/sources_1/bd/mr_vla_bd_v4/synth/mr_vla_bd_v4.v:3457]
WARNING: [Synth 8-7071] port 'S13_AXI_wready' of module 'mr_vla_bd_v4_axi_sc_0_0' is unconnected for instance 'axi_sc_0' [/tools/projects/FPGA-VLA/runs/T0036_v5/mr_vla_ipi_v4/mr_vla_ipi_v4.gen/sources_1/bd/mr_vla_bd_v4/synth/mr_vla_bd_v4.v:3457]
WARNING: [Synth 8-7071] port 'S13_AXI_bid' of module 'mr_vla_bd_v4_axi_sc_0_0' is unconnected for instance 'axi_sc_0' [/tools/projects/FPGA-VLA/runs/T0036_v5/mr_vla_ipi_v4/mr_vla_ipi_v4.gen/sources_1/bd/mr_vla_bd_v4/synth/mr_vla_bd_v4.v:3457]
WARNING: [Synth 8-7071] port 'S13_AXI_bresp' of module 'mr_vla_bd_v4_axi_sc_0_0' is unconnected for instance 'axi_sc_0' [/tools/projects/FPGA-VLA/runs/T0036_v5/mr_vla_ipi_v4/mr_vla_ipi_v4.gen/sources_1/bd/mr_vla_bd_v4/synth/mr_vla_bd_v4.v:3457]
WARNING: [Synth 8-7071] port 'S13_AXI_bvalid' of module 'mr_vla_bd_v4_axi_sc_0_0' is unconnected for instance 'axi_sc_0' [/tools/projects/FPGA-VLA/runs/T0036_v5/mr_vla_ipi_v4/mr_vla_ipi_v4.gen/sources_1/bd/mr_vla_bd_v4/synth/mr_vla_bd_v4.v:3457]
WARNING: [Synth 8-7071] port 'S14_AXI_arready' of module 'mr_vla_bd_v4_axi_sc_0_0' is unconnected for instance 'axi_sc_0' [/tools/projects/FPGA-VLA/runs/T0036_v5/mr_vla_ipi_v4/mr_vla_ipi_v4.gen/sources_1/bd/mr_vla_bd_v4/synth/mr_vla_bd_v4.v:3457]
WARNING: [Synth 8-7071] port 'S14_AXI_rid' of module 'mr_vla_bd_v4_axi_sc_0_0' is unconnected for instance 'axi_sc_0' [/tools/projects/FPGA-VLA/runs/T0036_v5/mr_vla_ipi_v4/mr_vla_ipi_v4.gen/sources_1/bd/mr_vla_bd_v4/synth/mr_vla_bd_v4.v:3457]
WARNING: [Synth 8-7071] port 'S14_AXI_rdata' of module 'mr_vla_bd_v4_axi_sc_0_0' is unconnected for instance 'axi_sc_0' [/tools/projects/FPGA-VLA/runs/T0036_v5/mr_vla_ipi_v4/mr_vla_ipi_v4.gen/sources_1/bd/mr_vla_bd_v4/synth/mr_vla_bd_v4.v:3457]
WARNING: [Synth 8-7071] port 'S14_AXI_rresp' of module 'mr_vla_bd_v4_axi_sc_0_0' is unconnected for instance 'axi_sc_0' [/tools/projects/FPGA-VLA/runs/T0036_v5/mr_vla_ipi_v4/mr_vla_ipi_v4.gen/sources_1/bd/mr_vla_bd_v4/synth/mr_vla_bd_v4.v:3457]
WARNING: [Synth 8-7071] port 'S14_AXI_rlast' of module 'mr_vla_bd_v4_axi_sc_0_0' is unconnected for instance 'axi_sc_0' [/tools/projects/FPGA-VLA/runs/T0036_v5/mr_vla_ipi_v4/mr_vla_ipi_v4.gen/sources_1/bd/mr_vla_bd_v4/synth/mr_vla_bd_v4.v:3457]
WARNING: [Synth 8-7071] port 'S14_AXI_rvalid' of module 'mr_vla_bd_v4_axi_sc_0_0' is unconnected for instance 'axi_sc_0' [/tools/projects/FPGA-VLA/runs/T0036_v5/mr_vla_ipi_v4/mr_vla_ipi_v4.gen/sources_1/bd/mr_vla_bd_v4/synth/mr_vla_bd_v4.v:3457]
WARNING: [Synth 8-7071] port 'S15_AXI_arready' of module 'mr_vla_bd_v4_axi_sc_0_0' is unconnected for instance 'axi_sc_0' [/tools/projects/FPGA-VLA/runs/T0036_v5/mr_vla_ipi_v4/mr_vla_ipi_v4.gen/sources_1/bd/mr_vla_bd_v4/synth/mr_vla_bd_v4.v:3457]
WARNING: [Synth 8-7071] port 'S15_AXI_rid' of module 'mr_vla_bd_v4_axi_sc_0_0' is unconnected for instance 'axi_sc_0' [/tools/projects/FPGA-VLA/runs/T0036_v5/mr_vla_ipi_v4/mr_vla_ipi_v4.gen/sources_1/bd/mr_vla_bd_v4/synth/mr_vla_bd_v4.v:3457]
WARNING: [Synth 8-7071] port 'S15_AXI_rdata' of module 'mr_vla_bd_v4_axi_sc_0_0' is unconnected for instance 'axi_sc_0' [/tools/projects/FPGA-VLA/runs/T0036_v5/mr_vla_ipi_v4/mr_vla_ipi_v4.gen/sources_1/bd/mr_vla_bd_v4/synth/mr_vla_bd_v4.v:3457]
WARNING: [Synth 8-7071] port 'S15_AXI_rresp' of module 'mr_vla_bd_v4_axi_sc_0_0' is unconnected for instance 'axi_sc_0' [/tools/projects/FPGA-VLA/runs/T0036_v5/mr_vla_ipi_v4/mr_vla_ipi_v4.gen/sources_1/bd/mr_vla_bd_v4/synth/mr_vla_bd_v4.v:3457]
WARNING: [Synth 8-7071] port 'S15_AXI_rlast' of module 'mr_vla_bd_v4_axi_sc_0_0' is unconnected for instance 'axi_sc_0' [/tools/projects/FPGA-VLA/runs/T0036_v5/mr_vla_ipi_v4/mr_vla_ipi_v4.gen/sources_1/bd/mr_vla_bd_v4/synth/mr_vla_bd_v4.v:3457]
WARNING: [Synth 8-7071] port 'S15_AXI_rvalid' of module 'mr_vla_bd_v4_axi_sc_0_0' is unconnected for instance 'axi_sc_0' [/tools/projects/FPGA-VLA/runs/T0036_v5/mr_vla_ipi_v4/mr_vla_ipi_v4.gen/sources_1/bd/mr_vla_bd_v4/synth/mr_vla_bd_v4.v:3457]
WARNING: [Synth 8-7023] instance 'axi_sc_0' of module 'mr_vla_bd_v4_axi_sc_0_0' has 418 connections declared, but only 326 given [/tools/projects/FPGA-VLA/runs/T0036_v5/mr_vla_ipi_v4/mr_vla_ipi_v4.gen/sources_1/bd/mr_vla_bd_v4/synth/mr_vla_bd_v4.v:3457]
INFO: [Synth 8-6157] synthesizing module 'mr_vla_bd_v4_u_adh_0' [/tools/projects/FPGA-VLA/runs/T0036_v5/.Xil/Vivado-10977-iZuf63nslpsmuz7caylpqsZ/realtime/mr_vla_bd_v4_u_adh_0_stub.v:6]
INFO: [Synth 8-6155] done synthesizing module 'mr_vla_bd_v4_u_adh_0' (0#1) [/tools/projects/FPGA-VLA/runs/T0036_v5/.Xil/Vivado-10977-iZuf63nslpsmuz7caylpqsZ/realtime/mr_vla_bd_v4_u_adh_0_stub.v:6]
INFO: [Synth 8-6157] synthesizing module 'mr_vla_bd_v4_u_gvsa_0' [/tools/projects/FPGA-VLA/runs/T0036_v5/.Xil/Vivado-10977-iZuf63nslpsmuz7caylpqsZ/realtime/mr_vla_bd_v4_u_gvsa_0_stub.v:6]
INFO: [Synth 8-6155] done synthesizing module 'mr_vla_bd_v4_u_gvsa_0' (0#1) [/tools/projects/FPGA-VLA/runs/T0036_v5/.Xil/Vivado-10977-iZuf63nslpsmuz7caylpqsZ/realtime/mr_vla_bd_v4_u_gvsa_0_stub.v:6]
INFO: [Synth 8-6157] synthesizing module 'mr_vla_bd_v4_u_sched_0' [/tools/projects/FPGA-VLA/runs/T0036_v5/.Xil/Vivado-10977-iZuf63nslpsmuz7caylpqsZ/realtime/mr_vla_bd_v4_u_sched_0_stub.v:6]
INFO: [Synth 8-6155] done synthesizing module 'mr_vla_bd_v4_u_sched_0' (0#1) [/tools/projects/FPGA-VLA/runs/T0036_v5/.Xil/Vivado-10977-iZuf63nslpsmuz7caylpqsZ/realtime/mr_vla_bd_v4_u_sched_0_stub.v:6]
INFO: [Synth 8-6157] synthesizing module 'mr_vla_bd_v4_u_vit_0' [/tools/projects/FPGA-VLA/runs/T0036_v5/.Xil/Vivado-10977-iZuf63nslpsmuz7caylpqsZ/realtime/mr_vla_bd_v4_u_vit_0_stub.v:6]
INFO: [Synth 8-6155] done synthesizing module 'mr_vla_bd_v4_u_vit_0' (0#1) [/tools/projects/FPGA-VLA/runs/T0036_v5/.Xil/Vivado-10977-iZuf63nslpsmuz7caylpqsZ/realtime/mr_vla_bd_v4_u_vit_0_stub.v:6]
INFO: [Synth 8-6157] synthesizing module 'mr_vla_bd_v4_u_xmod_0' [/tools/projects/FPGA-VLA/runs/T0036_v5/.Xil/Vivado-10977-iZuf63nslpsmuz7caylpqsZ/realtime/mr_vla_bd_v4_u_xmod_0_stub.v:6]
INFO: [Synth 8-6155] done synthesizing module 'mr_vla_bd_v4_u_xmod_0' (0#1) [/tools/projects/FPGA-VLA/runs/T0036_v5/.Xil/Vivado-10977-iZuf63nslpsmuz7caylpqsZ/realtime/mr_vla_bd_v4_u_xmod_0_stub.v:6]
INFO: [Synth 8-6155] done synthesizing module 'mr_vla_bd_v4' (0#1) [/tools/projects/FPGA-VLA/runs/T0036_v5/mr_vla_ipi_v4/mr_vla_ipi_v4.gen/sources_1/bd/mr_vla_bd_v4/synth/mr_vla_bd_v4.v:13]
INFO: [Synth 8-6155] done synthesizing module 'mr_vla_bd_v4_wrapper' (0#1) [/tools/projects/FPGA-VLA/runs/T0036_v5/mr_vla_ipi_v4/mr_vla_ipi_v4.gen/sources_1/bd/mr_vla_bd_v4/hdl/mr_vla_bd_v4_wrapper.v:13]
---------------------------------------------------------------------------------
Finished RTL Elaboration : Time (s): cpu = 00:00:04 ; elapsed = 00:00:04 . Memory (MB): peak = 2938.766 ; gain = 489.742 ; free physical = 54497 ; free virtual = 59377
---------------------------------------------------------------------------------
---------------------------------------------------------------------------------
Start Handling Custom Attributes
---------------------------------------------------------------------------------
---------------------------------------------------------------------------------
Finished Handling Custom Attributes : Time (s): cpu = 00:00:04 ; elapsed = 00:00:04 . Memory (MB): peak = 2944.703 ; gain = 495.680 ; free physical = 54520 ; free virtual = 59401
---------------------------------------------------------------------------------
---------------------------------------------------------------------------------
Finished RTL Optimization Phase 1 : Time (s): cpu = 00:00:04 ; elapsed = 00:00:04 . Memory (MB): peak = 2944.703 ; gain = 495.680 ; free physical = 54520 ; free virtual = 59401
---------------------------------------------------------------------------------
Netlist sorting complete. Time (s): cpu = 00:00:00.02 ; elapsed = 00:00:00.02 . Memory (MB): peak = 2944.703 ; gain = 0.000 ; free physical = 54462 ; free virtual = 59343
INFO: [Constraints 18-6358] GCLK_DESKEW_DEFAULT not specified in Clock Expansion Window constraints config file for device xcvc1902.  GCLK Deskew mode will be Off and cannot be enabled via GCLK_DESKEW override.
INFO: [Constraints 18-5720] The default GCLK Deskew mode is Off.
INFO: [Project 1-570] Preparing netlist for logic optimization

Processing XDC Constraints
Initializing timing engine
Parsing XDC File [/tools/projects/FPGA-VLA/runs/T0036_v5/mr_vla_ipi_v4/mr_vla_ipi_v4.gen/sources_1/bd/mr_vla_bd_v4/ip/mr_vla_bd_v4_u_xmod_0/mr_vla_bd_v4_u_xmod_0/mr_vla_bd_v4_u_xmod_0_in_context.xdc] for cell 'mr_vla_bd_v4_i/u_xmod'
Finished Parsing XDC File [/tools/projects/FPGA-VLA/runs/T0036_v5/mr_vla_ipi_v4/mr_vla_ipi_v4.gen/sources_1/bd/mr_vla_bd_v4/ip/mr_vla_bd_v4_u_xmod_0/mr_vla_bd_v4_u_xmod_0/mr_vla_bd_v4_u_xmod_0_in_context.xdc] for cell 'mr_vla_bd_v4_i/u_xmod'
Parsing XDC File [/tools/projects/FPGA-VLA/runs/T0036_v5/mr_vla_ipi_v4/mr_vla_ipi_v4.gen/sources_1/bd/mr_vla_bd_v4/ip/mr_vla_bd_v4_u_gvsa_0/mr_vla_bd_v4_u_gvsa_0/mr_vla_bd_v4_u_gvsa_0_in_context.xdc] for cell 'mr_vla_bd_v4_i/u_gvsa'
Finished Parsing XDC File [/tools/projects/FPGA-VLA/runs/T0036_v5/mr_vla_ipi_v4/mr_vla_ipi_v4.gen/sources_1/bd/mr_vla_bd_v4/ip/mr_vla_bd_v4_u_gvsa_0/mr_vla_bd_v4_u_gvsa_0/mr_vla_bd_v4_u_gvsa_0_in_context.xdc] for cell 'mr_vla_bd_v4_i/u_gvsa'
Parsing XDC File [/tools/projects/FPGA-VLA/runs/T0036_v5/mr_vla_ipi_v4/mr_vla_ipi_v4.gen/sources_1/bd/mr_vla_bd_v4/ip/mr_vla_bd_v4_u_adh_0/mr_vla_bd_v4_u_adh_0/mr_vla_bd_v4_u_adh_0_in_context.xdc] for cell 'mr_vla_bd_v4_i/u_adh'
Finished Parsing XDC File [/tools/projects/FPGA-VLA/runs/T0036_v5/mr_vla_ipi_v4/mr_vla_ipi_v4.gen/sources_1/bd/mr_vla_bd_v4/ip/mr_vla_bd_v4_u_adh_0/mr_vla_bd_v4_u_adh_0/mr_vla_bd_v4_u_adh_0_in_context.xdc] for cell 'mr_vla_bd_v4_i/u_adh'
Parsing XDC File [/tools/projects/FPGA-VLA/runs/T0036_v5/mr_vla_ipi_v4/mr_vla_ipi_v4.gen/sources_1/bd/mr_vla_bd_v4/ip/mr_vla_bd_v4_u_vit_0/mr_vla_bd_v4_u_vit_0/mr_vla_bd_v4_u_vit_0_in_context.xdc] for cell 'mr_vla_bd_v4_i/u_vit'
Finished Parsing XDC File [/tools/projects/FPGA-VLA/runs/T0036_v5/mr_vla_ipi_v4/mr_vla_ipi_v4.gen/sources_1/bd/mr_vla_bd_v4/ip/mr_vla_bd_v4_u_vit_0/mr_vla_bd_v4_u_vit_0/mr_vla_bd_v4_u_vit_0_in_context.xdc] for cell 'mr_vla_bd_v4_i/u_vit'
Parsing XDC File [/tools/projects/FPGA-VLA/runs/T0036_v5/mr_vla_ipi_v4/mr_vla_ipi_v4.gen/sources_1/bd/mr_vla_bd_v4/ip/mr_vla_bd_v4_u_sched_0/mr_vla_bd_v4_u_sched_0/mr_vla_bd_v4_u_sched_0_in_context.xdc] for cell 'mr_vla_bd_v4_i/u_sched'
Finished Parsing XDC File [/tools/projects/FPGA-VLA/runs/T0036_v5/mr_vla_ipi_v4/mr_vla_ipi_v4.gen/sources_1/bd/mr_vla_bd_v4/ip/mr_vla_bd_v4_u_sched_0/mr_vla_bd_v4_u_sched_0/mr_vla_bd_v4_u_sched_0_in_context.xdc] for cell 'mr_vla_bd_v4_i/u_sched'
Parsing XDC File [/tools/projects/FPGA-VLA/runs/T0036_v5/mr_vla_ipi_v4/mr_vla_ipi_v4.gen/sources_1/bd/mr_vla_bd_v4/ip/mr_vla_bd_v4_axi_sc_0_0/mr_vla_bd_v4_axi_sc_0_0/mr_vla_bd_v4_axi_sc_0_0_in_context.xdc] for cell 'mr_vla_bd_v4_i/axi_sc_0'
Finished Parsing XDC File [/tools/projects/FPGA-VLA/runs/T0036_v5/mr_vla_ipi_v4/mr_vla_ipi_v4.gen/sources_1/bd/mr_vla_bd_v4/ip/mr_vla_bd_v4_axi_sc_0_0/mr_vla_bd_v4_axi_sc_0_0/mr_vla_bd_v4_axi_sc_0_0_in_context.xdc] for cell 'mr_vla_bd_v4_i/axi_sc_0'
Parsing XDC File [/tools/projects/FPGA-VLA/runs/T0036_v5/mr_vla_bd_v5_ooc.xdc]
create_clock: Time (s): cpu = 00:00:05 ; elapsed = 00:00:05 . Memory (MB): peak = 3269.484 ; gain = 0.000 ; free physical = 54156 ; free virtual = 59048
WARNING: [Constraints 18-6211] Setting input delay on a clock pin 'clk' relative to clock 'clk' defined on the same pin is not supported, ignoring it [/tools/projects/FPGA-VLA/runs/T0036_v5/mr_vla_bd_v5_ooc.xdc:9]
WARNING: [Constraints 18-6211] Setting input delay on a clock pin 'clk' relative to clock 'clk' defined on the same pin is not supported, ignoring it [/tools/projects/FPGA-VLA/runs/T0036_v5/mr_vla_bd_v5_ooc.xdc:10]
Finished Parsing XDC File [/tools/projects/FPGA-VLA/runs/T0036_v5/mr_vla_bd_v5_ooc.xdc]
Completed Processing XDC Constraints

Netlist sorting complete. Time (s): cpu = 00:00:00 ; elapsed = 00:00:00 . Memory (MB): peak = 3269.484 ; gain = 0.000 ; free physical = 54156 ; free virtual = 59048
INFO: [Project 1-111] Unisim Transformation Summary:
No Unisim elements were transformed.

Constraint Validation Runtime : Time (s): cpu = 00:00:00.01 ; elapsed = 00:00:00 . Memory (MB): peak = 3269.484 ; gain = 0.000 ; free physical = 54156 ; free virtual = 59048
---------------------------------------------------------------------------------
Finished Constraint Validation : Time (s): cpu = 00:00:14 ; elapsed = 00:00:14 . Memory (MB): peak = 3269.484 ; gain = 820.461 ; free physical = 54601 ; free virtual = 59494
---------------------------------------------------------------------------------
---------------------------------------------------------------------------------
Start Loading Part and Timing Information
---------------------------------------------------------------------------------
Loading part: xcvc1902-vsva2197-2MP-e-S
INFO: [Synth 8-6742] Reading net delay rules and data
---------------------------------------------------------------------------------
Finished Loading Part and Timing Information : Time (s): cpu = 00:00:14 ; elapsed = 00:00:14 . Memory (MB): peak = 3269.484 ; gain = 820.461 ; free physical = 54601 ; free virtual = 59494
---------------------------------------------------------------------------------
---------------------------------------------------------------------------------
Start Applying 'set_property' XDC Constraints
---------------------------------------------------------------------------------
Applied set_property KEEP_HIERARCHY = SOFT for mr_vla_bd_v4_i. (constraint file  auto generated constraint).
Applied set_property KEEP_HIERARCHY = SOFT for mr_vla_bd_v4_i/u_xmod. (constraint file  auto generated constraint).
Applied set_property KEEP_HIERARCHY = SOFT for mr_vla_bd_v4_i/u_gvsa. (constraint file  auto generated constraint).
Applied set_property KEEP_HIERARCHY = SOFT for mr_vla_bd_v4_i/u_adh. (constraint file  auto generated constraint).
Applied set_property KEEP_HIERARCHY = SOFT for mr_vla_bd_v4_i/u_vit. (constraint file  auto generated constraint).
Applied set_property KEEP_HIERARCHY = SOFT for mr_vla_bd_v4_i/u_sched. (constraint file  auto generated constraint).
Applied set_property KEEP_HIERARCHY = SOFT for mr_vla_bd_v4_i/axi_sc_0. (constraint file  auto generated constraint).
---------------------------------------------------------------------------------
Finished applying 'set_property' XDC Constraints : Time (s): cpu = 00:00:14 ; elapsed = 00:00:14 . Memory (MB): peak = 3269.484 ; gain = 820.461 ; free physical = 54605 ; free virtual = 59499
---------------------------------------------------------------------------------
---------------------------------------------------------------------------------
Finished RTL Optimization Phase 2 : Time (s): cpu = 00:00:14 ; elapsed = 00:00:14 . Memory (MB): peak = 3269.484 ; gain = 820.461 ; free physical = 54606 ; free virtual = 59500
---------------------------------------------------------------------------------
---------------------------------------------------------------------------------
Start RTL Component Statistics 
---------------------------------------------------------------------------------
Detailed RTL Component Info : 
---------------------------------------------------------------------------------
Finished RTL Component Statistics 
---------------------------------------------------------------------------------
---------------------------------------------------------------------------------
Start Part Resource Summary
---------------------------------------------------------------------------------
Part Resources:
DSPs: 1968 (col length:164)
BRAMs: 1934 (col length: RAMB18 168 RAMB36 84)
---------------------------------------------------------------------------------
Finished Part Resource Summary
---------------------------------------------------------------------------------
---------------------------------------------------------------------------------
Start Cross Boundary and Area Optimization
---------------------------------------------------------------------------------
WARNING: [Synth 8-7080] Parallel synthesis criteria is not met
---------------------------------------------------------------------------------
Finished Cross Boundary and Area Optimization : Time (s): cpu = 00:00:15 ; elapsed = 00:00:15 . Memory (MB): peak = 3269.484 ; gain = 820.461 ; free physical = 54626 ; free virtual = 59520
---------------------------------------------------------------------------------
---------------------------------------------------------------------------------
Start Applying XDC Timing Constraints
---------------------------------------------------------------------------------
---------------------------------------------------------------------------------
Finished Applying XDC Timing Constraints : Time (s): cpu = 00:00:26 ; elapsed = 00:00:26 . Memory (MB): peak = 3883.762 ; gain = 1434.738 ; free physical = 53984 ; free virtual = 58878
---------------------------------------------------------------------------------
---------------------------------------------------------------------------------
Start Timing Optimization
---------------------------------------------------------------------------------
---------------------------------------------------------------------------------
Finished Timing Optimization : Time (s): cpu = 00:00:26 ; elapsed = 00:00:26 . Memory (MB): peak = 3888.762 ; gain = 1439.738 ; free physical = 53978 ; free virtual = 58873
---------------------------------------------------------------------------------
---------------------------------------------------------------------------------
Start Technology Mapping
---------------------------------------------------------------------------------
INFO: [Synth 8-11328] No retiming is needed, due to no register satisfying retiming conditions
INFO: [Synth 8-5816] Retiming module `mr_vla_bd_v4`
   Worst Slack before retiming is invalid and worst slack after retiming is invalid
   Numbers of local forward move = 0, and local backward move = 0


INFO: [Synth 8-5816] Retiming module `mr_vla_bd_v4' done


INFO: [Synth 8-11328] No retiming is needed, due to no register satisfying retiming conditions
INFO: [Synth 8-5816] Retiming module `mr_vla_bd_v4_wrapper`
   Worst Slack before retiming is invalid and worst slack after retiming is invalid
   Numbers of local forward move = 0, and local backward move = 0


INFO: [Synth 8-5816] Retiming module `mr_vla_bd_v4_wrapper' done


---------------------------------------------------------------------------------
Finished Technology Mapping : Time (s): cpu = 00:00:26 ; elapsed = 00:00:27 . Memory (MB): peak = 3902.066 ; gain = 1453.043 ; free physical = 53968 ; free virtual = 58863
---------------------------------------------------------------------------------
---------------------------------------------------------------------------------
Start IO Insertion
---------------------------------------------------------------------------------
---------------------------------------------------------------------------------
Start Flattening Before IO Insertion
---------------------------------------------------------------------------------
---------------------------------------------------------------------------------
Finished Flattening Before IO Insertion
---------------------------------------------------------------------------------
---------------------------------------------------------------------------------
Start Final Netlist Cleanup
---------------------------------------------------------------------------------
---------------------------------------------------------------------------------
Finished Final Netlist Cleanup
---------------------------------------------------------------------------------
---------------------------------------------------------------------------------
Finished IO Insertion : Time (s): cpu = 00:00:29 ; elapsed = 00:00:29 . Memory (MB): peak = 3914.941 ; gain = 1465.918 ; free physical = 53972 ; free virtual = 58866
---------------------------------------------------------------------------------
---------------------------------------------------------------------------------
Start Renaming Generated Instances
---------------------------------------------------------------------------------
---------------------------------------------------------------------------------
Finished Renaming Generated Instances : Time (s): cpu = 00:00:29 ; elapsed = 00:00:29 . Memory (MB): peak = 3914.941 ; gain = 1465.918 ; free physical = 53972 ; free virtual = 58866
---------------------------------------------------------------------------------
---------------------------------------------------------------------------------
Start Rebuilding User Hierarchy
---------------------------------------------------------------------------------
---------------------------------------------------------------------------------
Finished Rebuilding User Hierarchy : Time (s): cpu = 00:00:29 ; elapsed = 00:00:29 . Memory (MB): peak = 3914.941 ; gain = 1465.918 ; free physical = 53972 ; free virtual = 58866
---------------------------------------------------------------------------------
---------------------------------------------------------------------------------
Start Renaming Generated Ports
---------------------------------------------------------------------------------
---------------------------------------------------------------------------------
Finished Renaming Generated Ports : Time (s): cpu = 00:00:29 ; elapsed = 00:00:29 . Memory (MB): peak = 3914.941 ; gain = 1465.918 ; free physical = 53972 ; free virtual = 58866
---------------------------------------------------------------------------------
---------------------------------------------------------------------------------
Start Handling Custom Attributes
---------------------------------------------------------------------------------
---------------------------------------------------------------------------------
Finished Handling Custom Attributes : Time (s): cpu = 00:00:29 ; elapsed = 00:00:29 . Memory (MB): peak = 3914.941 ; gain = 1465.918 ; free physical = 53972 ; free virtual = 58866
---------------------------------------------------------------------------------
---------------------------------------------------------------------------------
Start Renaming Generated Nets
---------------------------------------------------------------------------------
---------------------------------------------------------------------------------
Finished Renaming Generated Nets : Time (s): cpu = 00:00:29 ; elapsed = 00:00:29 . Memory (MB): peak = 3914.941 ; gain = 1465.918 ; free physical = 53972 ; free virtual = 58866
---------------------------------------------------------------------------------
---------------------------------------------------------------------------------
Start ROM, RAM, DSP, Shift Register and Retiming Reporting
---------------------------------------------------------------------------------
---------------------------------------------------------------------------------
Finished ROM, RAM, DSP, Shift Register and Retiming Reporting
---------------------------------------------------------------------------------
---------------------------------------------------------------------------------
Start Writing Synthesis Report
---------------------------------------------------------------------------------

Report BlackBoxes: 
+------+------------------------+----------+
|      |BlackBox name           |Instances |
+------+------------------------+----------+
|1     |mr_vla_bd_v4_axi_sc_0_0 |         1|
|2     |mr_vla_bd_v4_u_adh_0    |         1|
|3     |mr_vla_bd_v4_u_gvsa_0   |         1|
|4     |mr_vla_bd_v4_u_sched_0  |         1|
|5     |mr_vla_bd_v4_u_vit_0    |         1|
|6     |mr_vla_bd_v4_u_xmod_0   |         1|
+------+------------------------+----------+

Report Cell Usage: 
+------+----------------------+------+
|      |Cell                  |Count |
+------+----------------------+------+
|1     |mr_vla_bd_v4_axi_sc_0 |     1|
|2     |mr_vla_bd_v4_u_adh    |     1|
|3     |mr_vla_bd_v4_u_gvsa   |     1|
|4     |mr_vla_bd_v4_u_sched  |     1|
|5     |mr_vla_bd_v4_u_vit    |     1|
|6     |mr_vla_bd_v4_u_xmod   |     1|
+------+----------------------+------+
---------------------------------------------------------------------------------
Finished Writing Synthesis Report : Time (s): cpu = 00:00:29 ; elapsed = 00:00:29 . Memory (MB): peak = 3914.941 ; gain = 1465.918 ; free physical = 53972 ; free virtual = 58866
---------------------------------------------------------------------------------
Synthesis finished with 0 errors, 0 critical warnings and 1 warnings.
Synthesis Optimization Runtime : Time (s): cpu = 00:00:22 ; elapsed = 00:00:22 . Memory (MB): peak = 3914.941 ; gain = 1141.137 ; free physical = 53972 ; free virtual = 58866
Synthesis Optimization Complete : Time (s): cpu = 00:00:29 ; elapsed = 00:00:29 . Memory (MB): peak = 3914.941 ; gain = 1465.918 ; free physical = 53972 ; free virtual = 58866
INFO: [Project 1-571] Translating synthesized netlist
INFO: [Project 1-454] Reading design checkpoint '/tools/projects/FPGA-VLA/runs/T0036_v5/mr_vla_ipi_v4/mr_vla_ipi_v4.gen/sources_1/bd/mr_vla_bd_v4/ip/mr_vla_bd_v4_axi_sc_0_0/mr_vla_bd_v4_axi_sc_0_0.dcp' for cell 'mr_vla_bd_v4_i/axi_sc_0'
INFO: [Project 1-454] Reading design checkpoint '/tools/projects/FPGA-VLA/runs/T0036_v5/mr_vla_ipi_v4/mr_vla_ipi_v4.gen/sources_1/bd/mr_vla_bd_v4/ip/mr_vla_bd_v4_u_adh_0/mr_vla_bd_v4_u_adh_0.dcp' for cell 'mr_vla_bd_v4_i/u_adh'
INFO: [Project 1-454] Reading design checkpoint '/tools/projects/FPGA-VLA/runs/T0036_v5/mr_vla_ipi_v4/mr_vla_ipi_v4.gen/sources_1/bd/mr_vla_bd_v4/ip/mr_vla_bd_v4_u_gvsa_0/mr_vla_bd_v4_u_gvsa_0.dcp' for cell 'mr_vla_bd_v4_i/u_gvsa'
INFO: [Project 1-454] Reading design checkpoint '/tools/projects/FPGA-VLA/runs/T0036_v5/mr_vla_ipi_v4/mr_vla_ipi_v4.gen/sources_1/bd/mr_vla_bd_v4/ip/mr_vla_bd_v4_u_sched_0/mr_vla_bd_v4_u_sched_0.dcp' for cell 'mr_vla_bd_v4_i/u_sched'
INFO: [Project 1-454] Reading design checkpoint '/tools/projects/FPGA-VLA/runs/T0036_v5/mr_vla_ipi_v4/mr_vla_ipi_v4.gen/sources_1/bd/mr_vla_bd_v4/ip/mr_vla_bd_v4_u_vit_0/mr_vla_bd_v4_u_vit_0.dcp' for cell 'mr_vla_bd_v4_i/u_vit'
INFO: [Project 1-454] Reading design checkpoint '/tools/projects/FPGA-VLA/runs/T0036_v5/mr_vla_ipi_v4/mr_vla_ipi_v4.gen/sources_1/bd/mr_vla_bd_v4/ip/mr_vla_bd_v4_u_xmod_0/mr_vla_bd_v4_u_xmod_0.dcp' for cell 'mr_vla_bd_v4_i/u_xmod'
Netlist sorting complete. Time (s): cpu = 00:00:01 ; elapsed = 00:00:01 . Memory (MB): peak = 3914.941 ; gain = 0.000 ; free physical = 54260 ; free virtual = 59155
INFO: [Netlist 29-17] Analyzing 28984 Unisim elements for replacement
INFO: [Netlist 29-28] Unisim Transformation completed in 7 CPU seconds
INFO: [Project 1-479] Netlist was created with Vivado 2024.1
INFO: [Constraints 18-6358] GCLK_DESKEW_DEFAULT not specified in Clock Expansion Window constraints config file for device xcvc1902.  GCLK Deskew mode will be Off and cannot be enabled via GCLK_DESKEW override.
INFO: [Constraints 18-5720] The default GCLK Deskew mode is Off.
INFO: [Project 1-570] Preparing netlist for logic optimization
Parsing XDC File [/tools/projects/FPGA-VLA/runs/T0036_v5/mr_vla_ipi_v4/mr_vla_ipi_v4.gen/sources_1/bd/mr_vla_bd_v4/ip/mr_vla_bd_v4_axi_sc_0_0/bd_0/ip/ip_122/bd_2c30_m02arn_0_clocks.xdc] for cell 'mr_vla_bd_v4_i/axi_sc_0/inst/m02_nodes/m02_ar_node/inst'
Finished Parsing XDC File [/tools/projects/FPGA-VLA/runs/T0036_v5/mr_vla_ipi_v4/mr_vla_ipi_v4.gen/sources_1/bd/mr_vla_bd_v4/ip/mr_vla_bd_v4_axi_sc_0_0/bd_0/ip/ip_122/bd_2c30_m02arn_0_clocks.xdc] for cell 'mr_vla_bd_v4_i/axi_sc_0/inst/m02_nodes/m02_ar_node/inst'
Parsing XDC File [/tools/projects/FPGA-VLA/runs/T0036_v5/mr_vla_ipi_v4/mr_vla_ipi_v4.gen/sources_1/bd/mr_vla_bd_v4/ip/mr_vla_bd_v4_axi_sc_0_0/bd_0/ip/ip_94/bd_2c30_sbn_3_clocks.xdc] for cell 'mr_vla_bd_v4_i/axi_sc_0/inst/s13_nodes/s13_b_node/inst'
WARNING: [Vivado_Tcl 4-921] Waiver ID 'CDC-1' -to list should not be empty. [/tools/projects/FPGA-VLA/runs/T0036_v5/mr_vla_ipi_v4/mr_vla_ipi_v4.gen/sources_1/bd/mr_vla_bd_v4/ip/mr_vla_bd_v4_axi_sc_0_0/bd_0/ip/ip_94/bd_2c30_sbn_3_clocks.xdc:49]
WARNING: [Vivado_Tcl 4-921] Waiver ID 'CDC-1' -to list should not be empty. [/tools/projects/FPGA-VLA/runs/T0036_v5/mr_vla_ipi_v4/mr_vla_ipi_v4.gen/sources_1/bd/mr_vla_bd_v4/ip/mr_vla_bd_v4_axi_sc_0_0/bd_0/ip/ip_94/bd_2c30_sbn_3_clocks.xdc:52]
WARNING: [Vivado_Tcl 4-921] Waiver ID 'CDC-1' -to list should not be empty. [/tools/projects/FPGA-VLA/runs/T0036_v5/mr_vla_ipi_v4/mr_vla_ipi_v4.gen/sources_1/bd/mr_vla_bd_v4/ip/mr_vla_bd_v4_axi_sc_0_0/bd_0/ip/ip_94/bd_2c30_sbn_3_clocks.xdc:55]
WARNING: [Vivado_Tcl 4-921] Waiver ID 'CDC-1' -to list should not be empty. [/tools/projects/FPGA-VLA/runs/T0036_v5/mr_vla_ipi_v4/mr_vla_ipi_v4.gen/sources_1/bd/mr_vla_bd_v4/ip/mr_vla_bd_v4_axi_sc_0_0/bd_0/ip/ip_94/bd_2c30_sbn_3_clocks.xdc:59]
WARNING: [Vivado_Tcl 4-921] Waiver ID 'CDC-1' -to list should not be empty. [/tools/projects/FPGA-VLA/runs/T0036_v5/mr_vla_ipi_v4/mr_vla_ipi_v4.gen/sources_1/bd/mr_vla_bd_v4/ip/mr_vla_bd_v4_axi_sc_0_0/bd_0/ip/ip_94/bd_2c30_sbn_3_clocks.xdc:63]
WARNING: [Vivado_Tcl 4-921] Waiver ID 'CDC-1' -to list should not be empty. [/tools/projects/FPGA-VLA/runs/T0036_v5/mr_vla_ipi_v4/mr_vla_ipi_v4.gen/sources_1/bd/mr_vla_bd_v4/ip/mr_vla_bd_v4_axi_sc_0_0/bd_0/ip/ip_94/bd_2c30_sbn_3_clocks.xdc:66]
WARNING: [Vivado_Tcl 4-921] Waiver ID 'CDC-1' -to list should not be empty. [/tools/projects/FPGA-VLA/runs/T0036_v5/mr_vla_ipi_v4/mr_vla_ipi_v4.gen/sources_1/bd/mr_vla_bd_v4/ip/mr_vla_bd_v4_axi_sc_0_0/bd_0/ip/ip_94/bd_2c30_sbn_3_clocks.xdc:70]
WARNING: [Vivado_Tcl 4-921] Waiver ID 'CDC-1' -to list should not be empty. [/tools/projects/FPGA-VLA/runs/T0036_v5/mr_vla_ipi_v4/mr_vla_ipi_v4.gen/sources_1/bd/mr_vla_bd_v4/ip/mr_vla_bd_v4_axi_sc_0_0/bd_0/ip/ip_94/bd_2c30_sbn_3_clocks.xdc:73]
WARNING: [Vivado_Tcl 4-921] Waiver ID 'CDC-1' -to list should not be empty. [/tools/projects/FPGA-VLA/runs/T0036_v5/mr_vla_ipi_v4/mr_vla_ipi_v4.gen/sources_1/bd/mr_vla_bd_v4/ip/mr_vla_bd_v4_axi_sc_0_0/bd_0/ip/ip_94/bd_2c30_sbn_3_clocks.xdc:76]
WARNING: [Vivado_Tcl 4-921] Waiver ID 'CDC-1' -to list should not be empty. [/tools/projects/FPGA-VLA/runs/T0036_v5/mr_vla_ipi_v4/mr_vla_ipi_v4.gen/sources_1/bd/mr_vla_bd_v4/ip/mr_vla_bd_v4_axi_sc_0_0/bd_0/ip/ip_94/bd_2c30_sbn_3_clocks.xdc:79]
WARNING: [Vivado_Tcl 4-921] Waiver ID 'CDC-1' -to list should not be empty. [/tools/projects/FPGA-VLA/runs/T0036_v5/mr_vla_ipi_v4/mr_vla_ipi_v4.gen/sources_1/bd/mr_vla_bd_v4/ip/mr_vla_bd_v4_axi_sc_0_0/bd_0/ip/ip_94/bd_2c30_sbn_3_clocks.xdc:82]
WARNING: [Vivado_Tcl 4-921] Waiver ID 'CDC-4' -to list should not be empty. [/tools/projects/FPGA-VLA/runs/T0036_v5/mr_vla_ipi_v4/mr_vla_ipi_v4.gen/sources_1/bd/mr_vla_bd_v4/ip/mr_vla_bd_v4_axi_sc_0_0/bd_0/ip/ip_94/bd_2c30_sbn_3_clocks.xdc:85]
WARNING: [Vivado_Tcl 4-921] Waiver ID 'CDC-4' -to list should not be empty. [/tools/projects/FPGA-VLA/runs/T0036_v5/mr_vla_ipi_v4/mr_vla_ipi_v4.gen/sources_1/bd/mr_vla_bd_v4/ip/mr_vla_bd_v4_axi_sc_0_0/bd_0/ip/ip_94/bd_2c30_sbn_3_clocks.xdc:88]
WARNING: [Vivado_Tcl 4-921] Waiver ID 'CDC-2' -to list should not be empty. [/tools/projects/FPGA-VLA/runs/T0036_v5/mr_vla_ipi_v4/mr_vla_ipi_v4.gen/sources_1/bd/mr_vla_bd_v4/ip/mr_vla_bd_v4_axi_sc_0_0/bd_0/ip/ip_94/bd_2c30_sbn_3_clocks.xdc:91]
WARNING: [Vivado_Tcl 4-921] Waiver ID 'CDC-2' -to list should not be empty. [/tools/projects/FPGA-VLA/runs/T0036_v5/mr_vla_ipi_v4/mr_vla_ipi_v4.gen/sources_1/bd/mr_vla_bd_v4/ip/mr_vla_bd_v4_axi_sc_0_0/bd_0/ip/ip_94/bd_2c30_sbn_3_clocks.xdc:94]
WARNING: [Vivado_Tcl 4-921] Waiver ID 'CDC-2' -to list should not be empty. [/tools/projects/FPGA-VLA/runs/T0036_v5/mr_vla_ipi_v4/mr_vla_ipi_v4.gen/sources_1/bd/mr_vla_bd_v4/ip/mr_vla_bd_v4_axi_sc_0_0/bd_0/ip/ip_94/bd_2c30_sbn_3_clocks.xdc:97]
WARNING: [Vivado_Tcl 4-921] Waiver ID 'CDC-2' -to list should not be empty. [/tools/projects/FPGA-VLA/runs/T0036_v5/mr_vla_ipi_v4/mr_vla_ipi_v4.gen/sources_1/bd/mr_vla_bd_v4/ip/mr_vla_bd_v4_axi_sc_0_0/bd_0/ip/ip_94/bd_2c30_sbn_3_clocks.xdc:100]
WARNING: [Vivado_Tcl 4-921] Waiver ID 'CDC-1' -to list should not be empty. [/tools/projects/FPGA-VLA/runs/T0036_v5/mr_vla_ipi_v4/mr_vla_ipi_v4.gen/sources_1/bd/mr_vla_bd_v4/ip/mr_vla_bd_v4_axi_sc_0_0/bd_0/ip/ip_94/bd_2c30_sbn_3_clocks.xdc:104]
WARNING: [Vivado_Tcl 4-921] Waiver ID 'CDC-10' -to list should not be empty. [/tools/projects/FPGA-VLA/runs/T0036_v5/mr_vla_ipi_v4/mr_vla_ipi_v4.gen/sources_1/bd/mr_vla_bd_v4/ip/mr_vla_bd_v4_axi_sc_0_0/bd_0/ip/ip_94/bd_2c30_sbn_3_clocks.xdc:107]
WARNING: [Vivado_Tcl 4-921] Waiver ID 'CDC-10' -to list should not be empty. [/tools/projects/FPGA-VLA/runs/T0036_v5/mr_vla_ipi_v4/mr_vla_ipi_v4.gen/sources_1/bd/mr_vla_bd_v4/ip/mr_vla_bd_v4_axi_sc_0_0/bd_0/ip/ip_94/bd_2c30_sbn_3_clocks.xdc:110]
WARNING: [Vivado_Tcl 4-921] Waiver ID 'CDC-1' -to list should not be empty. [/tools/projects/FPGA-VLA/runs/T0036_v5/mr_vla_ipi_v4/mr_vla_ipi_v4.gen/sources_1/bd/mr_vla_bd_v4/ip/mr_vla_bd_v4_axi_sc_0_0/bd_0/ip/ip_94/bd_2c30_sbn_3_clocks.xdc:113]
WARNING: [Vivado_Tcl 4-921] Waiver ID 'CDC-1' -to list should not be empty. [/tools/projects/FPGA-VLA/runs/T0036_v5/mr_vla_ipi_v4/mr_vla_ipi_v4.gen/sources_1/bd/mr_vla_bd_v4/ip/mr_vla_bd_v4_axi_sc_0_0/bd_0/ip/ip_94/bd_2c30_sbn_3_clocks.xdc:116]
WARNING: [Vivado_Tcl 4-921] Waiver ID 'CDC-1' -to list should not be empty. [/tools/projects/FPGA-VLA/runs/T0036_v5/mr_vla_ipi_v4/mr_vla_ipi_v4.gen/sources_1/bd/mr_vla_bd_v4/ip/mr_vla_bd_v4_axi_sc_0_0/bd_0/ip/ip_94/bd_2c30_sbn_3_clocks.xdc:119]
WARNING: [Vivado_Tcl 4-921] Waiver ID 'CDC-13' -to list should not be empty. [/tools/projects/FPGA-VLA/runs/T0036_v5/mr_vla_ipi_v4/mr_vla_ipi_v4.gen/sources_1/bd/mr_vla_bd_v4/ip/mr_vla_bd_v4_axi_sc_0_0/bd_0/ip/ip_94/bd_2c30_sbn_3_clocks.xdc:122]
WARNING: [Vivado_Tcl 4-921] Waiver ID 'CDC-1' -to list should not be empty. [/tools/projects/FPGA-VLA/runs/T0036_v5/mr_vla_ipi_v4/mr_vla_ipi_v4.gen/sources_1/bd/mr_vla_bd_v4/ip/mr_vla_bd_v4_axi_sc_0_0/bd_0/ip/ip_94/bd_2c30_sbn_3_clocks.xdc:125]
WARNING: [Vivado_Tcl 4-921] Waiver ID 'CDC-1' -to list should not be empty. [/tools/projects/FPGA-VLA/runs/T0036_v5/mr_vla_ipi_v4/mr_vla_ipi_v4.gen/sources_1/bd/mr_vla_bd_v4/ip/mr_vla_bd_v4_axi_sc_0_0/bd_0/ip/ip_94/bd_2c30_sbn_3_clocks.xdc:128]
WARNING: [Vivado_Tcl 4-921] Waiver ID 'CDC-13' -to list should not be empty. [/tools/projects/FPGA-VLA/runs/T0036_v5/mr_vla_ipi_v4/mr_vla_ipi_v4.gen/sources_1/bd/mr_vla_bd_v4/ip/mr_vla_bd_v4_axi_sc_0_0/bd_0/ip/ip_94/bd_2c30_sbn_3_clocks.xdc:131]
WARNING: [Vivado_Tcl 4-921] Waiver ID 'CDC-1' -to list should not be empty. [/tools/projects/FPGA-VLA/runs/T0036_v5/mr_vla_ipi_v4/mr_vla_ipi_v4.gen/sources_1/bd/mr_vla_bd_v4/ip/mr_vla_bd_v4_axi_sc_0_0/bd_0/ip/ip_94/bd_2c30_sbn_3_clocks.xdc:134]
WARNING: [Vivado_Tcl 4-921] Waiver ID 'CDC-10' -to list should not be empty. [/tools/projects/FPGA-VLA/runs/T0036_v5/mr_vla_ipi_v4/mr_vla_ipi_v4.gen/sources_1/bd/mr_vla_bd_v4/ip/mr_vla_bd_v4_axi_sc_0_0/bd_0/ip/ip_94/bd_2c30_sbn_3_clocks.xdc:137]
WARNING: [Vivado_Tcl 4-921] Waiver ID 'CDC-1' -to list should not be empty. [/tools/projects/FPGA-VLA/runs/T0036_v5/mr_vla_ipi_v4/mr_vla_ipi_v4.gen/sources_1/bd/mr_vla_bd_v4/ip/mr_vla_bd_v4_axi_sc_0_0/bd_0/ip/ip_94/bd_2c30_sbn_3_clocks.xdc:140]
WARNING: [Vivado_Tcl 4-921] Waiver ID 'CDC-1' -to list should not be empty. [/tools/projects/FPGA-VLA/runs/T0036_v5/mr_vla_ipi_v4/mr_vla_ipi_v4.gen/sources_1/bd/mr_vla_bd_v4/ip/mr_vla_bd_v4_axi_sc_0_0/bd_0/ip/ip_94/bd_2c30_sbn_3_clocks.xdc:143]
WARNING: [Vivado_Tcl 4-921] Waiver ID 'CDC-1' -to list should not be empty. [/tools/projects/FPGA-VLA/runs/T0036_v5/mr_vla_ipi_v4/mr_vla_ipi_v4.gen/sources_1/bd/mr_vla_bd_v4/ip/mr_vla_bd_v4_axi_sc_0_0/bd_0/ip/ip_94/bd_2c30_sbn_3_clocks.xdc:146]
WARNING: [Vivado_Tcl 4-921] Waiver ID 'CDC-2' -to list should not be empty. [/tools/projects/FPGA-VLA/runs/T0036_v5/mr_vla_ipi_v4/mr_vla_ipi_v4.gen/sources_1/bd/mr_vla_bd_v4/ip/mr_vla_bd_v4_axi_sc_0_0/bd_0/ip/ip_94/bd_2c30_sbn_3_clocks.xdc:149]
WARNING: [Vivado_Tcl 4-921] Waiver ID 'CDC-1' -to list should not be empty. [/tools/projects/FPGA-VLA/runs/T0036_v5/mr_vla_ipi_v4/mr_vla_ipi_v4.gen/sources_1/bd/mr_vla_bd_v4/ip/mr_vla_bd_v4_axi_sc_0_0/bd_0/ip/ip_94/bd_2c30_sbn_3_clocks.xdc:152]
WARNING: [Vivado_Tcl 4-921] Waiver ID 'CDC-1' -to list should not be empty. [/tools/projects/FPGA-VLA/runs/T0036_v5/mr_vla_ipi_v4/mr_vla_ipi_v4.gen/sources_1/bd/mr_vla_bd_v4/ip/mr_vla_bd_v4_axi_sc_0_0/bd_0/ip/ip_94/bd_2c30_sbn_3_clocks.xdc:155]
WARNING: [Vivado_Tcl 4-921] Waiver ID 'CDC-1' -to list should not be empty. [/tools/projects/FPGA-VLA/runs/T0036_v5/mr_vla_ipi_v4/mr_vla_ipi_v4.gen/sources_1/bd/mr_vla_bd_v4/ip/mr_vla_bd_v4_axi_sc_0_0/bd_0/ip/ip_94/bd_2c30_sbn_3_clocks.xdc:158]
WARNING: [Vivado_Tcl 4-921] Waiver ID 'CDC-10' -to list should not be empty. [/tools/projects/FPGA-VLA/runs/T0036_v5/mr_vla_ipi_v4/mr_vla_ipi_v4.gen/sources_1/bd/mr_vla_bd_v4/ip/mr_vla_bd_v4_axi_sc_0_0/bd_0/ip/ip_94/bd_2c30_sbn_3_clocks.xdc:161]
WARNING: [Vivado_Tcl 4-921] Waiver ID 'CDC-4' -to list should not be empty. [/tools/projects/FPGA-VLA/runs/T0036_v5/mr_vla_ipi_v4/mr_vla_ipi_v4.gen/sources_1/bd/mr_vla_bd_v4/ip/mr_vla_bd_v4_axi_sc_0_0/bd_0/ip/ip_94/bd_2c30_sbn_3_clocks.xdc:164]
WARNING: [Vivado_Tcl 4-921] Waiver ID 'CDC-4' -to list should not be empty. [/tools/projects/FPGA-VLA/runs/T0036_v5/mr_vla_ipi_v4/mr_vla_ipi_v4.gen/sources_1/bd/mr_vla_bd_v4/ip/mr_vla_bd_v4_axi_sc_0_0/bd_0/ip/ip_94/bd_2c30_sbn_3_clocks.xdc:167]
WARNING: [Vivado_Tcl 4-921] Waiver ID 'CDC-4' -to list should not be empty. [/tools/projects/FPGA-VLA/runs/T0036_v5/mr_vla_ipi_v4/mr_vla_ipi_v4.gen/sources_1/bd/mr_vla_bd_v4/ip/mr_vla_bd_v4_axi_sc_0_0/bd_0/ip/ip_94/bd_2c30_sbn_3_clocks.xdc:171]
WARNING: [Vivado_Tcl 4-921] Waiver ID 'CDC-4' -to list should not be empty. [/tools/projects/FPGA-VLA/runs/T0036_v5/mr_vla_ipi_v4/mr_vla_ipi_v4.gen/sources_1/bd/mr_vla_bd_v4/ip/mr_vla_bd_v4_axi_sc_0_0/bd_0/ip/ip_94/bd_2c30_sbn_3_clocks.xdc:174]
WARNING: [Vivado_Tcl 4-921] Waiver ID 'CDC-1' -to list should not be empty. [/tools/projects/FPGA-VLA/runs/T0036_v5/mr_vla_ipi_v4/mr_vla_ipi_v4.gen/sources_1/bd/mr_vla_bd_v4/ip/mr_vla_bd_v4_axi_sc_0_0/bd_0/ip/ip_94/bd_2c30_sbn_3_clocks.xdc:178]
WARNING: [Vivado_Tcl 4-921] Waiver ID 'CDC-1' -to list should not be empty. [/tools/projects/FPGA-VLA/runs/T0036_v5/mr_vla_ipi_v4/mr_vla_ipi_v4.gen/sources_1/bd/mr_vla_bd_v4/ip/mr_vla_bd_v4_axi_sc_0_0/bd_0/ip/ip_94/bd_2c30_sbn_3_clocks.xdc:181]
WARNING: [Vivado_Tcl 4-921] Waiver ID 'CDC-13' -to list should not be empty. [/tools/projects/FPGA-VLA/runs/T0036_v5/mr_vla_ipi_v4/mr_vla_ipi_v4.gen/sources_1/bd/mr_vla_bd_v4/ip/mr_vla_bd_v4_axi_sc_0_0/bd_0/ip/ip_94/bd_2c30_sbn_3_clocks.xdc:184]
Finished Parsing XDC File [/tools/projects/FPGA-VLA/runs/T0036_v5/mr_vla_ipi_v4/mr_vla_ipi_v4.gen/sources_1/bd/mr_vla_bd_v4/ip/mr_vla_bd_v4_axi_sc_0_0/bd_0/ip/ip_94/bd_2c30_sbn_3_clocks.xdc] for cell 'mr_vla_bd_v4_i/axi_sc_0/inst/s13_nodes/s13_b_node/inst'
Parsing XDC File [/tools/projects/FPGA-VLA/runs/T0036_v5/mr_vla_ipi_v4/mr_vla_ipi_v4.gen/sources_1/bd/mr_vla_bd_v4/ip/mr_vla_bd_v4_axi_sc_0_0/bd_0/ip/ip_99/bd_2c30_sarn_10_clocks.xdc] for cell 'mr_vla_bd_v4_i/axi_sc_0/inst/s14_nodes/s14_ar_node/inst'
WARNING: [Vivado_Tcl 4-921] Waiver ID 'CDC-1' -to list should not be empty. [/tools/projects/FPGA-VLA/runs/T0036_v5/mr_vla_ipi_v4/mr_vla_ipi_v4.gen/sources_1/bd/mr_vla_bd_v4/ip/mr_vla_bd_v4_axi_sc_0_0/bd_0/ip/ip_99/bd_2c30_sarn_10_clocks.xdc:49]
WARNING: [Vivado_Tcl 4-921] Waiver ID 'CDC-1' -to list should not be empty. [/tools/projects/FPGA-VLA/runs/T0036_v5/mr_vla_ipi_v4/mr_vla_ipi_v4.gen/sources_1/bd/mr_vla_bd_v4/ip/mr_vla_bd_v4_axi_sc_0_0/bd_0/ip/ip_99/bd_2c30_sarn_10_clocks.xdc:52]
WARNING: [Vivado_Tcl 4-921] Waiver ID 'CDC-1' -to list should not be empty. [/tools/projects/FPGA-VLA/runs/T0036_v5/mr_vla_ipi_v4/mr_vla_ipi_v4.gen/sources_1/bd/mr_vla_bd_v4/ip/mr_vla_bd_v4_axi_sc_0_0/bd_0/ip/ip_99/bd_2c30_sarn_10_clocks.xdc:55]
WARNING: [Vivado_Tcl 4-921] Waiver ID 'CDC-1' -to list should not be empty. [/tools/projects/FPGA-VLA/runs/T0036_v5/mr_vla_ipi_v4/mr_vla_ipi_v4.gen/sources_1/bd/mr_vla_bd_v4/ip/mr_vla_bd_v4_axi_sc_0_0/bd_0/ip/ip_99/bd_2c30_sarn_10_clocks.xdc:59]
WARNING: [Vivado_Tcl 4-921] Waiver ID 'CDC-1' -to list should not be empty. [/tools/projects/FPGA-VLA/runs/T0036_v5/mr_vla_ipi_v4/mr_vla_ipi_v4.gen/sources_1/bd/mr_vla_bd_v4/ip/mr_vla_bd_v4_axi_sc_0_0/bd_0/ip/ip_99/bd_2c30_sarn_10_clocks.xdc:63]
WARNING: [Vivado_Tcl 4-921] Waiver ID 'CDC-1' -to list should not be empty. [/tools/projects/FPGA-VLA/runs/T0036_v5/mr_vla_ipi_v4/mr_vla_ipi_v4.gen/sources_1/bd/mr_vla_bd_v4/ip/mr_vla_bd_v4_axi_sc_0_0/bd_0/ip/ip_99/bd_2c30_sarn_10_clocks.xdc:66]
WARNING: [Vivado_Tcl 4-921] Waiver ID 'CDC-1' -to list should not be empty. [/tools/projects/FPGA-VLA/runs/T0036_v5/mr_vla_ipi_v4/mr_vla_ipi_v4.gen/sources_1/bd/mr_vla_bd_v4/ip/mr_vla_bd_v4_axi_sc_0_0/bd_0/ip/ip_99/bd_2c30_sarn_10_clocks.xdc:70]
WARNING: [Vivado_Tcl 4-921] Waiver ID 'CDC-1' -to list should not be empty. [/tools/projects/FPGA-VLA/runs/T0036_v5/mr_vla_ipi_v4/mr_vla_ipi_v4.gen/sources_1/bd/mr_vla_bd_v4/ip/mr_vla_bd_v4_axi_sc_0_0/bd_0/ip/ip_99/bd_2c30_sarn_10_clocks.xdc:73]
WARNING: [Vivado_Tcl 4-921] Waiver ID 'CDC-1' -to list should not be empty. [/tools/projects/FPGA-VLA/runs/T0036_v5/mr_vla_ipi_v4/mr_vla_ipi_v4.gen/sources_1/bd/mr_vla_bd_v4/ip/mr_vla_bd_v4_axi_sc_0_0/bd_0/ip/ip_99/bd_2c30_sarn_10_clocks.xdc:76]
WARNING: [Vivado_Tcl 4-921] Waiver ID 'CDC-1' -to list should not be empty. [/tools/projects/FPGA-VLA/runs/T0036_v5/mr_vla_ipi_v4/mr_vla_ipi_v4.gen/sources_1/bd/mr_vla_bd_v4/ip/mr_vla_bd_v4_axi_sc_0_0/bd_0/ip/ip_99/bd_2c30_sarn_10_clocks.xdc:79]
WARNING: [Vivado_Tcl 4-921] Waiver ID 'CDC-1' -to list should not be empty. [/tools/projects/FPGA-VLA/runs/T0036_v5/mr_vla_ipi_v4/mr_vla_ipi_v4.gen/sources_1/bd/mr_vla_bd_v4/ip/mr_vla_bd_v4_axi_sc_0_0/bd_0/ip/ip_99/bd_2c30_sarn_10_clocks.xdc:82]
WARNING: [Vivado_Tcl 4-921] Waiver ID 'CDC-4' -to list should not be empty. [/tools/projects/FPGA-VLA/runs/T0036_v5/mr_vla_ipi_v4/mr_vla_ipi_v4.gen/sources_1/bd/mr_vla_bd_v4/ip/mr_vla_bd_v4_axi_sc_0_0/bd_0/ip/ip_99/bd_2c30_sarn_10_clocks.xdc:85]
WARNING: [Vivado_Tcl 4-921] Waiver ID 'CDC-4' -to list should not be empty. [/tools/projects/FPGA-VLA/runs/T0036_v5/mr_vla_ipi_v4/mr_vla_ipi_v4.gen/sources_1/bd/mr_vla_bd_v4/ip/mr_vla_bd_v4_axi_sc_0_0/bd_0/ip/ip_99/bd_2c30_sarn_10_clocks.xdc:88]
WARNING: [Vivado_Tcl 4-921] Waiver ID 'CDC-2' -to list should not be empty. [/tools/projects/FPGA-VLA/runs/T0036_v5/mr_vla_ipi_v4/mr_vla_ipi_v4.gen/sources_1/bd/mr_vla_bd_v4/ip/mr_vla_bd_v4_axi_sc_0_0/bd_0/ip/ip_99/bd_2c30_sarn_10_clocks.xdc:91]
WARNING: [Vivado_Tcl 4-921] Waiver ID 'CDC-2' -to list should not be empty. [/tools/projects/FPGA-VLA/runs/T0036_v5/mr_vla_ipi_v4/mr_vla_ipi_v4.gen/sources_1/bd/mr_vla_bd_v4/ip/mr_vla_bd_v4_axi_sc_0_0/bd_0/ip/ip_99/bd_2c30_sarn_10_clocks.xdc:94]
WARNING: [Vivado_Tcl 4-921] Waiver ID 'CDC-2' -to list should not be empty. [/tools/projects/FPGA-VLA/runs/T0036_v5/mr_vla_ipi_v4/mr_vla_ipi_v4.gen/sources_1/bd/mr_vla_bd_v4/ip/mr_vla_bd_v4_axi_sc_0_0/bd_0/ip/ip_99/bd_2c30_sarn_10_clocks.xdc:97]
WARNING: [Vivado_Tcl 4-921] Waiver ID 'CDC-2' -to list should not be empty. [/tools/projects/FPGA-VLA/runs/T0036_v5/mr_vla_ipi_v4/mr_vla_ipi_v4.gen/sources_1/bd/mr_vla_bd_v4/ip/mr_vla_bd_v4_axi_sc_0_0/bd_0/ip/ip_99/bd_2c30_sarn_10_clocks.xdc:100]
WARNING: [Vivado_Tcl 4-921] Waiver ID 'CDC-1' -to list should not be empty. [/tools/projects/FPGA-VLA/runs/T0036_v5/mr_vla_ipi_v4/mr_vla_ipi_v4.gen/sources_1/bd/mr_vla_bd_v4/ip/mr_vla_bd_v4_axi_sc_0_0/bd_0/ip/ip_99/bd_2c30_sarn_10_clocks.xdc:104]
WARNING: [Vivado_Tcl 4-921] Waiver ID 'CDC-10' -to list should not be empty. [/tools/projects/FPGA-VLA/runs/T0036_v5/mr_vla_ipi_v4/mr_vla_ipi_v4.gen/sources_1/bd/mr_vla_bd_v4/ip/mr_vla_bd_v4_axi_sc_0_0/bd_0/ip/ip_99/bd_2c30_sarn_10_clocks.xdc:107]
WARNING: [Vivado_Tcl 4-921] Waiver ID 'CDC-10' -to list should not be empty. [/tools/projects/FPGA-VLA/runs/T0036_v5/mr_vla_ipi_v4/mr_vla_ipi_v4.gen/sources_1/bd/mr_vla_bd_v4/ip/mr_vla_bd_v4_axi_sc_0_0/bd_0/ip/ip_99/bd_2c30_sarn_10_clocks.xdc:110]
WARNING: [Vivado_Tcl 4-921] Waiver ID 'CDC-1' -to list should not be empty. [/tools/projects/FPGA-VLA/runs/T0036_v5/mr_vla_ipi_v4/mr_vla_ipi_v4.gen/sources_1/bd/mr_vla_bd_v4/ip/mr_vla_bd_v4_axi_sc_0_0/bd_0/ip/ip_99/bd_2c30_sarn_10_clocks.xdc:113]
WARNING: [Vivado_Tcl 4-921] Waiver ID 'CDC-1' -to list should not be empty. [/tools/projects/FPGA-VLA/runs/T0036_v5/mr_vla_ipi_v4/mr_vla_ipi_v4.gen/sources_1/bd/mr_vla_bd_v4/ip/mr_vla_bd_v4_axi_sc_0_0/bd_0/ip/ip_99/bd_2c30_sarn_10_clocks.xdc:116]
WARNING: [Vivado_Tcl 4-921] Waiver ID 'CDC-1' -to list should not be empty. [/tools/projects/FPGA-VLA/runs/T0036_v5/mr_vla_ipi_v4/mr_vla_ipi_v4.gen/sources_1/bd/mr_vla_bd_v4/ip/mr_vla_bd_v4_axi_sc_0_0/bd_0/ip/ip_99/bd_2c30_sarn_10_clocks.xdc:119]
WARNING: [Vivado_Tcl 4-921] Waiver ID 'CDC-13' -to list should not be empty. [/tools/projects/FPGA-VLA/runs/T0036_v5/mr_vla_ipi_v4/mr_vla_ipi_v4.gen/sources_1/bd/mr_vla_bd_v4/ip/mr_vla_bd_v4_axi_sc_0_0/bd_0/ip/ip_99/bd_2c30_sarn_10_clocks.xdc:122]
WARNING: [Vivado_Tcl 4-921] Waiver ID 'CDC-1' -to list should not be empty. [/tools/projects/FPGA-VLA/runs/T0036_v5/mr_vla_ipi_v4/mr_vla_ipi_v4.gen/sources_1/bd/mr_vla_bd_v4/ip/mr_vla_bd_v4_axi_sc_0_0/bd_0/ip/ip_99/bd_2c30_sarn_10_clocks.xdc:125]
WARNING: [Vivado_Tcl 4-921] Waiver ID 'CDC-1' -to list should not be empty. [/tools/projects/FPGA-VLA/runs/T0036_v5/mr_vla_ipi_v4/mr_vla_ipi_v4.gen/sources_1/bd/mr_vla_bd_v4/ip/mr_vla_bd_v4_axi_sc_0_0/bd_0/ip/ip_99/bd_2c30_sarn_10_clocks.xdc:128]
WARNING: [Vivado_Tcl 4-921] Waiver ID 'CDC-13' -to list should not be empty. [/tools/projects/FPGA-VLA/runs/T0036_v5/mr_vla_ipi_v4/mr_vla_ipi_v4.gen/sources_1/bd/mr_vla_bd_v4/ip/mr_vla_bd_v4_axi_sc_0_0/bd_0/ip/ip_99/bd_2c30_sarn_10_clocks.xdc:131]
WARNING: [Vivado_Tcl 4-921] Waiver ID 'CDC-1' -to list should not be empty. [/tools/projects/FPGA-VLA/runs/T0036_v5/mr_vla_ipi_v4/mr_vla_ipi_v4.gen/sources_1/bd/mr_vla_bd_v4/ip/mr_vla_bd_v4_axi_sc_0_0/bd_0/ip/ip_99/bd_2c30_sarn_10_clocks.xdc:134]
WARNING: [Vivado_Tcl 4-921] Waiver ID 'CDC-10' -to list should not be empty. [/tools/projects/FPGA-VLA/runs/T0036_v5/mr_vla_ipi_v4/mr_vla_ipi_v4.gen/sources_1/bd/mr_vla_bd_v4/ip/mr_vla_bd_v4_axi_sc_0_0/bd_0/ip/ip_99/bd_2c30_sarn_10_clocks.xdc:137]
WARNING: [Vivado_Tcl 4-921] Waiver ID 'CDC-1' -to list should not be empty. [/tools/projects/FPGA-VLA/runs/T0036_v5/mr_vla_ipi_v4/mr_vla_ipi_v4.gen/sources_1/bd/mr_vla_bd_v4/ip/mr_vla_bd_v4_axi_sc_0_0/bd_0/ip/ip_99/bd_2c30_sarn_10_clocks.xdc:140]
WARNING: [Vivado_Tcl 4-921] Waiver ID 'CDC-1' -to list should not be empty. [/tools/projects/FPGA-VLA/runs/T0036_v5/mr_vla_ipi_v4/mr_vla_ipi_v4.gen/sources_1/bd/mr_vla_bd_v4/ip/mr_vla_bd_v4_axi_sc_0_0/bd_0/ip/ip_99/bd_2c30_sarn_10_clocks.xdc:143]
WARNING: [Vivado_Tcl 4-921] Waiver ID 'CDC-1' -to list should not be empty. [/tools/projects/FPGA-VLA/runs/T0036_v5/mr_vla_ipi_v4/mr_vla_ipi_v4.gen/sources_1/bd/mr_vla_bd_v4/ip/mr_vla_bd_v4_axi_sc_0_0/bd_0/ip/ip_99/bd_2c30_sarn_10_clocks.xdc:146]
WARNING: [Vivado_Tcl 4-921] Waiver ID 'CDC-2' -to list should not be empty. [/tools/projects/FPGA-VLA/runs/T0036_v5/mr_vla_ipi_v4/mr_vla_ipi_v4.gen/sources_1/bd/mr_vla_bd_v4/ip/mr_vla_bd_v4_axi_sc_0_0/bd_0/ip/ip_99/bd_2c30_sarn_10_clocks.xdc:149]
WARNING: [Vivado_Tcl 4-921] Waiver ID 'CDC-1' -to list should not be empty. [/tools/projects/FPGA-VLA/runs/T0036_v5/mr_vla_ipi_v4/mr_vla_ipi_v4.gen/sources_1/bd/mr_vla_bd_v4/ip/mr_vla_bd_v4_axi_sc_0_0/bd_0/ip/ip_99/bd_2c30_sarn_10_clocks.xdc:152]
WARNING: [Vivado_Tcl 4-921] Waiver ID 'CDC-1' -to list should not be empty. [/tools/projects/FPGA-VLA/runs/T0036_v5/mr_vla_ipi_v4/mr_vla_ipi_v4.gen/sources_1/bd/mr_vla_bd_v4/ip/mr_vla_bd_v4_axi_sc_0_0/bd_0/ip/ip_99/bd_2c30_sarn_10_clocks.xdc:155]
WARNING: [Vivado_Tcl 4-921] Waiver ID 'CDC-1' -to list should not be empty. [/tools/projects/FPGA-VLA/runs/T0036_v5/mr_vla_ipi_v4/mr_vla_ipi_v4.gen/sources_1/bd/mr_vla_bd_v4/ip/mr_vla_bd_v4_axi_sc_0_0/bd_0/ip/ip_99/bd_2c30_sarn_10_clocks.xdc:158]
WARNING: [Vivado_Tcl 4-921] Waiver ID 'CDC-10' -to list should not be empty. [/tools/projects/FPGA-VLA/runs/T0036_v5/mr_vla_ipi_v4/mr_vla_ipi_v4.gen/sources_1/bd/mr_vla_bd_v4/ip/mr_vla_bd_v4_axi_sc_0_0/bd_0/ip/ip_99/bd_2c30_sarn_10_clocks.xdc:161]
WARNING: [Vivado_Tcl 4-921] Waiver ID 'CDC-4' -to list should not be empty. [/tools/projects/FPGA-VLA/runs/T0036_v5/mr_vla_ipi_v4/mr_vla_ipi_v4.gen/sources_1/bd/mr_vla_bd_v4/ip/mr_vla_bd_v4_axi_sc_0_0/bd_0/ip/ip_99/bd_2c30_sarn_10_clocks.xdc:164]
WARNING: [Vivado_Tcl 4-921] Waiver ID 'CDC-4' -to list should not be empty. [/tools/projects/FPGA-VLA/runs/T0036_v5/mr_vla_ipi_v4/mr_vla_ipi_v4.gen/sources_1/bd/mr_vla_bd_v4/ip/mr_vla_bd_v4_axi_sc_0_0/bd_0/ip/ip_99/bd_2c30_sarn_10_clocks.xdc:167]
WARNING: [Vivado_Tcl 4-921] Waiver ID 'CDC-4' -to list should not be empty. [/tools/projects/FPGA-VLA/runs/T0036_v5/mr_vla_ipi_v4/mr_vla_ipi_v4.gen/sources_1/bd/mr_vla_bd_v4/ip/mr_vla_bd_v4_axi_sc_0_0/bd_0/ip/ip_99/bd_2c30_sarn_10_clocks.xdc:171]
WARNING: [Vivado_Tcl 4-921] Waiver ID 'CDC-4' -to list should not be empty. [/tools/projects/FPGA-VLA/runs/T0036_v5/mr_vla_ipi_v4/mr_vla_ipi_v4.gen/sources_1/bd/mr_vla_bd_v4/ip/mr_vla_bd_v4_axi_sc_0_0/bd_0/ip/ip_99/bd_2c30_sarn_10_clocks.xdc:174]
WARNING: [Vivado_Tcl 4-921] Waiver ID 'CDC-1' -to list should not be empty. [/tools/projects/FPGA-VLA/runs/T0036_v5/mr_vla_ipi_v4/mr_vla_ipi_v4.gen/sources_1/bd/mr_vla_bd_v4/ip/mr_vla_bd_v4_axi_sc_0_0/bd_0/ip/ip_99/bd_2c30_sarn_10_clocks.xdc:178]
WARNING: [Vivado_Tcl 4-921] Waiver ID 'CDC-1' -to list should not be empty. [/tools/projects/FPGA-VLA/runs/T0036_v5/mr_vla_ipi_v4/mr_vla_ipi_v4.gen/sources_1/bd/mr_vla_bd_v4/ip/mr_vla_bd_v4_axi_sc_0_0/bd_0/ip/ip_99/bd_2c30_sarn_10_clocks.xdc:181]
WARNING: [Vivado_Tcl 4-921] Waiver ID 'CDC-13' -to list should not be empty. [/tools/projects/FPGA-VLA/runs/T0036_v5/mr_vla_ipi_v4/mr_vla_ipi_v4.gen/sources_1/bd/mr_vla_bd_v4/ip/mr_vla_bd_v4_axi_sc_0_0/bd_0/ip/ip_99/bd_2c30_sarn_10_clocks.xdc:184]
Finished Parsing XDC File [/tools/projects/FPGA-VLA/runs/T0036_v5/mr_vla_ipi_v4/mr_vla_ipi_v4.gen/sources_1/bd/mr_vla_bd_v4/ip/mr_vla_bd_v4_axi_sc_0_0/bd_0/ip/ip_99/bd_2c30_sarn_10_clocks.xdc] for cell 'mr_vla_bd_v4_i/axi_sc_0/inst/s14_nodes/s14_ar_node/inst'
Parsing XDC File [/tools/projects/FPGA-VLA/runs/T0036_v5/mr_vla_ipi_v4/mr_vla_ipi_v4.gen/sources_1/bd/mr_vla_bd_v4/ip/mr_vla_bd_v4_axi_sc_0_0/bd_0/ip/ip_100/bd_2c30_srn_10_clocks.xdc] for cell 'mr_vla_bd_v4_i/axi_sc_0/inst/s14_nodes/s14_r_node/inst'
WARNING: [Vivado_Tcl 4-921] Waiver ID 'CDC-1' -to list should not be empty. [/tools/projects/FPGA-VLA/runs/T0036_v5/mr_vla_ipi_v4/mr_vla_ipi_v4.gen/sources_1/bd/mr_vla_bd_v4/ip/mr_vla_bd_v4_axi_sc_0_0/bd_0/ip/ip_100/bd_2c30_srn_10_clocks.xdc:49]
WARNING: [Vivado_Tcl 4-921] Waiver ID 'CDC-1' -to list should not be empty. [/tools/projects/FPGA-VLA/runs/T0036_v5/mr_vla_ipi_v4/mr_vla_ipi_v4.gen/sources_1/bd/mr_vla_bd_v4/ip/mr_vla_bd_v4_axi_sc_0_0/bd_0/ip/ip_100/bd_2c30_srn_10_clocks.xdc:52]
WARNING: [Vivado_Tcl 4-921] Waiver ID 'CDC-1' -to list should not be empty. [/tools/projects/FPGA-VLA/runs/T0036_v5/mr_vla_ipi_v4/mr_vla_ipi_v4.gen/sources_1/bd/mr_vla_bd_v4/ip/mr_vla_bd_v4_axi_sc_0_0/bd_0/ip/ip_100/bd_2c30_srn_10_clocks.xdc:55]
WARNING: [Vivado_Tcl 4-921] Waiver ID 'CDC-1' -to list should not be empty. [/tools/projects/FPGA-VLA/runs/T0036_v5/mr_vla_ipi_v4/mr_vla_ipi_v4.gen/sources_1/bd/mr_vla_bd_v4/ip/mr_vla_bd_v4_axi_sc_0_0/bd_0/ip/ip_100/bd_2c30_srn_10_clocks.xdc:59]
WARNING: [Vivado_Tcl 4-921] Waiver ID 'CDC-1' -to list should not be empty. [/tools/projects/FPGA-VLA/runs/T0036_v5/mr_vla_ipi_v4/mr_vla_ipi_v4.gen/sources_1/bd/mr_vla_bd_v4/ip/mr_vla_bd_v4_axi_sc_0_0/bd_0/ip/ip_100/bd_2c30_srn_10_clocks.xdc:63]
INFO: [Common 17-14] Message 'Vivado 12-180' appears 100 times and further instances of the messages will be disabled. Use the Tcl command set_msg_config to change the current settings. [/tools/projects/FPGA-VLA/runs/T0036_v5/mr_vla_ipi_v4/mr_vla_ipi_v4.gen/sources_1/bd/mr_vla_bd_v4/ip/mr_vla_bd_v4_axi_sc_0_0/bd_0/ip/ip_100/bd_2c30_srn_10_clocks.xdc:66]
WARNING: [Vivado_Tcl 4-921] Waiver ID 'CDC-1' -to list should not be empty. [/tools/projects/FPGA-VLA/runs/T0036_v5/mr_vla_ipi_v4/mr_vla_ipi_v4.gen/sources_1/bd/mr_vla_bd_v4/ip/mr_vla_bd_v4_axi_sc_0_0/bd_0/ip/ip_100/bd_2c30_srn_10_clocks.xdc:66]
WARNING: [Vivado_Tcl 4-921] Waiver ID 'CDC-1' -to list should not be empty. [/tools/projects/FPGA-VLA/runs/T0036_v5/mr_vla_ipi_v4/mr_vla_ipi_v4.gen/sources_1/bd/mr_vla_bd_v4/ip/mr_vla_bd_v4_axi_sc_0_0/bd_0/ip/ip_100/bd_2c30_srn_10_clocks.xdc:70]
WARNING: [Vivado_Tcl 4-921] Waiver ID 'CDC-1' -to list should not be empty. [/tools/projects/FPGA-VLA/runs/T0036_v5/mr_vla_ipi_v4/mr_vla_ipi_v4.gen/sources_1/bd/mr_vla_bd_v4/ip/mr_vla_bd_v4_axi_sc_0_0/bd_0/ip/ip_100/bd_2c30_srn_10_clocks.xdc:73]
WARNING: [Vivado_Tcl 4-921] Waiver ID 'CDC-1' -to list should not be empty. [/tools/projects/FPGA-VLA/runs/T0036_v5/mr_vla_ipi_v4/mr_vla_ipi_v4.gen/sources_1/bd/mr_vla_bd_v4/ip/mr_vla_bd_v4_axi_sc_0_0/bd_0/ip/ip_100/bd_2c30_srn_10_clocks.xdc:76]
WARNING: [Vivado_Tcl 4-921] Waiver ID 'CDC-1' -to list should not be empty. [/tools/projects/FPGA-VLA/runs/T0036_v5/mr_vla_ipi_v4/mr_vla_ipi_v4.gen/sources_1/bd/mr_vla_bd_v4/ip/mr_vla_bd_v4_axi_sc_0_0/bd_0/ip/ip_100/bd_2c30_srn_10_clocks.xdc:79]
WARNING: [Vivado_Tcl 4-921] Waiver ID 'CDC-1' -to list should not be empty. [/tools/projects/FPGA-VLA/runs/T0036_v5/mr_vla_ipi_v4/mr_vla_ipi_v4.gen/sources_1/bd/mr_vla_bd_v4/ip/mr_vla_bd_v4_axi_sc_0_0/bd_0/ip/ip_100/bd_2c30_srn_10_clocks.xdc:82]
WARNING: [Vivado_Tcl 4-921] Waiver ID 'CDC-4' -to list should not be empty. [/tools/projects/FPGA-VLA/runs/T0036_v5/mr_vla_ipi_v4/mr_vla_ipi_v4.gen/sources_1/bd/mr_vla_bd_v4/ip/mr_vla_bd_v4_axi_sc_0_0/bd_0/ip/ip_100/bd_2c30_srn_10_clocks.xdc:85]
INFO: [Common 17-14] Message 'Vivado_Tcl 4-921' appears 100 times and further instances of the messages will be disabled. Use the Tcl command set_msg_config to change the current settings. [/tools/projects/FPGA-VLA/runs/T0036_v5/mr_vla_ipi_v4/mr_vla_ipi_v4.gen/sources_1/bd/mr_vla_bd_v4/ip/mr_vla_bd_v4_axi_sc_0_0/bd_0/ip/ip_100/bd_2c30_srn_10_clocks.xdc:85]
Finished Parsing XDC File [/tools/projects/FPGA-VLA/runs/T0036_v5/mr_vla_ipi_v4/mr_vla_ipi_v4.gen/sources_1/bd/mr_vla_bd_v4/ip/mr_vla_bd_v4_axi_sc_0_0/bd_0/ip/ip_100/bd_2c30_srn_10_clocks.xdc] for cell 'mr_vla_bd_v4_i/axi_sc_0/inst/s14_nodes/s14_r_node/inst'
Parsing XDC File [/tools/projects/FPGA-VLA/runs/T0036_v5/mr_vla_ipi_v4/mr_vla_ipi_v4.gen/sources_1/bd/mr_vla_bd_v4/ip/mr_vla_bd_v4_axi_sc_0_0/bd_0/ip/ip_105/bd_2c30_sarn_11_clocks.xdc] for cell 'mr_vla_bd_v4_i/axi_sc_0/inst/s15_nodes/s15_ar_node/inst'
Finished Parsing XDC File [/tools/projects/FPGA-VLA/runs/T0036_v5/mr_vla_ipi_v4/mr_vla_ipi_v4.gen/sources_1/bd/mr_vla_bd_v4/ip/mr_vla_bd_v4_axi_sc_0_0/bd_0/ip/ip_105/bd_2c30_sarn_11_clocks.xdc] for cell 'mr_vla_bd_v4_i/axi_sc_0/inst/s15_nodes/s15_ar_node/inst'
Parsing XDC File [/tools/projects/FPGA-VLA/runs/T0036_v5/mr_vla_ipi_v4/mr_vla_ipi_v4.gen/sources_1/bd/mr_vla_bd_v4/ip/mr_vla_bd_v4_axi_sc_0_0/bd_0/ip/ip_106/bd_2c30_srn_11_clocks.xdc] for cell 'mr_vla_bd_v4_i/axi_sc_0/inst/s15_nodes/s15_r_node/inst'
Finished Parsing XDC File [/tools/projects/FPGA-VLA/runs/T0036_v5/mr_vla_ipi_v4/mr_vla_ipi_v4.gen/sources_1/bd/mr_vla_bd_v4/ip/mr_vla_bd_v4_axi_sc_0_0/bd_0/ip/ip_106/bd_2c30_srn_11_clocks.xdc] for cell 'mr_vla_bd_v4_i/axi_sc_0/inst/s15_nodes/s15_r_node/inst'
Parsing XDC File [/tools/projects/FPGA-VLA/runs/T0036_v5/mr_vla_ipi_v4/mr_vla_ipi_v4.gen/sources_1/bd/mr_vla_bd_v4/ip/mr_vla_bd_v4_axi_sc_0_0/bd_0/ip/ip_108/bd_2c30_m00arn_0_clocks.xdc] for cell 'mr_vla_bd_v4_i/axi_sc_0/inst/m00_nodes/m00_ar_node/inst'
Finished Parsing XDC File [/tools/projects/FPGA-VLA/runs/T0036_v5/mr_vla_ipi_v4/mr_vla_ipi_v4.gen/sources_1/bd/mr_vla_bd_v4/ip/mr_vla_bd_v4_axi_sc_0_0/bd_0/ip/ip_108/bd_2c30_m00arn_0_clocks.xdc] for cell 'mr_vla_bd_v4_i/axi_sc_0/inst/m00_nodes/m00_ar_node/inst'
Parsing XDC File [/tools/projects/FPGA-VLA/runs/T0036_v5/mr_vla_ipi_v4/mr_vla_ipi_v4.gen/sources_1/bd/mr_vla_bd_v4/ip/mr_vla_bd_v4_axi_sc_0_0/bd_0/ip/ip_109/bd_2c30_m00rn_0_clocks.xdc] for cell 'mr_vla_bd_v4_i/axi_sc_0/inst/m00_nodes/m00_r_node/inst'
Finished Parsing XDC File [/tools/projects/FPGA-VLA/runs/T0036_v5/mr_vla_ipi_v4/mr_vla_ipi_v4.gen/sources_1/bd/mr_vla_bd_v4/ip/mr_vla_bd_v4_axi_sc_0_0/bd_0/ip/ip_109/bd_2c30_m00rn_0_clocks.xdc] for cell 'mr_vla_bd_v4_i/axi_sc_0/inst/m00_nodes/m00_r_node/inst'
Parsing XDC File [/tools/projects/FPGA-VLA/runs/T0036_v5/mr_vla_ipi_v4/mr_vla_ipi_v4.gen/sources_1/bd/mr_vla_bd_v4/ip/mr_vla_bd_v4_axi_sc_0_0/bd_0/ip/ip_110/bd_2c30_m00awn_0_clocks.xdc] for cell 'mr_vla_bd_v4_i/axi_sc_0/inst/m00_nodes/m00_aw_node/inst'
Finished Parsing XDC File [/tools/projects/FPGA-VLA/runs/T0036_v5/mr_vla_ipi_v4/mr_vla_ipi_v4.gen/sources_1/bd/mr_vla_bd_v4/ip/mr_vla_bd_v4_axi_sc_0_0/bd_0/ip/ip_110/bd_2c30_m00awn_0_clocks.xdc] for cell 'mr_vla_bd_v4_i/axi_sc_0/inst/m00_nodes/m00_aw_node/inst'
Parsing XDC File [/tools/projects/FPGA-VLA/runs/T0036_v5/mr_vla_ipi_v4/mr_vla_ipi_v4.gen/sources_1/bd/mr_vla_bd_v4/ip/mr_vla_bd_v4_axi_sc_0_0/bd_0/ip/ip_111/bd_2c30_m00wn_0_clocks.xdc] for cell 'mr_vla_bd_v4_i/axi_sc_0/inst/m00_nodes/m00_w_node/inst'
Finished Parsing XDC File [/tools/projects/FPGA-VLA/runs/T0036_v5/mr_vla_ipi_v4/mr_vla_ipi_v4.gen/sources_1/bd/mr_vla_bd_v4/ip/mr_vla_bd_v4_axi_sc_0_0/bd_0/ip/ip_111/bd_2c30_m00wn_0_clocks.xdc] for cell 'mr_vla_bd_v4_i/axi_sc_0/inst/m00_nodes/m00_w_node/inst'
Parsing XDC File [/tools/projects/FPGA-VLA/runs/T0036_v5/mr_vla_ipi_v4/mr_vla_ipi_v4.gen/sources_1/bd/mr_vla_bd_v4/ip/mr_vla_bd_v4_axi_sc_0_0/bd_0/ip/ip_112/bd_2c30_m00bn_0_clocks.xdc] for cell 'mr_vla_bd_v4_i/axi_sc_0/inst/m00_nodes/m00_b_node/inst'
Finished Parsing XDC File [/tools/projects/FPGA-VLA/runs/T0036_v5/mr_vla_ipi_v4/mr_vla_ipi_v4.gen/sources_1/bd/mr_vla_bd_v4/ip/mr_vla_bd_v4_axi_sc_0_0/bd_0/ip/ip_112/bd_2c30_m00bn_0_clocks.xdc] for cell 'mr_vla_bd_v4_i/axi_sc_0/inst/m00_nodes/m00_b_node/inst'
Parsing XDC File [/tools/projects/FPGA-VLA/runs/T0036_v5/mr_vla_ipi_v4/mr_vla_ipi_v4.gen/sources_1/bd/mr_vla_bd_v4/ip/mr_vla_bd_v4_axi_sc_0_0/bd_0/ip/ip_115/bd_2c30_m01arn_0_clocks.xdc] for cell 'mr_vla_bd_v4_i/axi_sc_0/inst/m01_nodes/m01_ar_node/inst'
Finished Parsing XDC File [/tools/projects/FPGA-VLA/runs/T0036_v5/mr_vla_ipi_v4/mr_vla_ipi_v4.gen/sources_1/bd/mr_vla_bd_v4/ip/mr_vla_bd_v4_axi_sc_0_0/bd_0/ip/ip_115/bd_2c30_m01arn_0_clocks.xdc] for cell 'mr_vla_bd_v4_i/axi_sc_0/inst/m01_nodes/m01_ar_node/inst'
Parsing XDC File [/tools/projects/FPGA-VLA/runs/T0036_v5/mr_vla_ipi_v4/mr_vla_ipi_v4.gen/sources_1/bd/mr_vla_bd_v4/ip/mr_vla_bd_v4_axi_sc_0_0/bd_0/ip/ip_116/bd_2c30_m01rn_0_clocks.xdc] for cell 'mr_vla_bd_v4_i/axi_sc_0/inst/m01_nodes/m01_r_node/inst'
Finished Parsing XDC File [/tools/projects/FPGA-VLA/runs/T0036_v5/mr_vla_ipi_v4/mr_vla_ipi_v4.gen/sources_1/bd/mr_vla_bd_v4/ip/mr_vla_bd_v4_axi_sc_0_0/bd_0/ip/ip_116/bd_2c30_m01rn_0_clocks.xdc] for cell 'mr_vla_bd_v4_i/axi_sc_0/inst/m01_nodes/m01_r_node/inst'
Parsing XDC File [/tools/projects/FPGA-VLA/runs/T0036_v5/mr_vla_ipi_v4/mr_vla_ipi_v4.gen/sources_1/bd/mr_vla_bd_v4/ip/mr_vla_bd_v4_axi_sc_0_0/bd_0/ip/ip_117/bd_2c30_m01awn_0_clocks.xdc] for cell 'mr_vla_bd_v4_i/axi_sc_0/inst/m01_nodes/m01_aw_node/inst'
Finished Parsing XDC File [/tools/projects/FPGA-VLA/runs/T0036_v5/mr_vla_ipi_v4/mr_vla_ipi_v4.gen/sources_1/bd/mr_vla_bd_v4/ip/mr_vla_bd_v4_axi_sc_0_0/bd_0/ip/ip_117/bd_2c30_m01awn_0_clocks.xdc] for cell 'mr_vla_bd_v4_i/axi_sc_0/inst/m01_nodes/m01_aw_node/inst'
Parsing XDC File [/tools/projects/FPGA-VLA/runs/T0036_v5/mr_vla_ipi_v4/mr_vla_ipi_v4.gen/sources_1/bd/mr_vla_bd_v4/ip/mr_vla_bd_v4_axi_sc_0_0/bd_0/ip/ip_118/bd_2c30_m01wn_0_clocks.xdc] for cell 'mr_vla_bd_v4_i/axi_sc_0/inst/m01_nodes/m01_w_node/inst'
Finished Parsing XDC File [/tools/projects/FPGA-VLA/runs/T0036_v5/mr_vla_ipi_v4/mr_vla_ipi_v4.gen/sources_1/bd/mr_vla_bd_v4/ip/mr_vla_bd_v4_axi_sc_0_0/bd_0/ip/ip_118/bd_2c30_m01wn_0_clocks.xdc] for cell 'mr_vla_bd_v4_i/axi_sc_0/inst/m01_nodes/m01_w_node/inst'
Parsing XDC File [/tools/projects/FPGA-VLA/runs/T0036_v5/mr_vla_ipi_v4/mr_vla_ipi_v4.gen/sources_1/bd/mr_vla_bd_v4/ip/mr_vla_bd_v4_axi_sc_0_0/bd_0/ip/ip_119/bd_2c30_m01bn_0_clocks.xdc] for cell 'mr_vla_bd_v4_i/axi_sc_0/inst/m01_nodes/m01_b_node/inst'
Finished Parsing XDC File [/tools/projects/FPGA-VLA/runs/T0036_v5/mr_vla_ipi_v4/mr_vla_ipi_v4.gen/sources_1/bd/mr_vla_bd_v4/ip/mr_vla_bd_v4_axi_sc_0_0/bd_0/ip/ip_119/bd_2c30_m01bn_0_clocks.xdc] for cell 'mr_vla_bd_v4_i/axi_sc_0/inst/m01_nodes/m01_b_node/inst'
Parsing XDC File [/tools/projects/FPGA-VLA/runs/T0036_v5/mr_vla_ipi_v4/mr_vla_ipi_v4.gen/sources_1/bd/mr_vla_bd_v4/ip/mr_vla_bd_v4_axi_sc_0_0/bd_0/ip/ip_93/bd_2c30_swn_3_clocks.xdc] for cell 'mr_vla_bd_v4_i/axi_sc_0/inst/s13_nodes/s13_w_node/inst'
Finished Parsing XDC File [/tools/projects/FPGA-VLA/runs/T0036_v5/mr_vla_ipi_v4/mr_vla_ipi_v4.gen/sources_1/bd/mr_vla_bd_v4/ip/mr_vla_bd_v4_axi_sc_0_0/bd_0/ip/ip_93/bd_2c30_swn_3_clocks.xdc] for cell 'mr_vla_bd_v4_i/axi_sc_0/inst/s13_nodes/s13_w_node/inst'
Parsing XDC File [/tools/projects/FPGA-VLA/runs/T0036_v5/mr_vla_ipi_v4/mr_vla_ipi_v4.gen/sources_1/bd/mr_vla_bd_v4/ip/mr_vla_bd_v4_axi_sc_0_0/bd_0/ip/ip_123/bd_2c30_m02rn_0_clocks.xdc] for cell 'mr_vla_bd_v4_i/axi_sc_0/inst/m02_nodes/m02_r_node/inst'
Finished Parsing XDC File [/tools/projects/FPGA-VLA/runs/T0036_v5/mr_vla_ipi_v4/mr_vla_ipi_v4.gen/sources_1/bd/mr_vla_bd_v4/ip/mr_vla_bd_v4_axi_sc_0_0/bd_0/ip/ip_123/bd_2c30_m02rn_0_clocks.xdc] for cell 'mr_vla_bd_v4_i/axi_sc_0/inst/m02_nodes/m02_r_node/inst'
Parsing XDC File [/tools/projects/FPGA-VLA/runs/T0036_v5/mr_vla_ipi_v4/mr_vla_ipi_v4.gen/sources_1/bd/mr_vla_bd_v4/ip/mr_vla_bd_v4_axi_sc_0_0/bd_0/ip/ip_124/bd_2c30_m02awn_0_clocks.xdc] for cell 'mr_vla_bd_v4_i/axi_sc_0/inst/m02_nodes/m02_aw_node/inst'
Finished Parsing XDC File [/tools/projects/FPGA-VLA/runs/T0036_v5/mr_vla_ipi_v4/mr_vla_ipi_v4.gen/sources_1/bd/mr_vla_bd_v4/ip/mr_vla_bd_v4_axi_sc_0_0/bd_0/ip/ip_124/bd_2c30_m02awn_0_clocks.xdc] for cell 'mr_vla_bd_v4_i/axi_sc_0/inst/m02_nodes/m02_aw_node/inst'
Parsing XDC File [/tools/projects/FPGA-VLA/runs/T0036_v5/mr_vla_ipi_v4/mr_vla_ipi_v4.gen/sources_1/bd/mr_vla_bd_v4/ip/mr_vla_bd_v4_axi_sc_0_0/bd_0/ip/ip_125/bd_2c30_m02wn_0_clocks.xdc] for cell 'mr_vla_bd_v4_i/axi_sc_0/inst/m02_nodes/m02_w_node/inst'
Finished Parsing XDC File [/tools/projects/FPGA-VLA/runs/T0036_v5/mr_vla_ipi_v4/mr_vla_ipi_v4.gen/sources_1/bd/mr_vla_bd_v4/ip/mr_vla_bd_v4_axi_sc_0_0/bd_0/ip/ip_125/bd_2c30_m02wn_0_clocks.xdc] for cell 'mr_vla_bd_v4_i/axi_sc_0/inst/m02_nodes/m02_w_node/inst'
Parsing XDC File [/tools/projects/FPGA-VLA/runs/T0036_v5/mr_vla_ipi_v4/mr_vla_ipi_v4.gen/sources_1/bd/mr_vla_bd_v4/ip/mr_vla_bd_v4_axi_sc_0_0/bd_0/ip/ip_126/bd_2c30_m02bn_0_clocks.xdc] for cell 'mr_vla_bd_v4_i/axi_sc_0/inst/m02_nodes/m02_b_node/inst'
Finished Parsing XDC File [/tools/projects/FPGA-VLA/runs/T0036_v5/mr_vla_ipi_v4/mr_vla_ipi_v4.gen/sources_1/bd/mr_vla_bd_v4/ip/mr_vla_bd_v4_axi_sc_0_0/bd_0/ip/ip_126/bd_2c30_m02bn_0_clocks.xdc] for cell 'mr_vla_bd_v4_i/axi_sc_0/inst/m02_nodes/m02_b_node/inst'
Parsing XDC File [/tools/projects/FPGA-VLA/runs/T0036_v5/mr_vla_ipi_v4/mr_vla_ipi_v4.gen/sources_1/bd/mr_vla_bd_v4/ip/mr_vla_bd_v4_axi_sc_0_0/bd_0/ip/ip_129/bd_2c30_m03arn_0_clocks.xdc] for cell 'mr_vla_bd_v4_i/axi_sc_0/inst/m03_nodes/m03_ar_node/inst'
Finished Parsing XDC File [/tools/projects/FPGA-VLA/runs/T0036_v5/mr_vla_ipi_v4/mr_vla_ipi_v4.gen/sources_1/bd/mr_vla_bd_v4/ip/mr_vla_bd_v4_axi_sc_0_0/bd_0/ip/ip_129/bd_2c30_m03arn_0_clocks.xdc] for cell 'mr_vla_bd_v4_i/axi_sc_0/inst/m03_nodes/m03_ar_node/inst'
Parsing XDC File [/tools/projects/FPGA-VLA/runs/T0036_v5/mr_vla_ipi_v4/mr_vla_ipi_v4.gen/sources_1/bd/mr_vla_bd_v4/ip/mr_vla_bd_v4_axi_sc_0_0/bd_0/ip/ip_130/bd_2c30_m03rn_0_clocks.xdc] for cell 'mr_vla_bd_v4_i/axi_sc_0/inst/m03_nodes/m03_r_node/inst'
Finished Parsing XDC File [/tools/projects/FPGA-VLA/runs/T0036_v5/mr_vla_ipi_v4/mr_vla_ipi_v4.gen/sources_1/bd/mr_vla_bd_v4/ip/mr_vla_bd_v4_axi_sc_0_0/bd_0/ip/ip_130/bd_2c30_m03rn_0_clocks.xdc] for cell 'mr_vla_bd_v4_i/axi_sc_0/inst/m03_nodes/m03_r_node/inst'
Parsing XDC File [/tools/projects/FPGA-VLA/runs/T0036_v5/mr_vla_ipi_v4/mr_vla_ipi_v4.gen/sources_1/bd/mr_vla_bd_v4/ip/mr_vla_bd_v4_axi_sc_0_0/bd_0/ip/ip_131/bd_2c30_m03awn_0_clocks.xdc] for cell 'mr_vla_bd_v4_i/axi_sc_0/inst/m03_nodes/m03_aw_node/inst'
Finished Parsing XDC File [/tools/projects/FPGA-VLA/runs/T0036_v5/mr_vla_ipi_v4/mr_vla_ipi_v4.gen/sources_1/bd/mr_vla_bd_v4/ip/mr_vla_bd_v4_axi_sc_0_0/bd_0/ip/ip_131/bd_2c30_m03awn_0_clocks.xdc] for cell 'mr_vla_bd_v4_i/axi_sc_0/inst/m03_nodes/m03_aw_node/inst'
Parsing XDC File [/tools/projects/FPGA-VLA/runs/T0036_v5/mr_vla_ipi_v4/mr_vla_ipi_v4.gen/sources_1/bd/mr_vla_bd_v4/ip/mr_vla_bd_v4_axi_sc_0_0/bd_0/ip/ip_132/bd_2c30_m03wn_0_clocks.xdc] for cell 'mr_vla_bd_v4_i/axi_sc_0/inst/m03_nodes/m03_w_node/inst'
Finished Parsing XDC File [/tools/projects/FPGA-VLA/runs/T0036_v5/mr_vla_ipi_v4/mr_vla_ipi_v4.gen/sources_1/bd/mr_vla_bd_v4/ip/mr_vla_bd_v4_axi_sc_0_0/bd_0/ip/ip_132/bd_2c30_m03wn_0_clocks.xdc] for cell 'mr_vla_bd_v4_i/axi_sc_0/inst/m03_nodes/m03_w_node/inst'
Parsing XDC File [/tools/projects/FPGA-VLA/runs/T0036_v5/mr_vla_ipi_v4/mr_vla_ipi_v4.gen/sources_1/bd/mr_vla_bd_v4/ip/mr_vla_bd_v4_axi_sc_0_0/bd_0/ip/ip_133/bd_2c30_m03bn_0_clocks.xdc] for cell 'mr_vla_bd_v4_i/axi_sc_0/inst/m03_nodes/m03_b_node/inst'
Finished Parsing XDC File [/tools/projects/FPGA-VLA/runs/T0036_v5/mr_vla_ipi_v4/mr_vla_ipi_v4.gen/sources_1/bd/mr_vla_bd_v4/ip/mr_vla_bd_v4_axi_sc_0_0/bd_0/ip/ip_133/bd_2c30_m03bn_0_clocks.xdc] for cell 'mr_vla_bd_v4_i/axi_sc_0/inst/m03_nodes/m03_b_node/inst'
Parsing XDC File [/tools/projects/FPGA-VLA/runs/T0036_v5/mr_vla_ipi_v4/mr_vla_ipi_v4.gen/sources_1/bd/mr_vla_bd_v4/ip/mr_vla_bd_v4_axi_sc_0_0/smartconnect.xdc] for cell 'mr_vla_bd_v4_i/axi_sc_0/inst'
WARNING: [Vivado_Tcl 4-919] Waiver ID 'CDC-1' -from list should not be empty. [/tools/projects/FPGA-VLA/runs/T0036_v5/mr_vla_ipi_v4/mr_vla_ipi_v4.gen/sources_1/bd/mr_vla_bd_v4/ip/mr_vla_bd_v4_axi_sc_0_0/smartconnect.xdc:1]
Finished Parsing XDC File [/tools/projects/FPGA-VLA/runs/T0036_v5/mr_vla_ipi_v4/mr_vla_ipi_v4.gen/sources_1/bd/mr_vla_bd_v4/ip/mr_vla_bd_v4_axi_sc_0_0/smartconnect.xdc] for cell 'mr_vla_bd_v4_i/axi_sc_0/inst'
Parsing XDC File [/tools/projects/FPGA-VLA/runs/T0036_v5/mr_vla_ipi_v4/mr_vla_ipi_v4.gen/sources_1/bd/mr_vla_bd_v4/ip/mr_vla_bd_v4_u_xmod_0/constraints/xmod_attn_v1_ooc.xdc] for cell 'mr_vla_bd_v4_i/u_xmod/inst'
create_clock: Time (s): cpu = 00:00:05 ; elapsed = 00:00:05 . Memory (MB): peak = 4336.531 ; gain = 100.281 ; free physical = 53010 ; free virtual = 57908
Finished Parsing XDC File [/tools/projects/FPGA-VLA/runs/T0036_v5/mr_vla_ipi_v4/mr_vla_ipi_v4.gen/sources_1/bd/mr_vla_bd_v4/ip/mr_vla_bd_v4_u_xmod_0/constraints/xmod_attn_v1_ooc.xdc] for cell 'mr_vla_bd_v4_i/u_xmod/inst'
Parsing XDC File [/tools/projects/FPGA-VLA/runs/T0036_v5/mr_vla_ipi_v4/mr_vla_ipi_v4.gen/sources_1/bd/mr_vla_bd_v4/ip/mr_vla_bd_v4_u_gvsa_0/constraints/gvsa_matmul_ooc.xdc] for cell 'mr_vla_bd_v4_i/u_gvsa/inst'
WARNING: [Constraints 18-619] A clock with name 'ap_clk' already exists, overwriting the previous clock with the same name. [/tools/projects/FPGA-VLA/runs/T0036_v5/mr_vla_ipi_v4/mr_vla_ipi_v4.gen/sources_1/bd/mr_vla_bd_v4/ip/mr_vla_bd_v4_u_gvsa_0/constraints/gvsa_matmul_ooc.xdc:5]
Finished Parsing XDC File [/tools/projects/FPGA-VLA/runs/T0036_v5/mr_vla_ipi_v4/mr_vla_ipi_v4.gen/sources_1/bd/mr_vla_bd_v4/ip/mr_vla_bd_v4_u_gvsa_0/constraints/gvsa_matmul_ooc.xdc] for cell 'mr_vla_bd_v4_i/u_gvsa/inst'
Parsing XDC File [/tools/projects/FPGA-VLA/runs/T0036_v5/mr_vla_ipi_v4/mr_vla_ipi_v4.gen/sources_1/bd/mr_vla_bd_v4/ip/mr_vla_bd_v4_u_adh_0/constraints/action_diff_head_ooc.xdc] for cell 'mr_vla_bd_v4_i/u_adh/inst'
WARNING: [Constraints 18-619] A clock with name 'ap_clk' already exists, overwriting the previous clock with the same name. [/tools/projects/FPGA-VLA/runs/T0036_v5/mr_vla_ipi_v4/mr_vla_ipi_v4.gen/sources_1/bd/mr_vla_bd_v4/ip/mr_vla_bd_v4_u_adh_0/constraints/action_diff_head_ooc.xdc:5]
Finished Parsing XDC File [/tools/projects/FPGA-VLA/runs/T0036_v5/mr_vla_ipi_v4/mr_vla_ipi_v4.gen/sources_1/bd/mr_vla_bd_v4/ip/mr_vla_bd_v4_u_adh_0/constraints/action_diff_head_ooc.xdc] for cell 'mr_vla_bd_v4_i/u_adh/inst'
Parsing XDC File [/tools/projects/FPGA-VLA/runs/T0036_v5/mr_vla_ipi_v4/mr_vla_ipi_v4.gen/sources_1/bd/mr_vla_bd_v4/ip/mr_vla_bd_v4_u_vit_0/constraints/vit_encoder_12layer_ooc.xdc] for cell 'mr_vla_bd_v4_i/u_vit/inst'
WARNING: [Constraints 18-619] A clock with name 'ap_clk' already exists, overwriting the previous clock with the same name. [/tools/projects/FPGA-VLA/runs/T0036_v5/mr_vla_ipi_v4/mr_vla_ipi_v4.gen/sources_1/bd/mr_vla_bd_v4/ip/mr_vla_bd_v4_u_vit_0/constraints/vit_encoder_12layer_ooc.xdc:5]
Finished Parsing XDC File [/tools/projects/FPGA-VLA/runs/T0036_v5/mr_vla_ipi_v4/mr_vla_ipi_v4.gen/sources_1/bd/mr_vla_bd_v4/ip/mr_vla_bd_v4_u_vit_0/constraints/vit_encoder_12layer_ooc.xdc] for cell 'mr_vla_bd_v4_i/u_vit/inst'
Parsing XDC File [/tools/projects/FPGA-VLA/runs/T0036_v5/mr_vla_ipi_v4/mr_vla_ipi_v4.gen/sources_1/bd/mr_vla_bd_v4/ip/mr_vla_bd_v4_axi_sc_0_0/ooc.xdc] for cell 'mr_vla_bd_v4_i/axi_sc_0/inst'
CRITICAL WARNING: [Constraints 18-1056] Clock 'aclk' completely overrides clock 'ap_clk'.
New: create_clock -period 4.000 -name aclk [get_ports clk], [/tools/projects/FPGA-VLA/runs/T0036_v5/mr_vla_ipi_v4/mr_vla_ipi_v4.gen/sources_1/bd/mr_vla_bd_v4/ip/mr_vla_bd_v4_axi_sc_0_0/ooc.xdc:3]
Previous: create_clock -period 4.000 -name ap_clk [get_ports clk], [/tools/projects/FPGA-VLA/runs/T0036_v5/mr_vla_ipi_v4/mr_vla_ipi_v4.gen/sources_1/bd/mr_vla_bd_v4/ip/mr_vla_bd_v4_u_vit_0/constraints/vit_encoder_12layer_ooc.xdc:5]
Resolution: Review the constraint files and remove the redundant clock definition(s). If the clock constraints are not saved in a file, you can first save the constraints to an XDC file and reload the design once the constraints have been corrected.
Finished Parsing XDC File [/tools/projects/FPGA-VLA/runs/T0036_v5/mr_vla_ipi_v4/mr_vla_ipi_v4.gen/sources_1/bd/mr_vla_bd_v4/ip/mr_vla_bd_v4_axi_sc_0_0/ooc.xdc] for cell 'mr_vla_bd_v4_i/axi_sc_0/inst'
Parsing XDC File [/tools/projects/FPGA-VLA/runs/T0036_v5/mr_vla_ipi_v4/mr_vla_ipi_v4.gen/sources_1/bd/mr_vla_bd_v4/ip/mr_vla_bd_v4_axi_sc_0_0/bd_0/ip/ip_49/bd_2c30_sarn_4_clocks.xdc] for cell 'mr_vla_bd_v4_i/axi_sc_0/inst/s06_nodes/s06_ar_node/inst'
Finished Parsing XDC File [/tools/projects/FPGA-VLA/runs/T0036_v5/mr_vla_ipi_v4/mr_vla_ipi_v4.gen/sources_1/bd/mr_vla_bd_v4/ip/mr_vla_bd_v4_axi_sc_0_0/bd_0/ip/ip_49/bd_2c30_sarn_4_clocks.xdc] for cell 'mr_vla_bd_v4_i/axi_sc_0/inst/s06_nodes/s06_ar_node/inst'
Parsing XDC File [/tools/projects/FPGA-VLA/runs/T0036_v5/mr_vla_ipi_v4/mr_vla_ipi_v4.gen/sources_1/bd/mr_vla_bd_v4/ip/mr_vla_bd_v4_axi_sc_0_0/bd_0/ip/ip_1/bd_2c30_psr_aclk_0.xdc] for cell 'mr_vla_bd_v4_i/axi_sc_0/inst/clk_map/psr_aclk/U0'
Finished Parsing XDC File [/tools/projects/FPGA-VLA/runs/T0036_v5/mr_vla_ipi_v4/mr_vla_ipi_v4.gen/sources_1/bd/mr_vla_bd_v4/ip/mr_vla_bd_v4_axi_sc_0_0/bd_0/ip/ip_1/bd_2c30_psr_aclk_0.xdc] for cell 'mr_vla_bd_v4_i/axi_sc_0/inst/clk_map/psr_aclk/U0'
Parsing XDC File [/tools/projects/FPGA-VLA/runs/T0036_v5/mr_vla_ipi_v4/mr_vla_ipi_v4.gen/sources_1/bd/mr_vla_bd_v4/ip/mr_vla_bd_v4_axi_sc_0_0/bd_0/ip/ip_11/bd_2c30_sarn_0_clocks.xdc] for cell 'mr_vla_bd_v4_i/axi_sc_0/inst/s00_nodes/s00_ar_node/inst'
Finished Parsing XDC File [/tools/projects/FPGA-VLA/runs/T0036_v5/mr_vla_ipi_v4/mr_vla_ipi_v4.gen/sources_1/bd/mr_vla_bd_v4/ip/mr_vla_bd_v4_axi_sc_0_0/bd_0/ip/ip_11/bd_2c30_sarn_0_clocks.xdc] for cell 'mr_vla_bd_v4_i/axi_sc_0/inst/s00_nodes/s00_ar_node/inst'
Parsing XDC File [/tools/projects/FPGA-VLA/runs/T0036_v5/mr_vla_ipi_v4/mr_vla_ipi_v4.gen/sources_1/bd/mr_vla_bd_v4/ip/mr_vla_bd_v4_axi_sc_0_0/bd_0/ip/ip_12/bd_2c30_srn_0_clocks.xdc] for cell 'mr_vla_bd_v4_i/axi_sc_0/inst/s00_nodes/s00_r_node/inst'
Finished Parsing XDC File [/tools/projects/FPGA-VLA/runs/T0036_v5/mr_vla_ipi_v4/mr_vla_ipi_v4.gen/sources_1/bd/mr_vla_bd_v4/ip/mr_vla_bd_v4_axi_sc_0_0/bd_0/ip/ip_12/bd_2c30_srn_0_clocks.xdc] for cell 'mr_vla_bd_v4_i/axi_sc_0/inst/s00_nodes/s00_r_node/inst'
Parsing XDC File [/tools/projects/FPGA-VLA/runs/T0036_v5/mr_vla_ipi_v4/mr_vla_ipi_v4.gen/sources_1/bd/mr_vla_bd_v4/ip/mr_vla_bd_v4_axi_sc_0_0/bd_0/ip/ip_17/bd_2c30_sawn_0_clocks.xdc] for cell 'mr_vla_bd_v4_i/axi_sc_0/inst/s01_nodes/s01_aw_node/inst'
Finished Parsing XDC File [/tools/projects/FPGA-VLA/runs/T0036_v5/mr_vla_ipi_v4/mr_vla_ipi_v4.gen/sources_1/bd/mr_vla_bd_v4/ip/mr_vla_bd_v4_axi_sc_0_0/bd_0/ip/ip_17/bd_2c30_sawn_0_clocks.xdc] for cell 'mr_vla_bd_v4_i/axi_sc_0/inst/s01_nodes/s01_aw_node/inst'
Parsing XDC File [/tools/projects/FPGA-VLA/runs/T0036_v5/mr_vla_ipi_v4/mr_vla_ipi_v4.gen/sources_1/bd/mr_vla_bd_v4/ip/mr_vla_bd_v4_axi_sc_0_0/bd_0/ip/ip_18/bd_2c30_swn_0_clocks.xdc] for cell 'mr_vla_bd_v4_i/axi_sc_0/inst/s01_nodes/s01_w_node/inst'
Finished Parsing XDC File [/tools/projects/FPGA-VLA/runs/T0036_v5/mr_vla_ipi_v4/mr_vla_ipi_v4.gen/sources_1/bd/mr_vla_bd_v4/ip/mr_vla_bd_v4_axi_sc_0_0/bd_0/ip/ip_18/bd_2c30_swn_0_clocks.xdc] for cell 'mr_vla_bd_v4_i/axi_sc_0/inst/s01_nodes/s01_w_node/inst'
Parsing XDC File [/tools/projects/FPGA-VLA/runs/T0036_v5/mr_vla_ipi_v4/mr_vla_ipi_v4.gen/sources_1/bd/mr_vla_bd_v4/ip/mr_vla_bd_v4_axi_sc_0_0/bd_0/ip/ip_19/bd_2c30_sbn_0_clocks.xdc] for cell 'mr_vla_bd_v4_i/axi_sc_0/inst/s01_nodes/s01_b_node/inst'
Finished Parsing XDC File [/tools/projects/FPGA-VLA/runs/T0036_v5/mr_vla_ipi_v4/mr_vla_ipi_v4.gen/sources_1/bd/mr_vla_bd_v4/ip/mr_vla_bd_v4_axi_sc_0_0/bd_0/ip/ip_19/bd_2c30_sbn_0_clocks.xdc] for cell 'mr_vla_bd_v4_i/axi_sc_0/inst/s01_nodes/s01_b_node/inst'
Parsing XDC File [/tools/projects/FPGA-VLA/runs/T0036_v5/mr_vla_ipi_v4/mr_vla_ipi_v4.gen/sources_1/bd/mr_vla_bd_v4/ip/mr_vla_bd_v4_axi_sc_0_0/bd_0/ip/ip_24/bd_2c30_sarn_1_clocks.xdc] for cell 'mr_vla_bd_v4_i/axi_sc_0/inst/s02_nodes/s02_ar_node/inst'
Finished Parsing XDC File [/tools/projects/FPGA-VLA/runs/T0036_v5/mr_vla_ipi_v4/mr_vla_ipi_v4.gen/sources_1/bd/mr_vla_bd_v4/ip/mr_vla_bd_v4_axi_sc_0_0/bd_0/ip/ip_24/bd_2c30_sarn_1_clocks.xdc] for cell 'mr_vla_bd_v4_i/axi_sc_0/inst/s02_nodes/s02_ar_node/inst'
Parsing XDC File [/tools/projects/FPGA-VLA/runs/T0036_v5/mr_vla_ipi_v4/mr_vla_ipi_v4.gen/sources_1/bd/mr_vla_bd_v4/ip/mr_vla_bd_v4_axi_sc_0_0/bd_0/ip/ip_25/bd_2c30_srn_1_clocks.xdc] for cell 'mr_vla_bd_v4_i/axi_sc_0/inst/s02_nodes/s02_r_node/inst'
Finished Parsing XDC File [/tools/projects/FPGA-VLA/runs/T0036_v5/mr_vla_ipi_v4/mr_vla_ipi_v4.gen/sources_1/bd/mr_vla_bd_v4/ip/mr_vla_bd_v4_axi_sc_0_0/bd_0/ip/ip_25/bd_2c30_srn_1_clocks.xdc] for cell 'mr_vla_bd_v4_i/axi_sc_0/inst/s02_nodes/s02_r_node/inst'
Parsing XDC File [/tools/projects/FPGA-VLA/runs/T0036_v5/mr_vla_ipi_v4/mr_vla_ipi_v4.gen/sources_1/bd/mr_vla_bd_v4/ip/mr_vla_bd_v4_axi_sc_0_0/bd_0/ip/ip_30/bd_2c30_sarn_2_clocks.xdc] for cell 'mr_vla_bd_v4_i/axi_sc_0/inst/s03_nodes/s03_ar_node/inst'
Finished Parsing XDC File [/tools/projects/FPGA-VLA/runs/T0036_v5/mr_vla_ipi_v4/mr_vla_ipi_v4.gen/sources_1/bd/mr_vla_bd_v4/ip/mr_vla_bd_v4_axi_sc_0_0/bd_0/ip/ip_30/bd_2c30_sarn_2_clocks.xdc] for cell 'mr_vla_bd_v4_i/axi_sc_0/inst/s03_nodes/s03_ar_node/inst'
Parsing XDC File [/tools/projects/FPGA-VLA/runs/T0036_v5/mr_vla_ipi_v4/mr_vla_ipi_v4.gen/sources_1/bd/mr_vla_bd_v4/ip/mr_vla_bd_v4_axi_sc_0_0/bd_0/ip/ip_31/bd_2c30_srn_2_clocks.xdc] for cell 'mr_vla_bd_v4_i/axi_sc_0/inst/s03_nodes/s03_r_node/inst'
Finished Parsing XDC File [/tools/projects/FPGA-VLA/runs/T0036_v5/mr_vla_ipi_v4/mr_vla_ipi_v4.gen/sources_1/bd/mr_vla_bd_v4/ip/mr_vla_bd_v4_axi_sc_0_0/bd_0/ip/ip_31/bd_2c30_srn_2_clocks.xdc] for cell 'mr_vla_bd_v4_i/axi_sc_0/inst/s03_nodes/s03_r_node/inst'
Parsing XDC File [/tools/projects/FPGA-VLA/runs/T0036_v5/mr_vla_ipi_v4/mr_vla_ipi_v4.gen/sources_1/bd/mr_vla_bd_v4/ip/mr_vla_bd_v4_axi_sc_0_0/bd_0/ip/ip_36/bd_2c30_sarn_3_clocks.xdc] for cell 'mr_vla_bd_v4_i/axi_sc_0/inst/s04_nodes/s04_ar_node/inst'
Finished Parsing XDC File [/tools/projects/FPGA-VLA/runs/T0036_v5/mr_vla_ipi_v4/mr_vla_ipi_v4.gen/sources_1/bd/mr_vla_bd_v4/ip/mr_vla_bd_v4_axi_sc_0_0/bd_0/ip/ip_36/bd_2c30_sarn_3_clocks.xdc] for cell 'mr_vla_bd_v4_i/axi_sc_0/inst/s04_nodes/s04_ar_node/inst'
Parsing XDC File [/tools/projects/FPGA-VLA/runs/T0036_v5/mr_vla_ipi_v4/mr_vla_ipi_v4.gen/sources_1/bd/mr_vla_bd_v4/ip/mr_vla_bd_v4_axi_sc_0_0/bd_0/ip/ip_37/bd_2c30_srn_3_clocks.xdc] for cell 'mr_vla_bd_v4_i/axi_sc_0/inst/s04_nodes/s04_r_node/inst'
Finished Parsing XDC File [/tools/projects/FPGA-VLA/runs/T0036_v5/mr_vla_ipi_v4/mr_vla_ipi_v4.gen/sources_1/bd/mr_vla_bd_v4/ip/mr_vla_bd_v4_axi_sc_0_0/bd_0/ip/ip_37/bd_2c30_srn_3_clocks.xdc] for cell 'mr_vla_bd_v4_i/axi_sc_0/inst/s04_nodes/s04_r_node/inst'
Parsing XDC File [/tools/projects/FPGA-VLA/runs/T0036_v5/mr_vla_ipi_v4/mr_vla_ipi_v4.gen/sources_1/bd/mr_vla_bd_v4/ip/mr_vla_bd_v4_axi_sc_0_0/bd_0/ip/ip_42/bd_2c30_sawn_1_clocks.xdc] for cell 'mr_vla_bd_v4_i/axi_sc_0/inst/s05_nodes/s05_aw_node/inst'
Finished Parsing XDC File [/tools/projects/FPGA-VLA/runs/T0036_v5/mr_vla_ipi_v4/mr_vla_ipi_v4.gen/sources_1/bd/mr_vla_bd_v4/ip/mr_vla_bd_v4_axi_sc_0_0/bd_0/ip/ip_42/bd_2c30_sawn_1_clocks.xdc] for cell 'mr_vla_bd_v4_i/axi_sc_0/inst/s05_nodes/s05_aw_node/inst'
Parsing XDC File [/tools/projects/FPGA-VLA/runs/T0036_v5/mr_vla_ipi_v4/mr_vla_ipi_v4.gen/sources_1/bd/mr_vla_bd_v4/ip/mr_vla_bd_v4_axi_sc_0_0/bd_0/ip/ip_43/bd_2c30_swn_1_clocks.xdc] for cell 'mr_vla_bd_v4_i/axi_sc_0/inst/s05_nodes/s05_w_node/inst'
Finished Parsing XDC File [/tools/projects/FPGA-VLA/runs/T0036_v5/mr_vla_ipi_v4/mr_vla_ipi_v4.gen/sources_1/bd/mr_vla_bd_v4/ip/mr_vla_bd_v4_axi_sc_0_0/bd_0/ip/ip_43/bd_2c30_swn_1_clocks.xdc] for cell 'mr_vla_bd_v4_i/axi_sc_0/inst/s05_nodes/s05_w_node/inst'
Parsing XDC File [/tools/projects/FPGA-VLA/runs/T0036_v5/mr_vla_ipi_v4/mr_vla_ipi_v4.gen/sources_1/bd/mr_vla_bd_v4/ip/mr_vla_bd_v4_axi_sc_0_0/bd_0/ip/ip_44/bd_2c30_sbn_1_clocks.xdc] for cell 'mr_vla_bd_v4_i/axi_sc_0/inst/s05_nodes/s05_b_node/inst'
Finished Parsing XDC File [/tools/projects/FPGA-VLA/runs/T0036_v5/mr_vla_ipi_v4/mr_vla_ipi_v4.gen/sources_1/bd/mr_vla_bd_v4/ip/mr_vla_bd_v4_axi_sc_0_0/bd_0/ip/ip_44/bd_2c30_sbn_1_clocks.xdc] for cell 'mr_vla_bd_v4_i/axi_sc_0/inst/s05_nodes/s05_b_node/inst'
Parsing XDC File [/tools/projects/FPGA-VLA/runs/T0036_v5/mr_vla_ipi_v4/mr_vla_ipi_v4.gen/sources_1/bd/mr_vla_bd_v4/ip/mr_vla_bd_v4_axi_sc_0_0/bd_0/ip/ip_1/bd_2c30_psr_aclk_0_board.xdc] for cell 'mr_vla_bd_v4_i/axi_sc_0/inst/clk_map/psr_aclk/U0'
Finished Parsing XDC File [/tools/projects/FPGA-VLA/runs/T0036_v5/mr_vla_ipi_v4/mr_vla_ipi_v4.gen/sources_1/bd/mr_vla_bd_v4/ip/mr_vla_bd_v4_axi_sc_0_0/bd_0/ip/ip_1/bd_2c30_psr_aclk_0_board.xdc] for cell 'mr_vla_bd_v4_i/axi_sc_0/inst/clk_map/psr_aclk/U0'
Parsing XDC File [/tools/projects/FPGA-VLA/runs/T0036_v5/mr_vla_ipi_v4/mr_vla_ipi_v4.gen/sources_1/bd/mr_vla_bd_v4/ip/mr_vla_bd_v4_axi_sc_0_0/bd_0/ip/ip_50/bd_2c30_srn_4_clocks.xdc] for cell 'mr_vla_bd_v4_i/axi_sc_0/inst/s06_nodes/s06_r_node/inst'
Finished Parsing XDC File [/tools/projects/FPGA-VLA/runs/T0036_v5/mr_vla_ipi_v4/mr_vla_ipi_v4.gen/sources_1/bd/mr_vla_bd_v4/ip/mr_vla_bd_v4_axi_sc_0_0/bd_0/ip/ip_50/bd_2c30_srn_4_clocks.xdc] for cell 'mr_vla_bd_v4_i/axi_sc_0/inst/s06_nodes/s06_r_node/inst'
Parsing XDC File [/tools/projects/FPGA-VLA/runs/T0036_v5/mr_vla_ipi_v4/mr_vla_ipi_v4.gen/sources_1/bd/mr_vla_bd_v4/ip/mr_vla_bd_v4_axi_sc_0_0/bd_0/ip/ip_55/bd_2c30_sarn_5_clocks.xdc] for cell 'mr_vla_bd_v4_i/axi_sc_0/inst/s07_nodes/s07_ar_node/inst'
Finished Parsing XDC File [/tools/projects/FPGA-VLA/runs/T0036_v5/mr_vla_ipi_v4/mr_vla_ipi_v4.gen/sources_1/bd/mr_vla_bd_v4/ip/mr_vla_bd_v4_axi_sc_0_0/bd_0/ip/ip_55/bd_2c30_sarn_5_clocks.xdc] for cell 'mr_vla_bd_v4_i/axi_sc_0/inst/s07_nodes/s07_ar_node/inst'
Parsing XDC File [/tools/projects/FPGA-VLA/runs/T0036_v5/mr_vla_ipi_v4/mr_vla_ipi_v4.gen/sources_1/bd/mr_vla_bd_v4/ip/mr_vla_bd_v4_axi_sc_0_0/bd_0/ip/ip_56/bd_2c30_srn_5_clocks.xdc] for cell 'mr_vla_bd_v4_i/axi_sc_0/inst/s07_nodes/s07_r_node/inst'
Finished Parsing XDC File [/tools/projects/FPGA-VLA/runs/T0036_v5/mr_vla_ipi_v4/mr_vla_ipi_v4.gen/sources_1/bd/mr_vla_bd_v4/ip/mr_vla_bd_v4_axi_sc_0_0/bd_0/ip/ip_56/bd_2c30_srn_5_clocks.xdc] for cell 'mr_vla_bd_v4_i/axi_sc_0/inst/s07_nodes/s07_r_node/inst'
Parsing XDC File [/tools/projects/FPGA-VLA/runs/T0036_v5/mr_vla_ipi_v4/mr_vla_ipi_v4.gen/sources_1/bd/mr_vla_bd_v4/ip/mr_vla_bd_v4_axi_sc_0_0/bd_0/ip/ip_61/bd_2c30_sarn_6_clocks.xdc] for cell 'mr_vla_bd_v4_i/axi_sc_0/inst/s08_nodes/s08_ar_node/inst'
Finished Parsing XDC File [/tools/projects/FPGA-VLA/runs/T0036_v5/mr_vla_ipi_v4/mr_vla_ipi_v4.gen/sources_1/bd/mr_vla_bd_v4/ip/mr_vla_bd_v4_axi_sc_0_0/bd_0/ip/ip_61/bd_2c30_sarn_6_clocks.xdc] for cell 'mr_vla_bd_v4_i/axi_sc_0/inst/s08_nodes/s08_ar_node/inst'
Parsing XDC File [/tools/projects/FPGA-VLA/runs/T0036_v5/mr_vla_ipi_v4/mr_vla_ipi_v4.gen/sources_1/bd/mr_vla_bd_v4/ip/mr_vla_bd_v4_axi_sc_0_0/bd_0/ip/ip_62/bd_2c30_srn_6_clocks.xdc] for cell 'mr_vla_bd_v4_i/axi_sc_0/inst/s08_nodes/s08_r_node/inst'
Finished Parsing XDC File [/tools/projects/FPGA-VLA/runs/T0036_v5/mr_vla_ipi_v4/mr_vla_ipi_v4.gen/sources_1/bd/mr_vla_bd_v4/ip/mr_vla_bd_v4_axi_sc_0_0/bd_0/ip/ip_62/bd_2c30_srn_6_clocks.xdc] for cell 'mr_vla_bd_v4_i/axi_sc_0/inst/s08_nodes/s08_r_node/inst'
Parsing XDC File [/tools/projects/FPGA-VLA/runs/T0036_v5/mr_vla_ipi_v4/mr_vla_ipi_v4.gen/sources_1/bd/mr_vla_bd_v4/ip/mr_vla_bd_v4_axi_sc_0_0/bd_0/ip/ip_67/bd_2c30_sawn_2_clocks.xdc] for cell 'mr_vla_bd_v4_i/axi_sc_0/inst/s09_nodes/s09_aw_node/inst'
Finished Parsing XDC File [/tools/projects/FPGA-VLA/runs/T0036_v5/mr_vla_ipi_v4/mr_vla_ipi_v4.gen/sources_1/bd/mr_vla_bd_v4/ip/mr_vla_bd_v4_axi_sc_0_0/bd_0/ip/ip_67/bd_2c30_sawn_2_clocks.xdc] for cell 'mr_vla_bd_v4_i/axi_sc_0/inst/s09_nodes/s09_aw_node/inst'
Parsing XDC File [/tools/projects/FPGA-VLA/runs/T0036_v5/mr_vla_ipi_v4/mr_vla_ipi_v4.gen/sources_1/bd/mr_vla_bd_v4/ip/mr_vla_bd_v4_axi_sc_0_0/bd_0/ip/ip_68/bd_2c30_swn_2_clocks.xdc] for cell 'mr_vla_bd_v4_i/axi_sc_0/inst/s09_nodes/s09_w_node/inst'
Finished Parsing XDC File [/tools/projects/FPGA-VLA/runs/T0036_v5/mr_vla_ipi_v4/mr_vla_ipi_v4.gen/sources_1/bd/mr_vla_bd_v4/ip/mr_vla_bd_v4_axi_sc_0_0/bd_0/ip/ip_68/bd_2c30_swn_2_clocks.xdc] for cell 'mr_vla_bd_v4_i/axi_sc_0/inst/s09_nodes/s09_w_node/inst'
Parsing XDC File [/tools/projects/FPGA-VLA/runs/T0036_v5/mr_vla_ipi_v4/mr_vla_ipi_v4.gen/sources_1/bd/mr_vla_bd_v4/ip/mr_vla_bd_v4_axi_sc_0_0/bd_0/ip/ip_69/bd_2c30_sbn_2_clocks.xdc] for cell 'mr_vla_bd_v4_i/axi_sc_0/inst/s09_nodes/s09_b_node/inst'
Finished Parsing XDC File [/tools/projects/FPGA-VLA/runs/T0036_v5/mr_vla_ipi_v4/mr_vla_ipi_v4.gen/sources_1/bd/mr_vla_bd_v4/ip/mr_vla_bd_v4_axi_sc_0_0/bd_0/ip/ip_69/bd_2c30_sbn_2_clocks.xdc] for cell 'mr_vla_bd_v4_i/axi_sc_0/inst/s09_nodes/s09_b_node/inst'
Parsing XDC File [/tools/projects/FPGA-VLA/runs/T0036_v5/mr_vla_ipi_v4/mr_vla_ipi_v4.gen/sources_1/bd/mr_vla_bd_v4/ip/mr_vla_bd_v4_axi_sc_0_0/bd_0/ip/ip_74/bd_2c30_sarn_7_clocks.xdc] for cell 'mr_vla_bd_v4_i/axi_sc_0/inst/s10_nodes/s10_ar_node/inst'
Finished Parsing XDC File [/tools/projects/FPGA-VLA/runs/T0036_v5/mr_vla_ipi_v4/mr_vla_ipi_v4.gen/sources_1/bd/mr_vla_bd_v4/ip/mr_vla_bd_v4_axi_sc_0_0/bd_0/ip/ip_74/bd_2c30_sarn_7_clocks.xdc] for cell 'mr_vla_bd_v4_i/axi_sc_0/inst/s10_nodes/s10_ar_node/inst'
Parsing XDC File [/tools/projects/FPGA-VLA/runs/T0036_v5/mr_vla_ipi_v4/mr_vla_ipi_v4.gen/sources_1/bd/mr_vla_bd_v4/ip/mr_vla_bd_v4_axi_sc_0_0/bd_0/ip/ip_75/bd_2c30_srn_7_clocks.xdc] for cell 'mr_vla_bd_v4_i/axi_sc_0/inst/s10_nodes/s10_r_node/inst'
Finished Parsing XDC File [/tools/projects/FPGA-VLA/runs/T0036_v5/mr_vla_ipi_v4/mr_vla_ipi_v4.gen/sources_1/bd/mr_vla_bd_v4/ip/mr_vla_bd_v4_axi_sc_0_0/bd_0/ip/ip_75/bd_2c30_srn_7_clocks.xdc] for cell 'mr_vla_bd_v4_i/axi_sc_0/inst/s10_nodes/s10_r_node/inst'
Parsing XDC File [/tools/projects/FPGA-VLA/runs/T0036_v5/mr_vla_ipi_v4/mr_vla_ipi_v4.gen/sources_1/bd/mr_vla_bd_v4/ip/mr_vla_bd_v4_axi_sc_0_0/bd_0/ip/ip_80/bd_2c30_sarn_8_clocks.xdc] for cell 'mr_vla_bd_v4_i/axi_sc_0/inst/s11_nodes/s11_ar_node/inst'
Finished Parsing XDC File [/tools/projects/FPGA-VLA/runs/T0036_v5/mr_vla_ipi_v4/mr_vla_ipi_v4.gen/sources_1/bd/mr_vla_bd_v4/ip/mr_vla_bd_v4_axi_sc_0_0/bd_0/ip/ip_80/bd_2c30_sarn_8_clocks.xdc] for cell 'mr_vla_bd_v4_i/axi_sc_0/inst/s11_nodes/s11_ar_node/inst'
Parsing XDC File [/tools/projects/FPGA-VLA/runs/T0036_v5/mr_vla_ipi_v4/mr_vla_ipi_v4.gen/sources_1/bd/mr_vla_bd_v4/ip/mr_vla_bd_v4_axi_sc_0_0/bd_0/ip/ip_81/bd_2c30_srn_8_clocks.xdc] for cell 'mr_vla_bd_v4_i/axi_sc_0/inst/s11_nodes/s11_r_node/inst'
Finished Parsing XDC File [/tools/projects/FPGA-VLA/runs/T0036_v5/mr_vla_ipi_v4/mr_vla_ipi_v4.gen/sources_1/bd/mr_vla_bd_v4/ip/mr_vla_bd_v4_axi_sc_0_0/bd_0/ip/ip_81/bd_2c30_srn_8_clocks.xdc] for cell 'mr_vla_bd_v4_i/axi_sc_0/inst/s11_nodes/s11_r_node/inst'
Parsing XDC File [/tools/projects/FPGA-VLA/runs/T0036_v5/mr_vla_ipi_v4/mr_vla_ipi_v4.gen/sources_1/bd/mr_vla_bd_v4/ip/mr_vla_bd_v4_axi_sc_0_0/bd_0/ip/ip_86/bd_2c30_sarn_9_clocks.xdc] for cell 'mr_vla_bd_v4_i/axi_sc_0/inst/s12_nodes/s12_ar_node/inst'
Finished Parsing XDC File [/tools/projects/FPGA-VLA/runs/T0036_v5/mr_vla_ipi_v4/mr_vla_ipi_v4.gen/sources_1/bd/mr_vla_bd_v4/ip/mr_vla_bd_v4_axi_sc_0_0/bd_0/ip/ip_86/bd_2c30_sarn_9_clocks.xdc] for cell 'mr_vla_bd_v4_i/axi_sc_0/inst/s12_nodes/s12_ar_node/inst'
Parsing XDC File [/tools/projects/FPGA-VLA/runs/T0036_v5/mr_vla_ipi_v4/mr_vla_ipi_v4.gen/sources_1/bd/mr_vla_bd_v4/ip/mr_vla_bd_v4_axi_sc_0_0/bd_0/ip/ip_87/bd_2c30_srn_9_clocks.xdc] for cell 'mr_vla_bd_v4_i/axi_sc_0/inst/s12_nodes/s12_r_node/inst'
Finished Parsing XDC File [/tools/projects/FPGA-VLA/runs/T0036_v5/mr_vla_ipi_v4/mr_vla_ipi_v4.gen/sources_1/bd/mr_vla_bd_v4/ip/mr_vla_bd_v4_axi_sc_0_0/bd_0/ip/ip_87/bd_2c30_srn_9_clocks.xdc] for cell 'mr_vla_bd_v4_i/axi_sc_0/inst/s12_nodes/s12_r_node/inst'
Parsing XDC File [/tools/projects/FPGA-VLA/runs/T0036_v5/mr_vla_ipi_v4/mr_vla_ipi_v4.gen/sources_1/bd/mr_vla_bd_v4/ip/mr_vla_bd_v4_axi_sc_0_0/bd_0/ip/ip_92/bd_2c30_sawn_3_clocks.xdc] for cell 'mr_vla_bd_v4_i/axi_sc_0/inst/s13_nodes/s13_aw_node/inst'
Finished Parsing XDC File [/tools/projects/FPGA-VLA/runs/T0036_v5/mr_vla_ipi_v4/mr_vla_ipi_v4.gen/sources_1/bd/mr_vla_bd_v4/ip/mr_vla_bd_v4_axi_sc_0_0/bd_0/ip/ip_92/bd_2c30_sawn_3_clocks.xdc] for cell 'mr_vla_bd_v4_i/axi_sc_0/inst/s13_nodes/s13_aw_node/inst'
Parsing XDC File [/tools/projects/FPGA-VLA/runs/T0036_v5/mr_vla_bd_v5_ooc.xdc]
CRITICAL WARNING: [Constraints 18-1056] Clock 'clk' completely overrides clock 'aclk'.
New: create_clock -period 4.000 -name clk [get_ports clk], [/tools/projects/FPGA-VLA/runs/T0036_v5/mr_vla_bd_v5_ooc.xdc:5]
Previous: create_clock -period 4.000 -name aclk [get_ports clk], [/tools/projects/FPGA-VLA/runs/T0036_v5/mr_vla_ipi_v4/mr_vla_ipi_v4.gen/sources_1/bd/mr_vla_bd_v4/ip/mr_vla_bd_v4_axi_sc_0_0/ooc.xdc:3]
Resolution: Review the constraint files and remove the redundant clock definition(s). If the clock constraints are not saved in a file, you can first save the constraints to an XDC file and reload the design once the constraints have been corrected.
WARNING: [Constraints 18-6211] Setting input delay on a clock pin 'clk' relative to clock 'clk' defined on the same pin is not supported, ignoring it [/tools/projects/FPGA-VLA/runs/T0036_v5/mr_vla_bd_v5_ooc.xdc:9]
WARNING: [Constraints 18-6211] Setting input delay on a clock pin 'clk' relative to clock 'clk' defined on the same pin is not supported, ignoring it [/tools/projects/FPGA-VLA/runs/T0036_v5/mr_vla_bd_v5_ooc.xdc:10]
Finished Parsing XDC File [/tools/projects/FPGA-VLA/runs/T0036_v5/mr_vla_bd_v5_ooc.xdc]
INFO: [Project 1-1714] 180 XPM XDC files have been applied to the design.
INFO: [Opt 31-138] Pushed 0 inverter(s) to 0 load pin(s).
INFO: [Project 1-1687] 1669 scoped IP constraints or related sub-commands were skipped due to synthesis logic optimizations usually triggered by constant connectivity or unconnected output pins. To review the skipped constraints and messages, run the command 'set_param netlist.IPMsgFiltering false' before opening the design.
Netlist sorting complete. Time (s): cpu = 00:00:00.04 ; elapsed = 00:00:00.04 . Memory (MB): peak = 6363.652 ; gain = 0.000 ; free physical = 52007 ; free virtual = 56892
INFO: [Project 1-111] Unisim Transformation Summary:
  A total of 28984 instances were transformed.
  (CARRY8) => LUT6CY (LUTCY1, LUTCY2): 2336 instances
  DSP58 => DSP58 (DSP_ALUADD, DSP_ALUMUX, DSP_ALUREG, DSP_A_B_DATA58, DSP_C_DATA58, DSP_MULTIPLIER58, DSP_M_DATA58, DSP_OUTPUT58, DSP_PATDET, DSP_PREADD58, DSP_PREADD_DATA58, DSP_SRCMX_OPTINV, VCC): 465 instances
  LUT6CY => LUT6CY (LUTCY1, LUTCY2): 17906 instances
  LUT6_2 => LUT6_2 (LUT5, LUT6): 37 instances
  RAM16X1S => RAM32X1S (RAMS32): 3080 instances
  RAM32M16 => RAM32M16 (RAMD32(x14), RAMS32(x2)): 40 instances
  RAM64X1S => RAM64X1S (RAMS64E5, VCC): 5120 instances

Synth Design complete | Checksum: 28839c2e
INFO: [Common 17-83] Releasing license: Synthesis
53 Infos, 202 Warnings, 2 Critical Warnings and 0 Errors encountered.
synth_design completed successfully
synth_design: Time (s): cpu = 00:02:40 ; elapsed = 00:01:50 . Memory (MB): peak = 6363.652 ; gain = 4565.543 ; free physical = 51961 ; free virtual = 56846
INFO: [Common 17-2834] synth_design peak Physical Memory [PSS] (MB): overall = 5440.214; main = 5440.214; forked = 450.133
INFO: [Common 17-2834] synth_design peak Virtual Memory [VSS] (MB): overall = 6363.656; main = 6363.656; forked = 1033.035
# write_checkpoint -force "$T0036v5/synth_ooc.dcp"
WARNING: [Constraints 18-6211] Setting input delay on a clock pin 'clk' relative to clock 'clk' defined on the same pin is not supported, ignoring it [/tools/projects/FPGA-VLA/runs/T0036_v5/mr_vla_bd_v5_ooc.xdc:9]
WARNING: [Constraints 18-6211] Setting input delay on a clock pin 'clk' relative to clock 'clk' defined on the same pin is not supported, ignoring it [/tools/projects/FPGA-VLA/runs/T0036_v5/mr_vla_bd_v5_ooc.xdc:10]
INFO: [Timing 38-35] Done setting XDC timing constraints.
INFO: [Timing 38-480] Writing timing data to binary archive.
Write ShapeDB Complete: Time (s): cpu = 00:00:00.89 ; elapsed = 00:00:00.22 . Memory (MB): peak = 6412.496 ; gain = 0.000 ; free physical = 51893 ; free virtual = 56807
INFO: [Common 17-1381] The checkpoint '/tools/projects/FPGA-VLA/runs/T0036_v5/synth_ooc.dcp' has been generated.
write_checkpoint: Time (s): cpu = 00:01:09 ; elapsed = 00:00:21 . Memory (MB): peak = 6412.496 ; gain = 48.844 ; free physical = 51894 ; free virtual = 56827
# report_utilization     -file "$T0036v5/synth_util_ooc.rpt"
# report_timing_summary  -file "$T0036v5/synth_timing_ooc.rpt"
INFO: [Timing 38-91] UpdateTimingParams: Speed grade: -2MP, Temperature grade: E, Delay Type: min_max.
INFO: [Timing 38-191] Multithreading enabled for timing update using a maximum of 16 CPUs
WARNING: [Timing 38-242] The property HD.CLK_SRC of clock port "clk" is not set. In out-of-context mode, this prevents timing estimation for clock delay/skew
Resolution: Set the HD.CLK_SRC property of the out-of-context port to the location of the clock buffer instance in the top-level design
report_timing_summary: Time (s): cpu = 00:01:25 ; elapsed = 00:00:25 . Memory (MB): peak = 6737.363 ; gain = 324.867 ; free physical = 51488 ; free virtual = 56423
# set wp [get_timing_paths -quiet -setup -max_paths 1 -nworst 1]
# if {[llength $wp] > 0} { set wns [get_property SLACK [lindex $wp 0]] } else { set wns "n/a" }
# puts ">>> v5 STEP1 SYNTH OOC OK : WNS=$wns"
>>> v5 STEP1 SYNTH OOC OK : WNS=-0.619
# puts ">>> v5 STEP2 OOC opt/place/route"
>>> v5 STEP2 OOC opt/place/route
# opt_design
Command: opt_design
Attempting to get a license for feature 'Implementation' and/or device 'xcvc1902'
INFO: [Common 17-349] Got license for feature 'Implementation' and/or device 'xcvc1902'
INFO: [Common 17-86] Your Implementation license expires in 28 day(s)
Running DRC as a precondition to command opt_design

Starting DRC Task
INFO: [DRC 23-27] Running DRC with 16 threads
INFO: [Project 1-461] DRC finished with 0 Errors
INFO: [Project 1-462] Please refer to the DRC report (report_drc) for more information.

Time (s): cpu = 00:00:04 ; elapsed = 00:00:01 . Memory (MB): peak = 6896.105 ; gain = 158.742 ; free physical = 51441 ; free virtual = 56377

Starting Logic Optimization Task

Phase 1 Initialization

Phase 1.1 Core Generation And Design Setup
Phase 1.1 Core Generation And Design Setup | Checksum: 1130e3c98

Time (s): cpu = 00:00:00.07 ; elapsed = 00:00:00.06 . Memory (MB): peak = 6933.145 ; gain = 0.000 ; free physical = 51211 ; free virtual = 56151

Phase 1.2 Setup Constraints And Sort Netlist
Phase 1.2 Setup Constraints And Sort Netlist | Checksum: 1130e3c98

Time (s): cpu = 00:00:00.14 ; elapsed = 00:00:00.14 . Memory (MB): peak = 6933.145 ; gain = 0.000 ; free physical = 51183 ; free virtual = 56123
Phase 1 Initialization | Checksum: 1130e3c98

Time (s): cpu = 00:00:00.16 ; elapsed = 00:00:00.15 . Memory (MB): peak = 6933.145 ; gain = 0.000 ; free physical = 51168 ; free virtual = 56108

Phase 2 Timer Update And Timing Data Collection

Phase 2.1 Timer Update
Phase 2.1 Timer Update | Checksum: 1130e3c98

Time (s): cpu = 00:00:21 ; elapsed = 00:00:03 . Memory (MB): peak = 6933.145 ; gain = 0.000 ; free physical = 51161 ; free virtual = 56110

Phase 2.2 Timing Data Collection
Phase 2.2 Timing Data Collection | Checksum: 1130e3c98

Time (s): cpu = 00:00:22 ; elapsed = 00:00:04 . Memory (MB): peak = 7157.145 ; gain = 224.000 ; free physical = 50997 ; free virtual = 55946
Phase 2 Timer Update And Timing Data Collection | Checksum: 1130e3c98

Time (s): cpu = 00:00:22 ; elapsed = 00:00:04 . Memory (MB): peak = 7157.145 ; gain = 224.000 ; free physical = 50997 ; free virtual = 55946

Phase 3 Retarget
INFO: [Opt 31-1834] Total Chains To Be Transformed Were: 0 AND Number of Transformed insts Created are: 0
INFO: [Opt 31-1566] Pulled 80 inverters resulting in an inversion of 1507 pins
INFO: [Opt 31-138] Pushed 274 inverter(s) to 13304 load pin(s).
INFO: [Opt 31-49] Retargeted 0 cell(s).
Phase 3 Retarget | Checksum: 1ca73e191

Time (s): cpu = 00:00:29 ; elapsed = 00:00:10 . Memory (MB): peak = 7157.145 ; gain = 224.000 ; free physical = 51007 ; free virtual = 55957
Retarget | Checksum: 1ca73e191
INFO: [Opt 31-389] Phase Retarget created 287 cells and removed 3171 cells
INFO: [Opt 31-1021] In phase Retarget, 144 netlist objects are constrained preventing optimization. Please run opt_design with -debug_log to get more detail. 

Phase 4 Constant propagation
INFO: [Opt 31-138] Pushed 12 inverter(s) to 12 load pin(s).
Phase 4 Constant propagation | Checksum: 237bba60a

Time (s): cpu = 00:00:30 ; elapsed = 00:00:10 . Memory (MB): peak = 7157.145 ; gain = 224.000 ; free physical = 51007 ; free virtual = 55958
Constant propagation | Checksum: 237bba60a
INFO: [Opt 31-389] Phase Constant propagation created 238 cells and removed 960 cells
INFO: [Opt 31-1021] In phase Constant propagation, 144 netlist objects are constrained preventing optimization. Please run opt_design with -debug_log to get more detail. 

Phase 5 Sweep
INFO: [Opt 31-120] Instance mr_vla_bd_v4_i/axi_sc_0/inst/s11_nodes/s11_r_node/inst/inst_mi_handler (mr_vla_bd_v4_axi_sc_0_0_sc_node_v1_0_16_mi_handler__parameterized5__xdcDup__9) has been optimized to an empty box cell during sweep but it has constraints that prevent its removal. Empty box cells do not impact the implementation flow but they have no functional relevance.
Resolution: If this is not expected, please check for DONT_TOUCH properties or timing constraint set on the empty box cell or on nets connected to the cell. If found, remove the relevant DONT_TOUCH property or timing constraint and re-run opt_design.
INFO: [Opt 31-120] Instance mr_vla_bd_v4_i/axi_sc_0/inst/s11_nodes/s11_ar_node/inst/inst_si_handler (mr_vla_bd_v4_axi_sc_0_0_sc_node_v1_0_16_si_handler__parameterized4_70) has been optimized to an empty box cell during sweep but it has constraints that prevent its removal. Empty box cells do not impact the implementation flow but they have no functional relevance.
Resolution: If this is not expected, please check for DONT_TOUCH properties or timing constraint set on the empty box cell or on nets connected to the cell. If found, remove the relevant DONT_TOUCH property or timing constraint and re-run opt_design.
INFO: [Opt 31-120] Instance mr_vla_bd_v4_i/axi_sc_0/inst/s11_nodes/s11_ar_node/inst/inst_mi_handler (mr_vla_bd_v4_axi_sc_0_0_sc_node_v1_0_16_mi_handler__parameterized4__xdcDup__9) has been optimized to an empty box cell during sweep but it has constraints that prevent its removal. Empty box cells do not impact the implementation flow but they have no functional relevance.
Resolution: If this is not expected, please check for DONT_TOUCH properties or timing constraint set on the empty box cell or on nets connected to the cell. If found, remove the relevant DONT_TOUCH property or timing constraint and re-run opt_design.
INFO: [Opt 31-120] Instance mr_vla_bd_v4_i/axi_sc_0/inst/s08_nodes/s08_r_node/inst/inst_mi_handler (mr_vla_bd_v4_axi_sc_0_0_sc_node_v1_0_16_mi_handler__parameterized5__xdcDup__7) has been optimized to an empty box cell during sweep but it has constraints that prevent its removal. Empty box cells do not impact the implementation flow but they have no functional relevance.
Resolution: If this is not expected, please check for DONT_TOUCH properties or timing constraint set on the empty box cell or on nets connected to the cell. If found, remove the relevant DONT_TOUCH property or timing constraint and re-run opt_design.
INFO: [Opt 31-120] Instance mr_vla_bd_v4_i/axi_sc_0/inst/s08_nodes/s08_ar_node/inst/inst_si_handler (mr_vla_bd_v4_axi_sc_0_0_sc_node_v1_0_16_si_handler__parameterized4_134) has been optimized to an empty box cell during sweep but it has constraints that prevent its removal. Empty box cells do not impact the implementation flow but they have no functional relevance.
Resolution: If this is not expected, please check for DONT_TOUCH properties or timing constraint set on the empty box cell or on nets connected to the cell. If found, remove the relevant DONT_TOUCH property or timing constraint and re-run opt_design.
INFO: [Opt 31-120] Instance mr_vla_bd_v4_i/axi_sc_0/inst/s08_nodes/s08_ar_node/inst/inst_mi_handler (mr_vla_bd_v4_axi_sc_0_0_sc_node_v1_0_16_mi_handler__parameterized4__xdcDup__7) has been optimized to an empty box cell during sweep but it has constraints that prevent its removal. Empty box cells do not impact the implementation flow but they have no functional relevance.
Resolution: If this is not expected, please check for DONT_TOUCH properties or timing constraint set on the empty box cell or on nets connected to the cell. If found, remove the relevant DONT_TOUCH property or timing constraint and re-run opt_design.
INFO: [Opt 31-120] Instance mr_vla_bd_v4_i/axi_sc_0/inst/s02_nodes/s02_r_node/inst/inst_mi_handler (mr_vla_bd_v4_axi_sc_0_0_sc_node_v1_0_16_mi_handler__parameterized5__xdcDup__2) has been optimized to an empty box cell during sweep but it has constraints that prevent its removal. Empty box cells do not impact the implementation flow but they have no functional relevance.
Resolution: If this is not expected, please check for DONT_TOUCH properties or timing constraint set on the empty box cell or on nets connected to the cell. If found, remove the relevant DONT_TOUCH property or timing constraint and re-run opt_design.
INFO: [Opt 31-120] Instance mr_vla_bd_v4_i/axi_sc_0/inst/s02_nodes/s02_ar_node/inst/inst_si_handler (mr_vla_bd_v4_axi_sc_0_0_sc_node_v1_0_16_si_handler__parameterized4_249) has been optimized to an empty box cell during sweep but it has constraints that prevent its removal. Empty box cells do not impact the implementation flow but they have no functional relevance.
Resolution: If this is not expected, please check for DONT_TOUCH properties or timing constraint set on the empty box cell or on nets connected to the cell. If found, remove the relevant DONT_TOUCH property or timing constraint and re-run opt_design.
INFO: [Opt 31-120] Instance mr_vla_bd_v4_i/axi_sc_0/inst/s02_nodes/s02_ar_node/inst/inst_mi_handler (mr_vla_bd_v4_axi_sc_0_0_sc_node_v1_0_16_mi_handler__parameterized4__xdcDup__2) has been optimized to an empty box cell during sweep but it has constraints that prevent its removal. Empty box cells do not impact the implementation flow but they have no functional relevance.
Resolution: If this is not expected, please check for DONT_TOUCH properties or timing constraint set on the empty box cell or on nets connected to the cell. If found, remove the relevant DONT_TOUCH property or timing constraint and re-run opt_design.
INFO: [Opt 31-120] Instance mr_vla_bd_v4_i/axi_sc_0/inst/s05_nodes/s05_w_node/inst/inst_si_handler (mr_vla_bd_v4_axi_sc_0_0_sc_node_v1_0_16_si_handler__parameterized4_183) has been optimized to an empty box cell during sweep but it has constraints that prevent its removal. Empty box cells do not impact the implementation flow but they have no functional relevance.
Resolution: If this is not expected, please check for DONT_TOUCH properties or timing constraint set on the empty box cell or on nets connected to the cell. If found, remove the relevant DONT_TOUCH property or timing constraint and re-run opt_design.
INFO: [Opt 31-120] Instance mr_vla_bd_v4_i/axi_sc_0/inst/s05_nodes/s05_w_node/inst/inst_mi_handler (mr_vla_bd_v4_axi_sc_0_0_sc_node_v1_0_16_mi_handler__parameterized8__xdcDup__2) has been optimized to an empty box cell during sweep but it has constraints that prevent its removal. Empty box cells do not impact the implementation flow but they have no functional relevance.
Resolution: If this is not expected, please check for DONT_TOUCH properties or timing constraint set on the empty box cell or on nets connected to the cell. If found, remove the relevant DONT_TOUCH property or timing constraint and re-run opt_design.
INFO: [Opt 31-120] Instance mr_vla_bd_v4_i/axi_sc_0/inst/s05_nodes/s05_b_node/inst/inst_mi_handler (mr_vla_bd_v4_axi_sc_0_0_sc_node_v1_0_16_mi_handler__parameterized7__xdcDup__2) has been optimized to an empty box cell during sweep but it has constraints that prevent its removal. Empty box cells do not impact the implementation flow but they have no functional relevance.
Resolution: If this is not expected, please check for DONT_TOUCH properties or timing constraint set on the empty box cell or on nets connected to the cell. If found, remove the relevant DONT_TOUCH property or timing constraint and re-run opt_design.
INFO: [Opt 31-120] Instance mr_vla_bd_v4_i/axi_sc_0/inst/s05_nodes/s05_aw_node/inst/inst_si_handler (mr_vla_bd_v4_axi_sc_0_0_sc_node_v1_0_16_si_handler__parameterized4_193) has been optimized to an empty box cell during sweep but it has constraints that prevent its removal. Empty box cells do not impact the implementation flow but they have no functional relevance.
Resolution: If this is not expected, please check for DONT_TOUCH properties or timing constraint set on the empty box cell or on nets connected to the cell. If found, remove the relevant DONT_TOUCH property or timing constraint and re-run opt_design.
INFO: [Opt 31-120] Instance mr_vla_bd_v4_i/axi_sc_0/inst/s05_nodes/s05_aw_node/inst/inst_mi_handler (mr_vla_bd_v4_axi_sc_0_0_sc_node_v1_0_16_mi_handler__parameterized6__xdcDup__2) has been optimized to an empty box cell during sweep but it has constraints that prevent its removal. Empty box cells do not impact the implementation flow but they have no functional relevance.
Resolution: If this is not expected, please check for DONT_TOUCH properties or timing constraint set on the empty box cell or on nets connected to the cell. If found, remove the relevant DONT_TOUCH property or timing constraint and re-run opt_design.
INFO: [Opt 31-120] Instance mr_vla_bd_v4_i/axi_sc_0/inst/s12_nodes/s12_r_node/inst/inst_mi_handler (mr_vla_bd_v4_axi_sc_0_0_sc_node_v1_0_16_mi_handler__parameterized5__xdcDup__10) has been optimized to an empty box cell during sweep but it has constraints that prevent its removal. Empty box cells do not impact the implementation flow but they have no functional relevance.
Resolution: If this is not expected, please check for DONT_TOUCH properties or timing constraint set on the empty box cell or on nets connected to the cell. If found, remove the relevant DONT_TOUCH property or timing constraint and re-run opt_design.
INFO: [Opt 31-120] Instance mr_vla_bd_v4_i/axi_sc_0/inst/s12_nodes/s12_ar_node/inst/inst_si_handler (mr_vla_bd_v4_axi_sc_0_0_sc_node_v1_0_16_si_handler__parameterized4_53) has been optimized to an empty box cell during sweep but it has constraints that prevent its removal. Empty box cells do not impact the implementation flow but they have no functional relevance.
Resolution: If this is not expected, please check for DONT_TOUCH properties or timing constraint set on the empty box cell or on nets connected to the cell. If found, remove the relevant DONT_TOUCH property or timing constraint and re-run opt_design.
INFO: [Opt 31-120] Instance mr_vla_bd_v4_i/axi_sc_0/inst/s12_nodes/s12_ar_node/inst/inst_mi_handler (mr_vla_bd_v4_axi_sc_0_0_sc_node_v1_0_16_mi_handler__parameterized4__xdcDup__10) has been optimized to an empty box cell during sweep but it has constraints that prevent its removal. Empty box cells do not impact the implementation flow but they have no functional relevance.
Resolution: If this is not expected, please check for DONT_TOUCH properties or timing constraint set on the empty box cell or on nets connected to the cell. If found, remove the relevant DONT_TOUCH property or timing constraint and re-run opt_design.
INFO: [Opt 31-120] Instance mr_vla_bd_v4_i/axi_sc_0/inst/s01_nodes/s01_w_node/inst/inst_si_handler (mr_vla_bd_v4_axi_sc_0_0_sc_node_v1_0_16_si_handler__parameterized4_264) has been optimized to an empty box cell during sweep but it has constraints that prevent its removal. Empty box cells do not impact the implementation flow but they have no functional relevance.
Resolution: If this is not expected, please check for DONT_TOUCH properties or timing constraint set on the empty box cell or on nets connected to the cell. If found, remove the relevant DONT_TOUCH property or timing constraint and re-run opt_design.
INFO: [Opt 31-120] Instance mr_vla_bd_v4_i/axi_sc_0/inst/s01_nodes/s01_w_node/inst/inst_mi_handler (mr_vla_bd_v4_axi_sc_0_0_sc_node_v1_0_16_mi_handler__parameterized8__xdcDup__1) has been optimized to an empty box cell during sweep but it has constraints that prevent its removal. Empty box cells do not impact the implementation flow but they have no functional relevance.
Resolution: If this is not expected, please check for DONT_TOUCH properties or timing constraint set on the empty box cell or on nets connected to the cell. If found, remove the relevant DONT_TOUCH property or timing constraint and re-run opt_design.
INFO: [Opt 31-120] Instance mr_vla_bd_v4_i/axi_sc_0/inst/s01_nodes/s01_b_node/inst/inst_mi_handler (mr_vla_bd_v4_axi_sc_0_0_sc_node_v1_0_16_mi_handler__parameterized7__xdcDup__1) has been optimized to an empty box cell during sweep but it has constraints that prevent its removal. Empty box cells do not impact the implementation flow but they have no functional relevance.
Resolution: If this is not expected, please check for DONT_TOUCH properties or timing constraint set on the empty box cell or on nets connected to the cell. If found, remove the relevant DONT_TOUCH property or timing constraint and re-run opt_design.
INFO: [Opt 31-120] Instance mr_vla_bd_v4_i/axi_sc_0/inst/s01_nodes/s01_aw_node/inst/inst_si_handler (mr_vla_bd_v4_axi_sc_0_0_sc_node_v1_0_16_si_handler__parameterized4_274) has been optimized to an empty box cell during sweep but it has constraints that prevent its removal. Empty box cells do not impact the implementation flow but they have no functional relevance.
Resolution: If this is not expected, please check for DONT_TOUCH properties or timing constraint set on the empty box cell or on nets connected to the cell. If found, remove the relevant DONT_TOUCH property or timing constraint and re-run opt_design.
INFO: [Opt 31-120] Instance mr_vla_bd_v4_i/axi_sc_0/inst/s01_nodes/s01_aw_node/inst/inst_mi_handler (mr_vla_bd_v4_axi_sc_0_0_sc_node_v1_0_16_mi_handler__parameterized6__xdcDup__1) has been optimized to an empty box cell during sweep but it has constraints that prevent its removal. Empty box cells do not impact the implementation flow but they have no functional relevance.
Resolution: If this is not expected, please check for DONT_TOUCH properties or timing constraint set on the empty box cell or on nets connected to the cell. If found, remove the relevant DONT_TOUCH property or timing constraint and re-run opt_design.
INFO: [Opt 31-120] Instance mr_vla_bd_v4_i/axi_sc_0/inst/s07_nodes/s07_r_node/inst/inst_mi_handler (mr_vla_bd_v4_axi_sc_0_0_sc_node_v1_0_16_mi_handler__parameterized5__xdcDup__6) has been optimized to an empty box cell during sweep but it has constraints that prevent its removal. Empty box cells do not impact the implementation flow but they have no functional relevance.
Resolution: If this is not expected, please check for DONT_TOUCH properties or timing constraint set on the empty box cell or on nets connected to the cell. If found, remove the relevant DONT_TOUCH property or timing constraint and re-run opt_design.
INFO: [Opt 31-120] Instance mr_vla_bd_v4_i/axi_sc_0/inst/s07_nodes/s07_ar_node/inst/inst_si_handler (mr_vla_bd_v4_axi_sc_0_0_sc_node_v1_0_16_si_handler__parameterized4_151) has been optimized to an empty box cell during sweep but it has constraints that prevent its removal. Empty box cells do not impact the implementation flow but they have no functional relevance.
Resolution: If this is not expected, please check for DONT_TOUCH properties or timing constraint set on the empty box cell or on nets connected to the cell. If found, remove the relevant DONT_TOUCH property or timing constraint and re-run opt_design.
INFO: [Opt 31-120] Instance mr_vla_bd_v4_i/axi_sc_0/inst/s07_nodes/s07_ar_node/inst/inst_mi_handler (mr_vla_bd_v4_axi_sc_0_0_sc_node_v1_0_16_mi_handler__parameterized4__xdcDup__6) has been optimized to an empty box cell during sweep but it has constraints that prevent its removal. Empty box cells do not impact the implementation flow but they have no functional relevance.
Resolution: If this is not expected, please check for DONT_TOUCH properties or timing constraint set on the empty box cell or on nets connected to the cell. If found, remove the relevant DONT_TOUCH property or timing constraint and re-run opt_design.
INFO: [Opt 31-120] Instance mr_vla_bd_v4_i/axi_sc_0/inst/s10_nodes/s10_r_node/inst/inst_mi_handler (mr_vla_bd_v4_axi_sc_0_0_sc_node_v1_0_16_mi_handler__parameterized5__xdcDup__8) has been optimized to an empty box cell during sweep but it has constraints that prevent its removal. Empty box cells do not impact the implementation flow but they have no functional relevance.
Resolution: If this is not expected, please check for DONT_TOUCH properties or timing constraint set on the empty box cell or on nets connected to the cell. If found, remove the relevant DONT_TOUCH property or timing constraint and re-run opt_design.
INFO: [Opt 31-120] Instance mr_vla_bd_v4_i/axi_sc_0/inst/s10_nodes/s10_ar_node/inst/inst_si_handler (mr_vla_bd_v4_axi_sc_0_0_sc_node_v1_0_16_si_handler__parameterized4_87) has been optimized to an empty box cell during sweep but it has constraints that prevent its removal. Empty box cells do not impact the implementation flow but they have no functional relevance.
Resolution: If this is not expected, please check for DONT_TOUCH properties or timing constraint set on the empty box cell or on nets connected to the cell. If found, remove the relevant DONT_TOUCH property or timing constraint and re-run opt_design.
INFO: [Opt 31-120] Instance mr_vla_bd_v4_i/axi_sc_0/inst/s10_nodes/s10_ar_node/inst/inst_mi_handler (mr_vla_bd_v4_axi_sc_0_0_sc_node_v1_0_16_mi_handler__parameterized4__xdcDup__8) has been optimized to an empty box cell during sweep but it has constraints that prevent its removal. Empty box cells do not impact the implementation flow but they have no functional relevance.
Resolution: If this is not expected, please check for DONT_TOUCH properties or timing constraint set on the empty box cell or on nets connected to the cell. If found, remove the relevant DONT_TOUCH property or timing constraint and re-run opt_design.
INFO: [Opt 31-120] Instance mr_vla_bd_v4_i/axi_sc_0/inst/s00_nodes/s00_r_node/inst/inst_mi_handler (mr_vla_bd_v4_axi_sc_0_0_sc_node_v1_0_16_mi_handler__parameterized5__xdcDup__1) has been optimized to an empty box cell during sweep but it has constraints that prevent its removal. Empty box cells do not impact the implementation flow but they have no functional relevance.
Resolution: If this is not expected, please check for DONT_TOUCH properties or timing constraint set on the empty box cell or on nets connected to the cell. If found, remove the relevant DONT_TOUCH property or timing constraint and re-run opt_design.
INFO: [Opt 31-120] Instance mr_vla_bd_v4_i/axi_sc_0/inst/s00_nodes/s00_ar_node/inst/inst_si_handler (mr_vla_bd_v4_axi_sc_0_0_sc_node_v1_0_16_si_handler__parameterized4_296) has been optimized to an empty box cell during sweep but it has constraints that prevent its removal. Empty box cells do not impact the implementation flow but they have no functional relevance.
Resolution: If this is not expected, please check for DONT_TOUCH properties or timing constraint set on the empty box cell or on nets connected to the cell. If found, remove the relevant DONT_TOUCH property or timing constraint and re-run opt_design.
INFO: [Opt 31-120] Instance mr_vla_bd_v4_i/axi_sc_0/inst/s00_nodes/s00_ar_node/inst/inst_mi_handler (mr_vla_bd_v4_axi_sc_0_0_sc_node_v1_0_16_mi_handler__parameterized4__xdcDup__1) has been optimized to an empty box cell during sweep but it has constraints that prevent its removal. Empty box cells do not impact the implementation flow but they have no functional relevance.
Resolution: If this is not expected, please check for DONT_TOUCH properties or timing constraint set on the empty box cell or on nets connected to the cell. If found, remove the relevant DONT_TOUCH property or timing constraint and re-run opt_design.
INFO: [Opt 31-120] Instance mr_vla_bd_v4_i/axi_sc_0/inst/s13_nodes/s13_w_node/inst/inst_si_handler (mr_vla_bd_v4_axi_sc_0_0_sc_node_v1_0_16_si_handler__parameterized4_25) has been optimized to an empty box cell during sweep but it has constraints that prevent its removal. Empty box cells do not impact the implementation flow but they have no functional relevance.
Resolution: If this is not expected, please check for DONT_TOUCH properties or timing constraint set on the empty box cell or on nets connected to the cell. If found, remove the relevant DONT_TOUCH property or timing constraint and re-run opt_design.
INFO: [Opt 31-120] Instance mr_vla_bd_v4_i/axi_sc_0/inst/s13_nodes/s13_w_node/inst/inst_mi_handler (mr_vla_bd_v4_axi_sc_0_0_sc_node_v1_0_16_mi_handler__parameterized8) has been optimized to an empty box cell during sweep but it has constraints that prevent its removal. Empty box cells do not impact the implementation flow but they have no functional relevance.
Resolution: If this is not expected, please check for DONT_TOUCH properties or timing constraint set on the empty box cell or on nets connected to the cell. If found, remove the relevant DONT_TOUCH property or timing constraint and re-run opt_design.
INFO: [Opt 31-120] Instance mr_vla_bd_v4_i/axi_sc_0/inst/s13_nodes/s13_b_node/inst/inst_mi_handler (mr_vla_bd_v4_axi_sc_0_0_sc_node_v1_0_16_mi_handler__parameterized7) has been optimized to an empty box cell during sweep but it has constraints that prevent its removal. Empty box cells do not impact the implementation flow but they have no functional relevance.
Resolution: If this is not expected, please check for DONT_TOUCH properties or timing constraint set on the empty box cell or on nets connected to the cell. If found, remove the relevant DONT_TOUCH property or timing constraint and re-run opt_design.
INFO: [Opt 31-120] Instance mr_vla_bd_v4_i/axi_sc_0/inst/s13_nodes/s13_aw_node/inst/inst_si_handler (mr_vla_bd_v4_axi_sc_0_0_sc_node_v1_0_16_si_handler__parameterized4_35) has been optimized to an empty box cell during sweep but it has constraints that prevent its removal. Empty box cells do not impact the implementation flow but they have no functional relevance.
Resolution: If this is not expected, please check for DONT_TOUCH properties or timing constraint set on the empty box cell or on nets connected to the cell. If found, remove the relevant DONT_TOUCH property or timing constraint and re-run opt_design.
INFO: [Opt 31-120] Instance mr_vla_bd_v4_i/axi_sc_0/inst/s13_nodes/s13_aw_node/inst/inst_mi_handler (mr_vla_bd_v4_axi_sc_0_0_sc_node_v1_0_16_mi_handler__parameterized6) has been optimized to an empty box cell during sweep but it has constraints that prevent its removal. Empty box cells do not impact the implementation flow but they have no functional relevance.
Resolution: If this is not expected, please check for DONT_TOUCH properties or timing constraint set on the empty box cell or on nets connected to the cell. If found, remove the relevant DONT_TOUCH property or timing constraint and re-run opt_design.
INFO: [Opt 31-120] Instance mr_vla_bd_v4_i/axi_sc_0/inst/s04_nodes/s04_r_node/inst/inst_mi_handler (mr_vla_bd_v4_axi_sc_0_0_sc_node_v1_0_16_mi_handler__parameterized5__xdcDup__4) has been optimized to an empty box cell during sweep but it has constraints that prevent its removal. Empty box cells do not impact the implementation flow but they have no functional relevance.
Resolution: If this is not expected, please check for DONT_TOUCH properties or timing constraint set on the empty box cell or on nets connected to the cell. If found, remove the relevant DONT_TOUCH property or timing constraint and re-run opt_design.
INFO: [Opt 31-120] Instance mr_vla_bd_v4_i/axi_sc_0/inst/s04_nodes/s04_ar_node/inst/inst_si_handler (mr_vla_bd_v4_axi_sc_0_0_sc_node_v1_0_16_si_handler__parameterized4_215) has been optimized to an empty box cell during sweep but it has constraints that prevent its removal. Empty box cells do not impact the implementation flow but they have no functional relevance.
Resolution: If this is not expected, please check for DONT_TOUCH properties or timing constraint set on the empty box cell or on nets connected to the cell. If found, remove the relevant DONT_TOUCH property or timing constraint and re-run opt_design.
INFO: [Opt 31-120] Instance mr_vla_bd_v4_i/axi_sc_0/inst/s04_nodes/s04_ar_node/inst/inst_mi_handler (mr_vla_bd_v4_axi_sc_0_0_sc_node_v1_0_16_mi_handler__parameterized4__xdcDup__4) has been optimized to an empty box cell during sweep but it has constraints that prevent its removal. Empty box cells do not impact the implementation flow but they have no functional relevance.
Resolution: If this is not expected, please check for DONT_TOUCH properties or timing constraint set on the empty box cell or on nets connected to the cell. If found, remove the relevant DONT_TOUCH property or timing constraint and re-run opt_design.
INFO: [Opt 31-120] Instance mr_vla_bd_v4_i/axi_sc_0/inst/s06_nodes/s06_r_node/inst/inst_mi_handler (mr_vla_bd_v4_axi_sc_0_0_sc_node_v1_0_16_mi_handler__parameterized5__xdcDup__5) has been optimized to an empty box cell during sweep but it has constraints that prevent its removal. Empty box cells do not impact the implementation flow but they have no functional relevance.
Resolution: If this is not expected, please check for DONT_TOUCH properties or timing constraint set on the empty box cell or on nets connected to the cell. If found, remove the relevant DONT_TOUCH property or timing constraint and re-run opt_design.
INFO: [Opt 31-120] Instance mr_vla_bd_v4_i/axi_sc_0/inst/s06_nodes/s06_ar_node/inst/inst_si_handler (mr_vla_bd_v4_axi_sc_0_0_sc_node_v1_0_16_si_handler__parameterized4_168) has been optimized to an empty box cell during sweep but it has constraints that prevent its removal. Empty box cells do not impact the implementation flow but they have no functional relevance.
Resolution: If this is not expected, please check for DONT_TOUCH properties or timing constraint set on the empty box cell or on nets connected to the cell. If found, remove the relevant DONT_TOUCH property or timing constraint and re-run opt_design.
INFO: [Opt 31-120] Instance mr_vla_bd_v4_i/axi_sc_0/inst/s06_nodes/s06_ar_node/inst/inst_mi_handler (mr_vla_bd_v4_axi_sc_0_0_sc_node_v1_0_16_mi_handler__parameterized4__xdcDup__5) has been optimized to an empty box cell during sweep but it has constraints that prevent its removal. Empty box cells do not impact the implementation flow but they have no functional relevance.
Resolution: If this is not expected, please check for DONT_TOUCH properties or timing constraint set on the empty box cell or on nets connected to the cell. If found, remove the relevant DONT_TOUCH property or timing constraint and re-run opt_design.
INFO: [Opt 31-120] Instance mr_vla_bd_v4_i/axi_sc_0/inst/s14_nodes/s14_r_node/inst/inst_mi_handler (mr_vla_bd_v4_axi_sc_0_0_sc_node_v1_0_16_mi_handler__parameterized5__xdcDup__11) has been optimized to an empty box cell during sweep but it has constraints that prevent its removal. Empty box cells do not impact the implementation flow but they have no functional relevance.
Resolution: If this is not expected, please check for DONT_TOUCH properties or timing constraint set on the empty box cell or on nets connected to the cell. If found, remove the relevant DONT_TOUCH property or timing constraint and re-run opt_design.
INFO: [Opt 31-120] Instance mr_vla_bd_v4_i/axi_sc_0/inst/s14_nodes/s14_ar_node/inst/inst_si_handler (mr_vla_bd_v4_axi_sc_0_0_sc_node_v1_0_16_si_handler__parameterized4_10) has been optimized to an empty box cell during sweep but it has constraints that prevent its removal. Empty box cells do not impact the implementation flow but they have no functional relevance.
Resolution: If this is not expected, please check for DONT_TOUCH properties or timing constraint set on the empty box cell or on nets connected to the cell. If found, remove the relevant DONT_TOUCH property or timing constraint and re-run opt_design.
INFO: [Opt 31-120] Instance mr_vla_bd_v4_i/axi_sc_0/inst/s14_nodes/s14_ar_node/inst/inst_mi_handler (mr_vla_bd_v4_axi_sc_0_0_sc_node_v1_0_16_mi_handler__parameterized4__xdcDup__11) has been optimized to an empty box cell during sweep but it has constraints that prevent its removal. Empty box cells do not impact the implementation flow but they have no functional relevance.
Resolution: If this is not expected, please check for DONT_TOUCH properties or timing constraint set on the empty box cell or on nets connected to the cell. If found, remove the relevant DONT_TOUCH property or timing constraint and re-run opt_design.
INFO: [Opt 31-120] Instance mr_vla_bd_v4_i/axi_sc_0/inst/s09_nodes/s09_w_node/inst/inst_si_handler (mr_vla_bd_v4_axi_sc_0_0_sc_node_v1_0_16_si_handler__parameterized4_102) has been optimized to an empty box cell during sweep but it has constraints that prevent its removal. Empty box cells do not impact the implementation flow but they have no functional relevance.
Resolution: If this is not expected, please check for DONT_TOUCH properties or timing constraint set on the empty box cell or on nets connected to the cell. If found, remove the relevant DONT_TOUCH property or timing constraint and re-run opt_design.
INFO: [Opt 31-120] Instance mr_vla_bd_v4_i/axi_sc_0/inst/s09_nodes/s09_w_node/inst/inst_mi_handler (mr_vla_bd_v4_axi_sc_0_0_sc_node_v1_0_16_mi_handler__parameterized8__xdcDup__3) has been optimized to an empty box cell during sweep but it has constraints that prevent its removal. Empty box cells do not impact the implementation flow but they have no functional relevance.
Resolution: If this is not expected, please check for DONT_TOUCH properties or timing constraint set on the empty box cell or on nets connected to the cell. If found, remove the relevant DONT_TOUCH property or timing constraint and re-run opt_design.
INFO: [Opt 31-120] Instance mr_vla_bd_v4_i/axi_sc_0/inst/s09_nodes/s09_b_node/inst/inst_mi_handler (mr_vla_bd_v4_axi_sc_0_0_sc_node_v1_0_16_mi_handler__parameterized7__xdcDup__3) has been optimized to an empty box cell during sweep but it has constraints that prevent its removal. Empty box cells do not impact the implementation flow but they have no functional relevance.
Resolution: If this is not expected, please check for DONT_TOUCH properties or timing constraint set on the empty box cell or on nets connected to the cell. If found, remove the relevant DONT_TOUCH property or timing constraint and re-run opt_design.
INFO: [Opt 31-120] Instance mr_vla_bd_v4_i/axi_sc_0/inst/s09_nodes/s09_aw_node/inst/inst_si_handler (mr_vla_bd_v4_axi_sc_0_0_sc_node_v1_0_16_si_handler__parameterized4_112) has been optimized to an empty box cell during sweep but it has constraints that prevent its removal. Empty box cells do not impact the implementation flow but they have no functional relevance.
Resolution: If this is not expected, please check for DONT_TOUCH properties or timing constraint set on the empty box cell or on nets connected to the cell. If found, remove the relevant DONT_TOUCH property or timing constraint and re-run opt_design.
INFO: [Opt 31-120] Instance mr_vla_bd_v4_i/axi_sc_0/inst/s09_nodes/s09_aw_node/inst/inst_mi_handler (mr_vla_bd_v4_axi_sc_0_0_sc_node_v1_0_16_mi_handler__parameterized6__xdcDup__3) has been optimized to an empty box cell during sweep but it has constraints that prevent its removal. Empty box cells do not impact the implementation flow but they have no functional relevance.
Resolution: If this is not expected, please check for DONT_TOUCH properties or timing constraint set on the empty box cell or on nets connected to the cell. If found, remove the relevant DONT_TOUCH property or timing constraint and re-run opt_design.
INFO: [Opt 31-120] Instance mr_vla_bd_v4_i/axi_sc_0/inst/s03_nodes/s03_r_node/inst/inst_mi_handler (mr_vla_bd_v4_axi_sc_0_0_sc_node_v1_0_16_mi_handler__parameterized5__xdcDup__3) has been optimized to an empty box cell during sweep but it has constraints that prevent its removal. Empty box cells do not impact the implementation flow but they have no functional relevance.
Resolution: If this is not expected, please check for DONT_TOUCH properties or timing constraint set on the empty box cell or on nets connected to the cell. If found, remove the relevant DONT_TOUCH property or timing constraint and re-run opt_design.
INFO: [Opt 31-120] Instance mr_vla_bd_v4_i/axi_sc_0/inst/s03_nodes/s03_ar_node/inst/inst_si_handler (mr_vla_bd_v4_axi_sc_0_0_sc_node_v1_0_16_si_handler__parameterized4_232) has been optimized to an empty box cell during sweep but it has constraints that prevent its removal. Empty box cells do not impact the implementation flow but they have no functional relevance.
Resolution: If this is not expected, please check for DONT_TOUCH properties or timing constraint set on the empty box cell or on nets connected to the cell. If found, remove the relevant DONT_TOUCH property or timing constraint and re-run opt_design.
INFO: [Opt 31-120] Instance mr_vla_bd_v4_i/axi_sc_0/inst/s03_nodes/s03_ar_node/inst/inst_mi_handler (mr_vla_bd_v4_axi_sc_0_0_sc_node_v1_0_16_mi_handler__parameterized4__xdcDup__3) has been optimized to an empty box cell during sweep but it has constraints that prevent its removal. Empty box cells do not impact the implementation flow but they have no functional relevance.
Resolution: If this is not expected, please check for DONT_TOUCH properties or timing constraint set on the empty box cell or on nets connected to the cell. If found, remove the relevant DONT_TOUCH property or timing constraint and re-run opt_design.
INFO: [Opt 31-120] Instance mr_vla_bd_v4_i/axi_sc_0/inst/s15_nodes/s15_r_node/inst/inst_mi_handler (mr_vla_bd_v4_axi_sc_0_0_sc_node_v1_0_16_mi_handler__parameterized5) has been optimized to an empty box cell during sweep but it has constraints that prevent its removal. Empty box cells do not impact the implementation flow but they have no functional relevance.
Resolution: If this is not expected, please check for DONT_TOUCH properties or timing constraint set on the empty box cell or on nets connected to the cell. If found, remove the relevant DONT_TOUCH property or timing constraint and re-run opt_design.
INFO: [Opt 31-120] Instance mr_vla_bd_v4_i/axi_sc_0/inst/s15_nodes/s15_ar_node/inst/inst_si_handler (mr_vla_bd_v4_axi_sc_0_0_sc_node_v1_0_16_si_handler__parameterized4) has been optimized to an empty box cell during sweep but it has constraints that prevent its removal. Empty box cells do not impact the implementation flow but they have no functional relevance.
Resolution: If this is not expected, please check for DONT_TOUCH properties or timing constraint set on the empty box cell or on nets connected to the cell. If found, remove the relevant DONT_TOUCH property or timing constraint and re-run opt_design.
INFO: [Opt 31-120] Instance mr_vla_bd_v4_i/axi_sc_0/inst/s15_nodes/s15_ar_node/inst/inst_mi_handler (mr_vla_bd_v4_axi_sc_0_0_sc_node_v1_0_16_mi_handler__parameterized4) has been optimized to an empty box cell during sweep but it has constraints that prevent its removal. Empty box cells do not impact the implementation flow but they have no functional relevance.
Resolution: If this is not expected, please check for DONT_TOUCH properties or timing constraint set on the empty box cell or on nets connected to the cell. If found, remove the relevant DONT_TOUCH property or timing constraint and re-run opt_design.
Phase 5 Sweep | Checksum: 1fd5ac0ab

Time (s): cpu = 00:00:36 ; elapsed = 00:00:16 . Memory (MB): peak = 7157.145 ; gain = 224.000 ; free physical = 51189 ; free virtual = 56137
Sweep | Checksum: 1fd5ac0ab
INFO: [Opt 31-389] Phase Sweep created 0 cells and removed 11698 cells
INFO: [Opt 31-1021] In phase Sweep, 180 netlist objects are constrained preventing optimization. Please run opt_design with -debug_log to get more detail. 

Phase 6 BUFG optimization
INFO: [Opt 31-194] Inserted BUFG  to drive 60016 load(s) on clock net clk
INFO: [Opt 31-193] Inserted 1 BUFG(s) on clock nets
INFO: [Opt 31-1077] Phase BUFG optimization inserted 0 global clock buffer(s) for CLOCK_LOW_FANOUT.
Phase 6 BUFG optimization | Checksum: 15f54581f

Time (s): cpu = 00:00:51 ; elapsed = 00:00:21 . Memory (MB): peak = 7169.355 ; gain = 236.211 ; free physical = 51197 ; free virtual = 56145
BUFG optimization | Checksum: 15f54581f
INFO: [Opt 31-662] Phase BUFG optimization created 1 cells of which 1 are BUFGs and removed 0 cells.
INFO: [Opt 31-1021] In phase BUFG optimization, 1 netlist objects are constrained preventing optimization. Please run opt_design with -debug_log to get more detail. 

Phase 7 Shift Register Optimization
INFO: [Opt 31-1064] SRL Remap converted 0 SRLs to 0 registers and converted 0 registers of register chains to 0 SRLs
Phase 7 Shift Register Optimization | Checksum: 15f54581f

Time (s): cpu = 00:00:51 ; elapsed = 00:00:21 . Memory (MB): peak = 7169.355 ; gain = 236.211 ; free physical = 51197 ; free virtual = 56145
Shift Register Optimization | Checksum: 15f54581f
INFO: [Opt 31-389] Phase Shift Register Optimization created 0 cells and removed 0 cells

Phase 8 Post Processing Netlist
Phase 8 Post Processing Netlist | Checksum: 15f54581f

Time (s): cpu = 00:00:51 ; elapsed = 00:00:22 . Memory (MB): peak = 7169.355 ; gain = 236.211 ; free physical = 51197 ; free virtual = 56145
Post Processing Netlist | Checksum: 15f54581f
INFO: [Opt 31-389] Phase Post Processing Netlist created 0 cells and removed 0 cells
INFO: [Opt 31-1021] In phase Post Processing Netlist, 144 netlist objects are constrained preventing optimization. Please run opt_design with -debug_log to get more detail. 

Phase 9 Finalization

Phase 9.1 Finalizing Design Cores and Updating Shapes
Phase 9.1 Finalizing Design Cores and Updating Shapes | Checksum: 19b6a76bf

Time (s): cpu = 00:01:05 ; elapsed = 00:00:28 . Memory (MB): peak = 7169.355 ; gain = 236.211 ; free physical = 51195 ; free virtual = 56143

Phase 9.2 Verifying Netlist Connectivity

Starting Connectivity Check Task

Time (s): cpu = 00:00:00.14 ; elapsed = 00:00:00.14 . Memory (MB): peak = 7169.355 ; gain = 0.000 ; free physical = 51195 ; free virtual = 56143
Phase 9.2 Verifying Netlist Connectivity | Checksum: 19b6a76bf

Time (s): cpu = 00:01:05 ; elapsed = 00:00:28 . Memory (MB): peak = 7169.355 ; gain = 236.211 ; free physical = 51195 ; free virtual = 56143
Phase 9 Finalization | Checksum: 19b6a76bf

Time (s): cpu = 00:01:05 ; elapsed = 00:00:28 . Memory (MB): peak = 7169.355 ; gain = 236.211 ; free physical = 51195 ; free virtual = 56143
Opt_design Change Summary
=========================


-------------------------------------------------------------------------------------------------------------------------
|  Phase                        |  #Cells created  |  #Cells Removed  |  #Constrained objects preventing optimizations  |
-------------------------------------------------------------------------------------------------------------------------
|  Retarget                     |             287  |            3171  |                                            144  |
|  Constant propagation         |             238  |             960  |                                            144  |
|  Sweep                        |               0  |           11698  |                                            180  |
|  BUFG optimization            |               1  |               0  |                                              1  |
|  Shift Register Optimization  |               0  |               0  |                                              0  |
|  Post Processing Netlist      |               0  |               0  |                                            144  |
-------------------------------------------------------------------------------------------------------------------------


Ending Logic Optimization Task | Checksum: 19b6a76bf

Time (s): cpu = 00:01:05 ; elapsed = 00:00:28 . Memory (MB): peak = 7169.355 ; gain = 236.211 ; free physical = 51195 ; free virtual = 56143

Starting Netlist Obfuscation Task
Netlist sorting complete. Time (s): cpu = 00:00:00.04 ; elapsed = 00:00:00.04 . Memory (MB): peak = 7169.355 ; gain = 0.000 ; free physical = 51196 ; free virtual = 56144
Ending Netlist Obfuscation Task | Checksum: 19b6a76bf

Time (s): cpu = 00:00:00.06 ; elapsed = 00:00:00.06 . Memory (MB): peak = 7169.355 ; gain = 0.000 ; free physical = 51196 ; free virtual = 56144
INFO: [Common 17-83] Releasing license: Implementation
82 Infos, 0 Warnings, 0 Critical Warnings and 0 Errors encountered.
opt_design completed successfully
opt_design: Time (s): cpu = 00:01:11 ; elapsed = 00:00:32 . Memory (MB): peak = 7169.355 ; gain = 431.992 ; free physical = 51196 ; free virtual = 56144
# place_design
Command: place_design
Attempting to get a license for feature 'Implementation' and/or device 'xcvc1902'
INFO: [Common 17-349] Got license for feature 'Implementation' and/or device 'xcvc1902'
INFO: [Common 17-86] Your Implementation license expires in 28 day(s)
INFO: [Common 17-83] Releasing license: Implementation
INFO: [DRC 23-27] Running DRC with 16 threads
INFO: [Vivado_Tcl 4-198] DRC finished with 0 Errors
INFO: [Vivado_Tcl 4-199] Please refer to the DRC report (report_drc) for more information.
Running DRC as a precondition to command place_design
INFO: [DRC 23-27] Running DRC with 16 threads
CRITICAL WARNING: [DRC CIPS-1] Versal CIPS exists check - place design: Versal designs must contain a CIPS IP in the netlist hierarchy to function properly. Please create an instance of the CIPS IP and configure it. Without a CIPS IP in the design, Vivado will not generate a CDO for the PMC, an elf for the PLM.
INFO: [Vivado_Tcl 4-198] DRC finished with 0 Errors, 1 Critical Warnings, 671 Warnings
INFO: [Vivado_Tcl 4-199] Please refer to the DRC report (report_drc) for more information.
INFO: [Place 30-611] Multithreading enabled for place_design using a maximum of 16 CPUs

Starting Placer Task

Phase 1 Placer Initialization

Phase 1.1 Placer Initialization Netlist Sorting
Netlist sorting complete. Time (s): cpu = 00:00:00.04 ; elapsed = 00:00:00.04 . Memory (MB): peak = 7499.051 ; gain = 0.000 ; free physical = 51220 ; free virtual = 56169
Phase 1.1 Placer Initialization Netlist Sorting | Checksum: 1447ed544

Time (s): cpu = 00:00:00.07 ; elapsed = 00:00:00.08 . Memory (MB): peak = 7499.051 ; gain = 0.000 ; free physical = 51220 ; free virtual = 56169
Netlist sorting complete. Time (s): cpu = 00:00:00.04 ; elapsed = 00:00:00.04 . Memory (MB): peak = 7499.051 ; gain = 0.000 ; free physical = 51220 ; free virtual = 56169

Phase 1.2 IO Placement/ Clock Placement/ Build Placer Device
WARNING: [Constraints 18-6211] Setting input delay on a clock pin 'clk' relative to clock 'clk' defined on the same pin is not supported, ignoring it [/tools/projects/FPGA-VLA/runs/T0036_v5/mr_vla_bd_v5_ooc.xdc:9]
WARNING: [Constraints 18-6211] Setting input delay on a clock pin 'clk' relative to clock 'clk' defined on the same pin is not supported, ignoring it [/tools/projects/FPGA-VLA/runs/T0036_v5/mr_vla_bd_v5_ooc.xdc:10]
INFO: [Timing 38-35] Done setting XDC timing constraints.
Phase 1.2 IO Placement/ Clock Placement/ Build Placer Device | Checksum: 215f7504b

Time (s): cpu = 00:01:13 ; elapsed = 00:00:27 . Memory (MB): peak = 7499.051 ; gain = 0.000 ; free physical = 50956 ; free virtual = 55910

Phase 1.3 Build Placer Netlist Model
Phase 1.3 Build Placer Netlist Model | Checksum: 30ba711a6

Time (s): cpu = 00:02:55 ; elapsed = 00:01:01 . Memory (MB): peak = 7499.051 ; gain = 0.000 ; free physical = 50837 ; free virtual = 55790

Phase 1.4 Constrain Clocks/Macros
Phase 1.4 Constrain Clocks/Macros | Checksum: 30ba711a6

Time (s): cpu = 00:02:56 ; elapsed = 00:01:02 . Memory (MB): peak = 7499.051 ; gain = 0.000 ; free physical = 50837 ; free virtual = 55790
Phase 1 Placer Initialization | Checksum: 30ba711a6

Time (s): cpu = 00:02:56 ; elapsed = 00:01:03 . Memory (MB): peak = 7499.051 ; gain = 0.000 ; free physical = 50837 ; free virtual = 55790

Phase 2 Global Placement

Phase 2.1 Floorplanning

Phase 2.1.1 Partition Driven Placement

Phase 2.1.1.1 PBP: Partition Driven Placement
Phase 2.1.1.1 PBP: Partition Driven Placement | Checksum: 2f4e9c0cc

Time (s): cpu = 00:03:25 ; elapsed = 00:01:17 . Memory (MB): peak = 7643.867 ; gain = 144.816 ; free physical = 50781 ; free virtual = 55736

Phase 2.1.1.2 PBP: Clock Region Placement
INFO: [Place 30-3165] Check ILP status: ILP-based clock placer completed successfully 
Netlist sorting complete. Time (s): cpu = 00:00:00.04 ; elapsed = 00:00:00.04 . Memory (MB): peak = 7643.867 ; gain = 0.000 ; free physical = 50687 ; free virtual = 55639
Phase 2.1.1.2 PBP: Clock Region Placement | Checksum: 348af5d03

Time (s): cpu = 00:03:32 ; elapsed = 00:01:24 . Memory (MB): peak = 7643.867 ; gain = 144.816 ; free physical = 50686 ; free virtual = 55638

Phase 2.1.1.3 PBP: Discrete Incremental
Phase 2.1.1.3 PBP: Discrete Incremental | Checksum: 290970b97

Time (s): cpu = 00:03:33 ; elapsed = 00:01:25 . Memory (MB): peak = 7643.867 ; gain = 144.816 ; free physical = 50667 ; free virtual = 55619

Phase 2.1.1.4 PBP: Compute Congestion
Phase 2.1.1.4 PBP: Compute Congestion | Checksum: 290970b97

Time (s): cpu = 00:03:52 ; elapsed = 00:01:30 . Memory (MB): peak = 7741.555 ; gain = 242.504 ; free physical = 50373 ; free virtual = 55774

Phase 2.1.1.5 PBP: Macro Placement
Phase 2.1.1.5 PBP: Macro Placement | Checksum: 229d8898c

Time (s): cpu = 00:03:57 ; elapsed = 00:01:34 . Memory (MB): peak = 7741.555 ; gain = 242.504 ; free physical = 50358 ; free virtual = 55760

Phase 2.1.1.6 PBP: UpdateTiming
Phase 2.1.1.6 PBP: UpdateTiming | Checksum: 24b0d311e

Time (s): cpu = 00:04:23 ; elapsed = 00:01:40 . Memory (MB): peak = 7741.555 ; gain = 242.504 ; free physical = 50365 ; free virtual = 55767

Phase 2.1.1.7 PBP: Add part constraints
Phase 2.1.1.7 PBP: Add part constraints | Checksum: 24b0d311e

Time (s): cpu = 00:04:24 ; elapsed = 00:01:41 . Memory (MB): peak = 7741.555 ; gain = 242.504 ; free physical = 50365 ; free virtual = 55767
Phase 2.1.1 Partition Driven Placement | Checksum: 24b0d311e

Time (s): cpu = 00:04:24 ; elapsed = 00:01:41 . Memory (MB): peak = 7741.555 ; gain = 242.504 ; free physical = 50365 ; free virtual = 55767
Phase 2.1 Floorplanning | Checksum: 2cd278524

Time (s): cpu = 00:04:25 ; elapsed = 00:01:41 . Memory (MB): peak = 7741.555 ; gain = 242.504 ; free physical = 50365 ; free virtual = 55767

Phase 2.2 Update Timing before SLR Path Opt
Phase 2.2 Update Timing before SLR Path Opt | Checksum: 2cd278524

Time (s): cpu = 00:04:25 ; elapsed = 00:01:41 . Memory (MB): peak = 7741.555 ; gain = 242.504 ; free physical = 50365 ; free virtual = 55767

Phase 2.3 Post-Processing in Floorplanning
Phase 2.3 Post-Processing in Floorplanning | Checksum: 2cd278524

Time (s): cpu = 00:04:25 ; elapsed = 00:01:41 . Memory (MB): peak = 7741.555 ; gain = 242.504 ; free physical = 50366 ; free virtual = 55768

Phase 2.4 Global Placement Core

Phase 2.4.1 UpdateTiming Before Physical Synthesis
Phase 2.4.1 UpdateTiming Before Physical Synthesis | Checksum: 35e22f8b7

Time (s): cpu = 00:08:41 ; elapsed = 00:03:03 . Memory (MB): peak = 7998.582 ; gain = 499.531 ; free physical = 50073 ; free virtual = 55478

Phase 2.4.2 Physical Synthesis In Placer
INFO: [Physopt 32-1035] Found 25 LUTNM shape to break, 2876 LUT instances to create LUTNM shape
INFO: [Physopt 32-1044] Break lutnm for timing: one critical 13, two critical 12, total 25, new lutff created 2
INFO: [Physopt 32-1138] End 1 Pass. Optimized 1370 nets or LUTs. Breaked 25 LUTs, combined 1345 existing LUTs and moved 0 existing LUT
INFO: [Physopt 32-1030] Pass 1. Identified 83 candidate driver sets for equivalent driver rewiring.
INFO: [Physopt 32-661] Optimized 32 nets.  Re-placed 113 instances.
INFO: [Physopt 32-775] End 1 Pass. Optimized 32 nets or cells. Created 0 new cell, deleted 2 existing cells and moved 113 existing cells
Netlist sorting complete. Time (s): cpu = 00:00:00.24 ; elapsed = 00:00:00.24 . Memory (MB): peak = 7998.582 ; gain = 0.000 ; free physical = 49999 ; free virtual = 55406
INFO: [Physopt 32-1408] Pass 1. Identified 1 candidate net for high-fanout optimization.
INFO: [Physopt 32-81] Processed net mr_vla_bd_v4_i/u_adh/inst/grp_action_diff_head_Pipeline_ATTN_O_TILE_ATTN_O_N_LOOP_fu_6328/grp_action_diff_head_Pipeline_ATTN_O_TILE_ATTN_O_N_LOOP_fu_6328_attn_o_63_ce0. Replicated 24 times.
INFO: [Physopt 32-232] Optimized 1 net. Created 24 new instances.
INFO: [Physopt 32-775] End 1 Pass. Optimized 1 net or cell. Created 24 new cells, deleted 0 existing cell and moved 0 existing cell
Netlist sorting complete. Time (s): cpu = 00:00:00.09 ; elapsed = 00:00:00.09 . Memory (MB): peak = 7998.582 ; gain = 0.000 ; free physical = 49984 ; free virtual = 55392
INFO: [Physopt 32-76] Pass 1. Identified 24 candidate nets for fanout optimization.
INFO: [Physopt 32-81] Processed net mr_vla_bd_v4_i/u_sched/inst/u_inner/u_vision_fifo/rptr_reg_n_0_[11]. Replicated 4 times.
INFO: [Physopt 32-81] Processed net mr_vla_bd_v4_i/u_sched/inst/u_inner/u_vision_fifo/rptr_reg_n_0_[5]. Replicated 4 times.
INFO: [Physopt 32-81] Processed net mr_vla_bd_v4_i/u_sched/inst/u_inner/u_vision_fifo/rptr_reg_n_0_[7]. Replicated 4 times.
INFO: [Physopt 32-81] Processed net mr_vla_bd_v4_i/u_sched/inst/u_inner/u_vision_fifo/rptr_reg_n_0_[9]. Replicated 4 times.
INFO: [Physopt 32-81] Processed net mr_vla_bd_v4_i/u_sched/inst/u_inner/u_vision_fifo/rptr_reg_n_0_[3]. Replicated 4 times.
INFO: [Physopt 32-81] Processed net mr_vla_bd_v4_i/u_sched/inst/u_inner/u_vision_fifo/rptr_reg_n_0_[1]. Replicated 4 times.
INFO: [Physopt 32-81] Processed net mr_vla_bd_v4_i/u_sched/inst/u_inner/u_vision_fifo/rptr_reg_n_0_[6]. Replicated 4 times.
INFO: [Physopt 32-81] Processed net mr_vla_bd_v4_i/u_sched/inst/u_inner/u_vision_fifo/rptr_reg_n_0_[2]. Replicated 4 times.
INFO: [Physopt 32-571] Net mr_vla_bd_v4_i/u_sched/inst/u_inner/u_vision_fifo/wptr_reg_n_0_[6] was not replicated.
INFO: [Physopt 32-571] Net mr_vla_bd_v4_i/u_sched/inst/u_inner/u_vision_fifo/wptr_reg_n_0_[9] was not replicated.
INFO: [Physopt 32-571] Net mr_vla_bd_v4_i/u_sched/inst/u_inner/u_vision_fifo/wptr_reg_n_0_[3] was not replicated.
INFO: [Physopt 32-81] Processed net mr_vla_bd_v4_i/u_sched/inst/u_inner/u_vision_fifo/rptr_reg_n_0_[10]. Replicated 3 times.
INFO: [Physopt 32-81] Processed net mr_vla_bd_v4_i/u_sched/inst/u_inner/u_vision_fifo/rptr_reg_n_0_[4]. Replicated 4 times.
INFO: [Physopt 32-571] Net mr_vla_bd_v4_i/u_sched/inst/u_inner/u_vision_fifo/wptr_reg_n_0_[11] was not replicated.
INFO: [Physopt 32-81] Processed net mr_vla_bd_v4_i/u_sched/inst/u_inner/u_vision_fifo/rptr_reg_n_0_[8]. Replicated 4 times.
INFO: [Physopt 32-81] Processed net mr_vla_bd_v4_i/u_sched/inst/u_inner/u_vision_fifo/rptr_reg_n_0_[0]. Replicated 4 times.
INFO: [Physopt 32-571] Net mr_vla_bd_v4_i/u_sched/inst/u_inner/u_vision_fifo/wptr_reg_n_0_[7] was not replicated.
INFO: [Physopt 32-81] Processed net mr_vla_bd_v4_i/u_sched/inst/u_inner/u_vision_fifo/wptr_reg_n_0_[0]. Replicated 3 times.
INFO: [Physopt 32-571] Net mr_vla_bd_v4_i/u_sched/inst/u_inner/u_vision_fifo/wptr_reg_n_0_[8] was not replicated.
INFO: [Physopt 32-571] Net mr_vla_bd_v4_i/u_sched/inst/u_inner/u_vision_fifo/wptr_reg_n_0_[10] was not replicated.
INFO: [Physopt 32-571] Net mr_vla_bd_v4_i/u_sched/inst/u_inner/u_vision_fifo/wptr_reg_n_0_[4] was not replicated.
INFO: [Physopt 32-571] Net mr_vla_bd_v4_i/u_sched/inst/u_inner/u_vision_fifo/wptr_reg_n_0_[5] was not replicated.
INFO: [Physopt 32-571] Net mr_vla_bd_v4_i/u_sched/inst/u_inner/u_vision_fifo/wptr_reg_n_0_[1] was not replicated.
INFO: [Physopt 32-571] Net mr_vla_bd_v4_i/u_sched/inst/u_inner/u_vision_fifo/wptr_reg_n_0_[2] was not replicated.
INFO: [Physopt 32-232] Optimized 13 nets. Created 50 new instances.
INFO: [Physopt 32-775] End 1 Pass. Optimized 13 nets or cells. Created 50 new cells, deleted 0 existing cell and moved 0 existing cell
Netlist sorting complete. Time (s): cpu = 00:00:00.05 ; elapsed = 00:00:00.06 . Memory (MB): peak = 7998.582 ; gain = 0.000 ; free physical = 49952 ; free virtual = 55360
INFO: [Physopt 32-456] No candidate cells for DSP register optimization found in the design.
INFO: [Physopt 32-775] End 2 Pass. Optimized 0 net or cell. Created 0 new cell, deleted 0 existing cell and moved 0 existing cell
INFO: [Physopt 32-1123] No candidate cells found for Shift Register to Pipeline optimization
INFO: [Physopt 32-775] End 2 Pass. Optimized 0 net or cell. Created 0 new cell, deleted 0 existing cell and moved 0 existing cell
INFO: [Physopt 32-1401] No candidate cells found for Shift Register optimization.
INFO: [Physopt 32-677] No candidate cells for Shift Register optimization found in the design
INFO: [Physopt 32-775] End 1 Pass. Optimized 0 net or cell. Created 0 new cell, deleted 0 existing cell and moved 0 existing cell
INFO: [Physopt 32-526] No candidate cells for BRAM register optimization found in the design
INFO: [Physopt 32-775] End 1 Pass. Optimized 0 net or cell. Created 0 new cell, deleted 0 existing cell and moved 0 existing cell
INFO: [Physopt 32-846] No candidate cells for URAM register optimization found in the design
INFO: [Physopt 32-775] End 1 Pass. Optimized 0 net or cell. Created 0 new cell, deleted 0 existing cell and moved 0 existing cell
INFO: [Physopt 32-846] No candidate cells for URAM register optimization found in the design
INFO: [Physopt 32-775] End 1 Pass. Optimized 0 net or cell. Created 0 new cell, deleted 0 existing cell and moved 0 existing cell
INFO: [Physopt 32-949] No candidate nets found for dynamic/static region interface net replication
INFO: [Physopt 32-775] End 1 Pass. Optimized 0 net or cell. Created 0 new cell, deleted 0 existing cell and moved 0 existing cell
Netlist sorting complete. Time (s): cpu = 00:00:00.04 ; elapsed = 00:00:00.04 . Memory (MB): peak = 7998.582 ; gain = 0.000 ; free physical = 49908 ; free virtual = 55317
Netlist sorting complete. Time (s): cpu = 00:00:00.04 ; elapsed = 00:00:00.05 . Memory (MB): peak = 7998.582 ; gain = 0.000 ; free physical = 49845 ; free virtual = 55255

Summary of Physical Synthesis Optimizations
============================================


-----------------------------------------------------------------------------------------------------------------------------------------------------------
|  Optimization                                     |  Added Cells  |  Removed Cells  |  Optimized Cells/Nets  |  Dont Touch  |  Iterations  |  Elapsed   |
-----------------------------------------------------------------------------------------------------------------------------------------------------------
|  LUT Combining                                    |           25  |           1345  |                  1370  |           0  |           1  |  00:00:03  |
|  Retime                                           |            0  |              0  |                     0  |           0  |           1  |  00:00:00  |
|  Equivalent Driver Rewiring                       |            0  |              2  |                    32  |           0  |           1  |  00:00:03  |
|  Very High Fanout                                 |           24  |              0  |                     1  |           0  |           1  |  00:00:02  |
|  Fanout                                           |           50  |              0  |                    13  |           0  |           1  |  00:00:02  |
|  DSP Register                                     |            0  |              0  |                     0  |           0  |           1  |  00:00:00  |
|  Shift Register to Pipeline                       |            0  |              0  |                     0  |           0  |           1  |  00:00:00  |
|  Shift Register                                   |            0  |              0  |                     0  |           0  |           1  |  00:00:00  |
|  BRAM Register                                    |            0  |              0  |                     0  |           0  |           1  |  00:00:00  |
|  URAM Register                                    |            0  |              0  |                     0  |           0  |           1  |  00:00:00  |
|  Dynamic/Static Region Interface Net Replication  |            0  |              0  |                     0  |           0  |           1  |  00:00:00  |
|  Total                                            |           99  |           1347  |                  1416  |           0  |          11  |  00:00:10  |
-----------------------------------------------------------------------------------------------------------------------------------------------------------


Phase 2.4.2 Physical Synthesis In Placer | Checksum: 289ed4fd1

Time (s): cpu = 00:09:22 ; elapsed = 00:03:24 . Memory (MB): peak = 7998.582 ; gain = 499.531 ; free physical = 49880 ; free virtual = 55295
Phase 2.4 Global Placement Core | Checksum: 2b75a2be1

Time (s): cpu = 00:10:04 ; elapsed = 00:03:47 . Memory (MB): peak = 7998.582 ; gain = 499.531 ; free physical = 48979 ; free virtual = 54756
Phase 2 Global Placement | Checksum: 2e878bbf7

Time (s): cpu = 00:10:04 ; elapsed = 00:03:48 . Memory (MB): peak = 7998.582 ; gain = 499.531 ; free physical = 48896 ; free virtual = 54673

Phase 3 Detail Placement

Phase 3.1 Commit Multi Column Macros
Phase 3.1 Commit Multi Column Macros | Checksum: 276f40921

Time (s): cpu = 00:11:08 ; elapsed = 00:03:59 . Memory (MB): peak = 8096.270 ; gain = 597.219 ; free physical = 48169 ; free virtual = 54109

Phase 3.2 Commit Most Macros & LUTRAMs
Phase 3.2 Commit Most Macros & LUTRAMs | Checksum: 2eb7d5101

Time (s): cpu = 00:11:47 ; elapsed = 00:04:09 . Memory (MB): peak = 8096.270 ; gain = 597.219 ; free physical = 47708 ; free virtual = 53648

Phase 3.3 Small Shape DP

Phase 3.3.1 Small Shape Clustering
Phase 3.3.1 Small Shape Clustering | Checksum: 2150ed555

Time (s): cpu = 00:12:59 ; elapsed = 00:04:27 . Memory (MB): peak = 8096.270 ; gain = 597.219 ; free physical = 47623 ; free virtual = 53562

Phase 3.3.2 Slice Area Swap

Phase 3.3.2.1 Slice Area Swap Initial
Phase 3.3.2.1 Slice Area Swap Initial | Checksum: 2ea884fb1

Time (s): cpu = 00:13:04 ; elapsed = 00:04:31 . Memory (MB): peak = 8096.270 ; gain = 597.219 ; free physical = 47631 ; free virtual = 53570
Phase 3.3.2 Slice Area Swap | Checksum: 2ea884fb1

Time (s): cpu = 00:13:05 ; elapsed = 00:04:32 . Memory (MB): peak = 8096.270 ; gain = 597.219 ; free physical = 47631 ; free virtual = 53570
Phase 3.3 Small Shape DP | Checksum: 2fa2d97e0

Time (s): cpu = 00:13:30 ; elapsed = 00:04:41 . Memory (MB): peak = 8096.270 ; gain = 597.219 ; free physical = 47629 ; free virtual = 53568

Phase 3.4 Optimize BEL assignments
Phase 3.4 Optimize BEL assignments | Checksum: 2341032f5

Time (s): cpu = 00:15:21 ; elapsed = 00:04:59 . Memory (MB): peak = 8096.270 ; gain = 597.219 ; free physical = 47386 ; free virtual = 53290

Phase 3.5 Pipeline Register Optimization
Phase 3.5 Pipeline Register Optimization | Checksum: 18f7d5f8f

Time (s): cpu = 00:15:23 ; elapsed = 00:05:00 . Memory (MB): peak = 8096.270 ; gain = 597.219 ; free physical = 47386 ; free virtual = 53290

Phase 3.6 Fast Optimization
Phase 3.6 Fast Optimization | Checksum: 25eafa86d

Time (s): cpu = 00:16:52 ; elapsed = 00:05:16 . Memory (MB): peak = 8096.270 ; gain = 597.219 ; free physical = 47379 ; free virtual = 53267
Phase 3 Detail Placement | Checksum: 25eafa86d

Time (s): cpu = 00:16:54 ; elapsed = 00:05:17 . Memory (MB): peak = 8096.270 ; gain = 597.219 ; free physical = 47352 ; free virtual = 53273

Phase 4 Post Placement Optimization and Clean-Up

Phase 4.1 Post Commit Optimization
WARNING: [Constraints 18-6211] Setting input delay on a clock pin 'clk' relative to clock 'clk' defined on the same pin is not supported, ignoring it [/tools/projects/FPGA-VLA/runs/T0036_v5/mr_vla_bd_v5_ooc.xdc:9]
WARNING: [Constraints 18-6211] Setting input delay on a clock pin 'clk' relative to clock 'clk' defined on the same pin is not supported, ignoring it [/tools/projects/FPGA-VLA/runs/T0036_v5/mr_vla_bd_v5_ooc.xdc:10]
INFO: [Timing 38-35] Done setting XDC timing constraints.
Netlist sorting complete. Time (s): cpu = 00:00:00.03 ; elapsed = 00:00:00.03 . Memory (MB): peak = 8096.270 ; gain = 0.000 ; free physical = 47032 ; free virtual = 53079

Phase 4.1.1 Post Placement Optimization
Post Placement Optimization Initialization | Checksum: aea77f1a

Phase 4.1.1.1 BUFG Insertion

Starting Physical Synthesis Task

Phase 1 Physical Synthesis Initialization
INFO: [Physopt 32-721] Multithreading enabled for phys_opt_design using a maximum of 16 CPUs
INFO: [Physopt 32-619] Estimated Timing Summary | WNS=-2.243 | TNS=-1728.217 |
Phase 1 Physical Synthesis Initialization | Checksum: e1e9f690

Time (s): cpu = 00:00:17 ; elapsed = 00:00:05 . Memory (MB): peak = 8096.270 ; gain = 0.000 ; free physical = 46935 ; free virtual = 53061
INFO: [Place 46-56] BUFG insertion identified 0 candidate nets. Inserted BUFG: 0, Replicated BUFG Driver: 0, Skipped due to Placement/Routing Conflicts: 0, Skipped due to Timing Degradation: 0, Skipped due to netlist editing failed: 0.
Ending Physical Synthesis Task | Checksum: 11009f9a0

Time (s): cpu = 00:00:19 ; elapsed = 00:00:06 . Memory (MB): peak = 8096.270 ; gain = 0.000 ; free physical = 46913 ; free virtual = 53061
Phase 4.1.1.1 BUFG Insertion | Checksum: aea77f1a

Time (s): cpu = 00:19:53 ; elapsed = 00:06:05 . Memory (MB): peak = 8096.270 ; gain = 597.219 ; free physical = 46867 ; free virtual = 53033

Phase 4.1.1.2 BUFG Replication
INFO: [Place 46-63] BUFG replication identified 0 candidate nets: Replicated nets: 0, Replicated BUFGs: 0, Replicated BUFG Driver: 0, moved BUFGs: 0, Skipped due to Placement / Routing Conflict: 0, Skipped due to Timing: 0, Skipped due to constraints: 0
Phase 4.1.1.2 BUFG Replication | Checksum: aea77f1a

Time (s): cpu = 00:19:55 ; elapsed = 00:06:06 . Memory (MB): peak = 8096.270 ; gain = 597.219 ; free physical = 46821 ; free virtual = 52999

Phase 4.1.1.3 Post Placement Timing Optimization
INFO: [Place 30-746] Post Placement Timing Summary WNS=-2.129. For the most accurate timing information please run report_timing.
Phase 4.1.1.3 Post Placement Timing Optimization | Checksum: 19239c230

Time (s): cpu = 00:20:25 ; elapsed = 00:06:31 . Memory (MB): peak = 8096.270 ; gain = 597.219 ; free physical = 46669 ; free virtual = 52901

Time (s): cpu = 00:20:25 ; elapsed = 00:06:31 . Memory (MB): peak = 8096.270 ; gain = 597.219 ; free physical = 46669 ; free virtual = 52901
Phase 4.1 Post Commit Optimization | Checksum: 19239c230

Time (s): cpu = 00:20:26 ; elapsed = 00:06:32 . Memory (MB): peak = 8096.270 ; gain = 597.219 ; free physical = 46646 ; free virtual = 52879
Netlist sorting complete. Time (s): cpu = 00:00:00.04 ; elapsed = 00:00:00.04 . Memory (MB): peak = 8237.434 ; gain = 0.000 ; free physical = 46289 ; free virtual = 52536

Phase 4.2 Post Placement Cleanup
Phase 4.2 Post Placement Cleanup | Checksum: 26adc1437

Time (s): cpu = 00:20:54 ; elapsed = 00:06:47 . Memory (MB): peak = 8237.434 ; gain = 738.383 ; free physical = 44674 ; free virtual = 51097

Phase 4.3 Placer Reporting

Phase 4.3.1 Print Estimated Congestion
INFO: [Place 30-612] Post-Placement Estimated Congestion 
 ________________________________________________________________________
|           | Global Congestion | Long Congestion   | Short Congestion  |
| Direction | Region Size       | Region Size       | Region Size       |
|___________|___________________|___________________|___________________|
|      North|                1x1|                1x1|                1x1|
|___________|___________________|___________________|___________________|
|      South|                1x1|                1x1|                2x2|
|___________|___________________|___________________|___________________|
|       East|                1x1|                1x1|                1x1|
|___________|___________________|___________________|___________________|
|       West|                1x1|                1x1|                2x2|
|___________|___________________|___________________|___________________|

Phase 4.3.1 Print Estimated Congestion | Checksum: 26adc1437

Time (s): cpu = 00:20:56 ; elapsed = 00:06:48 . Memory (MB): peak = 8237.434 ; gain = 738.383 ; free physical = 44396 ; free virtual = 50833
Phase 4.3 Placer Reporting | Checksum: 26adc1437

Time (s): cpu = 00:20:57 ; elapsed = 00:06:50 . Memory (MB): peak = 8237.434 ; gain = 738.383 ; free physical = 44270 ; free virtual = 50708

Phase 4.4 Final Placement Cleanup
Netlist sorting complete. Time (s): cpu = 00:00:00.05 ; elapsed = 00:00:00.05 . Memory (MB): peak = 8237.434 ; gain = 0.000 ; free physical = 44202 ; free virtual = 50641

Time (s): cpu = 00:20:57 ; elapsed = 00:06:50 . Memory (MB): peak = 8237.434 ; gain = 738.383 ; free physical = 44202 ; free virtual = 50641
Phase 4 Post Placement Optimization and Clean-Up | Checksum: 319dd2aee

Time (s): cpu = 00:20:59 ; elapsed = 00:06:51 . Memory (MB): peak = 8237.434 ; gain = 738.383 ; free physical = 44948 ; free virtual = 51407
Ending Placer Task | Checksum: 26ebafe76

Time (s): cpu = 00:21:00 ; elapsed = 00:06:53 . Memory (MB): peak = 8237.434 ; gain = 738.383 ; free physical = 43873 ; free virtual = 50330
71 Infos, 4 Warnings, 1 Critical Warnings and 0 Errors encountered.
place_design completed successfully
place_design: Time (s): cpu = 00:21:24 ; elapsed = 00:07:02 . Memory (MB): peak = 8237.434 ; gain = 1068.078 ; free physical = 43938 ; free virtual = 50398
# route_design
Command: route_design
Attempting to get a license for feature 'Implementation' and/or device 'xcvc1902'
INFO: [Common 17-349] Got license for feature 'Implementation' and/or device 'xcvc1902'
INFO: [Common 17-86] Your Implementation license expires in 28 day(s)
Running DRC as a precondition to command route_design
INFO: [DRC 23-27] Running DRC with 16 threads
INFO: [Vivado_Tcl 4-198] DRC finished with 0 Errors
INFO: [Vivado_Tcl 4-199] Please refer to the DRC report (report_drc) for more information.


Starting Routing Task
INFO: [Route 35-254] Multithreading enabled for route_design using a maximum of 16 CPUs

Phase 1 Build RT Design
Checksum: PlaceDB: da7acf2e ConstDB: 0 ShapeSum: b9208df9 RouteDB: db1fa14f
INFO: [DRC 23-27] Running DRC with 16 threads
Nodegraph reading from file.  Time (s): cpu = 00:00:02 ; elapsed = 00:00:02 . Memory (MB): peak = 8432.809 ; gain = 0.000 ; free physical = 44988 ; free virtual = 51633
WARNING: [Route 35-198] Port "m_axi_ddrQ_BVALID_1" does not have an associated HD.PARTPIN_LOCS, which will prevent the partial routing of the signal "m_axi_ddrQ_BVALID_1". Without this partial route, timing analysis to/from this port will not be accurate, and no routing information for this port can be exported.
WARNING: [Route 35-198] Port "ap_rst_n" does not have an associated HD.PARTPIN_LOCS, which will prevent the partial routing of the signal "ap_rst_n". Without this partial route, timing analysis to/from this port will not be accurate, and no routing information for this port can be exported.
WARNING: [Route 35-198] Port "rst_n" does not have an associated HD.PARTPIN_LOCS, which will prevent the partial routing of the signal "rst_n". Without this partial route, timing analysis to/from this port will not be accurate, and no routing information for this port can be exported.
WARNING: [Route 35-197] Clock port "clk" does not have an associated HD.CLK_SRC. Without this constraint, timing analysis may not be accurate and upstream checks cannot be done to ensure correct clock placement.
WARNING: [Route 35-198] Port "m_axi_ddrW2_BVALID_1" does not have an associated HD.PARTPIN_LOCS, which will prevent the partial routing of the signal "m_axi_ddrW2_BVALID_1". Without this partial route, timing analysis to/from this port will not be accurate, and no routing information for this port can be exported.
WARNING: [Route 35-198] Port "s_language_tdata_0[31]" does not have an associated HD.PARTPIN_LOCS, which will prevent the partial routing of the signal "s_language_tdata_0[31]". Without this partial route, timing analysis to/from this port will not be accurate, and no routing information for this port can be exported.
WARNING: [Route 35-198] Port "s_language_tdata_0[30]" does not have an associated HD.PARTPIN_LOCS, which will prevent the partial routing of the signal "s_language_tdata_0[30]". Without this partial route, timing analysis to/from this port will not be accurate, and no routing information for this port can be exported.
WARNING: [Route 35-198] Port "s_language_tdata_0[29]" does not have an associated HD.PARTPIN_LOCS, which will prevent the partial routing of the signal "s_language_tdata_0[29]". Without this partial route, timing analysis to/from this port will not be accurate, and no routing information for this port can be exported.
WARNING: [Route 35-198] Port "s_language_tdata_0[28]" does not have an associated HD.PARTPIN_LOCS, which will prevent the partial routing of the signal "s_language_tdata_0[28]". Without this partial route, timing analysis to/from this port will not be accurate, and no routing information for this port can be exported.
WARNING: [Route 35-198] Port "s_language_tdata_0[27]" does not have an associated HD.PARTPIN_LOCS, which will prevent the partial routing of the signal "s_language_tdata_0[27]". Without this partial route, timing analysis to/from this port will not be accurate, and no routing information for this port can be exported.
WARNING: [Route 35-198] Port "s_vision_tdata_0[16]" does not have an associated HD.PARTPIN_LOCS, which will prevent the partial routing of the signal "s_vision_tdata_0[16]". Without this partial route, timing analysis to/from this port will not be accurate, and no routing information for this port can be exported.
WARNING: [Route 35-198] Port "s_vision_tdata_0[15]" does not have an associated HD.PARTPIN_LOCS, which will prevent the partial routing of the signal "s_vision_tdata_0[15]". Without this partial route, timing analysis to/from this port will not be accurate, and no routing information for this port can be exported.
WARNING: [Route 35-198] Port "s_vision_tdata_0[14]" does not have an associated HD.PARTPIN_LOCS, which will prevent the partial routing of the signal "s_vision_tdata_0[14]". Without this partial route, timing analysis to/from this port will not be accurate, and no routing information for this port can be exported.
WARNING: [Route 35-198] Port "s_vision_tdata_0[13]" does not have an associated HD.PARTPIN_LOCS, which will prevent the partial routing of the signal "s_vision_tdata_0[13]". Without this partial route, timing analysis to/from this port will not be accurate, and no routing information for this port can be exported.
WARNING: [Route 35-198] Port "s_vision_tdata_0[12]" does not have an associated HD.PARTPIN_LOCS, which will prevent the partial routing of the signal "s_vision_tdata_0[12]". Without this partial route, timing analysis to/from this port will not be accurate, and no routing information for this port can be exported.
WARNING: [Route 35-198] Port "s_vision_tdata_0[11]" does not have an associated HD.PARTPIN_LOCS, which will prevent the partial routing of the signal "s_vision_tdata_0[11]". Without this partial route, timing analysis to/from this port will not be accurate, and no routing information for this port can be exported.
WARNING: [Route 35-198] Port "s_vision_tdata_0[10]" does not have an associated HD.PARTPIN_LOCS, which will prevent the partial routing of the signal "s_vision_tdata_0[10]". Without this partial route, timing analysis to/from this port will not be accurate, and no routing information for this port can be exported.
WARNING: [Route 35-198] Port "s_vision_tdata_0[9]" does not have an associated HD.PARTPIN_LOCS, which will prevent the partial routing of the signal "s_vision_tdata_0[9]". Without this partial route, timing analysis to/from this port will not be accurate, and no routing information for this port can be exported.
WARNING: [Route 35-198] Port "s_vision_tdata_0[17]" does not have an associated HD.PARTPIN_LOCS, which will prevent the partial routing of the signal "s_vision_tdata_0[17]". Without this partial route, timing analysis to/from this port will not be accurate, and no routing information for this port can be exported.
WARNING: [Route 35-198] Port "s_vision_tdata_0[31]" does not have an associated HD.PARTPIN_LOCS, which will prevent the partial routing of the signal "s_vision_tdata_0[31]". Without this partial route, timing analysis to/from this port will not be accurate, and no routing information for this port can be exported.
WARNING: [Route 35-198] Port "s_vision_tdata_0[30]" does not have an associated HD.PARTPIN_LOCS, which will prevent the partial routing of the signal "s_vision_tdata_0[30]". Without this partial route, timing analysis to/from this port will not be accurate, and no routing information for this port can be exported.
WARNING: [Route 35-198] Port "s_vision_tdata_0[29]" does not have an associated HD.PARTPIN_LOCS, which will prevent the partial routing of the signal "s_vision_tdata_0[29]". Without this partial route, timing analysis to/from this port will not be accurate, and no routing information for this port can be exported.
WARNING: [Route 35-198] Port "s_vision_tdata_0[28]" does not have an associated HD.PARTPIN_LOCS, which will prevent the partial routing of the signal "s_vision_tdata_0[28]". Without this partial route, timing analysis to/from this port will not be accurate, and no routing information for this port can be exported.
WARNING: [Route 35-198] Port "s_vision_tdata_0[27]" does not have an associated HD.PARTPIN_LOCS, which will prevent the partial routing of the signal "s_vision_tdata_0[27]". Without this partial route, timing analysis to/from this port will not be accurate, and no routing information for this port can be exported.
WARNING: [Route 35-198] Port "s_vision_tdata_0[25]" does not have an associated HD.PARTPIN_LOCS, which will prevent the partial routing of the signal "s_vision_tdata_0[25]". Without this partial route, timing analysis to/from this port will not be accurate, and no routing information for this port can be exported.
WARNING: [Route 35-198] Port "s_vision_tdata_0[24]" does not have an associated HD.PARTPIN_LOCS, which will prevent the partial routing of the signal "s_vision_tdata_0[24]". Without this partial route, timing analysis to/from this port will not be accurate, and no routing information for this port can be exported.
WARNING: [Route 35-198] Port "s_vision_tdata_0[23]" does not have an associated HD.PARTPIN_LOCS, which will prevent the partial routing of the signal "s_vision_tdata_0[23]". Without this partial route, timing analysis to/from this port will not be accurate, and no routing information for this port can be exported.
WARNING: [Route 35-198] Port "s_vision_tdata_0[22]" does not have an associated HD.PARTPIN_LOCS, which will prevent the partial routing of the signal "s_vision_tdata_0[22]". Without this partial route, timing analysis to/from this port will not be accurate, and no routing information for this port can be exported.
WARNING: [Route 35-198] Port "s_vision_tdata_0[21]" does not have an associated HD.PARTPIN_LOCS, which will prevent the partial routing of the signal "s_vision_tdata_0[21]". Without this partial route, timing analysis to/from this port will not be accurate, and no routing information for this port can be exported.
WARNING: [Route 35-198] Port "s_vision_tdata_0[20]" does not have an associated HD.PARTPIN_LOCS, which will prevent the partial routing of the signal "s_vision_tdata_0[20]". Without this partial route, timing analysis to/from this port will not be accurate, and no routing information for this port can be exported.
WARNING: [Route 35-198] Port "s_vision_tdata_0[19]" does not have an associated HD.PARTPIN_LOCS, which will prevent the partial routing of the signal "s_vision_tdata_0[19]". Without this partial route, timing analysis to/from this port will not be accurate, and no routing information for this port can be exported.
WARNING: [Route 35-198] Port "s_vision_tdata_0[18]" does not have an associated HD.PARTPIN_LOCS, which will prevent the partial routing of the signal "s_vision_tdata_0[18]". Without this partial route, timing analysis to/from this port will not be accurate, and no routing information for this port can be exported.
WARNING: [Route 35-198] Port "s_vision_tdata_0[26]" does not have an associated HD.PARTPIN_LOCS, which will prevent the partial routing of the signal "s_vision_tdata_0[26]". Without this partial route, timing analysis to/from this port will not be accurate, and no routing information for this port can be exported.
WARNING: [Route 35-198] Port "s_language_tvalid_0" does not have an associated HD.PARTPIN_LOCS, which will prevent the partial routing of the signal "s_language_tvalid_0". Without this partial route, timing analysis to/from this port will not be accurate, and no routing information for this port can be exported.
WARNING: [Route 35-198] Port "s_language_tdata_0[16]" does not have an associated HD.PARTPIN_LOCS, which will prevent the partial routing of the signal "s_language_tdata_0[16]". Without this partial route, timing analysis to/from this port will not be accurate, and no routing information for this port can be exported.
WARNING: [Route 35-198] Port "s_language_tdata_0[15]" does not have an associated HD.PARTPIN_LOCS, which will prevent the partial routing of the signal "s_language_tdata_0[15]". Without this partial route, timing analysis to/from this port will not be accurate, and no routing information for this port can be exported.
WARNING: [Route 35-198] Port "s_language_tdata_0[14]" does not have an associated HD.PARTPIN_LOCS, which will prevent the partial routing of the signal "s_language_tdata_0[14]". Without this partial route, timing analysis to/from this port will not be accurate, and no routing information for this port can be exported.
WARNING: [Route 35-198] Port "s_language_tdata_0[13]" does not have an associated HD.PARTPIN_LOCS, which will prevent the partial routing of the signal "s_language_tdata_0[13]". Without this partial route, timing analysis to/from this port will not be accurate, and no routing information for this port can be exported.
WARNING: [Route 35-198] Port "s_language_tdata_0[12]" does not have an associated HD.PARTPIN_LOCS, which will prevent the partial routing of the signal "s_language_tdata_0[12]". Without this partial route, timing analysis to/from this port will not be accurate, and no routing information for this port can be exported.
WARNING: [Route 35-198] Port "s_language_tdata_0[11]" does not have an associated HD.PARTPIN_LOCS, which will prevent the partial routing of the signal "s_language_tdata_0[11]". Without this partial route, timing analysis to/from this port will not be accurate, and no routing information for this port can be exported.
WARNING: [Route 35-198] Port "s_language_tdata_0[10]" does not have an associated HD.PARTPIN_LOCS, which will prevent the partial routing of the signal "s_language_tdata_0[10]". Without this partial route, timing analysis to/from this port will not be accurate, and no routing information for this port can be exported.
WARNING: [Route 35-198] Port "s_language_tdata_0[9]" does not have an associated HD.PARTPIN_LOCS, which will prevent the partial routing of the signal "s_language_tdata_0[9]". Without this partial route, timing analysis to/from this port will not be accurate, and no routing information for this port can be exported.
WARNING: [Route 35-198] Port "s_language_tdata_0[17]" does not have an associated HD.PARTPIN_LOCS, which will prevent the partial routing of the signal "s_language_tdata_0[17]". Without this partial route, timing analysis to/from this port will not be accurate, and no routing information for this port can be exported.
WARNING: [Route 35-198] Port "s_language_tdata_0[7]" does not have an associated HD.PARTPIN_LOCS, which will prevent the partial routing of the signal "s_language_tdata_0[7]". Without this partial route, timing analysis to/from this port will not be accurate, and no routing information for this port can be exported.
WARNING: [Route 35-198] Port "s_language_tdata_0[6]" does not have an associated HD.PARTPIN_LOCS, which will prevent the partial routing of the signal "s_language_tdata_0[6]". Without this partial route, timing analysis to/from this port will not be accurate, and no routing information for this port can be exported.
WARNING: [Route 35-198] Port "s_language_tdata_0[5]" does not have an associated HD.PARTPIN_LOCS, which will prevent the partial routing of the signal "s_language_tdata_0[5]". Without this partial route, timing analysis to/from this port will not be accurate, and no routing information for this port can be exported.
WARNING: [Route 35-198] Port "s_language_tdata_0[4]" does not have an associated HD.PARTPIN_LOCS, which will prevent the partial routing of the signal "s_language_tdata_0[4]". Without this partial route, timing analysis to/from this port will not be accurate, and no routing information for this port can be exported.
WARNING: [Route 35-198] Port "s_language_tdata_0[3]" does not have an associated HD.PARTPIN_LOCS, which will prevent the partial routing of the signal "s_language_tdata_0[3]". Without this partial route, timing analysis to/from this port will not be accurate, and no routing information for this port can be exported.
WARNING: [Route 35-198] Port "s_language_tdata_0[2]" does not have an associated HD.PARTPIN_LOCS, which will prevent the partial routing of the signal "s_language_tdata_0[2]". Without this partial route, timing analysis to/from this port will not be accurate, and no routing information for this port can be exported.
WARNING: [Route 35-198] Port "s_language_tdata_0[1]" does not have an associated HD.PARTPIN_LOCS, which will prevent the partial routing of the signal "s_language_tdata_0[1]". Without this partial route, timing analysis to/from this port will not be accurate, and no routing information for this port can be exported.
WARNING: [Route 35-198] Port "s_language_tdata_0[0]" does not have an associated HD.PARTPIN_LOCS, which will prevent the partial routing of the signal "s_language_tdata_0[0]". Without this partial route, timing analysis to/from this port will not be accurate, and no routing information for this port can be exported.
WARNING: [Route 35-198] Port "s_language_tdata_0[8]" does not have an associated HD.PARTPIN_LOCS, which will prevent the partial routing of the signal "s_language_tdata_0[8]". Without this partial route, timing analysis to/from this port will not be accurate, and no routing information for this port can be exported.
WARNING: [Route 35-198] Port "s_language_tdata_0[25]" does not have an associated HD.PARTPIN_LOCS, which will prevent the partial routing of the signal "s_language_tdata_0[25]". Without this partial route, timing analysis to/from this port will not be accurate, and no routing information for this port can be exported.
WARNING: [Route 35-198] Port "s_language_tdata_0[24]" does not have an associated HD.PARTPIN_LOCS, which will prevent the partial routing of the signal "s_language_tdata_0[24]". Without this partial route, timing analysis to/from this port will not be accurate, and no routing information for this port can be exported.
WARNING: [Route 35-198] Port "s_language_tdata_0[23]" does not have an associated HD.PARTPIN_LOCS, which will prevent the partial routing of the signal "s_language_tdata_0[23]". Without this partial route, timing analysis to/from this port will not be accurate, and no routing information for this port can be exported.
WARNING: [Route 35-198] Port "s_language_tdata_0[22]" does not have an associated HD.PARTPIN_LOCS, which will prevent the partial routing of the signal "s_language_tdata_0[22]". Without this partial route, timing analysis to/from this port will not be accurate, and no routing information for this port can be exported.
WARNING: [Route 35-198] Port "s_language_tdata_0[21]" does not have an associated HD.PARTPIN_LOCS, which will prevent the partial routing of the signal "s_language_tdata_0[21]". Without this partial route, timing analysis to/from this port will not be accurate, and no routing information for this port can be exported.
WARNING: [Route 35-198] Port "s_language_tdata_0[20]" does not have an associated HD.PARTPIN_LOCS, which will prevent the partial routing of the signal "s_language_tdata_0[20]". Without this partial route, timing analysis to/from this port will not be accurate, and no routing information for this port can be exported.
WARNING: [Route 35-198] Port "s_language_tdata_0[19]" does not have an associated HD.PARTPIN_LOCS, which will prevent the partial routing of the signal "s_language_tdata_0[19]". Without this partial route, timing analysis to/from this port will not be accurate, and no routing information for this port can be exported.
WARNING: [Route 35-198] Port "s_language_tdata_0[18]" does not have an associated HD.PARTPIN_LOCS, which will prevent the partial routing of the signal "s_language_tdata_0[18]". Without this partial route, timing analysis to/from this port will not be accurate, and no routing information for this port can be exported.
WARNING: [Route 35-198] Port "s_language_tdata_0[26]" does not have an associated HD.PARTPIN_LOCS, which will prevent the partial routing of the signal "s_language_tdata_0[26]". Without this partial route, timing analysis to/from this port will not be accurate, and no routing information for this port can be exported.
WARNING: [Route 35-198] Port "s_vision_tvalid_0" does not have an associated HD.PARTPIN_LOCS, which will prevent the partial routing of the signal "s_vision_tvalid_0". Without this partial route, timing analysis to/from this port will not be accurate, and no routing information for this port can be exported.
WARNING: [Route 35-198] Port "s_vision_tdata_0[7]" does not have an associated HD.PARTPIN_LOCS, which will prevent the partial routing of the signal "s_vision_tdata_0[7]". Without this partial route, timing analysis to/from this port will not be accurate, and no routing information for this port can be exported.
WARNING: [Route 35-198] Port "s_vision_tdata_0[6]" does not have an associated HD.PARTPIN_LOCS, which will prevent the partial routing of the signal "s_vision_tdata_0[6]". Without this partial route, timing analysis to/from this port will not be accurate, and no routing information for this port can be exported.
WARNING: [Route 35-198] Port "s_vision_tdata_0[5]" does not have an associated HD.PARTPIN_LOCS, which will prevent the partial routing of the signal "s_vision_tdata_0[5]". Without this partial route, timing analysis to/from this port will not be accurate, and no routing information for this port can be exported.
WARNING: [Route 35-198] Port "s_vision_tdata_0[4]" does not have an associated HD.PARTPIN_LOCS, which will prevent the partial routing of the signal "s_vision_tdata_0[4]". Without this partial route, timing analysis to/from this port will not be accurate, and no routing information for this port can be exported.
WARNING: [Route 35-198] Port "s_vision_tdata_0[3]" does not have an associated HD.PARTPIN_LOCS, which will prevent the partial routing of the signal "s_vision_tdata_0[3]". Without this partial route, timing analysis to/from this port will not be accurate, and no routing information for this port can be exported.
WARNING: [Route 35-198] Port "s_vision_tdata_0[2]" does not have an associated HD.PARTPIN_LOCS, which will prevent the partial routing of the signal "s_vision_tdata_0[2]". Without this partial route, timing analysis to/from this port will not be accurate, and no routing information for this port can be exported.
WARNING: [Route 35-198] Port "s_vision_tdata_0[1]" does not have an associated HD.PARTPIN_LOCS, which will prevent the partial routing of the signal "s_vision_tdata_0[1]". Without this partial route, timing analysis to/from this port will not be accurate, and no routing information for this port can be exported.
WARNING: [Route 35-198] Port "s_vision_tdata_0[0]" does not have an associated HD.PARTPIN_LOCS, which will prevent the partial routing of the signal "s_vision_tdata_0[0]". Without this partial route, timing analysis to/from this port will not be accurate, and no routing information for this port can be exported.
WARNING: [Route 35-198] Port "s_vision_tdata_0[8]" does not have an associated HD.PARTPIN_LOCS, which will prevent the partial routing of the signal "s_vision_tdata_0[8]". Without this partial route, timing analysis to/from this port will not be accurate, and no routing information for this port can be exported.
WARNING: [Route 35-198] Port "M01_AXI_0_awready" does not have an associated HD.PARTPIN_LOCS, which will prevent the partial routing of the signal "M01_AXI_0_awready". Without this partial route, timing analysis to/from this port will not be accurate, and no routing information for this port can be exported.
WARNING: [Route 35-198] Port "M01_AXI_0_bvalid" does not have an associated HD.PARTPIN_LOCS, which will prevent the partial routing of the signal "M01_AXI_0_bvalid". Without this partial route, timing analysis to/from this port will not be accurate, and no routing information for this port can be exported.
WARNING: [Route 35-198] Port "M01_AXI_0_rvalid" does not have an associated HD.PARTPIN_LOCS, which will prevent the partial routing of the signal "M01_AXI_0_rvalid". Without this partial route, timing analysis to/from this port will not be accurate, and no routing information for this port can be exported.
WARNING: [Route 35-198] Port "M01_AXI_0_arready" does not have an associated HD.PARTPIN_LOCS, which will prevent the partial routing of the signal "M01_AXI_0_arready". Without this partial route, timing analysis to/from this port will not be accurate, and no routing information for this port can be exported.
WARNING: [Route 35-198] Port "M01_AXI_0_wready" does not have an associated HD.PARTPIN_LOCS, which will prevent the partial routing of the signal "M01_AXI_0_wready". Without this partial route, timing analysis to/from this port will not be accurate, and no routing information for this port can be exported.
WARNING: [Route 35-198] Port "M02_AXI_0_rvalid" does not have an associated HD.PARTPIN_LOCS, which will prevent the partial routing of the signal "M02_AXI_0_rvalid". Without this partial route, timing analysis to/from this port will not be accurate, and no routing information for this port can be exported.
WARNING: [Route 35-198] Port "M02_AXI_0_awready" does not have an associated HD.PARTPIN_LOCS, which will prevent the partial routing of the signal "M02_AXI_0_awready". Without this partial route, timing analysis to/from this port will not be accurate, and no routing information for this port can be exported.
WARNING: [Route 35-198] Port "M02_AXI_0_bvalid" does not have an associated HD.PARTPIN_LOCS, which will prevent the partial routing of the signal "M02_AXI_0_bvalid". Without this partial route, timing analysis to/from this port will not be accurate, and no routing information for this port can be exported.
WARNING: [Route 35-198] Port "M02_AXI_0_arready" does not have an associated HD.PARTPIN_LOCS, which will prevent the partial routing of the signal "M02_AXI_0_arready". Without this partial route, timing analysis to/from this port will not be accurate, and no routing information for this port can be exported.
WARNING: [Route 35-198] Port "M02_AXI_0_wready" does not have an associated HD.PARTPIN_LOCS, which will prevent the partial routing of the signal "M02_AXI_0_wready". Without this partial route, timing analysis to/from this port will not be accurate, and no routing information for this port can be exported.
WARNING: [Route 35-198] Port "M00_AXI_0_rvalid" does not have an associated HD.PARTPIN_LOCS, which will prevent the partial routing of the signal "M00_AXI_0_rvalid". Without this partial route, timing analysis to/from this port will not be accurate, and no routing information for this port can be exported.
WARNING: [Route 35-198] Port "M00_AXI_0_awready" does not have an associated HD.PARTPIN_LOCS, which will prevent the partial routing of the signal "M00_AXI_0_awready". Without this partial route, timing analysis to/from this port will not be accurate, and no routing information for this port can be exported.
WARNING: [Route 35-198] Port "M00_AXI_0_wready" does not have an associated HD.PARTPIN_LOCS, which will prevent the partial routing of the signal "M00_AXI_0_wready". Without this partial route, timing analysis to/from this port will not be accurate, and no routing information for this port can be exported.
WARNING: [Route 35-198] Port "M00_AXI_0_arready" does not have an associated HD.PARTPIN_LOCS, which will prevent the partial routing of the signal "M00_AXI_0_arready". Without this partial route, timing analysis to/from this port will not be accurate, and no routing information for this port can be exported.
WARNING: [Route 35-198] Port "M00_AXI_0_bvalid" does not have an associated HD.PARTPIN_LOCS, which will prevent the partial routing of the signal "M00_AXI_0_bvalid". Without this partial route, timing analysis to/from this port will not be accurate, and no routing information for this port can be exported.
WARNING: [Route 35-198] Port "M03_AXI_0_arready" does not have an associated HD.PARTPIN_LOCS, which will prevent the partial routing of the signal "M03_AXI_0_arready". Without this partial route, timing analysis to/from this port will not be accurate, and no routing information for this port can be exported.
WARNING: [Route 35-198] Port "M03_AXI_0_bvalid" does not have an associated HD.PARTPIN_LOCS, which will prevent the partial routing of the signal "M03_AXI_0_bvalid". Without this partial route, timing analysis to/from this port will not be accurate, and no routing information for this port can be exported.
WARNING: [Route 35-198] Port "M03_AXI_0_rvalid" does not have an associated HD.PARTPIN_LOCS, which will prevent the partial routing of the signal "M03_AXI_0_rvalid". Without this partial route, timing analysis to/from this port will not be accurate, and no routing information for this port can be exported.
WARNING: [Route 35-198] Port "M03_AXI_0_awready" does not have an associated HD.PARTPIN_LOCS, which will prevent the partial routing of the signal "M03_AXI_0_awready". Without this partial route, timing analysis to/from this port will not be accurate, and no routing information for this port can be exported.
WARNING: [Route 35-198] Port "M03_AXI_0_wready" does not have an associated HD.PARTPIN_LOCS, which will prevent the partial routing of the signal "M03_AXI_0_wready". Without this partial route, timing analysis to/from this port will not be accurate, and no routing information for this port can be exported.
WARNING: [Route 35-198] Port "m_axi_ddrW1_BVALID_0" does not have an associated HD.PARTPIN_LOCS, which will prevent the partial routing of the signal "m_axi_ddrW1_BVALID_0". Without this partial route, timing analysis to/from this port will not be accurate, and no routing information for this port can be exported.
WARNING: [Route 35-198] Port "m_axi_ddrW2_BVALID_0" does not have an associated HD.PARTPIN_LOCS, which will prevent the partial routing of the signal "m_axi_ddrW2_BVALID_0". Without this partial route, timing analysis to/from this port will not be accurate, and no routing information for this port can be exported.
WARNING: [Route 35-198] Port "m_axi_ddrQ_BVALID_0" does not have an associated HD.PARTPIN_LOCS, which will prevent the partial routing of the signal "m_axi_ddrQ_BVALID_0". Without this partial route, timing analysis to/from this port will not be accurate, and no routing information for this port can be exported.
WARNING: [Route 35-198] Port "m_axi_ddrV_BVALID_0" does not have an associated HD.PARTPIN_LOCS, which will prevent the partial routing of the signal "m_axi_ddrV_BVALID_0". Without this partial route, timing analysis to/from this port will not be accurate, and no routing information for this port can be exported.
WARNING: [Route 35-198] Port "m_axi_ddrP_BVALID_0" does not have an associated HD.PARTPIN_LOCS, which will prevent the partial routing of the signal "m_axi_ddrP_BVALID_0". Without this partial route, timing analysis to/from this port will not be accurate, and no routing information for this port can be exported.
WARNING: [Route 35-198] Port "m_axi_ddrP_AWREADY_0" does not have an associated HD.PARTPIN_LOCS, which will prevent the partial routing of the signal "m_axi_ddrP_AWREADY_0". Without this partial route, timing analysis to/from this port will not be accurate, and no routing information for this port can be exported.
WARNING: [Route 35-198] Port "m_axi_ddrP_WREADY_0" does not have an associated HD.PARTPIN_LOCS, which will prevent the partial routing of the signal "m_axi_ddrP_WREADY_0". Without this partial route, timing analysis to/from this port will not be accurate, and no routing information for this port can be exported.
WARNING: [Route 35-198] Port "s_axi_control_WSTRB_1[1]" does not have an associated HD.PARTPIN_LOCS, which will prevent the partial routing of the signal "s_axi_control_WSTRB_1[1]". Without this partial route, timing analysis to/from this port will not be accurate, and no routing information for this port can be exported.
WARNING: [Route 35-198] Port "s_axi_control_WDATA_1[12]" does not have an associated HD.PARTPIN_LOCS, which will prevent the partial routing of the signal "s_axi_control_WDATA_1[12]". Without this partial route, timing analysis to/from this port will not be accurate, and no routing information for this port can be exported.
WARNING: [Route 35-198] Port "s_axi_control_WSTRB_1[0]" does not have an associated HD.PARTPIN_LOCS, which will prevent the partial routing of the signal "s_axi_control_WSTRB_1[0]". Without this partial route, timing analysis to/from this port will not be accurate, and no routing information for this port can be exported.
INFO: [Common 17-14] Message 'Route 35-198' appears 100 times and further instances of the messages will be disabled. Use the Tcl command set_msg_config to change the current settings.
Post Restoration Checksum: NetGraph: de46bae2 | NumContArr: 5d0db181 | Constraints: 51c23d42 | Timing: c2a8fa9d
Phase 1 Build RT Design | Checksum: 24fbfa442

Time (s): cpu = 00:02:58 ; elapsed = 00:00:26 . Memory (MB): peak = 8432.809 ; gain = 0.000 ; free physical = 45665 ; free virtual = 52335

Phase 2 Router Initialization

Phase 2.1 Fix Topology Constraints
Phase 2.1 Fix Topology Constraints | Checksum: 24fbfa442

Time (s): cpu = 00:03:00 ; elapsed = 00:00:26 . Memory (MB): peak = 8432.809 ; gain = 0.000 ; free physical = 45660 ; free virtual = 52330

Phase 2.2 Pre Route Cleanup
Phase 2.2 Pre Route Cleanup | Checksum: 24fbfa442

Time (s): cpu = 00:03:01 ; elapsed = 00:00:27 . Memory (MB): peak = 8432.809 ; gain = 0.000 ; free physical = 45643 ; free virtual = 52314

Phase 2.3 Global Clock Net Routing
 Number of Nodes with overlaps = 0
Phase 2.3 Global Clock Net Routing | Checksum: 1a4607779

Time (s): cpu = 00:03:09 ; elapsed = 00:00:30 . Memory (MB): peak = 8432.809 ; gain = 0.000 ; free physical = 45410 ; free virtual = 52143

Phase 2.4 Update Timing
Phase 2.4 Update Timing | Checksum: 1d31f060f

Time (s): cpu = 00:05:04 ; elapsed = 00:00:47 . Memory (MB): peak = 8511.066 ; gain = 78.258 ; free physical = 45168 ; free virtual = 51960
INFO: [Route 35-416] Intermediate Timing Summary | WNS=-2.105 | TNS=-1735.250| WHS=-2.682 | THS=-53155.022|

WARNING: [Route 35-41] Unusually high hold violations were detected on a large number of pins. This may result in high router runtime.

Router Utilization Summary
  Global Vertical Routing Utilization    = 0 %
  Global Horizontal Routing Utilization  = 0 %
  Routable Net Status*
  *Does not include unroutable nets such as driverless and loadless.
  Run report_route_status for detailed report.
  Number of Failed Nets               = 131464
    (Failed Nets is the sum of unrouted and partially routed nets)
  Number of Unrouted Nets             = 89035
  Number of Partially Routed Nets     = 42429
  Number of Node Overlaps             = 0

Phase 2 Router Initialization | Checksum: 1973a8dc0

Time (s): cpu = 00:06:34 ; elapsed = 00:01:01 . Memory (MB): peak = 8686.066 ; gain = 253.258 ; free physical = 48039 ; free virtual = 54624

Phase 3 Global Routing

Phase 3.1 SLL Assignment
Phase 3.1 SLL Assignment | Checksum: 1973a8dc0

Time (s): cpu = 00:06:35 ; elapsed = 00:01:01 . Memory (MB): peak = 8686.066 ; gain = 253.258 ; free physical = 47965 ; free virtual = 54578
Phase 3 Global Routing | Checksum: 1973a8dc0

Time (s): cpu = 00:06:35 ; elapsed = 00:01:01 . Memory (MB): peak = 8686.066 ; gain = 253.258 ; free physical = 47965 ; free virtual = 54578

Phase 4 Initial Routing

Phase 4.1 Initial Net Routing Pass
Phase 4.1 Initial Net Routing Pass | Checksum: 1a8b66a45

Time (s): cpu = 00:26:20 ; elapsed = 00:03:29 . Memory (MB): peak = 9358.066 ; gain = 925.258 ; free physical = 47833 ; free virtual = 54112
Phase 4 Initial Routing | Checksum: c6a393f5

Time (s): cpu = 00:26:26 ; elapsed = 00:03:30 . Memory (MB): peak = 9358.066 ; gain = 925.258 ; free physical = 47833 ; free virtual = 54112

INFO: [Route 35-449] Initial Estimated Congestion
 ________________________________________________________________________
|           | Global Congestion | Long Congestion   | Short Congestion  |
|           |___________________|___________________|___________________|
| Direction | Size   | % Tiles  | Size   | % Tiles  | Size   | % Tiles  |
|___________|________|__________|________|__________|________|__________|
|      NORTH|   16x16|      0.38|     2x2|      0.02|   32x32|      1.11|
|___________|________|__________|________|__________|________|__________|
|      SOUTH|     8x8|      0.37|     1x1|      0.01|   16x16|      1.11|
|___________|________|__________|________|__________|________|__________|
|       EAST|   16x16|      0.36|     8x8|      0.33|   16x16|      0.63|
|___________|________|__________|________|__________|________|__________|
|       WEST|   16x16|      0.36|   16x16|      0.32|   16x16|      0.57|
|___________|________|__________|________|__________|________|__________|
Congestion Report
GLOBAL Congestion bounded by tiles (Lower Left Tile -> Upper Right Tile):
NORTH
	INT_X46Y71->INT_X53Y86 (CLE_E_CORE_X46Y71->CLE_W_CORE_X53Y86)
	INT_X48Y72->INT_X55Y79 (CLE_E_CORE_X48Y72->CLE_W_CORE_X55Y79)
	INT_X48Y71->INT_X55Y78 (CLE_E_CORE_X48Y71->CLE_W_CORE_X55Y78)
	INT_X48Y76->INT_X55Y83 (CLE_E_CORE_X48Y76->CLE_W_CORE_X55Y83)
	INT_X48Y75->INT_X55Y82 (CLE_E_CORE_X48Y75->CLE_W_CORE_X55Y82)
EAST
	INT_X44Y69->INT_X51Y84 (CLE_E_CORE_X44Y69->CLE_W_CORE_X51Y84)
	INT_X48Y72->INT_X55Y79 (CLE_E_CORE_X48Y72->CLE_W_CORE_X55Y79)
	INT_X48Y71->INT_X55Y78 (CLE_E_CORE_X48Y71->CLE_W_CORE_X55Y78)
	INT_X48Y70->INT_X55Y77 (CLE_E_CORE_X48Y70->CLE_W_CORE_X55Y77)
	INT_X48Y69->INT_X55Y76 (CLE_E_CORE_X48Y69->CLE_W_CORE_X55Y76)
WEST
	INT_X48Y69->INT_X55Y84 (CLE_E_CORE_X48Y69->CLE_W_CORE_X55Y84)
	INT_X48Y72->INT_X55Y79 (CLE_E_CORE_X48Y72->CLE_W_CORE_X55Y79)
	INT_X48Y71->INT_X55Y78 (CLE_E_CORE_X48Y71->CLE_W_CORE_X55Y78)
	INT_X48Y70->INT_X55Y77 (CLE_E_CORE_X48Y70->CLE_W_CORE_X55Y77)
	INT_X48Y77->INT_X55Y84 (CLE_E_CORE_X48Y77->CLE_W_CORE_X55Y84)
LONG Congestion bounded by tiles (Lower Left Tile -> Upper Right Tile):
WEST
	INT_X49Y67->INT_X56Y82 (CLE_E_CORE_X49Y67->CLE_W_CORE_X56Y82)
	INT_X48Y72->INT_X55Y79 (CLE_E_CORE_X48Y72->CLE_W_CORE_X55Y79)
	INT_X48Y71->INT_X55Y78 (CLE_E_CORE_X48Y71->CLE_W_CORE_X55Y78)
	INT_X48Y70->INT_X55Y77 (CLE_E_CORE_X48Y70->CLE_W_CORE_X55Y77)
	INT_X48Y69->INT_X55Y76 (CLE_E_CORE_X48Y69->CLE_W_CORE_X55Y76)
SHORT Congestion bounded by tiles (Lower Left Tile -> Upper Right Tile):
NORTH
	INT_X42Y63->INT_X57Y94 (INTF_ROCF_TL_TILE_X42Y63->CLE_W_CORE_X57Y94)
	INT_X48Y75->INT_X63Y90 (CLE_E_CORE_X48Y75->CLE_W_CORE_X63Y90)
	INT_X48Y74->INT_X63Y89 (CLE_E_CORE_X48Y74->CLE_W_CORE_X63Y89)
	INT_X48Y73->INT_X63Y88 (CLE_E_CORE_X48Y73->CLE_W_CORE_X63Y88)
	INT_X48Y72->INT_X63Y87 (CLE_E_CORE_X48Y72->CLE_W_CORE_X63Y87)
SOUTH
	INT_X48Y64->INT_X63Y79 (CLE_E_CORE_X48Y64->CLE_W_CORE_X63Y79)
	INT_X48Y63->INT_X63Y78 (CLE_E_CORE_X48Y63->CLE_W_CORE_X63Y78)
	INT_X48Y62->INT_X63Y77 (CLE_E_CORE_X48Y62->CLE_W_CORE_X63Y77)
	INT_X48Y68->INT_X63Y83 (CLE_E_CORE_X48Y68->CLE_W_CORE_X63Y83)
EAST
	INT_X41Y66->INT_X56Y81 (CLE_E_CORE_X41Y66->CLE_W_CORE_X56Y81)
	INT_X48Y72->INT_X55Y79 (CLE_E_CORE_X48Y72->CLE_W_CORE_X55Y79)
	INT_X48Y71->INT_X55Y78 (CLE_E_CORE_X48Y71->CLE_W_CORE_X55Y78)
	INT_X48Y70->INT_X55Y77 (CLE_E_CORE_X48Y70->CLE_W_CORE_X55Y77)
	INT_X48Y69->INT_X55Y76 (CLE_E_CORE_X48Y69->CLE_W_CORE_X55Y76)
WEST
	INT_X45Y70->INT_X60Y85 (CLE_E_CORE_X45Y70->CLE_W_CORE_X60Y85)
	INT_X48Y72->INT_X55Y79 (CLE_E_CORE_X48Y72->CLE_W_CORE_X55Y79)
	INT_X48Y79->INT_X55Y86 (CLE_E_CORE_X48Y79->CLE_W_CORE_X55Y86)
	INT_X48Y71->INT_X55Y78 (CLE_E_CORE_X48Y71->CLE_W_CORE_X55Y78)
	INT_X48Y78->INT_X55Y85 (CLE_E_CORE_X48Y78->CLE_W_CORE_X55Y85)

INFO: [Route 35-448] Estimated Global/Short routing congestion is level 5 (32x32). Congestion levels of 5 and greater can reduce routability and impact timing closure.
There are 26383 pins with tight setup and hold constraints. tight_setup_hold_pins.txt will contain only 10000 of them.
INFO: [Route 35-580] Design has 26383 pins with tight setup and hold constraints.

The top 5 pins with tight setup and hold constraints:

+====================+===================+========================================================================================================================================+
| Launch Setup Clock | Launch Hold Clock | Pin                                                                                                                                    |
+====================+===================+========================================================================================================================================+
| clk                | clk               | mr_vla_bd_v4_i/u_vit/inst/ddrW1_m_axi_U/load_unit_0/bus_wide_gen.rreq_offset/full_n_reg/D                                              |
| clk                | clk               | mr_vla_bd_v4_i/u_vit/inst/grp_vit_transformer_layer_fu_448/grp_vit_transformer_layer_Pipeline_FFN1_K_fu_886/k0_fu_86_reg[4]_fret/D     |
| clk                | clk               | mr_vla_bd_v4_i/u_vit/inst/grp_vit_transformer_layer_fu_448/grp_vit_transformer_layer_Pipeline_FFN1_K_fu_886_ap_start_reg_reg_fret__0/D |
| clk                | clk               | mr_vla_bd_v4_i/u_vit/inst/grp_vit_transformer_layer_fu_448/grp_vit_transformer_layer_Pipeline_FFN1_K_fu_886/k0_fu_86_reg[4]_fret__0/D  |
| clk                | clk               | mr_vla_bd_v4_i/u_gvsa/inst/ddrQ_m_axi_U/load_unit_0/bus_wide_gen.rreq_offset/full_n_reg/D                                              |
+--------------------+-------------------+----------------------------------------------------------------------------------------------------------------------------------------+

File with complete list of pins: tight_setup_hold_pins.txt


Phase 5 Rip-up And Reroute

Phase 5.1 Global Iteration 0
 Number of Nodes with overlaps = 46902
 Number of Nodes with overlaps = 14702
 Number of Nodes with overlaps = 5136
 Number of Nodes with overlaps = 1831
 Number of Nodes with overlaps = 954
 Number of Nodes with overlaps = 130
 Number of Nodes with overlaps = 32
 Number of Nodes with overlaps = 8
 Number of Nodes with overlaps = 8
 Number of Nodes with overlaps = 6
 Number of Nodes with overlaps = 3
 Number of Nodes with overlaps = 1
 Number of Nodes with overlaps = 1
 Number of Nodes with overlaps = 0
INFO: [Route 35-416] Intermediate Timing Summary | WNS=-4.935 | TNS=-17442.080| WHS=-3.851 | THS=-45371.461|

WARNING: [Route 35-514] Design has a large number of hold violators. This is likely a design or constraint issue. Router is turning off hold fixing.
Resolution: Review and update your design or constraints to reduce pre-route hold violations. You can disable hold expansion based bailout to continue fixing hold using the following TCL command in a pre-route TCL script: set_param route.enableHoldExpnBailout 0. This can incur potentially very long router run time.
Phase 5.1 Global Iteration 0 | Checksum: 24eef4ab5

Time (s): cpu = 02:31:08 ; elapsed = 00:19:45 . Memory (MB): peak = 10789.066 ; gain = 2356.258 ; free physical = 45436 ; free virtual = 52533

Phase 5.2 Global Iteration 1
 Number of Nodes with overlaps = 384
 Number of Nodes with overlaps = 16
 Number of Nodes with overlaps = 1
 Number of Nodes with overlaps = 1
 Number of Nodes with overlaps = 0
INFO: [Route 35-416] Intermediate Timing Summary | WNS=-3.464 | TNS=-10349.882| WHS=-3.851 | THS=-56338.301|

Phase 5.2 Global Iteration 1 | Checksum: 1564209dc

Time (s): cpu = 02:32:03 ; elapsed = 00:20:05 . Memory (MB): peak = 10789.066 ; gain = 2356.258 ; free physical = 45436 ; free virtual = 52533

Phase 5.3 Global Iteration 2
 Number of Nodes with overlaps = 434
 Number of Nodes with overlaps = 47
 Number of Nodes with overlaps = 3
 Number of Nodes with overlaps = 1
 Number of Nodes with overlaps = 0
INFO: [Route 35-416] Intermediate Timing Summary | WNS=-2.853 | TNS=-8953.265| WHS=-3.851 | THS=-57820.119|

Phase 5.3 Global Iteration 2 | Checksum: 191e7b11c

Time (s): cpu = 02:32:37 ; elapsed = 00:20:19 . Memory (MB): peak = 10789.066 ; gain = 2356.258 ; free physical = 45436 ; free virtual = 52533
Phase 5 Rip-up And Reroute | Checksum: 191e7b11c

Time (s): cpu = 02:32:37 ; elapsed = 00:20:19 . Memory (MB): peak = 10789.066 ; gain = 2356.258 ; free physical = 45436 ; free virtual = 52533

Phase 6 Delay and Skew Optimization

Phase 6.1 Delay CleanUp
INFO: [Route 35-416] Intermediate Timing Summary | WNS=-2.853 | TNS=-8953.265| WHS=-3.851 | THS=-57820.119|

INFO: [Route 35-416] Intermediate Timing Summary | WNS=-2.853 | TNS=-8953.265| WHS=-3.851 | THS=-57820.119|

 Number of Nodes with overlaps = 0
Phase 6.1 Delay CleanUp | Checksum: 1213dc11b

Time (s): cpu = 02:32:55 ; elapsed = 00:20:21 . Memory (MB): peak = 10789.066 ; gain = 2356.258 ; free physical = 45436 ; free virtual = 52533

Phase 6.2 Clock Skew Optimization
Phase 6.2 Clock Skew Optimization | Checksum: 1213dc11b

Time (s): cpu = 02:32:55 ; elapsed = 00:20:21 . Memory (MB): peak = 10789.066 ; gain = 2356.258 ; free physical = 45436 ; free virtual = 52533
Phase 6 Delay and Skew Optimization | Checksum: 1213dc11b

Time (s): cpu = 02:32:56 ; elapsed = 00:20:21 . Memory (MB): peak = 10789.066 ; gain = 2356.258 ; free physical = 45436 ; free virtual = 52533

Phase 7 Leaf Clock Prog Delay Opt
Phase 7 Leaf Clock Prog Delay Opt | Checksum: 1b6aefb6d

Time (s): cpu = 02:33:05 ; elapsed = 00:20:23 . Memory (MB): peak = 10789.066 ; gain = 2356.258 ; free physical = 45436 ; free virtual = 52533

Phase 8 Route finalize

Router Utilization Summary
  Global Vertical Routing Utilization    = 3.97413 %
  Global Horizontal Routing Utilization  = 3.60423 %
  Routable Net Status*
  *Does not include unroutable nets such as driverless and loadless.
  Run report_route_status for detailed report.
  Number of Failed Nets               = 0
    (Failed Nets is the sum of unrouted and partially routed nets)
  Number of Unrouted Nets             = 0
  Number of Partially Routed Nets     = 0
  Number of Node Overlaps             = 0


--GLOBAL Congestion:
Utilization threshold used for congestion level computation: 0.85
Congestion Report
North Dir 1x1 Area, Max Cong = 70.7143%, No Congested Regions.
South Dir 1x1 Area, Max Cong = 80.7143%, No Congested Regions.
East Dir 1x1 Area, Max Cong = 67.9688%, No Congested Regions.
West Dir 1x1 Area, Max Cong = 62.5%, No Congested Regions.

------------------------------
Reporting congestion hotspots
------------------------------
Direction: North
----------------
Congested clusters found at Level 0
Effective congestion level: 0 Aspect Ratio: 1 Sparse Ratio: 0
Direction: South
----------------
Congested clusters found at Level 0
Effective congestion level: 0 Aspect Ratio: 1 Sparse Ratio: 0
Direction: East
----------------
Congested clusters found at Level 0
Effective congestion level: 0 Aspect Ratio: 1 Sparse Ratio: 0
Direction: West
----------------
Congested clusters found at Level 0
Effective congestion level: 0 Aspect Ratio: 1 Sparse Ratio: 0

Phase 8 Route finalize | Checksum: 1b6aefb6d

Time (s): cpu = 02:33:09 ; elapsed = 00:20:23 . Memory (MB): peak = 10789.066 ; gain = 2356.258 ; free physical = 45435 ; free virtual = 52532

Phase 9 Verifying routed nets

 Verification completed successfully
Phase 9 Verifying routed nets | Checksum: 1b6aefb6d

Time (s): cpu = 02:33:10 ; elapsed = 00:20:23 . Memory (MB): peak = 10789.066 ; gain = 2356.258 ; free physical = 45435 ; free virtual = 52532

Phase 10 Depositing Routes
Phase 10 Depositing Routes | Checksum: 211dc780b

Time (s): cpu = 02:33:33 ; elapsed = 00:20:28 . Memory (MB): peak = 10789.066 ; gain = 2356.258 ; free physical = 45427 ; free virtual = 52524

Phase 11 Post Process Routing
WARNING: [Route 35-455] Router was unable to fix hold violation on 2035 pins because of high hold requirement. Such pins are:
	mr_vla_bd_v4_i/u_vit/inst/grp_vit_transformer_layer_fu_448/grp_vit_transformer_layer_Pipeline_FFN1_K_fu_886_ap_start_reg_reg/D
	mr_vla_bd_v4_i/u_vit/inst/grp_vit_transformer_layer_fu_448/grp_vit_transformer_layer_Pipeline_FFN1_K_fu_886/flow_control_loop_pipe_sequential_init_U/grp_vit_transformer_layer_Pipeline_FFN1_K_fu_886_ap_start_reg_fret_i_1/I0
	mr_vla_bd_v4_i/u_vit/inst/grp_vit_transformer_layer_fu_448/grp_vit_transformer_layer_Pipeline_FFN1_K_fu_886/flow_control_loop_pipe_sequential_init_U/grp_vit_transformer_layer_Pipeline_FFN1_K_fu_886_ap_start_reg_fret__0_i_1/I3
	mr_vla_bd_v4_i/u_vit/inst/grp_vit_transformer_layer_fu_448/grp_vit_transformer_layer_Pipeline_FFN1_K_fu_886/flow_control_loop_pipe_sequential_init_U/k0_fu_86[4]_fret_i_2/I1
	mr_vla_bd_v4_i/u_vit/inst/grp_vit_transformer_layer_fu_448/grp_vit_transformer_layer_Pipeline_FFN1_K_fu_886/flow_control_loop_pipe_sequential_init_U/k0_fu_86[4]_fret__1_i_1/I1
	mr_vla_bd_v4_i/u_vit/inst/grp_vit_transformer_layer_fu_448/grp_vit_transformer_layer_Pipeline_FFN1_K_fu_886/k0_fu_86_reg[4]_fret__1/D
	mr_vla_bd_v4_i/u_vit/inst/grp_vit_transformer_layer_fu_448/grp_vit_transformer_layer_Pipeline_FFN1_K_fu_886/flow_control_loop_pipe_sequential_init_U/k0_fu_86[4]_fret_i_1/I0
	mr_vla_bd_v4_i/u_vit/inst/ddrIN_m_axi_U/load_unit_0/buff_rdata/full_n_reg/D
	mr_vla_bd_v4_i/u_vit/inst/control_s_axi_U/int_g_out_reg[6]/D
	mr_vla_bd_v4_i/u_vit/inst/control_s_axi_U/int_g_out_reg[1]/D
	.. and 2025 more pins.

Resolution: Run report_timing_summary to analyze the hold violations.
WARNING: [Route 35-459] Router was unable to fix hold violation on 973 pins. This could be due to a combination of congestion, blockages and run-time limitations. Such pins are:
	mr_vla_bd_v4_i/u_vit/inst/ddrW2_m_axi_U/bus_read/fifo_burst/raddr[3]_i_2__11/I4
	mr_vla_bd_v4_i/u_vit/inst/control_s_axi_U/rdata[17]_i_4/I0
	mr_vla_bd_v4_i/u_vit/inst/ddrW2_m_axi_U/bus_read/fifo_burst/mOutPtr[3]_i_1__7/I4
	mr_vla_bd_v4_i/u_vit/inst/control_s_axi_U/rdata[1]_i_3/I1
	mr_vla_bd_v4_i/u_vit/inst/control_s_axi_U/rdata[0]_i_3/I3
	mr_vla_bd_v4_i/u_vit/inst/ddrW2_m_axi_U/bus_read/fifo_burst/mOutPtr[4]_i_2__5/I2
	mr_vla_bd_v4_i/u_vit/inst/control_s_axi_U/rdata[21]_i_4/I0
	mr_vla_bd_v4_i/u_vit/inst/ddrW2_m_axi_U/bus_read/fifo_burst/raddr[1]_i_1__4/I0
	mr_vla_bd_v4_i/u_vit/inst/control_s_axi_U/int_ier[1]_i_1/I2
	mr_vla_bd_v4_i/u_gvsa/inst/ddrK_m_axi_U/bus_read/fifo_burst/mOutPtr_reg[0]/CE
	.. and 963 more pins.

Resolution: You may try high effort hold fixing by set_param route.enableGlobalHoldIter 1
Phase 11 Post Process Routing | Checksum: 240ce7097

Time (s): cpu = 02:33:36 ; elapsed = 00:20:29 . Memory (MB): peak = 10789.066 ; gain = 2356.258 ; free physical = 45428 ; free virtual = 52525

Phase 12 Post Router Timing

Phase 12.1 Update Timing
Phase 12.1 Update Timing | Checksum: 240ce7097

Time (s): cpu = 02:33:37 ; elapsed = 00:20:30 . Memory (MB): peak = 10789.066 ; gain = 2356.258 ; free physical = 45428 ; free virtual = 52525
INFO: [Route 35-57] Estimated Timing Summary | WNS=-2.853 | TNS=-8921.795| WHS=-3.851 | THS=-57820.119|

WARNING: [Route 35-328] Router estimated timing not met.
Resolution: For a complete and accurate timing signoff, report_timing_summary must be run after route_design. Alternatively, route_design can be run with the -timing_summary option to enable a complete timing signoff at the end of route_design.
Phase 12 Post Router Timing | Checksum: 240ce7097

Time (s): cpu = 02:33:37 ; elapsed = 00:20:30 . Memory (MB): peak = 10789.066 ; gain = 2356.258 ; free physical = 45428 ; free virtual = 52525
Time taken to check if laguna hold fix is required (in secs): 0

Phase 13 Physical Synthesis in Router

Phase 13.1 Physical Synthesis Initialization
INFO: [Physopt 32-668] Current Timing Summary | WNS=-2.852 | TNS=-8949.011 | WHS=-3.810 | THS=-57286.907 |
Phase 13.1 Physical Synthesis Initialization | Checksum: 240ce7097

Time (s): cpu = 02:35:51 ; elapsed = 00:21:07 . Memory (MB): peak = 10935.598 ; gain = 2502.789 ; free physical = 45429 ; free virtual = 52526
WARNING: [Physopt 32-745] Physical Optimization has determined that the magnitude of the negative slack is too large and it is highly unlikely that slack will be improved. Post-Route Physical Optimization is most effective when WNS is above -0.5ns

Phase 13.2 Critical Path Optimization
INFO: [Physopt 32-668] Current Timing Summary | WNS=-2.852 | TNS=-8949.011 | WHS=-3.810 | THS=-57286.907 |
INFO: [Physopt 32-953] Path group WNS did not improve. Path group: clk. Processed net: mr_vla_bd_v4_i/u_vit/inst/control_s_axi_U/p_12_in[7].
INFO: [Physopt 32-953] Path group WNS did not improve. Path group: clk. Processed net: mr_vla_bd_v4_i/u_vit/inst/control_s_axi_U/waddr_reg_n_4_[6].
INFO: [Physopt 32-952] Improved path group WNS = -2.692. Path group: clk. Processed net: mr_vla_bd_v4_i/u_vit/inst/control_s_axi_U/int_g_x[31]_i_3_n_4.
INFO: [Physopt 32-953] Path group WNS did not improve. Path group: clk. Processed net: mr_vla_bd_v4_i/u_vit/inst/control_s_axi_U/int_ap_ready.
INFO: [Physopt 32-953] Path group WNS did not improve. Path group: clk. Processed net: mr_vla_bd_v4_i/u_vit/inst/control_s_axi_U/int_ap_ready_i_1_n_4.
INFO: [Physopt 32-953] Path group WNS did not improve. Path group: clk. Processed net: mr_vla_bd_v4_i/u_vit/inst/control_s_axi_U/int_task_ap_done0__6.
INFO: [Physopt 32-952] Improved path group WNS = -2.604. Path group: clk. Processed net: mr_vla_bd_v4_i/u_vit/inst/control_s_axi_U/rdata[9]_i_5_n_4.
INFO: [Physopt 32-953] Path group WNS did not improve. Path group: clk. Processed net: mr_vla_bd_v4_i/u_vit/inst/control_s_axi_U/s_axi_control_RDATA[4].
INFO: [Physopt 32-953] Path group WNS did not improve. Path group: clk. Processed net: mr_vla_bd_v4_i/u_vit/inst/control_s_axi_U/rdata[4]_i_1_n_4.
INFO: [Physopt 32-952] Improved path group WNS = -2.483. Path group: clk. Processed net: mr_vla_bd_v4_i/u_vit/inst/control_s_axi_U/rdata[31]_i_10_n_4.
INFO: [Physopt 32-953] Path group WNS did not improve. Path group: clk. Processed net: mr_vla_bd_v4_i/u_vit/inst/control_s_axi_U/s_axi_control_RDATA[21].
INFO: [Physopt 32-953] Path group WNS did not improve. Path group: clk. Processed net: mr_vla_bd_v4_i/u_vit/inst/control_s_axi_U/rdata[21]_i_1_n_4.
INFO: [Physopt 32-952] Improved path group WNS = -2.479. Path group: clk. Processed net: mr_vla_bd_v4_i/u_vit/inst/control_s_axi_U/rdata[31]_i_10_n_4.
INFO: [Physopt 32-953] Path group WNS did not improve. Path group: clk. Processed net: mr_vla_bd_v4_i/u_sched/inst/u_inner/u_vision_fifo/mem_reg_bram_14_n_1.
INFO: [Physopt 32-953] Path group WNS did not improve. Path group: clk. Processed net: mr_vla_bd_v4_i/u_sched/inst/u_inner/u_vision_fifo/wptr_reg_n_0_[13].
INFO: [Physopt 32-952] Improved path group WNS = -2.476. Path group: clk. Processed net: mr_vla_bd_v4_i/u_sched/inst/u_inner/u_vision_fifo/mem_reg_bram_2_i_2_n_0.
INFO: [Physopt 32-952] Improved path group WNS = -2.447. Path group: clk. Processed net: mr_vla_bd_v4_i/u_sched/inst/u_inner/u_vision_fifo/mem_reg_bram_2_i_2_n_0.
INFO: [Physopt 32-952] Improved path group WNS = -2.444. Path group: clk. Processed net: mr_vla_bd_v4_i/u_sched/inst/u_inner/u_vision_fifo/mem_reg_bram_13_n_1.
INFO: [Physopt 32-953] Path group WNS did not improve. Path group: clk. Processed net: mr_vla_bd_v4_i/u_sched/inst/u_inner/u_vision_fifo/mem_reg_bram_13_n_1.
INFO: [Physopt 32-953] Path group WNS did not improve. Path group: clk. Processed net: mr_vla_bd_v4_i/u_sched/inst/u_inner/u_vision_fifo/mem_reg_bram_1_i_3_n_0.
INFO: [Physopt 32-953] Path group WNS did not improve. Path group: clk. Processed net: mr_vla_bd_v4_i/u_sched/inst/u_inner/u_vision_fifo/s_vision_tready_INST_0_i_4_n_0.
INFO: [Physopt 32-952] Improved path group WNS = -2.433. Path group: clk. Processed net: mr_vla_bd_v4_i/u_sched/inst/u_inner/u_vision_fifo/mem_reg_bram_0_i_4_n_0.
INFO: [Physopt 32-952] Improved path group WNS = -2.430. Path group: clk. Processed net: mr_vla_bd_v4_i/u_sched/inst/u_inner/u_vision_fifo/read_data_q0_out[8].
INFO: [Physopt 32-953] Path group WNS did not improve. Path group: clk. Processed net: mr_vla_bd_v4_i/u_sched/inst/u_inner/u_vision_fifo/mem_reg_bram_10_n_1.
INFO: [Physopt 32-952] Improved path group WNS = -2.411. Path group: clk. Processed net: mr_vla_bd_v4_i/u_sched/inst/u_inner/u_vision_fifo/mem_reg_bram_2_i_2_n_0.
INFO: [Physopt 32-952] Improved path group WNS = -2.410. Path group: clk. Processed net: mr_vla_bd_v4_i/u_sched/inst/u_inner/u_vision_fifo/read_data_q0_out[27].
INFO: [Physopt 32-952] Improved path group WNS = -2.407. Path group: clk. Processed net: mr_vla_bd_v4_i/u_xmod/inst/ddrOUT_m_axi_U/store_unit/buff_wdata/U_fifo_mem/dout[0].
INFO: [Physopt 32-952] Improved path group WNS = -2.399. Path group: clk. Processed net: mr_vla_bd_v4_i/u_sched/inst/u_inner/u_vision_fifo/mem_reg_bram_2_i_2_n_0.
INFO: [Physopt 32-953] Path group WNS did not improve. Path group: clk. Processed net: mr_vla_bd_v4_i/u_sched/inst/u_inner/u_vision_fifo/mem_reg_bram_6_n_1.
INFO: [Physopt 32-952] Improved path group WNS = -2.397. Path group: clk. Processed net: mr_vla_bd_v4_i/u_sched/inst/u_inner/u_vision_fifo/mem_reg_bram_0_i_4_n_0.
INFO: [Physopt 32-952] Improved path group WNS = -2.387. Path group: clk. Processed net: mr_vla_bd_v4_i/u_sched/inst/u_inner/u_vision_fifo/mem_reg_bram_12_n_1.
INFO: [Physopt 32-952] Improved path group WNS = -2.384. Path group: clk. Processed net: mr_vla_bd_v4_i/u_sched/inst/u_inner/u_vision_fifo/mem_reg_bram_2_i_3_n_0.
INFO: [Physopt 32-952] Improved path group WNS = -2.375. Path group: clk. Processed net: mr_vla_bd_v4_i/u_sched/inst/u_inner/u_vision_fifo/read_data_q0_out[27].
INFO: [Physopt 32-953] Path group WNS did not improve. Path group: clk. Processed net: mr_vla_bd_v4_i/u_sched/inst/u_inner/u_vision_fifo/read_data_q0_out[26].
INFO: [Physopt 32-952] Improved path group WNS = -2.374. Path group: clk. Processed net: mr_vla_bd_v4_i/u_sched/inst/u_inner/u_vision_fifo/mem_reg_bram_3_i_2_n_0.
INFO: [Physopt 32-952] Improved path group WNS = -2.363. Path group: clk. Processed net: mr_vla_bd_v4_i/u_sched/inst/u_inner/u_vision_fifo/mem_reg_bram_12_n_1.
INFO: [Physopt 32-952] Improved path group WNS = -2.351. Path group: clk. Processed net: mr_vla_bd_v4_i/u_sched/inst/u_inner/u_vision_fifo/mem_reg_bram_8_n_1.
INFO: [Physopt 32-953] Path group WNS did not improve. Path group: clk. Processed net: mr_vla_bd_v4_i/u_sched/inst/u_inner/u_vision_fifo/read_data_q0_out[27].
INFO: [Physopt 32-952] Improved path group WNS = -2.349. Path group: clk. Processed net: mr_vla_bd_v4_i/u_sched/inst/u_inner/u_vision_fifo/mem_reg_bram_3_i_2_n_0.
INFO: [Physopt 32-952] Improved path group WNS = -2.344. Path group: clk. Processed net: mr_vla_bd_v4_i/u_sched/inst/u_inner/u_vision_fifo/mem_reg_bram_8_n_1.
INFO: [Physopt 32-953] Path group WNS did not improve. Path group: clk. Processed net: mr_vla_bd_v4_i/u_sched/inst/u_inner/u_vision_fifo/mem_reg_bram_0_n_1.
INFO: [Physopt 32-953] Path group WNS did not improve. Path group: clk. Processed net: mr_vla_bd_v4_i/u_sched/inst/u_inner/u_vision_fifo/mem_reg_bram_0_i_1_n_0.
INFO: [Physopt 32-952] Improved path group WNS = -2.344. Path group: clk. Processed net: mr_vla_bd_v4_i/u_sched/inst/u_inner/u_vision_fifo/mem_reg_bram_0_i_4_n_0.
INFO: [Physopt 32-952] Improved path group WNS = -2.341. Path group: clk. Processed net: mr_vla_bd_v4_i/u_gvsa/inst/ddrQ_m_axi_U/bus_read/fifo_burst/mOutPtr_reg_n_0_[4].
INFO: [Physopt 32-952] Improved path group WNS = -2.340. Path group: clk. Processed net: mr_vla_bd_v4_i/u_sched/inst/u_inner/u_vision_fifo/mem_reg_bram_2_i_3_n_0.
INFO: [Physopt 32-953] Path group WNS did not improve. Path group: clk. Processed net: mr_vla_bd_v4_i/u_sched/inst/u_inner/u_vision_fifo/wptr_reg_n_0_[6].
INFO: [Physopt 32-953] Path group WNS did not improve. Path group: clk. Processed net: mr_vla_bd_v4_i/u_sched/inst/u_inner/u_vision_fifo/s_vision_tready_INST_0_i_1_n_0.
INFO: [Physopt 32-953] Path group WNS did not improve. Path group: clk. Processed net: mr_vla_bd_v4_i/u_sched/inst/u_inner/u_vision_fifo/mem_reg_bram_0_i_4_n_0_repN.
INFO: [Physopt 32-668] Current Timing Summary | WNS=-2.340 | TNS=-8926.024 | WHS=-3.810 | THS=-57314.333 |
Netlist sorting complete. Time (s): cpu = 00:00:00.04 ; elapsed = 00:00:00.04 . Memory (MB): peak = 10935.598 ; gain = 0.000 ; free physical = 45391 ; free virtual = 52489
Phase 13.2 Critical Path Optimization | Checksum: 2d56576d6

Time (s): cpu = 02:41:02 ; elapsed = 00:23:58 . Memory (MB): peak = 10935.598 ; gain = 2502.789 ; free physical = 45391 ; free virtual = 52489
Netlist sorting complete. Time (s): cpu = 00:00:00.05 ; elapsed = 00:00:00.05 . Memory (MB): peak = 10935.598 ; gain = 0.000 ; free physical = 45391 ; free virtual = 52489
INFO: [Physopt 32-669] Post Physical Optimization Timing Summary | WNS=-2.340 | TNS=-8926.024 | WHS=-3.810 | THS=-57314.333 |
Phase 13 Physical Synthesis in Router | Checksum: 23cc00b5b

Time (s): cpu = 02:41:06 ; elapsed = 00:24:00 . Memory (MB): peak = 10935.598 ; gain = 2502.789 ; free physical = 45391 ; free virtual = 52489
Total Elapsed time in route_design: 1439.59 secs

Phase 14 Post-Route Event Processing
INFO: [DRC 23-27] Running DRC with 16 threads
Phase 14 Post-Route Event Processing | Checksum: 1610a6eb8

Time (s): cpu = 02:42:40 ; elapsed = 00:24:25 . Memory (MB): peak = 10955.809 ; gain = 2523.000 ; free physical = 45383 ; free virtual = 52481
INFO: [Route 35-16] Router Completed Successfully
Ending Routing Task | Checksum: 1610a6eb8

Time (s): cpu = 02:42:44 ; elapsed = 00:24:28 . Memory (MB): peak = 10955.809 ; gain = 2523.000 ; free physical = 45383 ; free virtual = 52481

Routing Is Done.
INFO: [Common 17-83] Releasing license: Implementation
73 Infos, 107 Warnings, 0 Critical Warnings and 0 Errors encountered.
route_design completed successfully
route_design: Time (s): cpu = 02:43:31 ; elapsed = 00:24:46 . Memory (MB): peak = 10955.809 ; gain = 2718.375 ; free physical = 45383 ; free virtual = 52481
# write_checkpoint -force "$T0036v5/impl_ooc.dcp"
INFO: [Timing 38-480] Writing timing data to binary archive.
Write ShapeDB Complete: Time (s): cpu = 00:00:01 ; elapsed = 00:00:00.29 . Memory (MB): peak = 10955.809 ; gain = 0.000 ; free physical = 45341 ; free virtual = 52477
Wrote PlaceDB: Time (s): cpu = 00:00:19 ; elapsed = 00:00:09 . Memory (MB): peak = 10955.809 ; gain = 0.000 ; free physical = 45051 ; free virtual = 52479
Wrote ClockTopoDB: Time (s): cpu = 00:00:00.02 ; elapsed = 00:00:00.02 . Memory (MB): peak = 10955.809 ; gain = 0.000 ; free physical = 45050 ; free virtual = 52479
Wrote PulsedLatchDB: Time (s): cpu = 00:00:00 ; elapsed = 00:00:00 . Memory (MB): peak = 10955.809 ; gain = 0.000 ; free physical = 45050 ; free virtual = 52479
Writing XDEF routing.
Writing XDEF routing logical nets.
Writing XDEF routing special nets.
Wrote RouteStorage: Time (s): cpu = 00:00:03 ; elapsed = 00:00:02 . Memory (MB): peak = 10955.809 ; gain = 0.000 ; free physical = 45024 ; free virtual = 52497
Wrote Netlist Cache: Time (s): cpu = 00:00:00.19 ; elapsed = 00:00:00.2 . Memory (MB): peak = 10955.809 ; gain = 0.000 ; free physical = 45004 ; free virtual = 52497
Wrote Device Cache: Time (s): cpu = 00:00:00.03 ; elapsed = 00:00:00.03 . Memory (MB): peak = 10955.809 ; gain = 0.000 ; free physical = 44995 ; free virtual = 52497
Write Physdb Complete: Time (s): cpu = 00:00:21 ; elapsed = 00:00:11 . Memory (MB): peak = 10955.809 ; gain = 0.000 ; free physical = 44995 ; free virtual = 52497
INFO: [Common 17-1381] The checkpoint '/tools/projects/FPGA-VLA/runs/T0036_v5/impl_ooc.dcp' has been generated.
write_checkpoint: Time (s): cpu = 00:00:27 ; elapsed = 00:00:17 . Memory (MB): peak = 10955.809 ; gain = 0.000 ; free physical = 45310 ; free virtual = 52495
# report_utilization     -file "$T0036v5/impl_util_ooc.rpt"
# report_timing_summary  -file "$T0036v5/impl_timing_ooc.rpt"
# report_power           -file "$T0036v5/impl_power_ooc.rpt"
Command: report_power -file /tools/projects/FPGA-VLA/runs/T0036_v5/impl_power_ooc.rpt
Running Vector-less Activity Propagation...

Finished Running Vector-less Activity Propagation
0 Infos, 0 Warnings, 0 Critical Warnings and 0 Errors encountered.
report_power completed successfully
report_power: Time (s): cpu = 00:00:57 ; elapsed = 00:00:13 . Memory (MB): peak = 10980.254 ; gain = 24.445 ; free physical = 45300 ; free virtual = 52484
# set wp [get_timing_paths -quiet -setup -max_paths 1 -nworst 1]
# if {[llength $wp] > 0} { set wns [get_property SLACK [lindex $wp 0]] } else { set wns "n/a" }
# set hp [get_timing_paths -quiet -hold -max_paths 1 -nworst 1]
# if {[llength $hp] > 0} { set whs [get_property SLACK [lindex $hp 0]] } else { set whs "n/a" }
# puts ">>> v5 STEP2 IMPL OOC OK : WNS=$wns  WHS=$whs"
>>> v5 STEP2 IMPL OOC OK : WNS=-2.340  WHS=-3.810
# puts ">>> v5 OOC flow done"
>>> v5 OOC flow done
# exit 0
INFO: [Common 17-206] Exiting Vivado at Thu May 28 14:28:45 2026...
