
****** Vivado v2024.1 (64-bit)
  **** SW Build 5076996 on Wed May 22 18:36:09 MDT 2024
  **** IP Build 5075265 on Wed May 22 21:45:21 MDT 2024
  **** SharedData Build 5076995 on Wed May 22 18:29:18 MDT 2024
  **** Start of session at: Thu May 28 14:39:15 2026
    ** Copyright 1986-2022 Xilinx, Inc. All Rights Reserved.
    ** Copyright 2022-2024 Advanced Micro Devices, Inc. All Rights Reserved.

source run_v6.tcl
# set_param general.maxThreads 16
# set T0036v6 "/tools/projects/FPGA-VLA/runs/T0036_v6"
# set T0036v5 "/tools/projects/FPGA-VLA/runs/T0036_v5"
# puts ">>> v6 STEP1 open synth checkpoint from v5"
>>> v6 STEP1 open synth checkpoint from v5
# open_checkpoint "$T0036v5/synth_ooc.dcp"
Command: open_checkpoint /tools/projects/FPGA-VLA/runs/T0036_v5/synth_ooc.dcp

Starting open_checkpoint Task

Time (s): cpu = 00:00:00.03 ; elapsed = 00:00:00.02 . Memory (MB): peak = 1434.449 ; gain = 0.000 ; free physical = 53875 ; free virtual = 61060
INFO: [Device 21-403] Loading part xcvc1902-vsva2197-2MP-e-S
Netlist sorting complete. Time (s): cpu = 00:00:01 ; elapsed = 00:00:01 . Memory (MB): peak = 2734.777 ; gain = 0.000 ; free physical = 52568 ; free virtual = 59753
INFO: [Netlist 29-17] Analyzing 28984 Unisim elements for replacement
INFO: [Netlist 29-28] Unisim Transformation completed in 7 CPU seconds
INFO: [IP_Flow 19-234] Refreshing IP repositories
INFO: [IP_Flow 19-1704] No user IP repositories specified
INFO: [IP_Flow 19-2313] Loaded Vivado IP repository '/tools/Xilinx/Vivado/2024.1/data/ip'.
INFO: [Project 1-479] Netlist was created with Vivado 2024.1
INFO: [Constraints 18-6358] GCLK_DESKEW_DEFAULT not specified in Clock Expansion Window constraints config file for device xcvc1902.  GCLK Deskew mode will be Off and cannot be enabled via GCLK_DESKEW override.
INFO: [Constraints 18-5720] The default GCLK Deskew mode is Off.
INFO: [Project 1-570] Preparing netlist for logic optimization
Read ShapeDB Complete: Time (s): cpu = 00:00:00.25 ; elapsed = 00:00:00.26 . Memory (MB): peak = 3469.738 ; gain = 31.750 ; free physical = 51860 ; free virtual = 59045
Reading NOC Solution File '/tools/projects/FPGA-VLA/runs/T0036_v5/synth_ooc/mr_vla_bd_v4_wrapper.ncr'
INFO: [Timing 38-478] Restoring timing data from binary archive.
INFO: [Timing 38-479] Binary timing data restore complete.
INFO: [Project 1-856] Restoring constraints from binary archive.
INFO: [Project 1-853] Binary constraint restore complete.
Netlist sorting complete. Time (s): cpu = 00:00:00.04 ; elapsed = 00:00:00.04 . Memory (MB): peak = 5212.875 ; gain = 0.000 ; free physical = 50349 ; free virtual = 57534
INFO: [Project 1-111] Unisim Transformation Summary:
  A total of 28984 instances were transformed.
  (CARRY8) => LUT6CY (LUTCY1, LUTCY2): 2336 instances
  DSP58 => DSP58 (DSP_ALUADD, DSP_ALUMUX, DSP_ALUREG, DSP_A_B_DATA58, DSP_C_DATA58, DSP_MULTIPLIER58, DSP_M_DATA58, DSP_OUTPUT58, DSP_PATDET, DSP_PREADD58, DSP_PREADD_DATA58, DSP_SRCMX_OPTINV, VCC): 465 instances
  LUT6CY => LUT6CY (LUTCY1, LUTCY2): 17906 instances
  LUT6_2 => LUT6_2 (LUT5, LUT6): 37 instances
  RAM16X1S => RAM32X1S (RAMS32): 3080 instances
  RAM32M16 => RAM32M16 (RAMD32(x14), RAMS32(x2)): 40 instances
  RAM64X1S => RAM64X1S (RAMS64E5, VCC): 5120 instances

INFO: [Project 1-604] Checkpoint was created with Vivado v2024.1 (64-bit) build 5076996
open_checkpoint: Time (s): cpu = 00:00:56 ; elapsed = 00:00:56 . Memory (MB): peak = 5212.875 ; gain = 3778.426 ; free physical = 50349 ; free virtual = 57535
# puts ">>> v6 STEP2 read 6.0 ns XDC"
>>> v6 STEP2 read 6.0 ns XDC
# read_xdc "$T0036v6/mr_vla_bd_v6_ooc.xdc"
Parsing XDC File [/tools/projects/FPGA-VLA/runs/T0036_v6/mr_vla_bd_v6_ooc.xdc]
WARNING: [Constraints 18-619] A clock with name 'clk' already exists, overwriting the previous clock with the same name. [/tools/projects/FPGA-VLA/runs/T0036_v6/mr_vla_bd_v6_ooc.xdc:5]
WARNING: [Constraints 18-6211] Setting input delay on a clock pin 'clk' relative to clock 'clk' defined on the same pin is not supported, ignoring it [/tools/projects/FPGA-VLA/runs/T0036_v6/mr_vla_bd_v6_ooc.xdc:7]
WARNING: [Constraints 18-6211] Setting input delay on a clock pin 'clk' relative to clock 'clk' defined on the same pin is not supported, ignoring it [/tools/projects/FPGA-VLA/runs/T0036_v6/mr_vla_bd_v6_ooc.xdc:8]
Finished Parsing XDC File [/tools/projects/FPGA-VLA/runs/T0036_v6/mr_vla_bd_v6_ooc.xdc]
# puts ">>> v6 STEP3 opt/place/route"
>>> v6 STEP3 opt/place/route
# opt_design
Command: opt_design
Attempting to get a license for feature 'Implementation' and/or device 'xcvc1902'
INFO: [Common 17-349] Got license for feature 'Implementation' and/or device 'xcvc1902'
INFO: [Common 17-86] Your Implementation license expires in 28 day(s)
Running DRC as a precondition to command opt_design

Starting DRC Task
INFO: [DRC 23-27] Running DRC with 16 threads
INFO: [Project 1-461] DRC finished with 0 Errors
INFO: [Project 1-462] Please refer to the DRC report (report_drc) for more information.

Time (s): cpu = 00:00:04 ; elapsed = 00:00:01 . Memory (MB): peak = 5383.828 ; gain = 170.953 ; free physical = 50352 ; free virtual = 57538

Starting Logic Optimization Task

Phase 1 Initialization

Phase 1.1 Core Generation And Design Setup
Phase 1.1 Core Generation And Design Setup | Checksum: 1130e3c98

Time (s): cpu = 00:00:00.06 ; elapsed = 00:00:00.06 . Memory (MB): peak = 5459.984 ; gain = 0.000 ; free physical = 50130 ; free virtual = 57315

Phase 1.2 Setup Constraints And Sort Netlist
Phase 1.2 Setup Constraints And Sort Netlist | Checksum: 1130e3c98

Time (s): cpu = 00:00:00.13 ; elapsed = 00:00:00.13 . Memory (MB): peak = 5459.984 ; gain = 0.000 ; free physical = 50129 ; free virtual = 57315
Phase 1 Initialization | Checksum: 1130e3c98

Time (s): cpu = 00:00:00.14 ; elapsed = 00:00:00.14 . Memory (MB): peak = 5459.984 ; gain = 0.000 ; free physical = 50129 ; free virtual = 57315

Phase 2 Timer Update And Timing Data Collection

Phase 2.1 Timer Update
Phase 2.1 Timer Update | Checksum: 1130e3c98

Time (s): cpu = 00:00:33 ; elapsed = 00:00:09 . Memory (MB): peak = 6005.891 ; gain = 545.906 ; free physical = 49568 ; free virtual = 56754

Phase 2.2 Timing Data Collection
Phase 2.2 Timing Data Collection | Checksum: 1130e3c98

Time (s): cpu = 00:00:33 ; elapsed = 00:00:09 . Memory (MB): peak = 6005.891 ; gain = 545.906 ; free physical = 49566 ; free virtual = 56752
Phase 2 Timer Update And Timing Data Collection | Checksum: 1130e3c98

Time (s): cpu = 00:00:33 ; elapsed = 00:00:09 . Memory (MB): peak = 6005.891 ; gain = 545.906 ; free physical = 49566 ; free virtual = 56752

Phase 3 Retarget
INFO: [Opt 31-1834] Total Chains To Be Transformed Were: 0 AND Number of Transformed insts Created are: 0
INFO: [Opt 31-1566] Pulled 80 inverters resulting in an inversion of 1507 pins
INFO: [Opt 31-138] Pushed 274 inverter(s) to 13304 load pin(s).
INFO: [Opt 31-49] Retargeted 0 cell(s).
Phase 3 Retarget | Checksum: 1ca73e191

Time (s): cpu = 00:00:40 ; elapsed = 00:00:15 . Memory (MB): peak = 6152.422 ; gain = 692.438 ; free physical = 49561 ; free virtual = 56747
Retarget | Checksum: 1ca73e191
INFO: [Opt 31-389] Phase Retarget created 287 cells and removed 3171 cells
INFO: [Opt 31-1021] In phase Retarget, 144 netlist objects are constrained preventing optimization. Please run opt_design with -debug_log to get more detail. 

Phase 4 Constant propagation
INFO: [Opt 31-138] Pushed 12 inverter(s) to 12 load pin(s).
Phase 4 Constant propagation | Checksum: 237bba60a

Time (s): cpu = 00:00:41 ; elapsed = 00:00:15 . Memory (MB): peak = 6152.422 ; gain = 692.438 ; free physical = 49557 ; free virtual = 56742
Constant propagation | Checksum: 237bba60a
INFO: [Opt 31-389] Phase Constant propagation created 238 cells and removed 960 cells
INFO: [Opt 31-1021] In phase Constant propagation, 144 netlist objects are constrained preventing optimization. Please run opt_design with -debug_log to get more detail. 

Phase 5 Sweep
INFO: [Opt 31-120] Instance mr_vla_bd_v4_i/axi_sc_0/inst/s11_nodes/s11_r_node/inst/inst_mi_handler (mr_vla_bd_v4_axi_sc_0_0_sc_node_v1_0_16_mi_handler__parameterized5__xdcDup__9) has been optimized to an empty box cell during sweep but it has constraints that prevent its removal. Empty box cells do not impact the implementation flow but they have no functional relevance.
Resolution: If this is not expected, please check for DONT_TOUCH properties or timing constraint set on the empty box cell or on nets connected to the cell. If found, remove the relevant DONT_TOUCH property or timing constraint and re-run opt_design.
INFO: [Opt 31-120] Instance mr_vla_bd_v4_i/axi_sc_0/inst/s11_nodes/s11_ar_node/inst/inst_si_handler (mr_vla_bd_v4_axi_sc_0_0_sc_node_v1_0_16_si_handler__parameterized4_70) has been optimized to an empty box cell during sweep but it has constraints that prevent its removal. Empty box cells do not impact the implementation flow but they have no functional relevance.
Resolution: If this is not expected, please check for DONT_TOUCH properties or timing constraint set on the empty box cell or on nets connected to the cell. If found, remove the relevant DONT_TOUCH property or timing constraint and re-run opt_design.
INFO: [Opt 31-120] Instance mr_vla_bd_v4_i/axi_sc_0/inst/s11_nodes/s11_ar_node/inst/inst_mi_handler (mr_vla_bd_v4_axi_sc_0_0_sc_node_v1_0_16_mi_handler__parameterized4__xdcDup__9) has been optimized to an empty box cell during sweep but it has constraints that prevent its removal. Empty box cells do not impact the implementation flow but they have no functional relevance.
Resolution: If this is not expected, please check for DONT_TOUCH properties or timing constraint set on the empty box cell or on nets connected to the cell. If found, remove the relevant DONT_TOUCH property or timing constraint and re-run opt_design.
INFO: [Opt 31-120] Instance mr_vla_bd_v4_i/axi_sc_0/inst/s08_nodes/s08_r_node/inst/inst_mi_handler (mr_vla_bd_v4_axi_sc_0_0_sc_node_v1_0_16_mi_handler__parameterized5__xdcDup__7) has been optimized to an empty box cell during sweep but it has constraints that prevent its removal. Empty box cells do not impact the implementation flow but they have no functional relevance.
Resolution: If this is not expected, please check for DONT_TOUCH properties or timing constraint set on the empty box cell or on nets connected to the cell. If found, remove the relevant DONT_TOUCH property or timing constraint and re-run opt_design.
INFO: [Opt 31-120] Instance mr_vla_bd_v4_i/axi_sc_0/inst/s08_nodes/s08_ar_node/inst/inst_si_handler (mr_vla_bd_v4_axi_sc_0_0_sc_node_v1_0_16_si_handler__parameterized4_134) has been optimized to an empty box cell during sweep but it has constraints that prevent its removal. Empty box cells do not impact the implementation flow but they have no functional relevance.
Resolution: If this is not expected, please check for DONT_TOUCH properties or timing constraint set on the empty box cell or on nets connected to the cell. If found, remove the relevant DONT_TOUCH property or timing constraint and re-run opt_design.
INFO: [Opt 31-120] Instance mr_vla_bd_v4_i/axi_sc_0/inst/s08_nodes/s08_ar_node/inst/inst_mi_handler (mr_vla_bd_v4_axi_sc_0_0_sc_node_v1_0_16_mi_handler__parameterized4__xdcDup__7) has been optimized to an empty box cell during sweep but it has constraints that prevent its removal. Empty box cells do not impact the implementation flow but they have no functional relevance.
Resolution: If this is not expected, please check for DONT_TOUCH properties or timing constraint set on the empty box cell or on nets connected to the cell. If found, remove the relevant DONT_TOUCH property or timing constraint and re-run opt_design.
INFO: [Opt 31-120] Instance mr_vla_bd_v4_i/axi_sc_0/inst/s02_nodes/s02_r_node/inst/inst_mi_handler (mr_vla_bd_v4_axi_sc_0_0_sc_node_v1_0_16_mi_handler__parameterized5__xdcDup__2) has been optimized to an empty box cell during sweep but it has constraints that prevent its removal. Empty box cells do not impact the implementation flow but they have no functional relevance.
Resolution: If this is not expected, please check for DONT_TOUCH properties or timing constraint set on the empty box cell or on nets connected to the cell. If found, remove the relevant DONT_TOUCH property or timing constraint and re-run opt_design.
INFO: [Opt 31-120] Instance mr_vla_bd_v4_i/axi_sc_0/inst/s02_nodes/s02_ar_node/inst/inst_si_handler (mr_vla_bd_v4_axi_sc_0_0_sc_node_v1_0_16_si_handler__parameterized4_249) has been optimized to an empty box cell during sweep but it has constraints that prevent its removal. Empty box cells do not impact the implementation flow but they have no functional relevance.
Resolution: If this is not expected, please check for DONT_TOUCH properties or timing constraint set on the empty box cell or on nets connected to the cell. If found, remove the relevant DONT_TOUCH property or timing constraint and re-run opt_design.
INFO: [Opt 31-120] Instance mr_vla_bd_v4_i/axi_sc_0/inst/s02_nodes/s02_ar_node/inst/inst_mi_handler (mr_vla_bd_v4_axi_sc_0_0_sc_node_v1_0_16_mi_handler__parameterized4__xdcDup__2) has been optimized to an empty box cell during sweep but it has constraints that prevent its removal. Empty box cells do not impact the implementation flow but they have no functional relevance.
Resolution: If this is not expected, please check for DONT_TOUCH properties or timing constraint set on the empty box cell or on nets connected to the cell. If found, remove the relevant DONT_TOUCH property or timing constraint and re-run opt_design.
INFO: [Opt 31-120] Instance mr_vla_bd_v4_i/axi_sc_0/inst/s05_nodes/s05_w_node/inst/inst_si_handler (mr_vla_bd_v4_axi_sc_0_0_sc_node_v1_0_16_si_handler__parameterized4_183) has been optimized to an empty box cell during sweep but it has constraints that prevent its removal. Empty box cells do not impact the implementation flow but they have no functional relevance.
Resolution: If this is not expected, please check for DONT_TOUCH properties or timing constraint set on the empty box cell or on nets connected to the cell. If found, remove the relevant DONT_TOUCH property or timing constraint and re-run opt_design.
INFO: [Opt 31-120] Instance mr_vla_bd_v4_i/axi_sc_0/inst/s05_nodes/s05_w_node/inst/inst_mi_handler (mr_vla_bd_v4_axi_sc_0_0_sc_node_v1_0_16_mi_handler__parameterized8__xdcDup__2) has been optimized to an empty box cell during sweep but it has constraints that prevent its removal. Empty box cells do not impact the implementation flow but they have no functional relevance.
Resolution: If this is not expected, please check for DONT_TOUCH properties or timing constraint set on the empty box cell or on nets connected to the cell. If found, remove the relevant DONT_TOUCH property or timing constraint and re-run opt_design.
INFO: [Opt 31-120] Instance mr_vla_bd_v4_i/axi_sc_0/inst/s05_nodes/s05_b_node/inst/inst_mi_handler (mr_vla_bd_v4_axi_sc_0_0_sc_node_v1_0_16_mi_handler__parameterized7__xdcDup__2) has been optimized to an empty box cell during sweep but it has constraints that prevent its removal. Empty box cells do not impact the implementation flow but they have no functional relevance.
Resolution: If this is not expected, please check for DONT_TOUCH properties or timing constraint set on the empty box cell or on nets connected to the cell. If found, remove the relevant DONT_TOUCH property or timing constraint and re-run opt_design.
INFO: [Opt 31-120] Instance mr_vla_bd_v4_i/axi_sc_0/inst/s05_nodes/s05_aw_node/inst/inst_si_handler (mr_vla_bd_v4_axi_sc_0_0_sc_node_v1_0_16_si_handler__parameterized4_193) has been optimized to an empty box cell during sweep but it has constraints that prevent its removal. Empty box cells do not impact the implementation flow but they have no functional relevance.
Resolution: If this is not expected, please check for DONT_TOUCH properties or timing constraint set on the empty box cell or on nets connected to the cell. If found, remove the relevant DONT_TOUCH property or timing constraint and re-run opt_design.
INFO: [Opt 31-120] Instance mr_vla_bd_v4_i/axi_sc_0/inst/s05_nodes/s05_aw_node/inst/inst_mi_handler (mr_vla_bd_v4_axi_sc_0_0_sc_node_v1_0_16_mi_handler__parameterized6__xdcDup__2) has been optimized to an empty box cell during sweep but it has constraints that prevent its removal. Empty box cells do not impact the implementation flow but they have no functional relevance.
Resolution: If this is not expected, please check for DONT_TOUCH properties or timing constraint set on the empty box cell or on nets connected to the cell. If found, remove the relevant DONT_TOUCH property or timing constraint and re-run opt_design.
INFO: [Opt 31-120] Instance mr_vla_bd_v4_i/axi_sc_0/inst/s12_nodes/s12_r_node/inst/inst_mi_handler (mr_vla_bd_v4_axi_sc_0_0_sc_node_v1_0_16_mi_handler__parameterized5__xdcDup__10) has been optimized to an empty box cell during sweep but it has constraints that prevent its removal. Empty box cells do not impact the implementation flow but they have no functional relevance.
Resolution: If this is not expected, please check for DONT_TOUCH properties or timing constraint set on the empty box cell or on nets connected to the cell. If found, remove the relevant DONT_TOUCH property or timing constraint and re-run opt_design.
INFO: [Opt 31-120] Instance mr_vla_bd_v4_i/axi_sc_0/inst/s12_nodes/s12_ar_node/inst/inst_si_handler (mr_vla_bd_v4_axi_sc_0_0_sc_node_v1_0_16_si_handler__parameterized4_53) has been optimized to an empty box cell during sweep but it has constraints that prevent its removal. Empty box cells do not impact the implementation flow but they have no functional relevance.
Resolution: If this is not expected, please check for DONT_TOUCH properties or timing constraint set on the empty box cell or on nets connected to the cell. If found, remove the relevant DONT_TOUCH property or timing constraint and re-run opt_design.
INFO: [Opt 31-120] Instance mr_vla_bd_v4_i/axi_sc_0/inst/s12_nodes/s12_ar_node/inst/inst_mi_handler (mr_vla_bd_v4_axi_sc_0_0_sc_node_v1_0_16_mi_handler__parameterized4__xdcDup__10) has been optimized to an empty box cell during sweep but it has constraints that prevent its removal. Empty box cells do not impact the implementation flow but they have no functional relevance.
Resolution: If this is not expected, please check for DONT_TOUCH properties or timing constraint set on the empty box cell or on nets connected to the cell. If found, remove the relevant DONT_TOUCH property or timing constraint and re-run opt_design.
INFO: [Opt 31-120] Instance mr_vla_bd_v4_i/axi_sc_0/inst/s01_nodes/s01_w_node/inst/inst_si_handler (mr_vla_bd_v4_axi_sc_0_0_sc_node_v1_0_16_si_handler__parameterized4_264) has been optimized to an empty box cell during sweep but it has constraints that prevent its removal. Empty box cells do not impact the implementation flow but they have no functional relevance.
Resolution: If this is not expected, please check for DONT_TOUCH properties or timing constraint set on the empty box cell or on nets connected to the cell. If found, remove the relevant DONT_TOUCH property or timing constraint and re-run opt_design.
INFO: [Opt 31-120] Instance mr_vla_bd_v4_i/axi_sc_0/inst/s01_nodes/s01_w_node/inst/inst_mi_handler (mr_vla_bd_v4_axi_sc_0_0_sc_node_v1_0_16_mi_handler__parameterized8__xdcDup__1) has been optimized to an empty box cell during sweep but it has constraints that prevent its removal. Empty box cells do not impact the implementation flow but they have no functional relevance.
Resolution: If this is not expected, please check for DONT_TOUCH properties or timing constraint set on the empty box cell or on nets connected to the cell. If found, remove the relevant DONT_TOUCH property or timing constraint and re-run opt_design.
INFO: [Opt 31-120] Instance mr_vla_bd_v4_i/axi_sc_0/inst/s01_nodes/s01_b_node/inst/inst_mi_handler (mr_vla_bd_v4_axi_sc_0_0_sc_node_v1_0_16_mi_handler__parameterized7__xdcDup__1) has been optimized to an empty box cell during sweep but it has constraints that prevent its removal. Empty box cells do not impact the implementation flow but they have no functional relevance.
Resolution: If this is not expected, please check for DONT_TOUCH properties or timing constraint set on the empty box cell or on nets connected to the cell. If found, remove the relevant DONT_TOUCH property or timing constraint and re-run opt_design.
INFO: [Opt 31-120] Instance mr_vla_bd_v4_i/axi_sc_0/inst/s01_nodes/s01_aw_node/inst/inst_si_handler (mr_vla_bd_v4_axi_sc_0_0_sc_node_v1_0_16_si_handler__parameterized4_274) has been optimized to an empty box cell during sweep but it has constraints that prevent its removal. Empty box cells do not impact the implementation flow but they have no functional relevance.
Resolution: If this is not expected, please check for DONT_TOUCH properties or timing constraint set on the empty box cell or on nets connected to the cell. If found, remove the relevant DONT_TOUCH property or timing constraint and re-run opt_design.
INFO: [Opt 31-120] Instance mr_vla_bd_v4_i/axi_sc_0/inst/s01_nodes/s01_aw_node/inst/inst_mi_handler (mr_vla_bd_v4_axi_sc_0_0_sc_node_v1_0_16_mi_handler__parameterized6__xdcDup__1) has been optimized to an empty box cell during sweep but it has constraints that prevent its removal. Empty box cells do not impact the implementation flow but they have no functional relevance.
Resolution: If this is not expected, please check for DONT_TOUCH properties or timing constraint set on the empty box cell or on nets connected to the cell. If found, remove the relevant DONT_TOUCH property or timing constraint and re-run opt_design.
INFO: [Opt 31-120] Instance mr_vla_bd_v4_i/axi_sc_0/inst/s07_nodes/s07_r_node/inst/inst_mi_handler (mr_vla_bd_v4_axi_sc_0_0_sc_node_v1_0_16_mi_handler__parameterized5__xdcDup__6) has been optimized to an empty box cell during sweep but it has constraints that prevent its removal. Empty box cells do not impact the implementation flow but they have no functional relevance.
Resolution: If this is not expected, please check for DONT_TOUCH properties or timing constraint set on the empty box cell or on nets connected to the cell. If found, remove the relevant DONT_TOUCH property or timing constraint and re-run opt_design.
INFO: [Opt 31-120] Instance mr_vla_bd_v4_i/axi_sc_0/inst/s07_nodes/s07_ar_node/inst/inst_si_handler (mr_vla_bd_v4_axi_sc_0_0_sc_node_v1_0_16_si_handler__parameterized4_151) has been optimized to an empty box cell during sweep but it has constraints that prevent its removal. Empty box cells do not impact the implementation flow but they have no functional relevance.
Resolution: If this is not expected, please check for DONT_TOUCH properties or timing constraint set on the empty box cell or on nets connected to the cell. If found, remove the relevant DONT_TOUCH property or timing constraint and re-run opt_design.
INFO: [Opt 31-120] Instance mr_vla_bd_v4_i/axi_sc_0/inst/s07_nodes/s07_ar_node/inst/inst_mi_handler (mr_vla_bd_v4_axi_sc_0_0_sc_node_v1_0_16_mi_handler__parameterized4__xdcDup__6) has been optimized to an empty box cell during sweep but it has constraints that prevent its removal. Empty box cells do not impact the implementation flow but they have no functional relevance.
Resolution: If this is not expected, please check for DONT_TOUCH properties or timing constraint set on the empty box cell or on nets connected to the cell. If found, remove the relevant DONT_TOUCH property or timing constraint and re-run opt_design.
INFO: [Opt 31-120] Instance mr_vla_bd_v4_i/axi_sc_0/inst/s10_nodes/s10_r_node/inst/inst_mi_handler (mr_vla_bd_v4_axi_sc_0_0_sc_node_v1_0_16_mi_handler__parameterized5__xdcDup__8) has been optimized to an empty box cell during sweep but it has constraints that prevent its removal. Empty box cells do not impact the implementation flow but they have no functional relevance.
Resolution: If this is not expected, please check for DONT_TOUCH properties or timing constraint set on the empty box cell or on nets connected to the cell. If found, remove the relevant DONT_TOUCH property or timing constraint and re-run opt_design.
INFO: [Opt 31-120] Instance mr_vla_bd_v4_i/axi_sc_0/inst/s10_nodes/s10_ar_node/inst/inst_si_handler (mr_vla_bd_v4_axi_sc_0_0_sc_node_v1_0_16_si_handler__parameterized4_87) has been optimized to an empty box cell during sweep but it has constraints that prevent its removal. Empty box cells do not impact the implementation flow but they have no functional relevance.
Resolution: If this is not expected, please check for DONT_TOUCH properties or timing constraint set on the empty box cell or on nets connected to the cell. If found, remove the relevant DONT_TOUCH property or timing constraint and re-run opt_design.
INFO: [Opt 31-120] Instance mr_vla_bd_v4_i/axi_sc_0/inst/s10_nodes/s10_ar_node/inst/inst_mi_handler (mr_vla_bd_v4_axi_sc_0_0_sc_node_v1_0_16_mi_handler__parameterized4__xdcDup__8) has been optimized to an empty box cell during sweep but it has constraints that prevent its removal. Empty box cells do not impact the implementation flow but they have no functional relevance.
Resolution: If this is not expected, please check for DONT_TOUCH properties or timing constraint set on the empty box cell or on nets connected to the cell. If found, remove the relevant DONT_TOUCH property or timing constraint and re-run opt_design.
INFO: [Opt 31-120] Instance mr_vla_bd_v4_i/axi_sc_0/inst/s00_nodes/s00_r_node/inst/inst_mi_handler (mr_vla_bd_v4_axi_sc_0_0_sc_node_v1_0_16_mi_handler__parameterized5__xdcDup__1) has been optimized to an empty box cell during sweep but it has constraints that prevent its removal. Empty box cells do not impact the implementation flow but they have no functional relevance.
Resolution: If this is not expected, please check for DONT_TOUCH properties or timing constraint set on the empty box cell or on nets connected to the cell. If found, remove the relevant DONT_TOUCH property or timing constraint and re-run opt_design.
INFO: [Opt 31-120] Instance mr_vla_bd_v4_i/axi_sc_0/inst/s00_nodes/s00_ar_node/inst/inst_si_handler (mr_vla_bd_v4_axi_sc_0_0_sc_node_v1_0_16_si_handler__parameterized4_296) has been optimized to an empty box cell during sweep but it has constraints that prevent its removal. Empty box cells do not impact the implementation flow but they have no functional relevance.
Resolution: If this is not expected, please check for DONT_TOUCH properties or timing constraint set on the empty box cell or on nets connected to the cell. If found, remove the relevant DONT_TOUCH property or timing constraint and re-run opt_design.
INFO: [Opt 31-120] Instance mr_vla_bd_v4_i/axi_sc_0/inst/s00_nodes/s00_ar_node/inst/inst_mi_handler (mr_vla_bd_v4_axi_sc_0_0_sc_node_v1_0_16_mi_handler__parameterized4__xdcDup__1) has been optimized to an empty box cell during sweep but it has constraints that prevent its removal. Empty box cells do not impact the implementation flow but they have no functional relevance.
Resolution: If this is not expected, please check for DONT_TOUCH properties or timing constraint set on the empty box cell or on nets connected to the cell. If found, remove the relevant DONT_TOUCH property or timing constraint and re-run opt_design.
INFO: [Opt 31-120] Instance mr_vla_bd_v4_i/axi_sc_0/inst/s13_nodes/s13_w_node/inst/inst_si_handler (mr_vla_bd_v4_axi_sc_0_0_sc_node_v1_0_16_si_handler__parameterized4_25) has been optimized to an empty box cell during sweep but it has constraints that prevent its removal. Empty box cells do not impact the implementation flow but they have no functional relevance.
Resolution: If this is not expected, please check for DONT_TOUCH properties or timing constraint set on the empty box cell or on nets connected to the cell. If found, remove the relevant DONT_TOUCH property or timing constraint and re-run opt_design.
INFO: [Opt 31-120] Instance mr_vla_bd_v4_i/axi_sc_0/inst/s13_nodes/s13_w_node/inst/inst_mi_handler (mr_vla_bd_v4_axi_sc_0_0_sc_node_v1_0_16_mi_handler__parameterized8) has been optimized to an empty box cell during sweep but it has constraints that prevent its removal. Empty box cells do not impact the implementation flow but they have no functional relevance.
Resolution: If this is not expected, please check for DONT_TOUCH properties or timing constraint set on the empty box cell or on nets connected to the cell. If found, remove the relevant DONT_TOUCH property or timing constraint and re-run opt_design.
INFO: [Opt 31-120] Instance mr_vla_bd_v4_i/axi_sc_0/inst/s13_nodes/s13_b_node/inst/inst_mi_handler (mr_vla_bd_v4_axi_sc_0_0_sc_node_v1_0_16_mi_handler__parameterized7) has been optimized to an empty box cell during sweep but it has constraints that prevent its removal. Empty box cells do not impact the implementation flow but they have no functional relevance.
Resolution: If this is not expected, please check for DONT_TOUCH properties or timing constraint set on the empty box cell or on nets connected to the cell. If found, remove the relevant DONT_TOUCH property or timing constraint and re-run opt_design.
INFO: [Opt 31-120] Instance mr_vla_bd_v4_i/axi_sc_0/inst/s13_nodes/s13_aw_node/inst/inst_si_handler (mr_vla_bd_v4_axi_sc_0_0_sc_node_v1_0_16_si_handler__parameterized4_35) has been optimized to an empty box cell during sweep but it has constraints that prevent its removal. Empty box cells do not impact the implementation flow but they have no functional relevance.
Resolution: If this is not expected, please check for DONT_TOUCH properties or timing constraint set on the empty box cell or on nets connected to the cell. If found, remove the relevant DONT_TOUCH property or timing constraint and re-run opt_design.
INFO: [Opt 31-120] Instance mr_vla_bd_v4_i/axi_sc_0/inst/s13_nodes/s13_aw_node/inst/inst_mi_handler (mr_vla_bd_v4_axi_sc_0_0_sc_node_v1_0_16_mi_handler__parameterized6) has been optimized to an empty box cell during sweep but it has constraints that prevent its removal. Empty box cells do not impact the implementation flow but they have no functional relevance.
Resolution: If this is not expected, please check for DONT_TOUCH properties or timing constraint set on the empty box cell or on nets connected to the cell. If found, remove the relevant DONT_TOUCH property or timing constraint and re-run opt_design.
INFO: [Opt 31-120] Instance mr_vla_bd_v4_i/axi_sc_0/inst/s04_nodes/s04_r_node/inst/inst_mi_handler (mr_vla_bd_v4_axi_sc_0_0_sc_node_v1_0_16_mi_handler__parameterized5__xdcDup__4) has been optimized to an empty box cell during sweep but it has constraints that prevent its removal. Empty box cells do not impact the implementation flow but they have no functional relevance.
Resolution: If this is not expected, please check for DONT_TOUCH properties or timing constraint set on the empty box cell or on nets connected to the cell. If found, remove the relevant DONT_TOUCH property or timing constraint and re-run opt_design.
INFO: [Opt 31-120] Instance mr_vla_bd_v4_i/axi_sc_0/inst/s04_nodes/s04_ar_node/inst/inst_si_handler (mr_vla_bd_v4_axi_sc_0_0_sc_node_v1_0_16_si_handler__parameterized4_215) has been optimized to an empty box cell during sweep but it has constraints that prevent its removal. Empty box cells do not impact the implementation flow but they have no functional relevance.
Resolution: If this is not expected, please check for DONT_TOUCH properties or timing constraint set on the empty box cell or on nets connected to the cell. If found, remove the relevant DONT_TOUCH property or timing constraint and re-run opt_design.
INFO: [Opt 31-120] Instance mr_vla_bd_v4_i/axi_sc_0/inst/s04_nodes/s04_ar_node/inst/inst_mi_handler (mr_vla_bd_v4_axi_sc_0_0_sc_node_v1_0_16_mi_handler__parameterized4__xdcDup__4) has been optimized to an empty box cell during sweep but it has constraints that prevent its removal. Empty box cells do not impact the implementation flow but they have no functional relevance.
Resolution: If this is not expected, please check for DONT_TOUCH properties or timing constraint set on the empty box cell or on nets connected to the cell. If found, remove the relevant DONT_TOUCH property or timing constraint and re-run opt_design.
INFO: [Opt 31-120] Instance mr_vla_bd_v4_i/axi_sc_0/inst/s06_nodes/s06_r_node/inst/inst_mi_handler (mr_vla_bd_v4_axi_sc_0_0_sc_node_v1_0_16_mi_handler__parameterized5__xdcDup__5) has been optimized to an empty box cell during sweep but it has constraints that prevent its removal. Empty box cells do not impact the implementation flow but they have no functional relevance.
Resolution: If this is not expected, please check for DONT_TOUCH properties or timing constraint set on the empty box cell or on nets connected to the cell. If found, remove the relevant DONT_TOUCH property or timing constraint and re-run opt_design.
INFO: [Opt 31-120] Instance mr_vla_bd_v4_i/axi_sc_0/inst/s06_nodes/s06_ar_node/inst/inst_si_handler (mr_vla_bd_v4_axi_sc_0_0_sc_node_v1_0_16_si_handler__parameterized4_168) has been optimized to an empty box cell during sweep but it has constraints that prevent its removal. Empty box cells do not impact the implementation flow but they have no functional relevance.
Resolution: If this is not expected, please check for DONT_TOUCH properties or timing constraint set on the empty box cell or on nets connected to the cell. If found, remove the relevant DONT_TOUCH property or timing constraint and re-run opt_design.
INFO: [Opt 31-120] Instance mr_vla_bd_v4_i/axi_sc_0/inst/s06_nodes/s06_ar_node/inst/inst_mi_handler (mr_vla_bd_v4_axi_sc_0_0_sc_node_v1_0_16_mi_handler__parameterized4__xdcDup__5) has been optimized to an empty box cell during sweep but it has constraints that prevent its removal. Empty box cells do not impact the implementation flow but they have no functional relevance.
Resolution: If this is not expected, please check for DONT_TOUCH properties or timing constraint set on the empty box cell or on nets connected to the cell. If found, remove the relevant DONT_TOUCH property or timing constraint and re-run opt_design.
INFO: [Opt 31-120] Instance mr_vla_bd_v4_i/axi_sc_0/inst/s14_nodes/s14_r_node/inst/inst_mi_handler (mr_vla_bd_v4_axi_sc_0_0_sc_node_v1_0_16_mi_handler__parameterized5__xdcDup__11) has been optimized to an empty box cell during sweep but it has constraints that prevent its removal. Empty box cells do not impact the implementation flow but they have no functional relevance.
Resolution: If this is not expected, please check for DONT_TOUCH properties or timing constraint set on the empty box cell or on nets connected to the cell. If found, remove the relevant DONT_TOUCH property or timing constraint and re-run opt_design.
INFO: [Opt 31-120] Instance mr_vla_bd_v4_i/axi_sc_0/inst/s14_nodes/s14_ar_node/inst/inst_si_handler (mr_vla_bd_v4_axi_sc_0_0_sc_node_v1_0_16_si_handler__parameterized4_10) has been optimized to an empty box cell during sweep but it has constraints that prevent its removal. Empty box cells do not impact the implementation flow but they have no functional relevance.
Resolution: If this is not expected, please check for DONT_TOUCH properties or timing constraint set on the empty box cell or on nets connected to the cell. If found, remove the relevant DONT_TOUCH property or timing constraint and re-run opt_design.
INFO: [Opt 31-120] Instance mr_vla_bd_v4_i/axi_sc_0/inst/s14_nodes/s14_ar_node/inst/inst_mi_handler (mr_vla_bd_v4_axi_sc_0_0_sc_node_v1_0_16_mi_handler__parameterized4__xdcDup__11) has been optimized to an empty box cell during sweep but it has constraints that prevent its removal. Empty box cells do not impact the implementation flow but they have no functional relevance.
Resolution: If this is not expected, please check for DONT_TOUCH properties or timing constraint set on the empty box cell or on nets connected to the cell. If found, remove the relevant DONT_TOUCH property or timing constraint and re-run opt_design.
INFO: [Opt 31-120] Instance mr_vla_bd_v4_i/axi_sc_0/inst/s09_nodes/s09_w_node/inst/inst_si_handler (mr_vla_bd_v4_axi_sc_0_0_sc_node_v1_0_16_si_handler__parameterized4_102) has been optimized to an empty box cell during sweep but it has constraints that prevent its removal. Empty box cells do not impact the implementation flow but they have no functional relevance.
Resolution: If this is not expected, please check for DONT_TOUCH properties or timing constraint set on the empty box cell or on nets connected to the cell. If found, remove the relevant DONT_TOUCH property or timing constraint and re-run opt_design.
INFO: [Opt 31-120] Instance mr_vla_bd_v4_i/axi_sc_0/inst/s09_nodes/s09_w_node/inst/inst_mi_handler (mr_vla_bd_v4_axi_sc_0_0_sc_node_v1_0_16_mi_handler__parameterized8__xdcDup__3) has been optimized to an empty box cell during sweep but it has constraints that prevent its removal. Empty box cells do not impact the implementation flow but they have no functional relevance.
Resolution: If this is not expected, please check for DONT_TOUCH properties or timing constraint set on the empty box cell or on nets connected to the cell. If found, remove the relevant DONT_TOUCH property or timing constraint and re-run opt_design.
INFO: [Opt 31-120] Instance mr_vla_bd_v4_i/axi_sc_0/inst/s09_nodes/s09_b_node/inst/inst_mi_handler (mr_vla_bd_v4_axi_sc_0_0_sc_node_v1_0_16_mi_handler__parameterized7__xdcDup__3) has been optimized to an empty box cell during sweep but it has constraints that prevent its removal. Empty box cells do not impact the implementation flow but they have no functional relevance.
Resolution: If this is not expected, please check for DONT_TOUCH properties or timing constraint set on the empty box cell or on nets connected to the cell. If found, remove the relevant DONT_TOUCH property or timing constraint and re-run opt_design.
INFO: [Opt 31-120] Instance mr_vla_bd_v4_i/axi_sc_0/inst/s09_nodes/s09_aw_node/inst/inst_si_handler (mr_vla_bd_v4_axi_sc_0_0_sc_node_v1_0_16_si_handler__parameterized4_112) has been optimized to an empty box cell during sweep but it has constraints that prevent its removal. Empty box cells do not impact the implementation flow but they have no functional relevance.
Resolution: If this is not expected, please check for DONT_TOUCH properties or timing constraint set on the empty box cell or on nets connected to the cell. If found, remove the relevant DONT_TOUCH property or timing constraint and re-run opt_design.
INFO: [Opt 31-120] Instance mr_vla_bd_v4_i/axi_sc_0/inst/s09_nodes/s09_aw_node/inst/inst_mi_handler (mr_vla_bd_v4_axi_sc_0_0_sc_node_v1_0_16_mi_handler__parameterized6__xdcDup__3) has been optimized to an empty box cell during sweep but it has constraints that prevent its removal. Empty box cells do not impact the implementation flow but they have no functional relevance.
Resolution: If this is not expected, please check for DONT_TOUCH properties or timing constraint set on the empty box cell or on nets connected to the cell. If found, remove the relevant DONT_TOUCH property or timing constraint and re-run opt_design.
INFO: [Opt 31-120] Instance mr_vla_bd_v4_i/axi_sc_0/inst/s03_nodes/s03_r_node/inst/inst_mi_handler (mr_vla_bd_v4_axi_sc_0_0_sc_node_v1_0_16_mi_handler__parameterized5__xdcDup__3) has been optimized to an empty box cell during sweep but it has constraints that prevent its removal. Empty box cells do not impact the implementation flow but they have no functional relevance.
Resolution: If this is not expected, please check for DONT_TOUCH properties or timing constraint set on the empty box cell or on nets connected to the cell. If found, remove the relevant DONT_TOUCH property or timing constraint and re-run opt_design.
INFO: [Opt 31-120] Instance mr_vla_bd_v4_i/axi_sc_0/inst/s03_nodes/s03_ar_node/inst/inst_si_handler (mr_vla_bd_v4_axi_sc_0_0_sc_node_v1_0_16_si_handler__parameterized4_232) has been optimized to an empty box cell during sweep but it has constraints that prevent its removal. Empty box cells do not impact the implementation flow but they have no functional relevance.
Resolution: If this is not expected, please check for DONT_TOUCH properties or timing constraint set on the empty box cell or on nets connected to the cell. If found, remove the relevant DONT_TOUCH property or timing constraint and re-run opt_design.
INFO: [Opt 31-120] Instance mr_vla_bd_v4_i/axi_sc_0/inst/s03_nodes/s03_ar_node/inst/inst_mi_handler (mr_vla_bd_v4_axi_sc_0_0_sc_node_v1_0_16_mi_handler__parameterized4__xdcDup__3) has been optimized to an empty box cell during sweep but it has constraints that prevent its removal. Empty box cells do not impact the implementation flow but they have no functional relevance.
Resolution: If this is not expected, please check for DONT_TOUCH properties or timing constraint set on the empty box cell or on nets connected to the cell. If found, remove the relevant DONT_TOUCH property or timing constraint and re-run opt_design.
INFO: [Opt 31-120] Instance mr_vla_bd_v4_i/axi_sc_0/inst/s15_nodes/s15_r_node/inst/inst_mi_handler (mr_vla_bd_v4_axi_sc_0_0_sc_node_v1_0_16_mi_handler__parameterized5) has been optimized to an empty box cell during sweep but it has constraints that prevent its removal. Empty box cells do not impact the implementation flow but they have no functional relevance.
Resolution: If this is not expected, please check for DONT_TOUCH properties or timing constraint set on the empty box cell or on nets connected to the cell. If found, remove the relevant DONT_TOUCH property or timing constraint and re-run opt_design.
INFO: [Opt 31-120] Instance mr_vla_bd_v4_i/axi_sc_0/inst/s15_nodes/s15_ar_node/inst/inst_si_handler (mr_vla_bd_v4_axi_sc_0_0_sc_node_v1_0_16_si_handler__parameterized4) has been optimized to an empty box cell during sweep but it has constraints that prevent its removal. Empty box cells do not impact the implementation flow but they have no functional relevance.
Resolution: If this is not expected, please check for DONT_TOUCH properties or timing constraint set on the empty box cell or on nets connected to the cell. If found, remove the relevant DONT_TOUCH property or timing constraint and re-run opt_design.
INFO: [Opt 31-120] Instance mr_vla_bd_v4_i/axi_sc_0/inst/s15_nodes/s15_ar_node/inst/inst_mi_handler (mr_vla_bd_v4_axi_sc_0_0_sc_node_v1_0_16_mi_handler__parameterized4) has been optimized to an empty box cell during sweep but it has constraints that prevent its removal. Empty box cells do not impact the implementation flow but they have no functional relevance.
Resolution: If this is not expected, please check for DONT_TOUCH properties or timing constraint set on the empty box cell or on nets connected to the cell. If found, remove the relevant DONT_TOUCH property or timing constraint and re-run opt_design.
Phase 5 Sweep | Checksum: 1fd5ac0ab

Time (s): cpu = 00:00:47 ; elapsed = 00:00:21 . Memory (MB): peak = 6152.422 ; gain = 692.438 ; free physical = 49527 ; free virtual = 56713
Sweep | Checksum: 1fd5ac0ab
INFO: [Opt 31-389] Phase Sweep created 0 cells and removed 11698 cells
INFO: [Opt 31-1021] In phase Sweep, 180 netlist objects are constrained preventing optimization. Please run opt_design with -debug_log to get more detail. 

Phase 6 BUFG optimization
INFO: [Opt 31-194] Inserted BUFG  to drive 60016 load(s) on clock net clk
INFO: [Opt 31-193] Inserted 1 BUFG(s) on clock nets
INFO: [Opt 31-1077] Phase BUFG optimization inserted 0 global clock buffer(s) for CLOCK_LOW_FANOUT.
Phase 6 BUFG optimization | Checksum: 15f54581f

Time (s): cpu = 00:01:02 ; elapsed = 00:00:26 . Memory (MB): peak = 6201.266 ; gain = 741.281 ; free physical = 49238 ; free virtual = 56696
BUFG optimization | Checksum: 15f54581f
INFO: [Opt 31-662] Phase BUFG optimization created 1 cells of which 1 are BUFGs and removed 0 cells.
INFO: [Opt 31-1021] In phase BUFG optimization, 1 netlist objects are constrained preventing optimization. Please run opt_design with -debug_log to get more detail. 

Phase 7 Shift Register Optimization
INFO: [Opt 31-1064] SRL Remap converted 0 SRLs to 0 registers and converted 0 registers of register chains to 0 SRLs
Phase 7 Shift Register Optimization | Checksum: 15f54581f

Time (s): cpu = 00:01:03 ; elapsed = 00:00:26 . Memory (MB): peak = 6201.266 ; gain = 741.281 ; free physical = 49223 ; free virtual = 56696
Shift Register Optimization | Checksum: 15f54581f
INFO: [Opt 31-389] Phase Shift Register Optimization created 0 cells and removed 0 cells

Phase 8 Post Processing Netlist
Phase 8 Post Processing Netlist | Checksum: 15f54581f

Time (s): cpu = 00:01:03 ; elapsed = 00:00:27 . Memory (MB): peak = 6201.266 ; gain = 741.281 ; free physical = 49510 ; free virtual = 56701
Post Processing Netlist | Checksum: 15f54581f
INFO: [Opt 31-389] Phase Post Processing Netlist created 0 cells and removed 0 cells
INFO: [Opt 31-1021] In phase Post Processing Netlist, 144 netlist objects are constrained preventing optimization. Please run opt_design with -debug_log to get more detail. 

Phase 9 Finalization

Phase 9.1 Finalizing Design Cores and Updating Shapes
Phase 9.1 Finalizing Design Cores and Updating Shapes | Checksum: 19b6a76bf

Time (s): cpu = 00:01:16 ; elapsed = 00:00:33 . Memory (MB): peak = 6201.266 ; gain = 741.281 ; free physical = 49461 ; free virtual = 56671

Phase 9.2 Verifying Netlist Connectivity

Starting Connectivity Check Task

Time (s): cpu = 00:00:00.13 ; elapsed = 00:00:00.13 . Memory (MB): peak = 6201.266 ; gain = 0.000 ; free physical = 49449 ; free virtual = 56663
Phase 9.2 Verifying Netlist Connectivity | Checksum: 19b6a76bf

Time (s): cpu = 00:01:17 ; elapsed = 00:00:34 . Memory (MB): peak = 6201.266 ; gain = 741.281 ; free physical = 49449 ; free virtual = 56663
Phase 9 Finalization | Checksum: 19b6a76bf

Time (s): cpu = 00:01:17 ; elapsed = 00:00:34 . Memory (MB): peak = 6201.266 ; gain = 741.281 ; free physical = 49448 ; free virtual = 56663
Opt_design Change Summary
=========================


-------------------------------------------------------------------------------------------------------------------------
|  Phase                        |  #Cells created  |  #Cells Removed  |  #Constrained objects preventing optimizations  |
-------------------------------------------------------------------------------------------------------------------------
|  Retarget                     |             287  |            3171  |                                            144  |
|  Constant propagation         |             238  |             960  |                                            144  |
|  Sweep                        |               0  |           11698  |                                            180  |
|  BUFG optimization            |               1  |               0  |                                              1  |
|  Shift Register Optimization  |               0  |               0  |                                              0  |
|  Post Processing Netlist      |               0  |               0  |                                            144  |
-------------------------------------------------------------------------------------------------------------------------


Ending Logic Optimization Task | Checksum: 19b6a76bf

Time (s): cpu = 00:01:17 ; elapsed = 00:00:34 . Memory (MB): peak = 6201.266 ; gain = 741.281 ; free physical = 49448 ; free virtual = 56663

Starting Netlist Obfuscation Task
Netlist sorting complete. Time (s): cpu = 00:00:00.05 ; elapsed = 00:00:00.04 . Memory (MB): peak = 6201.266 ; gain = 0.000 ; free physical = 49327 ; free virtual = 56612
Ending Netlist Obfuscation Task | Checksum: 19b6a76bf

Time (s): cpu = 00:00:00.07 ; elapsed = 00:00:00.06 . Memory (MB): peak = 6201.266 ; gain = 0.000 ; free physical = 49387 ; free virtual = 56671
INFO: [Common 17-83] Releasing license: Implementation
82 Infos, 0 Warnings, 0 Critical Warnings and 0 Errors encountered.
opt_design completed successfully
opt_design: Time (s): cpu = 00:01:22 ; elapsed = 00:00:37 . Memory (MB): peak = 6201.266 ; gain = 988.391 ; free physical = 49381 ; free virtual = 56665
# place_design
Command: place_design
Attempting to get a license for feature 'Implementation' and/or device 'xcvc1902'
INFO: [Common 17-349] Got license for feature 'Implementation' and/or device 'xcvc1902'
INFO: [Common 17-86] Your Implementation license expires in 28 day(s)
INFO: [Common 17-83] Releasing license: Implementation
INFO: [DRC 23-27] Running DRC with 16 threads
INFO: [Vivado_Tcl 4-198] DRC finished with 0 Errors
INFO: [Vivado_Tcl 4-199] Please refer to the DRC report (report_drc) for more information.
Running DRC as a precondition to command place_design
INFO: [DRC 23-27] Running DRC with 16 threads
CRITICAL WARNING: [DRC CIPS-1] Versal CIPS exists check - place design: Versal designs must contain a CIPS IP in the netlist hierarchy to function properly. Please create an instance of the CIPS IP and configure it. Without a CIPS IP in the design, Vivado will not generate a CDO for the PMC, an elf for the PLM.
INFO: [Vivado_Tcl 4-198] DRC finished with 0 Errors, 1 Critical Warnings, 671 Warnings
INFO: [Vivado_Tcl 4-199] Please refer to the DRC report (report_drc) for more information.
INFO: [Place 30-611] Multithreading enabled for place_design using a maximum of 16 CPUs

Starting Placer Task

Phase 1 Placer Initialization

Phase 1.1 Placer Initialization Netlist Sorting
Netlist sorting complete. Time (s): cpu = 00:00:00.04 ; elapsed = 00:00:00.04 . Memory (MB): peak = 6530.961 ; gain = 0.000 ; free physical = 49483 ; free virtual = 56710
Phase 1.1 Placer Initialization Netlist Sorting | Checksum: 1447ed544

Time (s): cpu = 00:00:00.07 ; elapsed = 00:00:00.07 . Memory (MB): peak = 6530.961 ; gain = 0.000 ; free physical = 49483 ; free virtual = 56710
Netlist sorting complete. Time (s): cpu = 00:00:00.04 ; elapsed = 00:00:00.04 . Memory (MB): peak = 6530.961 ; gain = 0.000 ; free physical = 49483 ; free virtual = 56710

Phase 1.2 IO Placement/ Clock Placement/ Build Placer Device
WARNING: [Constraints 18-6211] Setting input delay on a clock pin 'clk' relative to clock 'clk' defined on the same pin is not supported, ignoring it [/tools/projects/FPGA-VLA/runs/T0036_v5/mr_vla_bd_v5_ooc.xdc:9]
WARNING: [Constraints 18-6211] Setting input delay on a clock pin 'clk' relative to clock 'clk' defined on the same pin is not supported, ignoring it [/tools/projects/FPGA-VLA/runs/T0036_v5/mr_vla_bd_v5_ooc.xdc:10]
WARNING: [Constraints 18-6211] Setting input delay on a clock pin 'clk' relative to clock 'clk' defined on the same pin is not supported, ignoring it [/tools/projects/FPGA-VLA/runs/T0036_v6/mr_vla_bd_v6_ooc.xdc:7]
WARNING: [Constraints 18-6211] Setting input delay on a clock pin 'clk' relative to clock 'clk' defined on the same pin is not supported, ignoring it [/tools/projects/FPGA-VLA/runs/T0036_v6/mr_vla_bd_v6_ooc.xdc:8]
INFO: [Timing 38-35] Done setting XDC timing constraints.
Phase 1.2 IO Placement/ Clock Placement/ Build Placer Device | Checksum: 215f7504b

Time (s): cpu = 00:01:17 ; elapsed = 00:00:34 . Memory (MB): peak = 6530.961 ; gain = 0.000 ; free physical = 49422 ; free virtual = 56649

Phase 1.3 Build Placer Netlist Model
Phase 1.3 Build Placer Netlist Model | Checksum: 28cff5003

Time (s): cpu = 00:02:58 ; elapsed = 00:01:08 . Memory (MB): peak = 7357.535 ; gain = 826.574 ; free physical = 48247 ; free virtual = 55474

Phase 1.4 Constrain Clocks/Macros
Phase 1.4 Constrain Clocks/Macros | Checksum: 28cff5003

Time (s): cpu = 00:02:58 ; elapsed = 00:01:08 . Memory (MB): peak = 7357.535 ; gain = 826.574 ; free physical = 48253 ; free virtual = 55481
Phase 1 Placer Initialization | Checksum: 28cff5003

Time (s): cpu = 00:02:59 ; elapsed = 00:01:09 . Memory (MB): peak = 7357.535 ; gain = 826.574 ; free physical = 48257 ; free virtual = 55484

Phase 2 Global Placement

Phase 2.1 Floorplanning

Phase 2.1.1 Partition Driven Placement

Phase 2.1.1.1 PBP: Partition Driven Placement
Phase 2.1.1.1 PBP: Partition Driven Placement | Checksum: 26e24be03

Time (s): cpu = 00:03:27 ; elapsed = 00:01:24 . Memory (MB): peak = 7674.363 ; gain = 1143.402 ; free physical = 48191 ; free virtual = 55419

Phase 2.1.1.2 PBP: Clock Region Placement
INFO: [Place 30-3165] Check ILP status: ILP-based clock placer completed successfully 
Netlist sorting complete. Time (s): cpu = 00:00:00.04 ; elapsed = 00:00:00.04 . Memory (MB): peak = 7674.363 ; gain = 0.000 ; free physical = 48202 ; free virtual = 55430
Phase 2.1.1.2 PBP: Clock Region Placement | Checksum: 21e799a2a

Time (s): cpu = 00:03:43 ; elapsed = 00:01:39 . Memory (MB): peak = 7674.363 ; gain = 1143.402 ; free physical = 48203 ; free virtual = 55430

Phase 2.1.1.3 PBP: Discrete Incremental
Phase 2.1.1.3 PBP: Discrete Incremental | Checksum: 264a4bbb6

Time (s): cpu = 00:03:44 ; elapsed = 00:01:40 . Memory (MB): peak = 7674.363 ; gain = 1143.402 ; free physical = 48202 ; free virtual = 55429

Phase 2.1.1.4 PBP: Compute Congestion
Phase 2.1.1.4 PBP: Compute Congestion | Checksum: 264a4bbb6

Time (s): cpu = 00:04:03 ; elapsed = 00:01:45 . Memory (MB): peak = 7772.051 ; gain = 1241.090 ; free physical = 48166 ; free virtual = 55394

Phase 2.1.1.5 PBP: Macro Placement
Phase 2.1.1.5 PBP: Macro Placement | Checksum: 24d9aacbf

Time (s): cpu = 00:04:10 ; elapsed = 00:01:52 . Memory (MB): peak = 7772.051 ; gain = 1241.090 ; free physical = 48164 ; free virtual = 55391

Phase 2.1.1.6 PBP: UpdateTiming
Phase 2.1.1.6 PBP: UpdateTiming | Checksum: 1f2b6952b

Time (s): cpu = 00:04:39 ; elapsed = 00:01:57 . Memory (MB): peak = 7772.051 ; gain = 1241.090 ; free physical = 48173 ; free virtual = 55401

Phase 2.1.1.7 PBP: Add part constraints
Phase 2.1.1.7 PBP: Add part constraints | Checksum: 1f2b6952b

Time (s): cpu = 00:04:40 ; elapsed = 00:01:59 . Memory (MB): peak = 7772.051 ; gain = 1241.090 ; free physical = 48170 ; free virtual = 55397
Phase 2.1.1 Partition Driven Placement | Checksum: 1f2b6952b

Time (s): cpu = 00:04:41 ; elapsed = 00:01:59 . Memory (MB): peak = 7772.051 ; gain = 1241.090 ; free physical = 48169 ; free virtual = 55397
Phase 2.1 Floorplanning | Checksum: 1da67b8a3

Time (s): cpu = 00:04:41 ; elapsed = 00:01:59 . Memory (MB): peak = 7772.051 ; gain = 1241.090 ; free physical = 48169 ; free virtual = 55397

Phase 2.2 Update Timing before SLR Path Opt
Phase 2.2 Update Timing before SLR Path Opt | Checksum: 1da67b8a3

Time (s): cpu = 00:04:42 ; elapsed = 00:02:00 . Memory (MB): peak = 7772.051 ; gain = 1241.090 ; free physical = 48168 ; free virtual = 55396

Phase 2.3 Post-Processing in Floorplanning
Phase 2.3 Post-Processing in Floorplanning | Checksum: 18b40c637

Time (s): cpu = 00:04:42 ; elapsed = 00:02:01 . Memory (MB): peak = 7772.051 ; gain = 1241.090 ; free physical = 48163 ; free virtual = 55390

Phase 2.4 Global Placement Core

Phase 2.4.1 UpdateTiming Before Physical Synthesis
Phase 2.4.1 UpdateTiming Before Physical Synthesis | Checksum: 20294b199

Time (s): cpu = 00:08:11 ; elapsed = 00:03:02 . Memory (MB): peak = 8007.051 ; gain = 1476.090 ; free physical = 47747 ; free virtual = 55031

Phase 2.4.2 Physical Synthesis In Placer
INFO: [Physopt 32-1035] Found 5 LUTNM shape to break, 2894 LUT instances to create LUTNM shape
INFO: [Physopt 32-1044] Break lutnm for timing: one critical 5, two critical 0, total 5, new lutff created 0
INFO: [Physopt 32-1138] End 1 Pass. Optimized 1358 nets or LUTs. Breaked 5 LUTs, combined 1353 existing LUTs and moved 0 existing LUT
INFO: [Physopt 32-1030] Pass 1. Identified 91 candidate driver sets for equivalent driver rewiring.
INFO: [Physopt 32-661] Optimized 31 nets.  Re-placed 112 instances.
INFO: [Physopt 32-775] End 1 Pass. Optimized 31 nets or cells. Created 0 new cell, deleted 0 existing cell and moved 112 existing cells
Netlist sorting complete. Time (s): cpu = 00:00:00.18 ; elapsed = 00:00:00.18 . Memory (MB): peak = 8007.051 ; gain = 0.000 ; free physical = 47731 ; free virtual = 55023
INFO: [Physopt 32-65] No nets found for high-fanout optimization.
INFO: [Physopt 32-232] Optimized 0 net. Created 0 new instance.
INFO: [Physopt 32-775] End 1 Pass. Optimized 0 net or cell. Created 0 new cell, deleted 0 existing cell and moved 0 existing cell
INFO: [Physopt 32-76] Pass 1. Identified 22 candidate nets for fanout optimization.
INFO: [Physopt 32-81] Processed net mr_vla_bd_v4_i/u_sched/inst/u_inner/u_vision_fifo/rptr_reg_n_0_[3]. Replicated 4 times.
INFO: [Physopt 32-81] Processed net mr_vla_bd_v4_i/u_sched/inst/u_inner/u_vision_fifo/rptr_reg_n_0_[11]. Replicated 4 times.
INFO: [Physopt 32-81] Processed net mr_vla_bd_v4_i/u_sched/inst/u_inner/u_vision_fifo/rptr_reg_n_0_[2]. Replicated 4 times.
INFO: [Physopt 32-571] Net mr_vla_bd_v4_i/u_sched/inst/u_inner/u_vision_fifo/wptr_reg_n_0_[8] was not replicated.
INFO: [Physopt 32-571] Net mr_vla_bd_v4_i/u_sched/inst/u_inner/u_vision_fifo/wptr_reg_n_0_[6] was not replicated.
INFO: [Physopt 32-571] Net mr_vla_bd_v4_i/u_sched/inst/u_inner/u_vision_fifo/wptr_reg_n_0_[1] was not replicated.
INFO: [Physopt 32-571] Net mr_vla_bd_v4_i/u_sched/inst/u_inner/u_vision_fifo/wptr_reg_n_0_[3] was not replicated.
INFO: [Physopt 32-571] Net mr_vla_bd_v4_i/u_sched/inst/u_inner/u_vision_fifo/wptr_reg_n_0_[9] was not replicated.
INFO: [Physopt 32-571] Net mr_vla_bd_v4_i/u_sched/inst/u_inner/u_vision_fifo/wptr_reg_n_0_[2] was not replicated.
INFO: [Physopt 32-571] Net mr_vla_bd_v4_i/u_sched/inst/u_inner/u_vision_fifo/wptr_reg_n_0_[7] was not replicated.
INFO: [Physopt 32-571] Net mr_vla_bd_v4_i/u_sched/inst/u_inner/u_vision_fifo/wptr_reg_n_0_[11] was not replicated.
INFO: [Physopt 32-571] Net mr_vla_bd_v4_i/u_sched/inst/u_inner/u_vision_fifo/wptr_reg_n_0_[10] was not replicated.
INFO: [Physopt 32-232] Optimized 3 nets. Created 12 new instances.
INFO: [Physopt 32-775] End 1 Pass. Optimized 3 nets or cells. Created 12 new cells, deleted 0 existing cell and moved 0 existing cell
Netlist sorting complete. Time (s): cpu = 00:00:00.05 ; elapsed = 00:00:00.05 . Memory (MB): peak = 8007.051 ; gain = 0.000 ; free physical = 47715 ; free virtual = 55012
INFO: [Physopt 32-46] Identified 21 candidate nets for critical-cell optimization.
INFO: [Physopt 32-232] Optimized 0 net. Created 0 new instance.
INFO: [Physopt 32-775] End 1 Pass. Optimized 0 net or cell. Created 0 new cell, deleted 0 existing cell and moved 0 existing cell
INFO: [Physopt 32-456] No candidate cells for DSP register optimization found in the design.
INFO: [Physopt 32-775] End 2 Pass. Optimized 0 net or cell. Created 0 new cell, deleted 0 existing cell and moved 0 existing cell
INFO: [Physopt 32-1123] No candidate cells found for Shift Register to Pipeline optimization
INFO: [Physopt 32-775] End 2 Pass. Optimized 0 net or cell. Created 0 new cell, deleted 0 existing cell and moved 0 existing cell
INFO: [Physopt 32-1401] No candidate cells found for Shift Register optimization.
INFO: [Physopt 32-677] No candidate cells for Shift Register optimization found in the design
INFO: [Physopt 32-775] End 1 Pass. Optimized 0 net or cell. Created 0 new cell, deleted 0 existing cell and moved 0 existing cell
INFO: [Physopt 32-526] No candidate cells for BRAM register optimization found in the design
INFO: [Physopt 32-775] End 1 Pass. Optimized 0 net or cell. Created 0 new cell, deleted 0 existing cell and moved 0 existing cell
INFO: [Physopt 32-846] No candidate cells for URAM register optimization found in the design
INFO: [Physopt 32-775] End 1 Pass. Optimized 0 net or cell. Created 0 new cell, deleted 0 existing cell and moved 0 existing cell
INFO: [Physopt 32-846] No candidate cells for URAM register optimization found in the design
INFO: [Physopt 32-775] End 1 Pass. Optimized 0 net or cell. Created 0 new cell, deleted 0 existing cell and moved 0 existing cell
INFO: [Physopt 32-949] No candidate nets found for dynamic/static region interface net replication
INFO: [Physopt 32-775] End 1 Pass. Optimized 0 net or cell. Created 0 new cell, deleted 0 existing cell and moved 0 existing cell
Netlist sorting complete. Time (s): cpu = 00:00:00.04 ; elapsed = 00:00:00.04 . Memory (MB): peak = 8007.051 ; gain = 0.000 ; free physical = 47717 ; free virtual = 55016
Netlist sorting complete. Time (s): cpu = 00:00:00.03 ; elapsed = 00:00:00.04 . Memory (MB): peak = 8007.051 ; gain = 0.000 ; free physical = 47716 ; free virtual = 55015

Summary of Physical Synthesis Optimizations
============================================


-----------------------------------------------------------------------------------------------------------------------------------------------------------
|  Optimization                                     |  Added Cells  |  Removed Cells  |  Optimized Cells/Nets  |  Dont Touch  |  Iterations  |  Elapsed   |
-----------------------------------------------------------------------------------------------------------------------------------------------------------
|  LUT Combining                                    |            5  |           1353  |                  1358  |           0  |           1  |  00:00:02  |
|  Retime                                           |            0  |              0  |                     0  |           0  |           1  |  00:00:00  |
|  Equivalent Driver Rewiring                       |            0  |              0  |                    31  |           0  |           1  |  00:00:03  |
|  Very High Fanout                                 |            0  |              0  |                     0  |           0  |           1  |  00:00:01  |
|  Fanout                                           |           12  |              0  |                     3  |           0  |           1  |  00:00:03  |
|  Critical Cell                                    |            0  |              0  |                     0  |           0  |           1  |  00:00:00  |
|  DSP Register                                     |            0  |              0  |                     0  |           0  |           1  |  00:00:00  |
|  Shift Register to Pipeline                       |            0  |              0  |                     0  |           0  |           1  |  00:00:00  |
|  Shift Register                                   |            0  |              0  |                     0  |           0  |           1  |  00:00:00  |
|  BRAM Register                                    |            0  |              0  |                     0  |           0  |           1  |  00:00:00  |
|  URAM Register                                    |            0  |              0  |                     0  |           0  |           1  |  00:00:00  |
|  Dynamic/Static Region Interface Net Replication  |            0  |              0  |                     0  |           0  |           1  |  00:00:00  |
|  Total                                            |           17  |           1353  |                  1392  |           0  |          12  |  00:00:10  |
-----------------------------------------------------------------------------------------------------------------------------------------------------------


Phase 2.4.2 Physical Synthesis In Placer | Checksum: 22aa98772

Time (s): cpu = 00:08:53 ; elapsed = 00:03:24 . Memory (MB): peak = 8007.051 ; gain = 1476.090 ; free physical = 47704 ; free virtual = 55014
Phase 2.4 Global Placement Core | Checksum: 1c9838147

Time (s): cpu = 00:09:27 ; elapsed = 00:03:40 . Memory (MB): peak = 8007.051 ; gain = 1476.090 ; free physical = 47684 ; free virtual = 55012
Phase 2 Global Placement | Checksum: 272ba86ea

Time (s): cpu = 00:09:28 ; elapsed = 00:03:40 . Memory (MB): peak = 8007.051 ; gain = 1476.090 ; free physical = 47683 ; free virtual = 55012

Phase 3 Detail Placement

Phase 3.1 Commit Multi Column Macros
Phase 3.1 Commit Multi Column Macros | Checksum: 24228abf6

Time (s): cpu = 00:10:26 ; elapsed = 00:03:51 . Memory (MB): peak = 8104.738 ; gain = 1573.777 ; free physical = 47673 ; free virtual = 55013

Phase 3.2 Commit Most Macros & LUTRAMs
Phase 3.2 Commit Most Macros & LUTRAMs | Checksum: 20c973451

Time (s): cpu = 00:11:03 ; elapsed = 00:04:00 . Memory (MB): peak = 8104.738 ; gain = 1573.777 ; free physical = 47662 ; free virtual = 55012

Phase 3.3 Small Shape DP

Phase 3.3.1 Small Shape Clustering
Phase 3.3.1 Small Shape Clustering | Checksum: 203c2d1e0

Time (s): cpu = 00:12:14 ; elapsed = 00:04:16 . Memory (MB): peak = 8104.738 ; gain = 1573.777 ; free physical = 47621 ; free virtual = 54990

Phase 3.3.2 Slice Area Swap

Phase 3.3.2.1 Slice Area Swap Initial
Phase 3.3.2.1 Slice Area Swap Initial | Checksum: 268054bd3

Time (s): cpu = 00:12:21 ; elapsed = 00:04:22 . Memory (MB): peak = 8104.738 ; gain = 1573.777 ; free physical = 46371 ; free virtual = 54809
Phase 3.3.2 Slice Area Swap | Checksum: 268054bd3

Time (s): cpu = 00:12:22 ; elapsed = 00:04:23 . Memory (MB): peak = 8104.738 ; gain = 1573.777 ; free physical = 46209 ; free virtual = 54950
Phase 3.3 Small Shape DP | Checksum: 253c7b289

Time (s): cpu = 00:12:46 ; elapsed = 00:04:31 . Memory (MB): peak = 8104.738 ; gain = 1573.777 ; free physical = 46737 ; free virtual = 55109

Phase 3.4 Optimize BEL assignments
Phase 3.4 Optimize BEL assignments | Checksum: 321f44a78

Time (s): cpu = 00:14:35 ; elapsed = 00:04:48 . Memory (MB): peak = 8104.738 ; gain = 1573.777 ; free physical = 46420 ; free virtual = 54837

Phase 3.5 Pipeline Register Optimization
Phase 3.5 Pipeline Register Optimization | Checksum: 341313d49

Time (s): cpu = 00:14:37 ; elapsed = 00:04:50 . Memory (MB): peak = 8104.738 ; gain = 1573.777 ; free physical = 46420 ; free virtual = 54837

Phase 3.6 Fast Optimization
Phase 3.6 Fast Optimization | Checksum: 1ed09c512

Time (s): cpu = 00:16:02 ; elapsed = 00:05:03 . Memory (MB): peak = 8104.738 ; gain = 1573.777 ; free physical = 41153 ; free virtual = 53309
Phase 3 Detail Placement | Checksum: 1ed09c512

Time (s): cpu = 00:16:04 ; elapsed = 00:05:05 . Memory (MB): peak = 8104.738 ; gain = 1573.777 ; free physical = 39670 ; free virtual = 53264

Phase 4 Post Placement Optimization and Clean-Up

Phase 4.1 Post Commit Optimization
WARNING: [Constraints 18-6211] Setting input delay on a clock pin 'clk' relative to clock 'clk' defined on the same pin is not supported, ignoring it [/tools/projects/FPGA-VLA/runs/T0036_v5/mr_vla_bd_v5_ooc.xdc:9]
WARNING: [Constraints 18-6211] Setting input delay on a clock pin 'clk' relative to clock 'clk' defined on the same pin is not supported, ignoring it [/tools/projects/FPGA-VLA/runs/T0036_v5/mr_vla_bd_v5_ooc.xdc:10]
WARNING: [Constraints 18-6211] Setting input delay on a clock pin 'clk' relative to clock 'clk' defined on the same pin is not supported, ignoring it [/tools/projects/FPGA-VLA/runs/T0036_v6/mr_vla_bd_v6_ooc.xdc:7]
WARNING: [Constraints 18-6211] Setting input delay on a clock pin 'clk' relative to clock 'clk' defined on the same pin is not supported, ignoring it [/tools/projects/FPGA-VLA/runs/T0036_v6/mr_vla_bd_v6_ooc.xdc:8]
INFO: [Timing 38-35] Done setting XDC timing constraints.
Netlist sorting complete. Time (s): cpu = 00:00:00.04 ; elapsed = 00:00:00.03 . Memory (MB): peak = 8104.738 ; gain = 0.000 ; free physical = 27308 ; free virtual = 50313

Phase 4.1.1 Post Placement Optimization
Post Placement Optimization Initialization | Checksum: 2cf5051f8

Phase 4.1.1.1 BUFG Insertion

Starting Physical Synthesis Task

Phase 1 Physical Synthesis Initialization
INFO: [Physopt 32-721] Multithreading enabled for phys_opt_design using a maximum of 16 CPUs
INFO: [Physopt 32-619] Estimated Timing Summary | WNS=-0.785 | TNS=-2.613 |
Phase 1 Physical Synthesis Initialization | Checksum: ef66cbd5

Time (s): cpu = 00:00:17 ; elapsed = 00:00:04 . Memory (MB): peak = 8104.738 ; gain = 0.000 ; free physical = 27278 ; free virtual = 50312
INFO: [Place 46-56] BUFG insertion identified 0 candidate nets. Inserted BUFG: 0, Replicated BUFG Driver: 0, Skipped due to Placement/Routing Conflicts: 0, Skipped due to Timing Degradation: 0, Skipped due to netlist editing failed: 0.
Ending Physical Synthesis Task | Checksum: 28d543bf5

Time (s): cpu = 00:00:19 ; elapsed = 00:00:06 . Memory (MB): peak = 8104.738 ; gain = 0.000 ; free physical = 27278 ; free virtual = 50312
Phase 4.1.1.1 BUFG Insertion | Checksum: 2cf5051f8

Time (s): cpu = 00:19:57 ; elapsed = 00:05:55 . Memory (MB): peak = 8104.738 ; gain = 1573.777 ; free physical = 27278 ; free virtual = 50312

Phase 4.1.1.2 BUFG Replication
INFO: [Place 46-63] BUFG replication identified 0 candidate nets: Replicated nets: 0, Replicated BUFGs: 0, Replicated BUFG Driver: 0, moved BUFGs: 0, Skipped due to Placement / Routing Conflict: 0, Skipped due to Timing: 0, Skipped due to constraints: 0
Phase 4.1.1.2 BUFG Replication | Checksum: 2cf5051f8

Time (s): cpu = 00:19:58 ; elapsed = 00:05:57 . Memory (MB): peak = 8104.738 ; gain = 1573.777 ; free physical = 27278 ; free virtual = 50312

Phase 4.1.1.3 Post Placement Timing Optimization
INFO: [Place 30-746] Post Placement Timing Summary WNS=-0.498. For the most accurate timing information please run report_timing.
Phase 4.1.1.3 Post Placement Timing Optimization | Checksum: 315884e79

Time (s): cpu = 00:20:41 ; elapsed = 00:06:34 . Memory (MB): peak = 8104.738 ; gain = 1573.777 ; free physical = 27259 ; free virtual = 50293

Time (s): cpu = 00:20:41 ; elapsed = 00:06:34 . Memory (MB): peak = 8104.738 ; gain = 1573.777 ; free physical = 27259 ; free virtual = 50293
Phase 4.1 Post Commit Optimization | Checksum: 315884e79

Time (s): cpu = 00:20:43 ; elapsed = 00:06:36 . Memory (MB): peak = 8104.738 ; gain = 1573.777 ; free physical = 27259 ; free virtual = 50293
Netlist sorting complete. Time (s): cpu = 00:00:00.04 ; elapsed = 00:00:00.04 . Memory (MB): peak = 8248.902 ; gain = 0.000 ; free physical = 27035 ; free virtual = 50069

Phase 4.2 Post Placement Cleanup
Phase 4.2 Post Placement Cleanup | Checksum: 30897281d

Time (s): cpu = 00:21:11 ; elapsed = 00:06:50 . Memory (MB): peak = 8248.902 ; gain = 1717.941 ; free physical = 27035 ; free virtual = 50069

Phase 4.3 Placer Reporting

Phase 4.3.1 Print Estimated Congestion
INFO: [Place 30-612] Post-Placement Estimated Congestion 
 ________________________________________________________________________
|           | Global Congestion | Long Congestion   | Short Congestion  |
| Direction | Region Size       | Region Size       | Region Size       |
|___________|___________________|___________________|___________________|
|      North|                1x1|                1x1|                2x2|
|___________|___________________|___________________|___________________|
|      South|                1x1|                1x1|                2x2|
|___________|___________________|___________________|___________________|
|       East|                1x1|                1x1|                1x1|
|___________|___________________|___________________|___________________|
|       West|                1x1|                1x1|                1x1|
|___________|___________________|___________________|___________________|

Phase 4.3.1 Print Estimated Congestion | Checksum: 30897281d

Time (s): cpu = 00:21:12 ; elapsed = 00:06:51 . Memory (MB): peak = 8248.902 ; gain = 1717.941 ; free physical = 27035 ; free virtual = 50069
Phase 4.3 Placer Reporting | Checksum: 30897281d

Time (s): cpu = 00:21:13 ; elapsed = 00:06:52 . Memory (MB): peak = 8248.902 ; gain = 1717.941 ; free physical = 27035 ; free virtual = 50069

Phase 4.4 Final Placement Cleanup
Netlist sorting complete. Time (s): cpu = 00:00:00.04 ; elapsed = 00:00:00.04 . Memory (MB): peak = 8248.902 ; gain = 0.000 ; free physical = 27035 ; free virtual = 50069

Time (s): cpu = 00:21:13 ; elapsed = 00:06:52 . Memory (MB): peak = 8248.902 ; gain = 1717.941 ; free physical = 27035 ; free virtual = 50069
Phase 4 Post Placement Optimization and Clean-Up | Checksum: 383cae9c1

Time (s): cpu = 00:21:14 ; elapsed = 00:06:54 . Memory (MB): peak = 8248.902 ; gain = 1717.941 ; free physical = 27035 ; free virtual = 50069
Ending Placer Task | Checksum: 2aaec0584

Time (s): cpu = 00:21:16 ; elapsed = 00:06:55 . Memory (MB): peak = 8248.902 ; gain = 1717.941 ; free physical = 27035 ; free virtual = 50069
61 Infos, 8 Warnings, 1 Critical Warnings and 0 Errors encountered.
place_design completed successfully
place_design: Time (s): cpu = 00:21:39 ; elapsed = 00:07:04 . Memory (MB): peak = 8248.902 ; gain = 2047.637 ; free physical = 27035 ; free virtual = 50070
# route_design
Command: route_design
Attempting to get a license for feature 'Implementation' and/or device 'xcvc1902'
INFO: [Common 17-349] Got license for feature 'Implementation' and/or device 'xcvc1902'
INFO: [Common 17-86] Your Implementation license expires in 28 day(s)
Running DRC as a precondition to command route_design
INFO: [DRC 23-27] Running DRC with 16 threads
INFO: [Vivado_Tcl 4-198] DRC finished with 0 Errors
INFO: [Vivado_Tcl 4-199] Please refer to the DRC report (report_drc) for more information.


Starting Routing Task
INFO: [Route 35-254] Multithreading enabled for route_design using a maximum of 16 CPUs

Phase 1 Build RT Design
Checksum: PlaceDB: bf610d1d ConstDB: 0 ShapeSum: fbf34704 RouteDB: ef97b163
INFO: [DRC 23-27] Running DRC with 16 threads
Nodegraph reading from file.  Time (s): cpu = 00:00:02 ; elapsed = 00:00:02 . Memory (MB): peak = 8444.277 ; gain = 0.000 ; free physical = 27011 ; free virtual = 50045
WARNING: [Route 35-198] Port "ap_rst_n" does not have an associated HD.PARTPIN_LOCS, which will prevent the partial routing of the signal "ap_rst_n". Without this partial route, timing analysis to/from this port will not be accurate, and no routing information for this port can be exported.
WARNING: [Route 35-198] Port "m_axi_ddrIN_RDATA_0[14]" does not have an associated HD.PARTPIN_LOCS, which will prevent the partial routing of the signal "m_axi_ddrIN_RDATA_0[14]". Without this partial route, timing analysis to/from this port will not be accurate, and no routing information for this port can be exported.
WARNING: [Route 35-198] Port "m_axi_ddrIN_RDATA_0[15]" does not have an associated HD.PARTPIN_LOCS, which will prevent the partial routing of the signal "m_axi_ddrIN_RDATA_0[15]". Without this partial route, timing analysis to/from this port will not be accurate, and no routing information for this port can be exported.
WARNING: [Route 35-198] Port "m_axi_ddrIN_RDATA_0[28]" does not have an associated HD.PARTPIN_LOCS, which will prevent the partial routing of the signal "m_axi_ddrIN_RDATA_0[28]". Without this partial route, timing analysis to/from this port will not be accurate, and no routing information for this port can be exported.
WARNING: [Route 35-198] Port "m_axi_ddrIN_RDATA_0[29]" does not have an associated HD.PARTPIN_LOCS, which will prevent the partial routing of the signal "m_axi_ddrIN_RDATA_0[29]". Without this partial route, timing analysis to/from this port will not be accurate, and no routing information for this port can be exported.
WARNING: [Route 35-198] Port "m_axi_ddrIN_RDATA_0[30]" does not have an associated HD.PARTPIN_LOCS, which will prevent the partial routing of the signal "m_axi_ddrIN_RDATA_0[30]". Without this partial route, timing analysis to/from this port will not be accurate, and no routing information for this port can be exported.
WARNING: [Route 35-198] Port "m_axi_ddrIN_RDATA_0[31]" does not have an associated HD.PARTPIN_LOCS, which will prevent the partial routing of the signal "m_axi_ddrIN_RDATA_0[31]". Without this partial route, timing analysis to/from this port will not be accurate, and no routing information for this port can be exported.
WARNING: [Route 35-198] Port "m_axi_ddrIN_RLAST_0" does not have an associated HD.PARTPIN_LOCS, which will prevent the partial routing of the signal "m_axi_ddrIN_RLAST_0". Without this partial route, timing analysis to/from this port will not be accurate, and no routing information for this port can be exported.
WARNING: [Route 35-198] Port "m_axi_ddrIN_RDATA_0[24]" does not have an associated HD.PARTPIN_LOCS, which will prevent the partial routing of the signal "m_axi_ddrIN_RDATA_0[24]". Without this partial route, timing analysis to/from this port will not be accurate, and no routing information for this port can be exported.
WARNING: [Route 35-198] Port "m_axi_ddrIN_RDATA_0[25]" does not have an associated HD.PARTPIN_LOCS, which will prevent the partial routing of the signal "m_axi_ddrIN_RDATA_0[25]". Without this partial route, timing analysis to/from this port will not be accurate, and no routing information for this port can be exported.
WARNING: [Route 35-198] Port "m_axi_ddrIN_RDATA_0[12]" does not have an associated HD.PARTPIN_LOCS, which will prevent the partial routing of the signal "m_axi_ddrIN_RDATA_0[12]". Without this partial route, timing analysis to/from this port will not be accurate, and no routing information for this port can be exported.
WARNING: [Route 35-198] Port "m_axi_ddrIN_RDATA_0[13]" does not have an associated HD.PARTPIN_LOCS, which will prevent the partial routing of the signal "m_axi_ddrIN_RDATA_0[13]". Without this partial route, timing analysis to/from this port will not be accurate, and no routing information for this port can be exported.
WARNING: [Route 35-198] Port "m_axi_ddrIN_RDATA_0[20]" does not have an associated HD.PARTPIN_LOCS, which will prevent the partial routing of the signal "m_axi_ddrIN_RDATA_0[20]". Without this partial route, timing analysis to/from this port will not be accurate, and no routing information for this port can be exported.
WARNING: [Route 35-198] Port "m_axi_ddrIN_RDATA_0[21]" does not have an associated HD.PARTPIN_LOCS, which will prevent the partial routing of the signal "m_axi_ddrIN_RDATA_0[21]". Without this partial route, timing analysis to/from this port will not be accurate, and no routing information for this port can be exported.
WARNING: [Route 35-198] Port "m_axi_ddrIN_RDATA_0[22]" does not have an associated HD.PARTPIN_LOCS, which will prevent the partial routing of the signal "m_axi_ddrIN_RDATA_0[22]". Without this partial route, timing analysis to/from this port will not be accurate, and no routing information for this port can be exported.
WARNING: [Route 35-198] Port "m_axi_ddrIN_RDATA_0[23]" does not have an associated HD.PARTPIN_LOCS, which will prevent the partial routing of the signal "m_axi_ddrIN_RDATA_0[23]". Without this partial route, timing analysis to/from this port will not be accurate, and no routing information for this port can be exported.
WARNING: [Route 35-198] Port "m_axi_ddrIN_RDATA_0[4]" does not have an associated HD.PARTPIN_LOCS, which will prevent the partial routing of the signal "m_axi_ddrIN_RDATA_0[4]". Without this partial route, timing analysis to/from this port will not be accurate, and no routing information for this port can be exported.
WARNING: [Route 35-198] Port "m_axi_ddrIN_RDATA_0[5]" does not have an associated HD.PARTPIN_LOCS, which will prevent the partial routing of the signal "m_axi_ddrIN_RDATA_0[5]". Without this partial route, timing analysis to/from this port will not be accurate, and no routing information for this port can be exported.
WARNING: [Route 35-198] Port "m_axi_ddrIN_RDATA_0[0]" does not have an associated HD.PARTPIN_LOCS, which will prevent the partial routing of the signal "m_axi_ddrIN_RDATA_0[0]". Without this partial route, timing analysis to/from this port will not be accurate, and no routing information for this port can be exported.
WARNING: [Route 35-198] Port "m_axi_ddrIN_RDATA_0[16]" does not have an associated HD.PARTPIN_LOCS, which will prevent the partial routing of the signal "m_axi_ddrIN_RDATA_0[16]". Without this partial route, timing analysis to/from this port will not be accurate, and no routing information for this port can be exported.
WARNING: [Route 35-198] Port "m_axi_ddrIN_RDATA_0[17]" does not have an associated HD.PARTPIN_LOCS, which will prevent the partial routing of the signal "m_axi_ddrIN_RDATA_0[17]". Without this partial route, timing analysis to/from this port will not be accurate, and no routing information for this port can be exported.
WARNING: [Route 35-198] Port "m_axi_ddrIN_RDATA_0[18]" does not have an associated HD.PARTPIN_LOCS, which will prevent the partial routing of the signal "m_axi_ddrIN_RDATA_0[18]". Without this partial route, timing analysis to/from this port will not be accurate, and no routing information for this port can be exported.
WARNING: [Route 35-198] Port "m_axi_ddrIN_RDATA_0[19]" does not have an associated HD.PARTPIN_LOCS, which will prevent the partial routing of the signal "m_axi_ddrIN_RDATA_0[19]". Without this partial route, timing analysis to/from this port will not be accurate, and no routing information for this port can be exported.
WARNING: [Route 35-198] Port "m_axi_ddrIN_RDATA_0[1]" does not have an associated HD.PARTPIN_LOCS, which will prevent the partial routing of the signal "m_axi_ddrIN_RDATA_0[1]". Without this partial route, timing analysis to/from this port will not be accurate, and no routing information for this port can be exported.
WARNING: [Route 35-198] Port "m_axi_ddrIN_RDATA_0[8]" does not have an associated HD.PARTPIN_LOCS, which will prevent the partial routing of the signal "m_axi_ddrIN_RDATA_0[8]". Without this partial route, timing analysis to/from this port will not be accurate, and no routing information for this port can be exported.
WARNING: [Route 35-198] Port "m_axi_ddrIN_RDATA_0[9]" does not have an associated HD.PARTPIN_LOCS, which will prevent the partial routing of the signal "m_axi_ddrIN_RDATA_0[9]". Without this partial route, timing analysis to/from this port will not be accurate, and no routing information for this port can be exported.
WARNING: [Route 35-198] Port "m_axi_ddrIN_RDATA_0[10]" does not have an associated HD.PARTPIN_LOCS, which will prevent the partial routing of the signal "m_axi_ddrIN_RDATA_0[10]". Without this partial route, timing analysis to/from this port will not be accurate, and no routing information for this port can be exported.
WARNING: [Route 35-198] Port "m_axi_ddrIN_RDATA_0[11]" does not have an associated HD.PARTPIN_LOCS, which will prevent the partial routing of the signal "m_axi_ddrIN_RDATA_0[11]". Without this partial route, timing analysis to/from this port will not be accurate, and no routing information for this port can be exported.
WARNING: [Route 35-198] Port "m_axi_ddrIN_RDATA_0[26]" does not have an associated HD.PARTPIN_LOCS, which will prevent the partial routing of the signal "m_axi_ddrIN_RDATA_0[26]". Without this partial route, timing analysis to/from this port will not be accurate, and no routing information for this port can be exported.
WARNING: [Route 35-198] Port "m_axi_ddrIN_RDATA_0[27]" does not have an associated HD.PARTPIN_LOCS, which will prevent the partial routing of the signal "m_axi_ddrIN_RDATA_0[27]". Without this partial route, timing analysis to/from this port will not be accurate, and no routing information for this port can be exported.
WARNING: [Route 35-198] Port "m_axi_ddrIN_RDATA_0[2]" does not have an associated HD.PARTPIN_LOCS, which will prevent the partial routing of the signal "m_axi_ddrIN_RDATA_0[2]". Without this partial route, timing analysis to/from this port will not be accurate, and no routing information for this port can be exported.
WARNING: [Route 35-198] Port "m_axi_ddrIN_RDATA_0[3]" does not have an associated HD.PARTPIN_LOCS, which will prevent the partial routing of the signal "m_axi_ddrIN_RDATA_0[3]". Without this partial route, timing analysis to/from this port will not be accurate, and no routing information for this port can be exported.
WARNING: [Route 35-198] Port "m_axi_ddrIN_RDATA_0[6]" does not have an associated HD.PARTPIN_LOCS, which will prevent the partial routing of the signal "m_axi_ddrIN_RDATA_0[6]". Without this partial route, timing analysis to/from this port will not be accurate, and no routing information for this port can be exported.
WARNING: [Route 35-198] Port "m_axi_ddrIN_RDATA_0[7]" does not have an associated HD.PARTPIN_LOCS, which will prevent the partial routing of the signal "m_axi_ddrIN_RDATA_0[7]". Without this partial route, timing analysis to/from this port will not be accurate, and no routing information for this port can be exported.
WARNING: [Route 35-198] Port "m_axi_ddrIN_RVALID_0" does not have an associated HD.PARTPIN_LOCS, which will prevent the partial routing of the signal "m_axi_ddrIN_RVALID_0". Without this partial route, timing analysis to/from this port will not be accurate, and no routing information for this port can be exported.
WARNING: [Route 35-198] Port "s_language_tdata_0[31]" does not have an associated HD.PARTPIN_LOCS, which will prevent the partial routing of the signal "s_language_tdata_0[31]". Without this partial route, timing analysis to/from this port will not be accurate, and no routing information for this port can be exported.
WARNING: [Route 35-198] Port "s_language_tdata_0[30]" does not have an associated HD.PARTPIN_LOCS, which will prevent the partial routing of the signal "s_language_tdata_0[30]". Without this partial route, timing analysis to/from this port will not be accurate, and no routing information for this port can be exported.
WARNING: [Route 35-198] Port "s_language_tdata_0[29]" does not have an associated HD.PARTPIN_LOCS, which will prevent the partial routing of the signal "s_language_tdata_0[29]". Without this partial route, timing analysis to/from this port will not be accurate, and no routing information for this port can be exported.
WARNING: [Route 35-198] Port "s_language_tdata_0[28]" does not have an associated HD.PARTPIN_LOCS, which will prevent the partial routing of the signal "s_language_tdata_0[28]". Without this partial route, timing analysis to/from this port will not be accurate, and no routing information for this port can be exported.
WARNING: [Route 35-198] Port "s_language_tdata_0[27]" does not have an associated HD.PARTPIN_LOCS, which will prevent the partial routing of the signal "s_language_tdata_0[27]". Without this partial route, timing analysis to/from this port will not be accurate, and no routing information for this port can be exported.
WARNING: [Route 35-198] Port "m_axi_ddrW2_RVALID_0" does not have an associated HD.PARTPIN_LOCS, which will prevent the partial routing of the signal "m_axi_ddrW2_RVALID_0". Without this partial route, timing analysis to/from this port will not be accurate, and no routing information for this port can be exported.
WARNING: [Route 35-198] Port "m_axi_ddrW2_RDATA_0[18]" does not have an associated HD.PARTPIN_LOCS, which will prevent the partial routing of the signal "m_axi_ddrW2_RDATA_0[18]". Without this partial route, timing analysis to/from this port will not be accurate, and no routing information for this port can be exported.
WARNING: [Route 35-198] Port "m_axi_ddrW2_RDATA_0[19]" does not have an associated HD.PARTPIN_LOCS, which will prevent the partial routing of the signal "m_axi_ddrW2_RDATA_0[19]". Without this partial route, timing analysis to/from this port will not be accurate, and no routing information for this port can be exported.
WARNING: [Route 35-198] Port "m_axi_ddrW2_RDATA_0[26]" does not have an associated HD.PARTPIN_LOCS, which will prevent the partial routing of the signal "m_axi_ddrW2_RDATA_0[26]". Without this partial route, timing analysis to/from this port will not be accurate, and no routing information for this port can be exported.
WARNING: [Route 35-198] Port "m_axi_ddrW2_RDATA_0[27]" does not have an associated HD.PARTPIN_LOCS, which will prevent the partial routing of the signal "m_axi_ddrW2_RDATA_0[27]". Without this partial route, timing analysis to/from this port will not be accurate, and no routing information for this port can be exported.
WARNING: [Route 35-198] Port "m_axi_ddrW2_RDATA_0[28]" does not have an associated HD.PARTPIN_LOCS, which will prevent the partial routing of the signal "m_axi_ddrW2_RDATA_0[28]". Without this partial route, timing analysis to/from this port will not be accurate, and no routing information for this port can be exported.
WARNING: [Route 35-198] Port "m_axi_ddrW2_RDATA_0[29]" does not have an associated HD.PARTPIN_LOCS, which will prevent the partial routing of the signal "m_axi_ddrW2_RDATA_0[29]". Without this partial route, timing analysis to/from this port will not be accurate, and no routing information for this port can be exported.
WARNING: [Route 35-198] Port "m_axi_ddrW2_RDATA_0[30]" does not have an associated HD.PARTPIN_LOCS, which will prevent the partial routing of the signal "m_axi_ddrW2_RDATA_0[30]". Without this partial route, timing analysis to/from this port will not be accurate, and no routing information for this port can be exported.
WARNING: [Route 35-198] Port "m_axi_ddrW2_RDATA_0[31]" does not have an associated HD.PARTPIN_LOCS, which will prevent the partial routing of the signal "m_axi_ddrW2_RDATA_0[31]". Without this partial route, timing analysis to/from this port will not be accurate, and no routing information for this port can be exported.
WARNING: [Route 35-198] Port "rst_n" does not have an associated HD.PARTPIN_LOCS, which will prevent the partial routing of the signal "rst_n". Without this partial route, timing analysis to/from this port will not be accurate, and no routing information for this port can be exported.
WARNING: [Route 35-198] Port "m_axi_ddrW2_RDATA_0[20]" does not have an associated HD.PARTPIN_LOCS, which will prevent the partial routing of the signal "m_axi_ddrW2_RDATA_0[20]". Without this partial route, timing analysis to/from this port will not be accurate, and no routing information for this port can be exported.
WARNING: [Route 35-198] Port "m_axi_ddrW2_RDATA_0[21]" does not have an associated HD.PARTPIN_LOCS, which will prevent the partial routing of the signal "m_axi_ddrW2_RDATA_0[21]". Without this partial route, timing analysis to/from this port will not be accurate, and no routing information for this port can be exported.
WARNING: [Route 35-198] Port "m_axi_ddrW2_RDATA_0[22]" does not have an associated HD.PARTPIN_LOCS, which will prevent the partial routing of the signal "m_axi_ddrW2_RDATA_0[22]". Without this partial route, timing analysis to/from this port will not be accurate, and no routing information for this port can be exported.
WARNING: [Route 35-198] Port "m_axi_ddrW2_RDATA_0[23]" does not have an associated HD.PARTPIN_LOCS, which will prevent the partial routing of the signal "m_axi_ddrW2_RDATA_0[23]". Without this partial route, timing analysis to/from this port will not be accurate, and no routing information for this port can be exported.
WARNING: [Route 35-198] Port "m_axi_ddrW2_RDATA_0[24]" does not have an associated HD.PARTPIN_LOCS, which will prevent the partial routing of the signal "m_axi_ddrW2_RDATA_0[24]". Without this partial route, timing analysis to/from this port will not be accurate, and no routing information for this port can be exported.
WARNING: [Route 35-198] Port "m_axi_ddrW2_RDATA_0[25]" does not have an associated HD.PARTPIN_LOCS, which will prevent the partial routing of the signal "m_axi_ddrW2_RDATA_0[25]". Without this partial route, timing analysis to/from this port will not be accurate, and no routing information for this port can be exported.
WARNING: [Route 35-198] Port "m_axi_ddrW2_RDATA_0[12]" does not have an associated HD.PARTPIN_LOCS, which will prevent the partial routing of the signal "m_axi_ddrW2_RDATA_0[12]". Without this partial route, timing analysis to/from this port will not be accurate, and no routing information for this port can be exported.
WARNING: [Route 35-198] Port "m_axi_ddrW2_RDATA_0[13]" does not have an associated HD.PARTPIN_LOCS, which will prevent the partial routing of the signal "m_axi_ddrW2_RDATA_0[13]". Without this partial route, timing analysis to/from this port will not be accurate, and no routing information for this port can be exported.
WARNING: [Route 35-198] Port "m_axi_ddrW2_RDATA_0[16]" does not have an associated HD.PARTPIN_LOCS, which will prevent the partial routing of the signal "m_axi_ddrW2_RDATA_0[16]". Without this partial route, timing analysis to/from this port will not be accurate, and no routing information for this port can be exported.
WARNING: [Route 35-198] Port "m_axi_ddrW2_RDATA_0[17]" does not have an associated HD.PARTPIN_LOCS, which will prevent the partial routing of the signal "m_axi_ddrW2_RDATA_0[17]". Without this partial route, timing analysis to/from this port will not be accurate, and no routing information for this port can be exported.
WARNING: [Route 35-198] Port "m_axi_ddrW2_RLAST_0" does not have an associated HD.PARTPIN_LOCS, which will prevent the partial routing of the signal "m_axi_ddrW2_RLAST_0". Without this partial route, timing analysis to/from this port will not be accurate, and no routing information for this port can be exported.
WARNING: [Route 35-198] Port "m_axi_ddrW2_RDATA_0[10]" does not have an associated HD.PARTPIN_LOCS, which will prevent the partial routing of the signal "m_axi_ddrW2_RDATA_0[10]". Without this partial route, timing analysis to/from this port will not be accurate, and no routing information for this port can be exported.
WARNING: [Route 35-198] Port "m_axi_ddrW2_RDATA_0[11]" does not have an associated HD.PARTPIN_LOCS, which will prevent the partial routing of the signal "m_axi_ddrW2_RDATA_0[11]". Without this partial route, timing analysis to/from this port will not be accurate, and no routing information for this port can be exported.
WARNING: [Route 35-198] Port "m_axi_ddrW2_RDATA_0[14]" does not have an associated HD.PARTPIN_LOCS, which will prevent the partial routing of the signal "m_axi_ddrW2_RDATA_0[14]". Without this partial route, timing analysis to/from this port will not be accurate, and no routing information for this port can be exported.
WARNING: [Route 35-198] Port "m_axi_ddrW2_RDATA_0[15]" does not have an associated HD.PARTPIN_LOCS, which will prevent the partial routing of the signal "m_axi_ddrW2_RDATA_0[15]". Without this partial route, timing analysis to/from this port will not be accurate, and no routing information for this port can be exported.
WARNING: [Route 35-198] Port "m_axi_ddrW2_RDATA_0[4]" does not have an associated HD.PARTPIN_LOCS, which will prevent the partial routing of the signal "m_axi_ddrW2_RDATA_0[4]". Without this partial route, timing analysis to/from this port will not be accurate, and no routing information for this port can be exported.
WARNING: [Route 35-198] Port "m_axi_ddrW2_RDATA_0[5]" does not have an associated HD.PARTPIN_LOCS, which will prevent the partial routing of the signal "m_axi_ddrW2_RDATA_0[5]". Without this partial route, timing analysis to/from this port will not be accurate, and no routing information for this port can be exported.
WARNING: [Route 35-198] Port "m_axi_ddrW2_RDATA_0[8]" does not have an associated HD.PARTPIN_LOCS, which will prevent the partial routing of the signal "m_axi_ddrW2_RDATA_0[8]". Without this partial route, timing analysis to/from this port will not be accurate, and no routing information for this port can be exported.
WARNING: [Route 35-198] Port "m_axi_ddrW2_RDATA_0[9]" does not have an associated HD.PARTPIN_LOCS, which will prevent the partial routing of the signal "m_axi_ddrW2_RDATA_0[9]". Without this partial route, timing analysis to/from this port will not be accurate, and no routing information for this port can be exported.
WARNING: [Route 35-198] Port "m_axi_ddrW2_RDATA_0[0]" does not have an associated HD.PARTPIN_LOCS, which will prevent the partial routing of the signal "m_axi_ddrW2_RDATA_0[0]". Without this partial route, timing analysis to/from this port will not be accurate, and no routing information for this port can be exported.
WARNING: [Route 35-198] Port "m_axi_ddrW2_RDATA_0[1]" does not have an associated HD.PARTPIN_LOCS, which will prevent the partial routing of the signal "m_axi_ddrW2_RDATA_0[1]". Without this partial route, timing analysis to/from this port will not be accurate, and no routing information for this port can be exported.
WARNING: [Route 35-198] Port "m_axi_ddrW2_RDATA_0[2]" does not have an associated HD.PARTPIN_LOCS, which will prevent the partial routing of the signal "m_axi_ddrW2_RDATA_0[2]". Without this partial route, timing analysis to/from this port will not be accurate, and no routing information for this port can be exported.
WARNING: [Route 35-198] Port "m_axi_ddrW2_RDATA_0[3]" does not have an associated HD.PARTPIN_LOCS, which will prevent the partial routing of the signal "m_axi_ddrW2_RDATA_0[3]". Without this partial route, timing analysis to/from this port will not be accurate, and no routing information for this port can be exported.
WARNING: [Route 35-198] Port "m_axi_ddrW2_RDATA_0[6]" does not have an associated HD.PARTPIN_LOCS, which will prevent the partial routing of the signal "m_axi_ddrW2_RDATA_0[6]". Without this partial route, timing analysis to/from this port will not be accurate, and no routing information for this port can be exported.
WARNING: [Route 35-198] Port "m_axi_ddrW2_RDATA_0[7]" does not have an associated HD.PARTPIN_LOCS, which will prevent the partial routing of the signal "m_axi_ddrW2_RDATA_0[7]". Without this partial route, timing analysis to/from this port will not be accurate, and no routing information for this port can be exported.
WARNING: [Route 35-198] Port "s_language_tdata_0[25]" does not have an associated HD.PARTPIN_LOCS, which will prevent the partial routing of the signal "s_language_tdata_0[25]". Without this partial route, timing analysis to/from this port will not be accurate, and no routing information for this port can be exported.
WARNING: [Route 35-198] Port "s_language_tdata_0[24]" does not have an associated HD.PARTPIN_LOCS, which will prevent the partial routing of the signal "s_language_tdata_0[24]". Without this partial route, timing analysis to/from this port will not be accurate, and no routing information for this port can be exported.
WARNING: [Route 35-198] Port "s_language_tdata_0[23]" does not have an associated HD.PARTPIN_LOCS, which will prevent the partial routing of the signal "s_language_tdata_0[23]". Without this partial route, timing analysis to/from this port will not be accurate, and no routing information for this port can be exported.
WARNING: [Route 35-198] Port "s_language_tdata_0[22]" does not have an associated HD.PARTPIN_LOCS, which will prevent the partial routing of the signal "s_language_tdata_0[22]". Without this partial route, timing analysis to/from this port will not be accurate, and no routing information for this port can be exported.
WARNING: [Route 35-198] Port "s_language_tdata_0[21]" does not have an associated HD.PARTPIN_LOCS, which will prevent the partial routing of the signal "s_language_tdata_0[21]". Without this partial route, timing analysis to/from this port will not be accurate, and no routing information for this port can be exported.
WARNING: [Route 35-198] Port "s_language_tdata_0[20]" does not have an associated HD.PARTPIN_LOCS, which will prevent the partial routing of the signal "s_language_tdata_0[20]". Without this partial route, timing analysis to/from this port will not be accurate, and no routing information for this port can be exported.
WARNING: [Route 35-198] Port "s_language_tdata_0[19]" does not have an associated HD.PARTPIN_LOCS, which will prevent the partial routing of the signal "s_language_tdata_0[19]". Without this partial route, timing analysis to/from this port will not be accurate, and no routing information for this port can be exported.
WARNING: [Route 35-198] Port "s_language_tdata_0[18]" does not have an associated HD.PARTPIN_LOCS, which will prevent the partial routing of the signal "s_language_tdata_0[18]". Without this partial route, timing analysis to/from this port will not be accurate, and no routing information for this port can be exported.
WARNING: [Route 35-198] Port "s_language_tdata_0[26]" does not have an associated HD.PARTPIN_LOCS, which will prevent the partial routing of the signal "s_language_tdata_0[26]". Without this partial route, timing analysis to/from this port will not be accurate, and no routing information for this port can be exported.
WARNING: [Route 35-198] Port "s_vision_tdata_0[31]" does not have an associated HD.PARTPIN_LOCS, which will prevent the partial routing of the signal "s_vision_tdata_0[31]". Without this partial route, timing analysis to/from this port will not be accurate, and no routing information for this port can be exported.
WARNING: [Route 35-198] Port "s_vision_tdata_0[30]" does not have an associated HD.PARTPIN_LOCS, which will prevent the partial routing of the signal "s_vision_tdata_0[30]". Without this partial route, timing analysis to/from this port will not be accurate, and no routing information for this port can be exported.
WARNING: [Route 35-198] Port "s_vision_tdata_0[29]" does not have an associated HD.PARTPIN_LOCS, which will prevent the partial routing of the signal "s_vision_tdata_0[29]". Without this partial route, timing analysis to/from this port will not be accurate, and no routing information for this port can be exported.
WARNING: [Route 35-198] Port "s_vision_tdata_0[28]" does not have an associated HD.PARTPIN_LOCS, which will prevent the partial routing of the signal "s_vision_tdata_0[28]". Without this partial route, timing analysis to/from this port will not be accurate, and no routing information for this port can be exported.
WARNING: [Route 35-198] Port "s_vision_tdata_0[27]" does not have an associated HD.PARTPIN_LOCS, which will prevent the partial routing of the signal "s_vision_tdata_0[27]". Without this partial route, timing analysis to/from this port will not be accurate, and no routing information for this port can be exported.
WARNING: [Route 35-198] Port "m_axi_ddrIN_ARREADY_0" does not have an associated HD.PARTPIN_LOCS, which will prevent the partial routing of the signal "m_axi_ddrIN_ARREADY_0". Without this partial route, timing analysis to/from this port will not be accurate, and no routing information for this port can be exported.
WARNING: [Route 35-198] Port "s_language_tdata_0[7]" does not have an associated HD.PARTPIN_LOCS, which will prevent the partial routing of the signal "s_language_tdata_0[7]". Without this partial route, timing analysis to/from this port will not be accurate, and no routing information for this port can be exported.
WARNING: [Route 35-198] Port "s_language_tdata_0[6]" does not have an associated HD.PARTPIN_LOCS, which will prevent the partial routing of the signal "s_language_tdata_0[6]". Without this partial route, timing analysis to/from this port will not be accurate, and no routing information for this port can be exported.
WARNING: [Route 35-198] Port "s_language_tdata_0[5]" does not have an associated HD.PARTPIN_LOCS, which will prevent the partial routing of the signal "s_language_tdata_0[5]". Without this partial route, timing analysis to/from this port will not be accurate, and no routing information for this port can be exported.
WARNING: [Route 35-198] Port "s_language_tdata_0[4]" does not have an associated HD.PARTPIN_LOCS, which will prevent the partial routing of the signal "s_language_tdata_0[4]". Without this partial route, timing analysis to/from this port will not be accurate, and no routing information for this port can be exported.
WARNING: [Route 35-198] Port "s_language_tdata_0[3]" does not have an associated HD.PARTPIN_LOCS, which will prevent the partial routing of the signal "s_language_tdata_0[3]". Without this partial route, timing analysis to/from this port will not be accurate, and no routing information for this port can be exported.
WARNING: [Route 35-198] Port "s_language_tdata_0[2]" does not have an associated HD.PARTPIN_LOCS, which will prevent the partial routing of the signal "s_language_tdata_0[2]". Without this partial route, timing analysis to/from this port will not be accurate, and no routing information for this port can be exported.
WARNING: [Route 35-198] Port "s_language_tdata_0[1]" does not have an associated HD.PARTPIN_LOCS, which will prevent the partial routing of the signal "s_language_tdata_0[1]". Without this partial route, timing analysis to/from this port will not be accurate, and no routing information for this port can be exported.
WARNING: [Route 35-198] Port "s_language_tdata_0[0]" does not have an associated HD.PARTPIN_LOCS, which will prevent the partial routing of the signal "s_language_tdata_0[0]". Without this partial route, timing analysis to/from this port will not be accurate, and no routing information for this port can be exported.
WARNING: [Route 35-198] Port "s_language_tdata_0[8]" does not have an associated HD.PARTPIN_LOCS, which will prevent the partial routing of the signal "s_language_tdata_0[8]". Without this partial route, timing analysis to/from this port will not be accurate, and no routing information for this port can be exported.
WARNING: [Route 35-198] Port "s_language_tvalid_0" does not have an associated HD.PARTPIN_LOCS, which will prevent the partial routing of the signal "s_language_tvalid_0". Without this partial route, timing analysis to/from this port will not be accurate, and no routing information for this port can be exported.
INFO: [Common 17-14] Message 'Route 35-198' appears 100 times and further instances of the messages will be disabled. Use the Tcl command set_msg_config to change the current settings.
WARNING: [Route 35-197] Clock port "clk" does not have an associated HD.CLK_SRC. Without this constraint, timing analysis may not be accurate and upstream checks cannot be done to ensure correct clock placement.
Post Restoration Checksum: NetGraph: 359bd1d7 | NumContArr: 88c5334b | Constraints: 53619c11 | Timing: c2a8fa9d
Phase 1 Build RT Design | Checksum: 1d46b9bd0

Time (s): cpu = 00:02:58 ; elapsed = 00:00:27 . Memory (MB): peak = 8444.277 ; gain = 0.000 ; free physical = 27005 ; free virtual = 50039

Phase 2 Router Initialization

Phase 2.1 Fix Topology Constraints
Phase 2.1 Fix Topology Constraints | Checksum: 1d46b9bd0

Time (s): cpu = 00:02:59 ; elapsed = 00:00:27 . Memory (MB): peak = 8444.277 ; gain = 0.000 ; free physical = 27005 ; free virtual = 50040

Phase 2.2 Pre Route Cleanup
Phase 2.2 Pre Route Cleanup | Checksum: 1d46b9bd0

Time (s): cpu = 00:03:00 ; elapsed = 00:00:27 . Memory (MB): peak = 8444.277 ; gain = 0.000 ; free physical = 27005 ; free virtual = 50040

Phase 2.3 Global Clock Net Routing
 Number of Nodes with overlaps = 0
Phase 2.3 Global Clock Net Routing | Checksum: 22bd45611

Time (s): cpu = 00:03:08 ; elapsed = 00:00:31 . Memory (MB): peak = 8488.535 ; gain = 44.258 ; free physical = 26825 ; free virtual = 49860

Phase 2.4 Update Timing
Phase 2.4 Update Timing | Checksum: 18d794a8a

Time (s): cpu = 00:05:06 ; elapsed = 00:00:48 . Memory (MB): peak = 8570.535 ; gain = 126.258 ; free physical = 26734 ; free virtual = 49768
INFO: [Route 35-416] Intermediate Timing Summary | WNS=-0.446 | TNS=-1.512 | WHS=-2.442 | THS=-52770.610|

WARNING: [Route 35-41] Unusually high hold violations were detected on a large number of pins. This may result in high router runtime.

Router Utilization Summary
  Global Vertical Routing Utilization    = 0 %
  Global Horizontal Routing Utilization  = 0 %
  Routable Net Status*
  *Does not include unroutable nets such as driverless and loadless.
  Run report_route_status for detailed report.
  Number of Failed Nets               = 131481
    (Failed Nets is the sum of unrouted and partially routed nets)
  Number of Unrouted Nets             = 89071
  Number of Partially Routed Nets     = 42410
  Number of Node Overlaps             = 0

Phase 2 Router Initialization | Checksum: 201e555d6

Time (s): cpu = 00:06:35 ; elapsed = 00:01:01 . Memory (MB): peak = 8753.957 ; gain = 309.680 ; free physical = 30871 ; free virtual = 53907

Phase 3 Global Routing

Phase 3.1 SLL Assignment
Phase 3.1 SLL Assignment | Checksum: 201e555d6

Time (s): cpu = 00:06:35 ; elapsed = 00:01:02 . Memory (MB): peak = 8753.957 ; gain = 309.680 ; free physical = 30874 ; free virtual = 53910
Phase 3 Global Routing | Checksum: 201e555d6

Time (s): cpu = 00:06:35 ; elapsed = 00:01:02 . Memory (MB): peak = 8753.957 ; gain = 309.680 ; free physical = 30874 ; free virtual = 53910

Phase 4 Initial Routing

Phase 4.1 Initial Net Routing Pass
Phase 4.1 Initial Net Routing Pass | Checksum: 20ab79c78

Time (s): cpu = 00:24:52 ; elapsed = 00:03:35 . Memory (MB): peak = 9552.957 ; gain = 1108.680 ; free physical = 30097 ; free virtual = 53134
Phase 4 Initial Routing | Checksum: 1a6faa808

Time (s): cpu = 00:25:14 ; elapsed = 00:03:44 . Memory (MB): peak = 9552.957 ; gain = 1108.680 ; free physical = 30100 ; free virtual = 53137

INFO: [Route 35-449] Initial Estimated Congestion
 ________________________________________________________________________
|           | Global Congestion | Long Congestion   | Short Congestion  |
|           |___________________|___________________|___________________|
| Direction | Size   | % Tiles  | Size   | % Tiles  | Size   | % Tiles  |
|___________|________|__________|________|__________|________|__________|
|      NORTH|   16x16|      0.54|     2x2|      0.04|   32x32|      1.26|
|___________|________|__________|________|__________|________|__________|
|      SOUTH|     8x8|      0.55|     1x1|      0.03|   32x32|      1.30|
|___________|________|__________|________|__________|________|__________|
|       EAST|   16x16|      0.44|     8x8|      0.33|   16x16|      0.58|
|___________|________|__________|________|__________|________|__________|
|       WEST|   16x16|      0.41|     8x8|      0.32|   16x16|      0.60|
|___________|________|__________|________|__________|________|__________|
Congestion Report
GLOBAL Congestion bounded by tiles (Lower Left Tile -> Upper Right Tile):
NORTH
	INT_X76Y295->INT_X83Y310 (INTF_ROCF_TL_TILE_X76Y295->CLE_W_CORE_X83Y310)
	INT_X72Y296->INT_X79Y303 (CLE_E_CORE_X72Y296->CLE_W_CORE_X79Y303)
	INT_X72Y295->INT_X79Y302 (CLE_E_CORE_X72Y295->CLE_W_CORE_X79Y302)
	INT_X72Y294->INT_X79Y301 (CLE_E_CORE_X72Y294->CLE_W_CORE_X79Y301)
	INT_X72Y293->INT_X79Y300 (CLE_E_CORE_X72Y293->CLE_W_CORE_X79Y300)
EAST
	INT_X72Y291->INT_X79Y306 (CLE_E_CORE_X72Y291->CLE_W_CORE_X79Y306)
	INT_X72Y296->INT_X79Y303 (CLE_E_CORE_X72Y296->CLE_W_CORE_X79Y303)
	INT_X72Y295->INT_X79Y302 (CLE_E_CORE_X72Y295->CLE_W_CORE_X79Y302)
	INT_X72Y294->INT_X79Y301 (CLE_E_CORE_X72Y294->CLE_W_CORE_X79Y301)
	INT_X72Y293->INT_X79Y300 (CLE_E_CORE_X72Y293->CLE_W_CORE_X79Y300)
WEST
	INT_X74Y290->INT_X81Y305 (CLE_E_CORE_X74Y290->INTF_ROCF_TR_TILE_X81Y305)
	INT_X56Y104->INT_X63Y111 (CLE_E_CORE_X56Y104->CLE_W_CORE_X63Y111)
	INT_X80Y295->INT_X87Y302 (CLE_E_CORE_X80Y295->INTF_ROCF_TR_TILE_X87Y302)
	INT_X80Y294->INT_X87Y301 (CLE_E_CORE_X80Y294->INTF_ROCF_TR_TILE_X87Y301)
	INT_X56Y109->INT_X63Y116 (CLE_E_CORE_X56Y109->CLE_W_CORE_X63Y116)
SHORT Congestion bounded by tiles (Lower Left Tile -> Upper Right Tile):
NORTH
	INT_X67Y286->INT_X82Y317 (CLE_E_CORE_X67Y286->CLE_W_CORE_X82Y317)
	INT_X48Y109->INT_X63Y124 (CLE_E_CORE_X48Y109->CLE_W_CORE_X63Y124)
	INT_X48Y108->INT_X63Y123 (CLE_E_CORE_X48Y108->CLE_W_CORE_X63Y123)
	INT_X48Y107->INT_X63Y122 (CLE_E_CORE_X48Y107->CLE_W_CORE_X63Y122)
	INT_X48Y106->INT_X63Y121 (CLE_E_CORE_X48Y106->CLE_W_CORE_X63Y121)
SOUTH
	INT_X67Y280->INT_X82Y311 (CLE_E_CORE_X67Y280->CLE_W_CORE_X82Y311)
	INT_X64Y288->INT_X79Y303 (CLE_E_CORE_X64Y288->CLE_W_CORE_X79Y303)
	INT_X48Y96->INT_X63Y111 (CLE_E_CORE_X48Y96->CLE_W_CORE_X63Y111)
	INT_X48Y95->INT_X63Y110 (CLE_E_CORE_X48Y95->CLE_W_CORE_X63Y110)
	INT_X64Y287->INT_X79Y302 (CLE_E_CORE_X64Y287->CLE_W_CORE_X79Y302)
EAST
	INT_X69Y292->INT_X84Y307 (CLE_E_CORE_X69Y292->INTF_ROCF_TR_TILE_X84Y307)
	INT_X69Y291->INT_X84Y306 (CLE_E_CORE_X69Y291->INTF_ROCF_TR_TILE_X84Y306)
	INT_X70Y293->INT_X85Y308 (INTF_ROCF_TL_TILE_X70Y293->CLE_W_CORE_X85Y308)
	INT_X70Y292->INT_X85Y307 (INTF_ROCF_TL_TILE_X70Y292->CLE_W_CORE_X85Y307)
WEST
	INT_X70Y294->INT_X85Y309 (INTF_ROCF_TL_TILE_X70Y294->CLE_W_CORE_X85Y309)
	INT_X70Y293->INT_X85Y308 (INTF_ROCF_TL_TILE_X70Y293->CLE_W_CORE_X85Y308)
	INT_X70Y292->INT_X85Y307 (INTF_ROCF_TL_TILE_X70Y292->CLE_W_CORE_X85Y307)
	INT_X70Y291->INT_X85Y306 (INTF_ROCF_TL_TILE_X70Y291->CLE_W_CORE_X85Y306)

INFO: [Route 35-448] Estimated Global/Short routing congestion is level 5 (32x32). Congestion levels of 5 and greater can reduce routability and impact timing closure.
There are 14242 pins with tight setup and hold constraints. tight_setup_hold_pins.txt will contain only 10000 of them.
INFO: [Route 35-580] Design has 14242 pins with tight setup and hold constraints.

The top 5 pins with tight setup and hold constraints:

+====================+===================+=======================================================================================================================================================+
| Launch Setup Clock | Launch Hold Clock | Pin                                                                                                                                                   |
+====================+===================+=======================================================================================================================================================+
| clk                | clk               | mr_vla_bd_v4_i/u_vit/inst/ddrW1_m_axi_U/load_unit_0/bus_wide_gen.rreq_offset/full_n_reg/D                                                             |
| clk                | clk               | mr_vla_bd_v4_i/u_vit/inst/ddrW1_m_axi_U/load_unit_0/bus_wide_gen.first_beat_reg/D                                                                     |
| clk                | clk               | mr_vla_bd_v4_i/u_xmod/inst/ddrK_m_axi_U/load_unit_0/bus_wide_gen.rreq_offset/full_n_reg/D                                                             |
| clk                | clk               | mr_vla_bd_v4_i/u_adh/inst/grp_action_diff_head_Pipeline_LOAD_F2_VITIS_LOOP_112_5_fu_5686/flow_control_loop_pipe_sequential_init_U/ap_done_cache_reg/D |
| clk                | clk               | mr_vla_bd_v4_i/u_adh/inst/ddrW1_m_axi_U/load_unit_0/bus_wide_gen.rreq_offset/full_n_reg/D                                                             |
+--------------------+-------------------+-------------------------------------------------------------------------------------------------------------------------------------------------------+

File with complete list of pins: tight_setup_hold_pins.txt


Phase 5 Rip-up And Reroute

Phase 5.1 Global Iteration 0
 Number of Nodes with overlaps = 52317
 Number of Nodes with overlaps = 17051
 Number of Nodes with overlaps = 6044
 Number of Nodes with overlaps = 2486
 Number of Nodes with overlaps = 1251
 Number of Nodes with overlaps = 239
 Number of Nodes with overlaps = 58
 Number of Nodes with overlaps = 32
 Number of Nodes with overlaps = 22
 Number of Nodes with overlaps = 3
 Number of Nodes with overlaps = 2
 Number of Nodes with overlaps = 4
 Number of Nodes with overlaps = 1
 Number of Nodes with overlaps = 0
INFO: [Route 35-416] Intermediate Timing Summary | WNS=-3.271 | TNS=-1080.185| WHS=-3.549 | THS=-45993.466|

WARNING: [Route 35-514] Design has a large number of hold violators. This is likely a design or constraint issue. Router is turning off hold fixing.
Resolution: Review and update your design or constraints to reduce pre-route hold violations. You can disable hold expansion based bailout to continue fixing hold using the following TCL command in a pre-route TCL script: set_param route.enableHoldExpnBailout 0. This can incur potentially very long router run time.
Phase 5.1 Global Iteration 0 | Checksum: 1f24c8313

Time (s): cpu = 02:26:27 ; elapsed = 00:21:38 . Memory (MB): peak = 11377.957 ; gain = 2933.680 ; free physical = 28055 ; free virtual = 51370

Phase 5.2 Global Iteration 1
 Number of Nodes with overlaps = 262
 Number of Nodes with overlaps = 5
 Number of Nodes with overlaps = 2
 Number of Nodes with overlaps = 0
INFO: [Route 35-416] Intermediate Timing Summary | WNS=-1.955 | TNS=-228.725| WHS=-3.549 | THS=-55961.194|

Phase 5.2 Global Iteration 1 | Checksum: 1e04f89db

Time (s): cpu = 02:27:11 ; elapsed = 00:21:53 . Memory (MB): peak = 11377.957 ; gain = 2933.680 ; free physical = 28055 ; free virtual = 51370

Phase 5.3 Global Iteration 2
 Number of Nodes with overlaps = 358
 Number of Nodes with overlaps = 33
 Number of Nodes with overlaps = 3
 Number of Nodes with overlaps = 1
 Number of Nodes with overlaps = 0
INFO: [Route 35-416] Intermediate Timing Summary | WNS=-0.859 | TNS=-43.281| WHS=-3.549 | THS=-56954.344|

Phase 5.3 Global Iteration 2 | Checksum: 1cc2ec0ed

Time (s): cpu = 02:28:02 ; elapsed = 00:22:12 . Memory (MB): peak = 11377.957 ; gain = 2933.680 ; free physical = 28057 ; free virtual = 51373

Phase 5.4 Global Iteration 3
 Number of Nodes with overlaps = 278
 Number of Nodes with overlaps = 38
 Number of Nodes with overlaps = 12
 Number of Nodes with overlaps = 3
 Number of Nodes with overlaps = 2
 Number of Nodes with overlaps = 0
INFO: [Route 35-416] Intermediate Timing Summary | WNS=-0.491 | TNS=-13.910| WHS=-3.549 | THS=-57101.003|

Phase 5.4 Global Iteration 3 | Checksum: 2d8beb74e

Time (s): cpu = 02:28:53 ; elapsed = 00:22:31 . Memory (MB): peak = 11377.957 ; gain = 2933.680 ; free physical = 28057 ; free virtual = 51372

Phase 5.5 Global Iteration 4
 Number of Nodes with overlaps = 16
Phase 5.5 Global Iteration 4 | Checksum: 160db6f05

Time (s): cpu = 02:28:55 ; elapsed = 00:22:32 . Memory (MB): peak = 11377.957 ; gain = 2933.680 ; free physical = 28057 ; free virtual = 51372
Phase 5 Rip-up And Reroute | Checksum: 160db6f05

Time (s): cpu = 02:28:55 ; elapsed = 00:22:32 . Memory (MB): peak = 11377.957 ; gain = 2933.680 ; free physical = 28057 ; free virtual = 51372

Phase 6 Delay and Skew Optimization

Phase 6.1 Delay CleanUp
INFO: [Route 35-416] Intermediate Timing Summary | WNS=-0.491 | TNS=-13.910| WHS=-3.549 | THS=-57101.003|

INFO: [Route 35-416] Intermediate Timing Summary | WNS=-0.491 | TNS=-13.910| WHS=-3.549 | THS=-57101.003|

 Number of Nodes with overlaps = 0
Phase 6.1 Delay CleanUp | Checksum: 2b43a9037

Time (s): cpu = 02:29:11 ; elapsed = 00:22:34 . Memory (MB): peak = 11377.957 ; gain = 2933.680 ; free physical = 28057 ; free virtual = 51372

Phase 6.2 Clock Skew Optimization
Phase 6.2 Clock Skew Optimization | Checksum: 2b43a9037

Time (s): cpu = 02:29:11 ; elapsed = 00:22:34 . Memory (MB): peak = 11377.957 ; gain = 2933.680 ; free physical = 28057 ; free virtual = 51372
Phase 6 Delay and Skew Optimization | Checksum: 2b43a9037

Time (s): cpu = 02:29:12 ; elapsed = 00:22:34 . Memory (MB): peak = 11377.957 ; gain = 2933.680 ; free physical = 28057 ; free virtual = 51372

Phase 7 Leaf Clock Prog Delay Opt
Phase 7 Leaf Clock Prog Delay Opt | Checksum: 286c7fa31

Time (s): cpu = 02:29:20 ; elapsed = 00:22:36 . Memory (MB): peak = 11377.957 ; gain = 2933.680 ; free physical = 28057 ; free virtual = 51372

Phase 8 Route finalize

Router Utilization Summary
  Global Vertical Routing Utilization    = 4.04441 %
  Global Horizontal Routing Utilization  = 3.35042 %
  Routable Net Status*
  *Does not include unroutable nets such as driverless and loadless.
  Run report_route_status for detailed report.
  Number of Failed Nets               = 0
    (Failed Nets is the sum of unrouted and partially routed nets)
  Number of Unrouted Nets             = 0
  Number of Partially Routed Nets     = 0
  Number of Node Overlaps             = 0


--GLOBAL Congestion:
Utilization threshold used for congestion level computation: 0.85
Congestion Report
North Dir 1x1 Area, Max Cong = 78.9286%, No Congested Regions.
South Dir 1x1 Area, Max Cong = 69.6429%, No Congested Regions.
East Dir 1x1 Area, Max Cong = 60.9375%, No Congested Regions.
West Dir 1x1 Area, Max Cong = 61.7188%, No Congested Regions.

------------------------------
Reporting congestion hotspots
------------------------------
Direction: North
----------------
Congested clusters found at Level 0
Effective congestion level: 0 Aspect Ratio: 1 Sparse Ratio: 0
Direction: South
----------------
Congested clusters found at Level 0
Effective congestion level: 0 Aspect Ratio: 1 Sparse Ratio: 0
Direction: East
----------------
Congested clusters found at Level 0
Effective congestion level: 0 Aspect Ratio: 1 Sparse Ratio: 0
Direction: West
----------------
Congested clusters found at Level 0
Effective congestion level: 0 Aspect Ratio: 1 Sparse Ratio: 0

Phase 8 Route finalize | Checksum: 286c7fa31

Time (s): cpu = 02:29:25 ; elapsed = 00:22:36 . Memory (MB): peak = 11377.957 ; gain = 2933.680 ; free physical = 28057 ; free virtual = 51372

Phase 9 Verifying routed nets

 Verification completed successfully
Phase 9 Verifying routed nets | Checksum: 286c7fa31

Time (s): cpu = 02:29:25 ; elapsed = 00:22:37 . Memory (MB): peak = 11377.957 ; gain = 2933.680 ; free physical = 28057 ; free virtual = 51372

Phase 10 Depositing Routes
Phase 10 Depositing Routes | Checksum: 263197313

Time (s): cpu = 02:29:48 ; elapsed = 00:22:41 . Memory (MB): peak = 11377.957 ; gain = 2933.680 ; free physical = 28057 ; free virtual = 51372

Phase 11 Post Process Routing
WARNING: [Route 35-455] Router was unable to fix hold violation on 2240 pins because of high hold requirement. Such pins are:
	mr_vla_bd_v4_i/u_adh/inst/ddrCTX_m_axi_U/load_unit_0/fifo_rreq/full_n_reg/D
	mr_vla_bd_v4_i/u_adh/inst/ddrW1_m_axi_U/bus_read/fifo_burst/full_n_reg/D
	mr_vla_bd_v4_i/u_adh/inst/control_s_axi_U/int_g_context_reg[60]/D
	mr_vla_bd_v4_i/u_adh/inst/control_s_axi_U/int_g_noisy_action_reg[56]/D
	mr_vla_bd_v4_i/u_adh/inst/control_s_axi_U/int_g_context_reg[51]/D
	mr_vla_bd_v4_i/u_adh/inst/control_s_axi_U/int_g_noisy_action_reg[34]/D
	mr_vla_bd_v4_i/u_adh/inst/control_s_axi_U/int_g_context_reg[9]/D
	mr_vla_bd_v4_i/u_adh/inst/control_s_axi_U/int_g_noisy_action_reg[51]/D
	mr_vla_bd_v4_i/u_adh/inst/control_s_axi_U/int_g_timestep_emb_reg[15]/D
	mr_vla_bd_v4_i/u_adh/inst/control_s_axi_U/int_g_context_reg[42]/D
	.. and 2230 more pins.

Resolution: Run report_timing_summary to analyze the hold violations.
WARNING: [Route 35-459] Router was unable to fix hold violation on 418 pins. This could be due to a combination of congestion, blockages and run-time limitations. Such pins are:
	mr_vla_bd_v4_i/u_xmod/inst/ddrOUT_m_axi_U/bus_write/wreq_throttle/data_fifo/mOutPtr[6]_i_1/I1
	mr_vla_bd_v4_i/u_adh/inst/ddrW1_m_axi_U/bus_read/rreq_burst_conv/could_multi_bursts.burst_valid_i_1__2/I1
	mr_vla_bd_v4_i/u_xmod/inst/ddrV_m_axi_U/bus_read/rreq_burst_conv/could_multi_bursts.burst_valid_i_1/I1
	mr_vla_bd_v4_i/u_vit/inst/ddrW1_m_axi_U/bus_read/rreq_burst_conv/could_multi_bursts.burst_valid_i_1/I1
	mr_vla_bd_v4_i/u_xmod/inst/control_s_axi_U/int_ap_start_i_2/I3
	mr_vla_bd_v4_i/u_adh/inst/ddrCTX_m_axi_U/bus_read/rreq_burst_conv/sect_addr_buf[11]_i_1__0/I2
	mr_vla_bd_v4_i/u_adh/inst/control_s_axi_U/int_ier[1]_i_1/I2
	mr_vla_bd_v4_i/u_xmod/inst/ddrOUT_m_axi_U/bus_write/wreq_throttle/rs_req/data_p1[63]_i_1__3/I0
	mr_vla_bd_v4_i/u_vit/inst/control_s_axi_U/rdata[23]_i_4/I0
	mr_vla_bd_v4_i/u_adh/inst/control_s_axi_U/rdata[9]_i_7/I2
	.. and 408 more pins.

Resolution: You may try high effort hold fixing by set_param route.enableGlobalHoldIter 1
Phase 11 Post Process Routing | Checksum: 2617aa585

Time (s): cpu = 02:29:51 ; elapsed = 00:22:42 . Memory (MB): peak = 11377.957 ; gain = 2933.680 ; free physical = 28057 ; free virtual = 51372

Phase 12 Post Router Timing

Phase 12.1 Update Timing
Phase 12.1 Update Timing | Checksum: 2617aa585

Time (s): cpu = 02:29:51 ; elapsed = 00:22:42 . Memory (MB): peak = 11377.957 ; gain = 2933.680 ; free physical = 28057 ; free virtual = 51372
INFO: [Route 35-57] Estimated Timing Summary | WNS=-0.491 | TNS=-12.821| WHS=-3.549 | THS=-57101.003|

WARNING: [Route 35-328] Router estimated timing not met.
Resolution: For a complete and accurate timing signoff, report_timing_summary must be run after route_design. Alternatively, route_design can be run with the -timing_summary option to enable a complete timing signoff at the end of route_design.
Phase 12 Post Router Timing | Checksum: 2617aa585

Time (s): cpu = 02:29:52 ; elapsed = 00:22:43 . Memory (MB): peak = 11377.957 ; gain = 2933.680 ; free physical = 28057 ; free virtual = 51372
Time taken to check if laguna hold fix is required (in secs): 0

Phase 13 Physical Synthesis in Router

Phase 13.1 Physical Synthesis Initialization
INFO: [Physopt 32-668] Current Timing Summary | WNS=-0.473 | TNS=-12.804 | WHS=-3.549 | THS=-56632.285 |
Phase 13.1 Physical Synthesis Initialization | Checksum: 2617aa585

Time (s): cpu = 02:32:02 ; elapsed = 00:23:18 . Memory (MB): peak = 11524.488 ; gain = 3080.211 ; free physical = 28062 ; free virtual = 51378

Phase 13.2 Critical Path Optimization
INFO: [Physopt 32-668] Current Timing Summary | WNS=-0.473 | TNS=-12.804 | WHS=-3.549 | THS=-56632.285 |
INFO: [Physopt 32-953] Path group WNS did not improve. Path group: clk. Processed net: mr_vla_bd_v4_i/u_xmod/inst/ddrOUT_m_axi_U/bus_write/wreq_throttle/p_0_in[0].
INFO: [Physopt 32-953] Path group WNS did not improve. Path group: clk. Processed net: mr_vla_bd_v4_i/u_xmod/inst/ddrOUT_m_axi_U/bus_write/wreq_throttle/data_fifo/U_fifo_srl/m_axi_ddrOUT_WVALID_INST_0_i_2_n_4.
INFO: [Physopt 32-668] Current Timing Summary | WNS=-0.473 | TNS=-12.804 | WHS=-3.549 | THS=-56632.285 |
Netlist sorting complete. Time (s): cpu = 00:00:00.04 ; elapsed = 00:00:00.04 . Memory (MB): peak = 11524.488 ; gain = 0.000 ; free physical = 28062 ; free virtual = 51378
Phase 13.2 Critical Path Optimization | Checksum: 2617aa585

Time (s): cpu = 02:32:25 ; elapsed = 00:23:20 . Memory (MB): peak = 11524.488 ; gain = 3080.211 ; free physical = 28062 ; free virtual = 51378
Netlist sorting complete. Time (s): cpu = 00:00:00.04 ; elapsed = 00:00:00.04 . Memory (MB): peak = 11524.488 ; gain = 0.000 ; free physical = 28062 ; free virtual = 51378
INFO: [Physopt 32-669] Post Physical Optimization Timing Summary | WNS=-0.473 | TNS=-12.804 | WHS=-3.549 | THS=-56632.285 |
Phase 13 Physical Synthesis in Router | Checksum: 2617aa585

Time (s): cpu = 02:32:29 ; elapsed = 00:23:22 . Memory (MB): peak = 11524.488 ; gain = 3080.211 ; free physical = 28062 ; free virtual = 51378
Total Elapsed time in route_design: 1401.76 secs

Phase 14 Post-Route Event Processing
INFO: [DRC 23-27] Running DRC with 16 threads
Phase 14 Post-Route Event Processing | Checksum: 1f57815c4

Time (s): cpu = 02:34:00 ; elapsed = 00:23:46 . Memory (MB): peak = 11544.699 ; gain = 3100.422 ; free physical = 28058 ; free virtual = 51374
INFO: [Route 35-16] Router Completed Successfully
Ending Routing Task | Checksum: 1f57815c4

Time (s): cpu = 02:34:04 ; elapsed = 00:23:49 . Memory (MB): peak = 11544.699 ; gain = 3100.422 ; free physical = 28057 ; free virtual = 51373

Routing Is Done.
INFO: [Common 17-83] Releasing license: Implementation
28 Infos, 106 Warnings, 0 Critical Warnings and 0 Errors encountered.
route_design completed successfully
route_design: Time (s): cpu = 02:34:45 ; elapsed = 00:24:04 . Memory (MB): peak = 11544.699 ; gain = 3295.797 ; free physical = 28057 ; free virtual = 51373
# write_checkpoint -force "$T0036v6/impl_167mhz.dcp"
INFO: [Timing 38-480] Writing timing data to binary archive.
Write ShapeDB Complete: Time (s): cpu = 00:00:01 ; elapsed = 00:00:00.26 . Memory (MB): peak = 11544.699 ; gain = 0.000 ; free physical = 28023 ; free virtual = 51376
Wrote PlaceDB: Time (s): cpu = 00:00:18 ; elapsed = 00:00:09 . Memory (MB): peak = 11544.699 ; gain = 0.000 ; free physical = 27724 ; free virtual = 51370
Wrote ClockTopoDB: Time (s): cpu = 00:00:00.02 ; elapsed = 00:00:00.01 . Memory (MB): peak = 11544.699 ; gain = 0.000 ; free physical = 27724 ; free virtual = 51370
Wrote PulsedLatchDB: Time (s): cpu = 00:00:00 ; elapsed = 00:00:00 . Memory (MB): peak = 11544.699 ; gain = 0.000 ; free physical = 27724 ; free virtual = 51370
Writing XDEF routing.
Writing XDEF routing logical nets.
Writing XDEF routing special nets.
Wrote RouteStorage: Time (s): cpu = 00:00:03 ; elapsed = 00:00:02 . Memory (MB): peak = 11544.699 ; gain = 0.000 ; free physical = 27683 ; free virtual = 51374
Wrote Netlist Cache: Time (s): cpu = 00:00:00.17 ; elapsed = 00:00:00.19 . Memory (MB): peak = 11544.699 ; gain = 0.000 ; free physical = 27662 ; free virtual = 51373
Wrote Device Cache: Time (s): cpu = 00:00:00.03 ; elapsed = 00:00:00.03 . Memory (MB): peak = 11544.699 ; gain = 0.000 ; free physical = 27654 ; free virtual = 51373
Write Physdb Complete: Time (s): cpu = 00:00:21 ; elapsed = 00:00:11 . Memory (MB): peak = 11544.699 ; gain = 0.000 ; free physical = 27654 ; free virtual = 51373
INFO: [Common 17-1381] The checkpoint '/tools/projects/FPGA-VLA/runs/T0036_v6/impl_167mhz.dcp' has been generated.
write_checkpoint: Time (s): cpu = 00:00:26 ; elapsed = 00:00:17 . Memory (MB): peak = 11544.699 ; gain = 0.000 ; free physical = 27947 ; free virtual = 51350
# report_utilization     -file "$T0036v6/impl_util_167mhz.rpt"
# report_timing_summary  -file "$T0036v6/impl_timing_167mhz.rpt"
INFO: [Timing 38-91] UpdateTimingParams: Speed grade: -2MP, Temperature grade: E, Delay Type: min_max.
INFO: [Timing 38-191] Multithreading enabled for timing update using a maximum of 16 CPUs
# report_power           -file "$T0036v6/impl_power_167mhz.rpt"
Command: report_power -file /tools/projects/FPGA-VLA/runs/T0036_v6/impl_power_167mhz.rpt
Running Vector-less Activity Propagation...

Finished Running Vector-less Activity Propagation
0 Infos, 0 Warnings, 0 Critical Warnings and 0 Errors encountered.
report_power completed successfully
report_power: Time (s): cpu = 00:00:56 ; elapsed = 00:00:12 . Memory (MB): peak = 11569.145 ; gain = 24.445 ; free physical = 27941 ; free virtual = 51344
# set wp [get_timing_paths -quiet -setup -max_paths 1 -nworst 1]
# if {[llength $wp] > 0} { set wns [get_property SLACK [lindex $wp 0]] } else { set wns "n/a" }
# set hp [get_timing_paths -quiet -hold -max_paths 1 -nworst 1]
# if {[llength $hp] > 0} { set whs [get_property SLACK [lindex $hp 0]] } else { set whs "n/a" }
# puts ">>> v6 IMPL 167 MHz OK : WNS=$wns  WHS=$whs"
>>> v6 IMPL 167 MHz OK : WNS=-0.473  WHS=-3.549
# exit 0
INFO: [Common 17-206] Exiting Vivado at Thu May 28 15:12:35 2026...
