
// File generated by darts version U-2023.06#951b0e4fc8#240112, Wed May 27 11:35:54 2026
// Copyright 2014-2023 Synopsys, Inc. All rights reserved.
// darts -I/tools/Xilinx/Vitis/2024.1/aietools/data/versal_prod/lib -d -h -I/tools/Xilinx/Vitis/2024.1/aietools/include -I/tools/projects/FPGA-VLA/runs/T0042/aie_graph_v1_1a/. -I/tools/Xilinx/Vitis/2024.1/aietools/data/versal_prod/lib/runtime_cxx/libcxx-lite/include -I/tools/Xilinx/Vitis/2024.1/aietools/data/versal_prod/lib/runtime_cxx/libs/libcxx-9.0.0/include-lite -I/tools/Xilinx/Vitis/2024.1/aietools/data/versal_prod/lib/runtime/include -D__AIENGINE__ -D__AIE_ARCH__=10 -DDEPLOYMENT_ELF=1 -D__LOCK_FENCE_MODE__=0 -DAIE_OPTION_SCALAR_FLOAT_ON_VECTOR -D__tct_tgt__=240112 -L +Ihex +nanno +u ../Release/24_0 me

// Release: ipp U-2023.06-TGT-240112

.text_segment PM      0
.entry_point
.label __AIE_ARCH_MODEL_VERSION__10022500__inlined__1__me_basic___main_init_
.label _main_init
.function_start
           0    0x4c 0x64 0x02 0x0b                                                              NOP;                                                                                                MOV.u20 sp, #196640
           4    0x40 0x03 0xc0 0x03                                                              NOP;                                                                  MOV.s12 r12, #0
           8    0xca 0x21                                                                        MOV mc0, r12
          10    0xca 0x61                                                                        MOV mc1, r12
          12    0x40 0x03 0xc0 0x40 0xe8 0x00 0x07 0xf7                                                                                                                MOV.s12 r12, #0;              MOV.u20 r10, #0;              NOP
          20    0x80 0x00 0x00 0x40 0xf4 0x00 0x07 0xf7                                                                                  NOP;                                                        MOV.u20 r13, #0;              NOP
          28    0xcb 0x21                                                                        MOV md0, r12
          30    0x00 0x00 0x02 0xcb 0x47 0x1b 0x58 0x77                                          NOP;                                                                  EQ r12, r10, r13;             MOV md1, r12
          38    0x80 0x00 0x00 0x91 0x80 0x0a 0x07 0xf7                                                                                  NOP;                                                        BNEZ r12,#160;                NOP
.delay_slot
.swstall delay_slot
          46    0x00 0x01                                                                        NOP
.delay_slot
.swstall delay_slot
          48    0x00 0x01                                                                        NOP
.delay_slot
.swstall delay_slot
          50    0x00 0x01                                                                        NOP
.delay_slot
.swstall delay_slot
          52    0x00 0x01                                                                        NOP
.delay_slot
.swstall delay_slot
          54    0x00 0x01                                                                        NOP
          56    0x0d 0x17 0x98 0x03                                                              NOP;                                                                                                MOV p7, p0
          60    0x0e 0xdd 0x98 0x03                                                              NOP;                                                                                                MOV r11, r6
.aggressive_scheduled_block_id 1
.aggressive_scheduled_block_id first
          64    0x00 0x00 0x00 0x00 0x10 0x00 0x00 0x07 0xfb 0xbf 0xfc 0x80 0x00 0x00 0x00 0x00  NOP;                NOP;                NOP;                          NOP;                          MOV.u20 p6, #1048572;         NOP;                                    NOP
.label TGT_F_main_init_80
.loop_nesting 1
.aggressive_scheduled_block_id 1
.noswbrkpt
          80    0x40 0xbf 0x80 0x00 0x00 0x00 0x00 0x37                                          LDA cb0, [p6], #-4;                     NOP;                          NOP
.aggressive_scheduled_block_id 1
.aggressive_scheduled_block_id last
.nohwbrkpt
.noswbrkpt
          88    0xbb 0x45                                                                        MOV r4, p6
          90    0x00 0x01                                                                        NOP
          92    0x00 0x01                                                                        NOP
          94    0x00 0x01                                                                        NOP
          96    0x00 0x01                                                                        NOP
          98    0x00 0x01                                                                        NOP
         100    0x00 0x01                                                                        NOP
.no_stack_arguments
         102    0x00 0x41                                                                        JAL cb0
.delay_slot
.swstall delay_slot
         104    0x00 0x01                                                                        NOP
.delay_slot
.swstall delay_slot
         106    0x00 0x01                                                                        NOP
.delay_slot
.swstall delay_slot
         108    0x00 0x01                                                                        NOP
.delay_slot
.swstall delay_slot
         110    0x00 0x01                                                                        NOP
.delay_slot
.swstall delay_slot
         112    0x00 0x00 0x00 0x00 0x00 0x00 0x00 0x00 0x00 0x00 0x00 0x00 0x00 0x00 0x00 0x02  NOP;                NOP;                NOP;                          NOP;                          NOP;                          NOP;                                    NOP
.return_address
         128    0x39 0xa4 0xc0 0x03                                                              NOP;                                                                  NE r12, r4, r10
         132    0x80 0x00 0x00 0x91 0x80 0x05 0x07 0xf7                                                                                  NOP;                                                        BNEZ r12,#80;                 NOP
.delay_slot
.swstall delay_slot
         140    0x00 0x01                                                                        NOP
.delay_slot
.swstall delay_slot
         142    0x00 0x01                                                                        NOP
.delay_slot
.swstall delay_slot
         144    0x00 0x01                                                                        NOP
.delay_slot
.swstall delay_slot
         146    0x00 0x01                                                                        NOP
.delay_slot
.swstall delay_slot
         148    0x00 0x01                                                                        NOP
.loop_nesting 0
         150    0xbe 0x85                                                                        MOV p0, p7
         152    0x00 0x00 0x07 0xbd 0x80 0x00 0x00 0x77                                          NOP;                                                                  NOP;                          MOV r6, r11
.label TGT_F_main_init_160
.no_stack_arguments
         160    0x80 0x00 0x00 0xa0 0x20 0x12 0x07 0xf7                                                                                  NOP;                                                        JAL #288;                     NOP
.delay_slot
.swstall delay_slot
         168    0x00 0x01                                                                        NOP
.delay_slot
.swstall delay_slot
         170    0x00 0x01                                                                        NOP
.delay_slot
.swstall delay_slot
         172    0x00 0x01                                                                        NOP
.delay_slot
.swstall delay_slot
         174    0x00 0x01                                                                        NOP
.delay_slot
.swstall delay_slot
         176    0x00 0x00 0x00 0x00 0x00 0x00 0x00 0x00 0x00 0x00 0x00 0x00 0x00 0x00 0x00 0x02  NOP;                NOP;                NOP;                          NOP;                          NOP;                          NOP;                                    NOP
.return_address
.no_stack_arguments
         192    0x80 0x00 0x00 0xa0 0x21 0x13 0x07 0xf7                                                                                  NOP;                                                        JAL #4400;                    NOP
.delay_slot
         200    0x80 0x00 0x00 0x40 0xa0 0x00 0x07 0xf7                                                                                  NOP;                                                        MOV.u20 p0, #0;               NOP
.delay_slot
.swstall delay_slot
         208    0x00 0x01                                                                        NOP
.delay_slot
.swstall delay_slot
         210    0x00 0x01                                                                        NOP
.delay_slot
.swstall delay_slot
         212    0x00 0x00 0x00 0x03                                                              NOP;                                                                  NOP
.delay_slot
.swstall delay_slot
         216    0x00 0x00 0x00 0x00 0x00 0x00 0x00 0x37                                          NOP;                                    NOP;                          NOP
.return_address
.swstall chess_separator_scheduler
         224    0x00 0x01                                                                        NOP
.swstall chess_separator_scheduler
         226    0x00 0x01                                                                        NOP
.swstall chess_separator_scheduler
         228    0x00 0x01                                                                        NOP
.swstall chess_separator_scheduler
         230    0x00 0x01                                                                        NOP
.swstall chess_separator_scheduler
         232    0x00 0x01                                                                        NOP
.swstall chess_separator_scheduler
         234    0x00 0x01                                                                        NOP
.swstall chess_separator_scheduler
         236    0x00 0x01                                                                        NOP
.swstall chess_separator_scheduler
         238    0x00 0x01                                                                        NOP
         240    0x04 0x00 0x20 0x03                                                              NOP;                                                                  EVENT #2
.swstall chess_separator_scheduler
         244    0x00 0x01                                                                        NOP
.swstall chess_separator_scheduler
         246    0x00 0x01                                                                        NOP
.swstall chess_separator_scheduler
         248    0x00 0x01                                                                        NOP
.swstall chess_separator_scheduler
         250    0x00 0x01                                                                        NOP
.swstall chess_separator_scheduler
         252    0x00 0x01                                                                        NOP
.swstall for_chess_exit
.exit
         254    0x00 0x01                                                                        NOP
.label TGT_F_main_init_256
.loop_nesting 1
         256    0x80 0x00 0x00 0xa0 0x00 0x10 0x07 0xf7                                                                                  NOP;                                                        J #256;                       NOP
.delay_slot
.swstall delay_slot
         264    0x00 0x01                                                                        NOP
.delay_slot
.swstall delay_slot
         266    0x00 0x01                                                                        NOP
.delay_slot
.swstall delay_slot
         268    0x00 0x01                                                                        NOP
.delay_slot
.swstall delay_slot
         270    0x00 0x01                                                                        NOP
.delay_slot
.swstall delay_slot
         272    0x00 0x01                                                                        NOP
.label _main_init__end

.text_segment PM    288
.label _main___func_begin0
.label _main
.function_start
         288    0x42 0x02 0x00 0x03                                                              NOP;                                                                  MOV.s12 m0, #128
         292    0x08 0x90 0x00 0x00 0x00 0x00 0x00 0x37                                          PADDA [sp], m0;                         NOP;                          NOP
         300    0x80 0x00 0x00 0x4a 0x20 0x00 0x07 0xf7                                                                                  NOP;                                                        MOV.u20 cl0, #163840;         NOP
         308    0x80 0x00 0x00 0xd8 0xff 0xa0 0x47 0xf7                                                                                  NOP;                                                        ST.SPIL cl0, [sp, #-96];      NOP
         316    0x00 0x00 0x15 0xc0 0x15 0xbb 0xfd 0x04 0xca 0x40 0x00 0x3f                      NOP;                MOV.s9 r5, #0;      ST p6, [sp, #-12];                                          MOV.u20 p1, #196608;          NOP
         328    0x5d 0x68 0x90 0x00 0x01 0x00 0xbc 0xf7                                                                                  ST r5, [p1], #4;              NOP;                          MOV r14, sp
         336    0x80 0x00 0x00 0xfb 0xff 0xec 0x47 0xf7                                                                                  NOP;                                                        ST.SPIL r11, [sp, #-20];      NOP
         344    0xaf 0x5f 0xe0 0x4a 0x06 0x00 0x07 0xf7                                                                                  ST r10, [sp, #-16];                                         MOV.u20 ch1, #172032;         NOP
         352    0x80 0x00 0x00 0xd8 0xff 0x94 0x47 0xf7                                                                                  NOP;                                                        ST.SPIL cl0, [sp, #-108];     NOP
         360    0x5b 0xff 0xe8 0x08 0x62 0x3f 0x50 0xf7                                                                                  ST p7, [sp, #-8];             MOV.s12 r1, #16;              MOV p0, r14
         368    0x80 0x00 0x00 0xf1 0xff 0xb0 0x47 0xf7                                                                                  NOP;                                                        ST.SPIL r1, [sp, #-80];       NOP
         376    0x5d 0x3f 0xf0 0x00 0x00 0x34 0x54 0xf7                                                                                  ST r4, [sp, #-4];             NOP;                          MOV p2, p0
         384    0x00 0x00 0x1d 0xc2 0x2a 0x47 0xf1 0xfb 0xc8 0x06 0x8b 0x9f                      NOP;                MOV.s9 r13, #17;    ST lr, [sp, #-32];            MOV.s12 m0, #-68;             MOV p6, p0
         396    0x08 0x80 0x00 0x00 0x10 0x00 0x00 0x0f 0xdf 0xfb 0x44 0x3f                      PADDA [p0], m0;     NOP;                NOP;                                                        ST.SPIL r13, [sp, #-76];      NOP
         408    0x80 0x00 0x00 0xd1 0xff 0xa4 0x47 0xf7                                                                                  NOP;                                                        ST.SPIL ch1, [sp, #-92];      NOP
         416    0x00 0x00 0x3f 0x71 0x12 0xeb 0xa0 0x37                                          NOP;                                    ST r5, [p0];                  MOV.s12 m2, #-72
         424    0x08 0x85 0xbf 0x09 0x0a 0xd1 0xfd 0x37                                          PADDA [p6], m2;                         ST p0, [sp, #-24];            MOV.s12 m1, #-124
         432    0x08 0x82 0x80 0x00 0x10 0x00 0x00 0x0d 0x1f 0xf9 0x84 0x3f                      PADDA [p2], m1;     NOP;                NOP;                                                        ST.SPIL ch1, [sp, #-104];     NOP
         444    0xae 0xba 0x30 0x03                                                              NOP;                                    ST r5, [p6]
         448    0x80 0x00 0x00 0xea 0xff 0xe4 0x47 0xf7                                                                                  NOP;                                                        ST.SPIL p2, [sp, #-28];       NOP
         456    0xae 0xba 0x10 0x40 0x01 0x00 0x07 0xf7                                                                                  ST r5, [p2];                                                MOV.u20 ch0, #4096;           NOP
         464    0x80 0x00 0x00 0xd8 0xff 0x9c 0x47 0xf7                                                                                  NOP;                                                        ST.SPIL cl0, [sp, #-100];     NOP
         472    0x80 0x00 0x00 0xd8 0xff 0x90 0x47 0xf7                                                                                  NOP;                                                        ST.SPIL cl0, [sp, #-112];     NOP
         480    0x80 0x00 0x00 0xd0 0xff 0xa8 0x47 0xf7                                                                                  NOP;                                                        ST.SPIL ch0, [sp, #-88];      NOP
         488    0x00 0x00 0x1c 0xc0 0x28 0x00 0x76 0x0d 0x0f 0xfa 0xc4 0x3f                      NOP;                MOV.s9 r12, #1;                                   MOV.s12 r11, #0;              ST.SPIL ch0, [sp, #-84];      NOP
         500    0x00 0x00 0x1a 0xc0 0x28 0x08 0x68 0x0d 0x8f 0xf8 0xc4 0x3f                      NOP;                MOV.s9 r10, #1;                                   MOV.s12 r4, #16;              ST.SPIL cl0, [sp, #-116];     NOP
.label TGT_F_main_224
.loop_nesting 1
         512    0x7d 0xbe 0x40 0x00 0x00 0x00 0x00 0x37                                          LDA r13, [p1], #-4;                     NOP;                          NOP
         520    0x00 0x01                                                                        NOP
         522    0x00 0x01                                                                        NOP
         524    0x00 0x01                                                                        NOP
         526    0x00 0x01                                                                        NOP
         528    0x00 0x01                                                                        NOP
         530    0x00 0x01                                                                        NOP
         532    0x00 0x01                                                                        NOP
         534    0x80 0x00 0x00 0x81 0xa0 0x2e 0x07 0xf7                                                                                  NOP;                                                        BEQZ r13,#736;                NOP
.delay_slot
         542    0x80 0x00 0x00 0xc7 0xbf 0xfc 0xe7 0xf7                                                                                  NOP;                                                        LDA.SPIL p7, [sp, #-28];      NOP
.delay_slot
.swstall delay_slot
         550    0x00 0x01                                                                        NOP
.delay_slot
.swstall delay_slot
         552    0x00 0x01                                                                        NOP
.delay_slot
.swstall delay_slot
         554    0x00 0x01                                                                        NOP
.delay_slot
.swstall delay_slot
         556    0x00 0x00 0x00 0x03                                                              NOP;                                                                  NOP
         560    0x00 0x00 0x00 0x00 0x10 0x00 0x00 0x0e 0x9f 0xfd 0xc4 0x80 0x00 0x00 0x00 0x00  NOP;                NOP;                NOP;                          NOP;                          ST.SPIL p1, [sp, #-36];       NOP;                                    NOP
.label TGT_F_main_288
.loop_nesting 2
         576    0x14 0xc4 0x30 0x03                                                              NOP;                                                                  ACQ r4, #1, r12
.swstall mem_acquire1
         580    0x00 0x01                                                                        NOP
.swstall mem_acquire1
         582    0x00 0x01                                                                        NOP
.swstall mem_acquire1
         584    0x00 0x01                                                                        NOP
         586    0x80 0x00 0x00 0xc7 0xa7 0xfd 0x67 0xf7                                                                                  NOP;                                                        LDA.SPIL p1, [sp, #-24];      NOP
         594    0x00 0x01                                                                        NOP
.no_stack_arguments
         596    0x80 0x00 0x00 0xa0 0x20 0x38 0x07 0xf7                                                                                  NOP;                                                        JAL #896;                     NOP
.delay_slot
         604    0xba 0xa5                                                                        MOV p2, p6
.delay_slot
.swstall delay_slot
         606    0x00 0x01                                                                        NOP
.delay_slot
.swstall delay_slot
         608    0x00 0x01                                                                        NOP
.delay_slot
         610    0xbe 0x85                                                                        MOV p0, p7
.delay_slot
         612    0x00 0x00 0x00 0x00 0x10 0x00 0x00 0x0f 0xdf 0xfd 0x84 0x3f                      NOP;                NOP;                NOP;                                                        ST.SPIL r13, [sp, #-40];      NOP
.return_address
         624    0x00 0x00 0x1c 0xc2 0x20 0x00 0x01 0x01 0x0f 0x47 0xac 0x1f                      NOP;                MOV.s9 r12, #17;    NOP;                          MOV.s12 r13, #16;             MOV r0, r10
         636    0x00 0x01                                                                        NOP
         638    0x00 0x01                                                                        NOP
         640    0x00 0x01                                                                        NOP
         642    0x00 0x01                                                                        NOP
         644    0x00 0x01                                                                        NOP
         646    0x16 0xb4 0x30 0x03                                                              NOP;                                                                  REL r4, #1, r11
         650    0x7d 0xfd 0x84 0x56 0xe3 0xfb 0x88 0x04 0xaf 0x80 0x00 0x3f                      LDA r13, [sp, #-40];PADDB [p7], #24;                                  ITE_NEZ r4, r12, r13, r0;     MOV.u20 r14, #163840;         NOP
         662    0x40 0x07 0xc0 0x4a 0xd6 0x00 0x07 0xf7                                                                                                                MOV.s12 r12, #1;              MOV.u20 r5, #172032;          NOP
         670    0x1e 0x5e 0xe0 0x03                                                              NOP;                                                                  ITE_EQZ r14, r14, r5, r0
         674    0xaf 0xd7 0x78 0x03                                                              NOP;                                    ST r14, [p7], #-12
         678    0xaf 0xd7 0xf8 0x03                                                              NOP;                                    ST r14, [p7], #-4
         682    0xaf 0xd7 0xb8 0x03                                                              NOP;                                    ST r14, [p7], #-8
         686    0x00 0x01                                                                        NOP
         688    0x00 0x01                                                                        NOP
         690    0x3b 0xdb 0xe0 0x03                                                              NOP;                                                                  LT r14, r11, r13
         694    0x31 0xed 0xd0 0x03                                                              NOP;                                                                  SUB r13, r13, r14
         698    0x80 0x00 0x00 0x91 0xa0 0x24 0x07 0xf7                                                                                  NOP;                                                        BNEZ r13,#576;                NOP
.delay_slot
         706    0x40 0x07 0xf0 0x03                                                              NOP;                                                                  MOV.s12 r15, #1
.delay_slot
         710    0x31 0xaf 0xa0 0x03                                                              NOP;                                                                  SUB r10, r15, r10
.delay_slot
.swstall delay_slot
         714    0x00 0x01                                                                        NOP
.delay_slot
.swstall delay_slot
         716    0x00 0x01                                                                        NOP
.delay_slot
.swstall delay_slot
         718    0x00 0x01                                                                        NOP
.loop_nesting 1
         720    0x00 0x00 0x00 0x00 0x10 0x00 0x00 0x0c 0x7a 0x7f 0xbe 0x80 0x00 0x00 0x00 0x00  NOP;                NOP;                NOP;                          NOP;                          LDA.SPIL p1, [sp, #-36];      NOP;                                    NOP
.label TGT_F_main_448
.swstall chess_separator_scheduler
         736    0x00 0x01                                                                        NOP
.swstall chess_separator_scheduler
         738    0x00 0x01                                                                        NOP
.swstall chess_separator_scheduler
         740    0x00 0x01                                                                        NOP
.swstall chess_separator_scheduler
         742    0x00 0x01                                                                        NOP
.swstall chess_separator_scheduler
         744    0x00 0x01                                                                        NOP
.swstall chess_separator_scheduler
         746    0x00 0x01                                                                        NOP
.swstall chess_separator_scheduler
         748    0x00 0x01                                                                        NOP
.swstall chess_separator_scheduler
         750    0x00 0x01                                                                        NOP
         752    0x04 0x00 0x20 0x03                                                              NOP;                                                                  EVENT #2
.swstall chess_separator_scheduler
         756    0x00 0x01                                                                        NOP
.swstall chess_separator_scheduler
         758    0x00 0x01                                                                        NOP
.swstall chess_separator_scheduler
         760    0x00 0x01                                                                        NOP
.swstall chess_separator_scheduler
         762    0x00 0x01                                                                        NOP
.swstall chess_separator_scheduler
         764    0x00 0x01                                                                        NOP
         766    0x7d 0xa2 0x40 0x00 0x00 0x00 0x00 0x37                                          LDA r13, [p1], #4;                      NOP;                          NOP
         774    0x00 0x01                                                                        NOP
         776    0x00 0x01                                                                        NOP
         778    0x00 0x01                                                                        NOP
         780    0x00 0x01                                                                        NOP
         782    0x00 0x01                                                                        NOP
         784    0x00 0x01                                                                        NOP
         786    0x00 0x01                                                                        NOP
         788    0x3a 0xdb 0xd0 0x03                                                              NOP;                                                                  GE r13, r11, r13
         792    0x80 0x00 0x00 0x91 0xa0 0x20 0x07 0xf7                                                                                  NOP;                                                        BNEZ r13,#512;                NOP
.delay_slot
.swstall delay_slot
         800    0x00 0x01                                                                        NOP
.delay_slot
.swstall delay_slot
         802    0x00 0x01                                                                        NOP
.delay_slot
.swstall delay_slot
         804    0x00 0x01                                                                        NOP
.delay_slot
.swstall delay_slot
         806    0x00 0x01                                                                        NOP
.delay_slot
.swstall delay_slot
         808    0x00 0x01                                                                        NOP
.loop_nesting 0
         810    0x80 0x00 0x00 0xc7 0xeb 0xfe 0x67 0xf7                                                                                  NOP;                                                        LDA.SPIL r10, [sp, #-16];     NOP
         818    0x80 0x00 0x00 0xc7 0xef 0xfd 0xe7 0xf7                                                                                  NOP;                                                        LDA.SPIL r11, [sp, #-20];     NOP
         826    0x80 0x00 0x00 0xc7 0xbf 0xff 0x67 0xf7                                                                                  NOP;                                                        LDA.SPIL p7, [sp, #-8];       NOP
         834    0x80 0x00 0x00 0xc7 0xbb 0xfe 0xe7 0xf7                                                                                  NOP;                                                        LDA.SPIL p6, [sp, #-12];      NOP
         842    0x80 0x00 0x00 0xc7 0xd3 0xff 0xe7 0xf7                                                                                  NOP;                                                        LDA.SPIL r4, [sp, #-4];       NOP
         850    0x58 0xfe 0x38 0x03                                                              NOP;                LDB lr, [sp, #-32]
         854    0x00 0x01                                                                        NOP
         856    0x00 0x01                                                                        NOP
         858    0x00 0x01                                                                        NOP
         860    0x00 0x01                                                                        NOP
         862    0x7e 0x02 0x00 0x03                                                              NOP;                                                                  MOV.s12 m0, #-128
         866    0x08 0x90 0x00 0x00 0x00 0x00 0x00 0x37                                          PADDA [sp], m0;                         NOP;                          NOP
         874    0x40 0x03 0x00 0x03                                                              NOP;                                                                  MOV.s12 r0, #0
         878    0x00 0x01                                                                        NOP
.end_of_main
         880    0x01 0x01                                                                        RET lr
.delay_slot
.swstall delay_slot
         882    0x00 0x01                                                                        NOP
.delay_slot
.swstall delay_slot
         884    0x00 0x01                                                                        NOP
.delay_slot
.swstall delay_slot
         886    0x00 0x01                                                                        NOP
.delay_slot
.swstall delay_slot
         888    0x00 0x01                                                                        NOP
.delay_slot
.swstall delay_slot
         890    0x00 0x01                                                                        NOP
.label _main__end
.label _main___func_end0

.text_segment PM    896
.label __Z17kernel_qk_softmaxP12input_windowIaEP12input_streamIaEP13output_streamIsE___func_begin0
.label _Z17kernel_qk_softmaxP12input_windowIaEP12input_streamIaEP13output_streamIsE
.function_start
         896    0x08 0xac 0x1c 0xc0 0xe0 0x00 0x01 0x22 0x08 0x7f 0xff 0xdf                      PADDA [p0], #24;    MOV.s9 r12, #7;     NOP;                          MOV.s12 m1, #544;             MOV.s8 r15, #-1
         908    0x08 0x92 0x1e 0xdf 0xc0 0x00 0x01 0x01 0x08 0x7f 0x8f 0x5f                      PADDA [sp], m1;     MOV.s9 r14, #254;   NOP;                          MOV.s12 m1, #16;              MOV.s8 r13, #-8
         920    0x80 0x00 0x00 0x40 0x40 0x40 0x07 0xf7                                                                                  NOP;                                                        MOV.u20 cb0, #1024;           NOP
.aggressive_scheduled_block_id 1
.aggressive_scheduled_block_id first
         928    0x41 0xa6 0x00 0x00 0x10 0x00 0x00 0x0e 0xff 0xfe 0x44 0x3f                      LDA cb1, [p0], #12; NOP;                NOP;                                                        ST.SPIL p7, [sp, #-28];       NOP
.aggressive_scheduled_block_id 1
.noswbrkpt
         940    0x49 0xb2 0x20 0x03 0xda 0xf7 0xfe 0xb7                                          LDA cs1, [p0], #-28;                    ST r11, [sp, #-12];           MOV.s12 r11, #1
.aggressive_scheduled_block_id 1
.aggressive_scheduled_block_id last
.nohwbrkpt
.noswbrkpt
         948    0x6f 0xd0 0x00 0x00 0x0b 0xa7 0xf9 0x00 0x0d 0x06 0x8b 0x1f                      LDA p7, [p0];       NOP;                ST r4, [sp, #-16];            MOV.s12 r4, #0;               MOV p4, p0
         960    0xad 0xdf 0xf8 0x4c 0xb9 0x02 0x07 0xf7                                                                                  ST p6, [sp, #-4];                                           MOV.u20 p6, #200736;          NOP
         968    0x80 0x00 0x00 0xfa 0xff 0xf8 0x47 0xf7                                                                                  NOP;                                                        ST.SPIL r10, [sp, #-8];       NOP
         976    0x80 0x00 0x00 0xea 0xff 0xec 0x47 0xf7                                                                                  NOP;                                                        ST.SPIL p2, [sp, #-20];       NOP
         984    0x80 0x00 0x00 0xc8 0xff 0xe8 0x47 0xf7                                                                                  NOP;                                                        ST.SPIL lr, [sp, #-24];       NOP
         992    0x00 0x01                                                                        NOP
         994    0x00 0x01                                                                        NOP
         996    0x00 0x01                                                                        NOP
         998    0xa0 0x13 0xc0 0x00 0x00 0x00 0x00 0x37                                          VLDA vrl0, [p7], m1, cyc1;              NOP;                          NOP
        1006    0x00 0x01                                                                        NOP
.aggressive_scheduled_block_id 2
.aggressive_scheduled_block_id first
        1008    0x00 0x00 0x00 0x00 0x00 0x00 0x00 0x00 0x00 0x00 0x00 0x00 0x00 0x00 0x00 0x02  NOP;                NOP;                NOP;                          NOP;                          NOP;                          NOP;                                    NOP
.label TGT_F_Z17kernel_qk_softmaxP12input_windowIaEP12input_streamIaEP13output_streamIsE_128
.loop_nesting 1
.aggressive_scheduled_block_id 2
.nohwbrkpt
.noswbrkpt
        1024    0x00 0x00 0x00 0x00 0x10 0x00 0x00 0x04 0x06 0x04 0x20 0x80 0x00 0x00 0x00 0x00  NOP;                NOP;                NOP;                          NOP;                          MOV.u20 ls, #1056;            NOP;                                    NOP
.aggressive_scheduled_block_id 2
.nohwbrkpt
.noswbrkpt
        1040    0x24 0x04 0x00 0x00 0x08 0x00 0x74 0x04 0x06 0xc4 0x80 0x80 0x00 0x00 0x00 0x00  MOV.s10 lc, #16;    NOP;                NOP;                          MOV.s12 r10, #0;              MOV.u20 le, #1152;            NOP;                                    NOP
.label ZLS_F_Z17kernel_qk_softmaxP12input_windowIaEP12input_streamIaEP13output_streamIsE_160
.loop_nesting 2
.begin_of_loop
.aggressive_scheduled_block_id 2
.noswbrkpt
        1056    0x00 0x00 0x00 0x00 0x04 0x96 0x8e 0x00 0x00 0x00 0x1f 0x7d 0x48 0x00 0x00 0x02  NOP;                NOP;                ST.s8 r5, [p6], #1;           LSHL r9, r10, r15;            NOP;                          NOP;                                    NOP
.aggressive_scheduled_block_id 2
.nohwbrkpt
.noswbrkpt
        1072    0x00 0x00 0x00 0x00 0x00 0x00 0x00 0x00 0x00 0x00 0x1a 0x4e 0x30 0x00 0x00 0x02  NOP;                NOP;                NOP;                          AND r6, r12, r9;              NOP;                          NOP;                                    NOP
.aggressive_scheduled_block_id 2
.nohwbrkpt
.noswbrkpt
        1088    0x00 0x00 0x00 0x00 0x10 0x00 0x00 0x69 0x74 0x1e 0x1e 0x00 0x00 0x00 0x00 0x00  NOP;                NOP;                NOP;                          AND r0, r10, r11;NOP;                                       VEXT.16 r7, vrl0[r6];                   NOP
.aggressive_scheduled_block_id 2
.nohwbrkpt
.noswbrkpt
        1104    0x00 0x00 0x00 0x00 0x00 0x00 0x00 0x00 0x00 0x00 0x1f 0x6b 0xc0 0x00 0x00 0x02  NOP;                NOP;                NOP;                          LSHL r8, r7, r13;             NOP;                          NOP;                                    NOP
.aggressive_scheduled_block_id 2
.aggressive_scheduled_block_id last
.nohwbrkpt
.noswbrkpt
        1120    0x00 0x00 0x00 0x00 0x00 0x00 0x00 0x00 0x00 0x00 0x0f 0xbc 0x28 0x00 0x00 0x02  NOP;                NOP;                NOP;                          ITE_NEZ r5, r8, r7, r0;       NOP;                          NOP;                                    NOP
        1136    0x00 0x00 0x00 0x00 0x00 0x00 0x00 0x00 0x00 0x00 0x10 0x0d 0x50 0x00 0x00 0x02  NOP;                NOP;                NOP;                          ADD r10, r10, #1;             NOP;                          NOP;                                    NOP
.label ZLE_F_Z17kernel_qk_softmaxP12input_windowIaEP12input_streamIaEP13output_streamIsE_256
.end_of_loop
.aggressive_scheduled_block_id 3
.aggressive_scheduled_block_id first
        1152    0x00 0x00 0x00 0x00 0x00 0x00 0x00 0x00 0x00 0x00 0x00 0x00 0x00 0x00 0x00 0x02  NOP;                NOP;                NOP;                          NOP;                          NOP;                          NOP;                                    NOP
.loop_nesting 1
.aggressive_scheduled_block_id 3
.noswbrkpt
        1168    0x03 0x8e 0xe0 0x03                                                              NOP;                                                                  BDEC r14, r14, cb0
.delay_slot
.swstall delay_slot
.aggressive_scheduled_block_id 3
.nohwbrkpt
.noswbrkpt
        1172    0x00 0x01                                                                        NOP
.delay_slot
.swstall delay_slot
.aggressive_scheduled_block_id 3
.nohwbrkpt
.noswbrkpt
        1174    0x00 0x01                                                                        NOP
.delay_slot
.aggressive_scheduled_block_id 3
.nohwbrkpt
.noswbrkpt
        1176    0xa0 0x13 0xc0 0x00 0x00 0x00 0x00 0x37                                          VLDA vrl0, [p7], m1, cyc1;              NOP;                          NOP
.delay_slot
.swstall delay_slot
.aggressive_scheduled_block_id 3
.nohwbrkpt
.noswbrkpt
        1184    0x00 0x01                                                                        NOP
.delay_slot
.swstall delay_slot
.aggressive_scheduled_block_id 3
.nohwbrkpt
.noswbrkpt
        1186    0x00 0x01                                                                        NOP
.loop_nesting 0
.aggressive_scheduled_block_id 3
.nohwbrkpt
.noswbrkpt
        1188    0x00 0x00 0x00 0x00 0x10 0x00 0x00 0x04 0x06 0x04 0xc0 0x3f                      NOP;                NOP;                NOP;                                                        MOV.u20 ls, #1216;            NOP
.aggressive_scheduled_block_id 3
.nohwbrkpt
.noswbrkpt
        1200    0x24 0x04 0x00 0x00 0x08 0x00 0x74 0x04 0x06 0xc5 0x20 0x80 0x00 0x00 0x00 0x00  MOV.s10 lc, #16;    NOP;                NOP;                          MOV.s12 r10, #0;              MOV.u20 le, #1312;            NOP;                                    NOP
.label ZLS_F_Z17kernel_qk_softmaxP12input_windowIaEP12input_streamIaEP13output_streamIsE_320
.loop_nesting 1
.begin_of_loop
.aggressive_scheduled_block_id 3
.noswbrkpt
        1216    0x00 0x00 0x00 0x00 0x04 0x96 0x8e 0x00 0x00 0x00 0x1f 0x7d 0x48 0x00 0x00 0x02  NOP;                NOP;                ST.s8 r5, [p6], #1;           LSHL r9, r10, r15;            NOP;                          NOP;                                    NOP
.aggressive_scheduled_block_id 3
.nohwbrkpt
.noswbrkpt
        1232    0x00 0x00 0x00 0x00 0x00 0x00 0x00 0x00 0x00 0x00 0x1a 0x4e 0x30 0x00 0x00 0x02  NOP;                NOP;                NOP;                          AND r6, r12, r9;              NOP;                          NOP;                                    NOP
.aggressive_scheduled_block_id 3
.nohwbrkpt
.noswbrkpt
        1248    0x00 0x00 0x00 0x00 0x10 0x00 0x00 0x69 0x74 0x1e 0x1e 0x00 0x00 0x00 0x00 0x00  NOP;                NOP;                NOP;                          AND r0, r10, r11;NOP;                                       VEXT.16 r7, vrl0[r6];                   NOP
.aggressive_scheduled_block_id 3
.nohwbrkpt
.noswbrkpt
        1264    0x00 0x00 0x00 0x00 0x00 0x00 0x00 0x00 0x00 0x00 0x1f 0x6b 0xc0 0x00 0x00 0x02  NOP;                NOP;                NOP;                          LSHL r8, r7, r13;             NOP;                          NOP;                                    NOP
.aggressive_scheduled_block_id 3
.aggressive_scheduled_block_id last
.nohwbrkpt
.noswbrkpt
        1280    0x00 0x00 0x00 0x00 0x00 0x00 0x00 0x00 0x00 0x00 0x0f 0xbc 0x28 0x00 0x00 0x02  NOP;                NOP;                NOP;                          ITE_NEZ r5, r8, r7, r0;       NOP;                          NOP;                                    NOP
        1296    0x00 0x00 0x00 0x00 0x00 0x00 0x00 0x00 0x00 0x00 0x10 0x0d 0x50 0x00 0x00 0x02  NOP;                NOP;                NOP;                          ADD r10, r10, #1;             NOP;                          NOP;                                    NOP
.label ZLE_F_Z17kernel_qk_softmaxP12input_windowIaEP12input_streamIaEP13output_streamIsE_416
.end_of_loop
        1312    0x00 0x00 0x00 0x00 0x00 0x00 0x00 0x00 0x00 0x00 0x00 0x00 0x00 0x00 0x00 0x02  NOP;                NOP;                NOP;                          NOP;                          NOP;                          NOP;                                    NOP
.loop_nesting 0
        1328    0x77 0xd0 0x40 0x00 0x00 0x00 0x00 0x37                                          LDA r7, [p1];                           NOP;                          NOP
        1336    0x00 0x01                                                                        NOP
        1338    0x00 0x01                                                                        NOP
        1340    0x7f 0x90 0x90 0x03                                                              NOP;                                                                  MOV.s12 cs1, #-28
        1344    0x80 0x00 0x00 0x4c 0xba 0x02 0x07 0xf7                                                                                  NOP;                                                        MOV.u20 p6, #204832;          NOP
        1352    0xad 0xf8 0x60 0x4c 0xbd 0x02 0x07 0xf7                                                                                  ST p7, [p4, cs1];                                           MOV.u20 p7, #200736;          NOP
        1360    0x85 0xa3 0xd8 0xdf 0xd0 0x00 0x00 0x04 0x04 0x45 0x80 0x3f                      LDA.s8 r5, [p7], #1;MOV.s9 r8, #254;    NOP;                                                        MOV.u20 cb1, #1408;           NOP
        1372    0x00 0x00 0x1e 0xc3 0x03 0xc1 0x00 0x57                                          NOP;                MOV.s9 r14, #24;                                                                MOV cl0, r8
        1380    0x00 0x00 0x1a 0xfd 0x00 0x00 0x01 0x00 0x0d 0xe4 0x7b 0x1f                      NOP;                MOV.s9 r10, #-24;   NOP;                          MOV.s12 r7, #0;               MOV md0[8], r7[0]
.aggressive_scheduled_block_id 4
.aggressive_scheduled_block_id first
        1392    0x00 0x00 0x18 0xdf 0xc0 0x00 0x00 0x30 0x0e 0x40 0x5f 0x7b 0x98 0x00 0x00 0x02  NOP;                MOV.s9 r8, #254;    NOP;                          LSHL r3, r7, r15;             MOV.s8 r9, #0;                VMOV1 vrl0, WSS.md0[ 8];                NOP
.label TGT_F_Z17kernel_qk_softmaxP12input_windowIaEP12input_streamIaEP13output_streamIsE_512
.loop_nesting 1
.aggressive_scheduled_block_id 4
.nohwbrkpt
.noswbrkpt
        1408    0x00 0x00 0x00 0x00 0x10 0x00 0x00 0x04 0x04 0x05 0x90 0x80 0x00 0x00 0x00 0x00  NOP;                NOP;                NOP;                          NOP;                          MOV.u20 cb0, #1424;           NOP;                                    NOP
.label TGT_F_Z17kernel_qk_softmaxP12input_windowIaEP12input_streamIaEP13output_streamIsE_528
.loop_nesting 2
.aggressive_scheduled_block_id 4
.nohwbrkpt
.noswbrkpt
        1424    0x24 0x03 0xc0 0x00 0x06 0x87 0x8c 0x04 0x06 0x05 0xc0 0x3f                      MOV.s10 lc, #15;    NOP;                                              AND r6, r12, r3;              MOV.u20 ls, #1472;            NOP
.aggressive_scheduled_block_id 4
.nohwbrkpt
.noswbrkpt
        1436    0x00 0x00 0x00 0x00 0x10 0x00 0x00 0x68 0xf6 0x1c 0x1e 0x7f                      NOP;                NOP;                NOP;                          AND r0, r11, r7;                                            VEXT.16 r6, vrl0[r6]
.aggressive_scheduled_block_id 4
.nohwbrkpt
.noswbrkpt
        1448    0x80 0x00 0x00 0x40 0x6c 0x62 0x07 0xf7                                                                                  NOP;                                                        MOV.u20 le, #1568;            NOP
.aggressive_scheduled_block_id 4
.nohwbrkpt
.noswbrkpt
        1456    0x3e 0xd6 0x30 0x03                                                              NOP;                                                                  LSHL r3, r6, r13
.aggressive_scheduled_block_id 4
.nohwbrkpt
.noswbrkpt
        1460    0x1e 0x36 0x00 0x03                                                              NOP;                                                                  ITE_EQZ r0, r6, r3, r0
.aggressive_scheduled_block_id 4
.nohwbrkpt
.noswbrkpt
        1464    0x00 0x00 0x1f 0x70 0x08 0x00 0x00 0x37                                          NOP;                                    NOP;                          LSHL r1, r0, r14
.label ZLS_F_Z17kernel_qk_softmaxP12input_windowIaEP12input_streamIaEP13output_streamIsE_576
.loop_nesting 3
.begin_of_loop
.aggressive_scheduled_block_id 4
.noswbrkpt
        1472    0x85 0xa3 0xd0 0x0b 0xb8 0x00 0x00 0x37                                          LDA.s8 r5, [p7], #1;                    NOP;                          ADD r7, r7, #1
.aggressive_scheduled_block_id 4
.nohwbrkpt
.noswbrkpt
        1480    0x3f 0xa1 0x10 0x03                                                              NOP;                                                                  ASHL r1, r1, r10
.aggressive_scheduled_block_id 4
.nohwbrkpt
.noswbrkpt
        1484    0x3e 0xf7 0x30 0x03                                                              NOP;                                                                  LSHL r3, r7, r15
.aggressive_scheduled_block_id 4
.nohwbrkpt
.noswbrkpt
        1488    0x34 0x3c 0x60 0x03                                                              NOP;                                                                  AND r6, r12, r3
.aggressive_scheduled_block_id 4
.nohwbrkpt
.noswbrkpt
        1492    0x00 0x00 0x00 0x00 0x10 0x00 0x00 0x68 0xf6 0x1c 0x1e 0x7f                      NOP;                NOP;                NOP;                          AND r0, r11, r7;                                            VEXT.16 r6, vrl0[r6]
.aggressive_scheduled_block_id 4
.nohwbrkpt
.noswbrkpt
        1504    0x3e 0xd6 0x30 0x03                                                              NOP;                                                                  LSHL r3, r6, r13
.aggressive_scheduled_block_id 4
.nohwbrkpt
.noswbrkpt
        1508    0x00 0x00 0x00 0x00 0x00 0x00 0x00 0x78 0xd8 0x00 0x00 0x1f                      NOP;                NOP;                NOP;                          ITE_EQZ r0, r6, r3, r0;       NOP
.aggressive_scheduled_block_id 4
.aggressive_scheduled_block_id last
.nohwbrkpt
.noswbrkpt
        1520    0x00 0x00 0x00 0x00 0x00 0x00 0x00 0x00 0x00 0x00 0x1b 0xa8 0x90 0x00 0x00 0x02  NOP;                NOP;                NOP;                          MUL r2, r1, r5;               NOP;                          NOP;                                    NOP
        1536    0x00 0x00 0x00 0x00 0x00 0x00 0x00 0x00 0x00 0x00 0x1f 0x70 0x08 0x00 0x00 0x02  NOP;                NOP;                NOP;                          LSHL r1, r0, r14;             NOP;                          NOP;                                    NOP
        1552    0x00 0x00 0x00 0x00 0x00 0x00 0x00 0x00 0x00 0x00 0x00 0x00 0x00 0x00 0x00 0x02  NOP;                NOP;                NOP;                          NOP;                          NOP;                          NOP;                                    NOP
.label ZLE_F_Z17kernel_qk_softmaxP12input_windowIaEP12input_streamIaEP13output_streamIsE_672
.end_of_loop
.aggressive_scheduled_block_id 5
.aggressive_scheduled_block_id first
        1568    0x00 0x00 0x00 0x00 0x00 0x00 0x00 0x00 0x00 0x00 0x18 0x49 0x48 0x00 0x00 0x02  NOP;                NOP;                NOP;                          ADD r9, r2, r9;               NOP;                          NOP;                                    NOP
.loop_nesting 2
.aggressive_scheduled_block_id 5
.nohwbrkpt
.noswbrkpt
        1584    0x03 0x88 0x87 0x00 0xdc 0x04 0x07 0xf7                                                                                                                BDEC r8, r8, cb0;             MOV.s8 r7, #0;                VMOV1 vrl0, WSS.md0[ 8]
.delay_slot
.aggressive_scheduled_block_id 5
.nohwbrkpt
.noswbrkpt
        1592    0x85 0xa3 0xdf 0xd0 0x88 0x00 0x00 0x37                                          LDA.s8 r5, [p7], #1;                    NOP;                          ASHL r1, r1, r10
.delay_slot
.aggressive_scheduled_block_id 5
.nohwbrkpt
.noswbrkpt
        1600    0x37 0x51 0x20 0x03                                                              NOP;                                                                  MUL r2, r1, r5
.delay_slot
.aggressive_scheduled_block_id 5
.nohwbrkpt
.noswbrkpt
        1604    0x3e 0xf7 0x30 0x03                                                              NOP;                                                                  LSHL r3, r7, r15
.delay_slot
.swstall delay_slot
.aggressive_scheduled_block_id 5
.nohwbrkpt
.noswbrkpt
        1608    0x00 0x00 0x00 0x03                                                              NOP;                                                                  NOP
.delay_slot
.aggressive_scheduled_block_id 5
.nohwbrkpt
.noswbrkpt
        1612    0x30 0x92 0x90 0x03                                                              NOP;                                                                  ADD r9, r2, r9
.loop_nesting 1
.aggressive_scheduled_block_id 5
.nohwbrkpt
.noswbrkpt
        1616    0x24 0x03 0xc0 0x00 0x06 0x87 0x8c 0x04 0x06 0x06 0x80 0x3f                      MOV.s10 lc, #15;    NOP;                                              AND r6, r12, r3;              MOV.u20 ls, #1664;            NOP
.aggressive_scheduled_block_id 5
.nohwbrkpt
.noswbrkpt
        1628    0x00 0x00 0x00 0x00 0x10 0x00 0x00 0x68 0xf6 0x1c 0x1e 0x7f                      NOP;                NOP;                NOP;                          AND r0, r11, r7;                                            VEXT.16 r6, vrl0[r6]
.aggressive_scheduled_block_id 5
.nohwbrkpt
.noswbrkpt
        1640    0x80 0x00 0x00 0x40 0x6c 0x6e 0x07 0xf7                                                                                  NOP;                                                        MOV.u20 le, #1760;            NOP
.aggressive_scheduled_block_id 5
.nohwbrkpt
.noswbrkpt
        1648    0x3e 0xd6 0x30 0x03                                                              NOP;                                                                  LSHL r3, r6, r13
.aggressive_scheduled_block_id 5
.nohwbrkpt
.noswbrkpt
        1652    0x1e 0x36 0x00 0x03                                                              NOP;                                                                  ITE_EQZ r0, r6, r3, r0
.aggressive_scheduled_block_id 5
.nohwbrkpt
.noswbrkpt
        1656    0x00 0x00 0x1f 0x70 0x08 0x00 0x00 0x37                                          NOP;                                    NOP;                          LSHL r1, r0, r14
.label ZLS_F_Z17kernel_qk_softmaxP12input_windowIaEP12input_streamIaEP13output_streamIsE_768
.loop_nesting 2
.begin_of_loop
.aggressive_scheduled_block_id 5
.noswbrkpt
        1664    0x85 0xa3 0xd0 0x0b 0xb8 0x00 0x00 0x37                                          LDA.s8 r5, [p7], #1;                    NOP;                          ADD r7, r7, #1
.aggressive_scheduled_block_id 5
.nohwbrkpt
.noswbrkpt
        1672    0x3f 0xa1 0x10 0x03                                                              NOP;                                                                  ASHL r1, r1, r10
.aggressive_scheduled_block_id 5
.nohwbrkpt
.noswbrkpt
        1676    0x3e 0xf7 0x30 0x03                                                              NOP;                                                                  LSHL r3, r7, r15
.aggressive_scheduled_block_id 5
.nohwbrkpt
.noswbrkpt
        1680    0x34 0x3c 0x60 0x03                                                              NOP;                                                                  AND r6, r12, r3
.aggressive_scheduled_block_id 5
.nohwbrkpt
.noswbrkpt
        1684    0x00 0x00 0x00 0x00 0x10 0x00 0x00 0x68 0xf6 0x1c 0x1e 0x7f                      NOP;                NOP;                NOP;                          AND r0, r11, r7;                                            VEXT.16 r6, vrl0[r6]
.aggressive_scheduled_block_id 5
.nohwbrkpt
.noswbrkpt
        1696    0x3e 0xd6 0x30 0x03                                                              NOP;                                                                  LSHL r3, r6, r13
.aggressive_scheduled_block_id 5
.nohwbrkpt
.noswbrkpt
        1700    0x00 0x00 0x00 0x00 0x00 0x00 0x00 0x78 0xd8 0x00 0x00 0x1f                      NOP;                NOP;                NOP;                          ITE_EQZ r0, r6, r3, r0;       NOP
.aggressive_scheduled_block_id 5
.aggressive_scheduled_block_id last
.nohwbrkpt
.noswbrkpt
        1712    0x00 0x00 0x00 0x00 0x00 0x00 0x00 0x00 0x00 0x00 0x1b 0xa8 0x90 0x00 0x00 0x02  NOP;                NOP;                NOP;                          MUL r2, r1, r5;               NOP;                          NOP;                                    NOP
        1728    0x00 0x00 0x00 0x00 0x00 0x00 0x00 0x00 0x00 0x00 0x1f 0x70 0x08 0x00 0x00 0x02  NOP;                NOP;                NOP;                          LSHL r1, r0, r14;             NOP;                          NOP;                                    NOP
        1744    0x00 0x00 0x00 0x00 0x00 0x00 0x00 0x00 0x00 0x00 0x00 0x00 0x00 0x00 0x00 0x02  NOP;                NOP;                NOP;                          NOP;                          NOP;                          NOP;                                    NOP
.label ZLE_F_Z17kernel_qk_softmaxP12input_windowIaEP12input_streamIaEP13output_streamIsE_864
.end_of_loop
.aggressive_scheduled_block_id 6
.aggressive_scheduled_block_id first
        1760    0x00 0x00 0x00 0x00 0x00 0x00 0x00 0x00 0x00 0x00 0x18 0x49 0x48 0x00 0x00 0x02  NOP;                NOP;                NOP;                          ADD r9, r2, r9;               NOP;                          NOP;                                    NOP
.loop_nesting 1
.aggressive_scheduled_block_id 6
.nohwbrkpt
.noswbrkpt
        1776    0x3f 0xa1 0x10 0x3e 0xe0 0x00 0x07 0xf7                                                                                                                ASHL r1, r1, r10;             MOV.s20 r8, #-32768;          NOP
.aggressive_scheduled_block_id 6
.nohwbrkpt
.noswbrkpt
        1784    0x37 0x51 0x20 0x01 0xdf 0xff 0xf7 0xf7                                                                                                                MUL r2, r1, r5;               MOV.s20 r7, #32767;           NOP
.aggressive_scheduled_block_id 6
.nohwbrkpt
.noswbrkpt
        1792    0x80 0x00 0x00 0x4c 0xbd 0x02 0x07 0xf7                                                                                  NOP;                                                        MOV.u20 p7, #200736;          NOP
.aggressive_scheduled_block_id 6
.nohwbrkpt
.noswbrkpt
        1800    0x85 0xa3 0xc0 0x80 0x20 0x00 0x00 0x77                                          LDA.s8 r5, [p7], #1;                                                  NOP;                                                        VMOV1 vrl0, WSS.md0[ 8]
.aggressive_scheduled_block_id 6
.nohwbrkpt
.noswbrkpt
        1808    0x00 0x00 0x18 0x49 0x4a 0x73 0x4b 0x37                                          NOP;                                    ST.s16 r9, [p6], #2;          ADD r9, r2, r9
.aggressive_scheduled_block_id 6
.nohwbrkpt
.noswbrkpt
        1816    0x3b 0x98 0x00 0x03                                                              NOP;                                                                  LT r0, r8, r9
.aggressive_scheduled_block_id 6
.nohwbrkpt
.noswbrkpt
        1820    0x00 0x00 0x04 0x8e 0x03 0xd3 0x12 0x77                                          NOP;                                                                  ITE_EQZ r9, r8, r9, r0;       MOV r8, cl0
.aggressive_scheduled_block_id 6
.nohwbrkpt
.noswbrkpt
        1828    0x03 0x98 0x80 0x03                                                              NOP;                                                                  BDEC r8, r8, cb1
.delay_slot
.aggressive_scheduled_block_id 6
.nohwbrkpt
.noswbrkpt
        1832    0x00 0x00 0x18 0xdf 0xc0 0x00 0x00 0xed 0xe4 0x07 0x82 0x1f                      NOP;                MOV.s9 r8, #254;    NOP;                          LT r0, r9, r7;                MOV cl0, r8
.delay_slot
.aggressive_scheduled_block_id 6
.nohwbrkpt
.noswbrkpt
        1844    0x00 0x00 0x30 0x0d 0xc3 0xef 0x32 0x77                                          NOP;                                                                  ITE_NEZ r9, r9, r7, r0;       MOV.s8 r7, #0
.delay_slot
.aggressive_scheduled_block_id 6
.nohwbrkpt
.noswbrkpt
        1852    0x60 0x1c 0x98 0x03                                                              NOP;                                                                                                MOV.s8 r9, #0
.delay_slot
.aggressive_scheduled_block_id 6
.nohwbrkpt
.noswbrkpt
        1856    0x3e 0xf7 0x30 0x03                                                              NOP;                                                                  LSHL r3, r7, r15
.delay_slot
.swstall delay_slot
.aggressive_scheduled_block_id 6
.nohwbrkpt
.noswbrkpt
        1860    0x00 0x00 0x00 0x03                                                              NOP;                                                                  NOP
.loop_nesting 0
.aggressive_scheduled_block_id 6
.nohwbrkpt
.noswbrkpt
        1864    0x80 0x00 0x00 0x40 0x40 0x75 0x07 0xf7                                                                                  NOP;                                                        MOV.u20 cb0, #1872;           NOP
.label TGT_F_Z17kernel_qk_softmaxP12input_windowIaEP12input_streamIaEP13output_streamIsE_976
.loop_nesting 1
.aggressive_scheduled_block_id 6
.nohwbrkpt
.noswbrkpt
        1872    0x24 0x03 0xc0 0x00 0x06 0x87 0x8c 0x04 0x06 0x07 0x80 0x3f                      MOV.s10 lc, #15;    NOP;                                              AND r6, r12, r3;              MOV.u20 ls, #1920;            NOP
.aggressive_scheduled_block_id 6
.nohwbrkpt
.noswbrkpt
        1884    0x00 0x00 0x00 0x00 0x10 0x00 0x00 0x68 0xf6 0x1c 0x1e 0x7f                      NOP;                NOP;                NOP;                          AND r0, r11, r7;                                            VEXT.16 r6, vrl0[r6]
.aggressive_scheduled_block_id 6
.nohwbrkpt
.noswbrkpt
        1896    0x80 0x00 0x00 0x40 0x6c 0x7e 0x07 0xf7                                                                                  NOP;                                                        MOV.u20 le, #2016;            NOP
.aggressive_scheduled_block_id 6
.nohwbrkpt
.noswbrkpt
        1904    0x3e 0xd6 0x30 0x03                                                              NOP;                                                                  LSHL r3, r6, r13
.aggressive_scheduled_block_id 6
.nohwbrkpt
.noswbrkpt
        1908    0x1e 0x36 0x00 0x03                                                              NOP;                                                                  ITE_EQZ r0, r6, r3, r0
.aggressive_scheduled_block_id 6
.nohwbrkpt
.noswbrkpt
        1912    0x00 0x00 0x1f 0x70 0x08 0x00 0x00 0x37                                          NOP;                                    NOP;                          LSHL r1, r0, r14
.label ZLS_F_Z17kernel_qk_softmaxP12input_windowIaEP12input_streamIaEP13output_streamIsE_1024
.loop_nesting 2
.begin_of_loop
.aggressive_scheduled_block_id 6
.noswbrkpt
        1920    0x85 0xa3 0xd0 0x0b 0xb8 0x00 0x00 0x37                                          LDA.s8 r5, [p7], #1;                    NOP;                          ADD r7, r7, #1
.aggressive_scheduled_block_id 6
.nohwbrkpt
.noswbrkpt
        1928    0x3f 0xa1 0x10 0x03                                                              NOP;                                                                  ASHL r1, r1, r10
.aggressive_scheduled_block_id 6
.nohwbrkpt
.noswbrkpt
        1932    0x3e 0xf7 0x30 0x03                                                              NOP;                                                                  LSHL r3, r7, r15
.aggressive_scheduled_block_id 6
.nohwbrkpt
.noswbrkpt
        1936    0x34 0x3c 0x60 0x03                                                              NOP;                                                                  AND r6, r12, r3
.aggressive_scheduled_block_id 6
.nohwbrkpt
.noswbrkpt
        1940    0x00 0x00 0x00 0x00 0x10 0x00 0x00 0x68 0xf6 0x1c 0x1e 0x7f                      NOP;                NOP;                NOP;                          AND r0, r11, r7;                                            VEXT.16 r6, vrl0[r6]
.aggressive_scheduled_block_id 6
.nohwbrkpt
.noswbrkpt
        1952    0x3e 0xd6 0x30 0x03                                                              NOP;                                                                  LSHL r3, r6, r13
.aggressive_scheduled_block_id 6
.nohwbrkpt
.noswbrkpt
        1956    0x00 0x00 0x00 0x00 0x00 0x00 0x00 0x78 0xd8 0x00 0x00 0x1f                      NOP;                NOP;                NOP;                          ITE_EQZ r0, r6, r3, r0;       NOP
.aggressive_scheduled_block_id 6
.aggressive_scheduled_block_id last
.nohwbrkpt
.noswbrkpt
        1968    0x00 0x00 0x00 0x00 0x00 0x00 0x00 0x00 0x00 0x00 0x1b 0xa8 0x90 0x00 0x00 0x02  NOP;                NOP;                NOP;                          MUL r2, r1, r5;               NOP;                          NOP;                                    NOP
        1984    0x00 0x00 0x00 0x00 0x00 0x00 0x00 0x00 0x00 0x00 0x1f 0x70 0x08 0x00 0x00 0x02  NOP;                NOP;                NOP;                          LSHL r1, r0, r14;             NOP;                          NOP;                                    NOP
        2000    0x00 0x00 0x00 0x00 0x00 0x00 0x00 0x00 0x00 0x00 0x00 0x00 0x00 0x00 0x00 0x02  NOP;                NOP;                NOP;                          NOP;                          NOP;                          NOP;                                    NOP
.label ZLE_F_Z17kernel_qk_softmaxP12input_windowIaEP12input_streamIaEP13output_streamIsE_1120
.end_of_loop
.aggressive_scheduled_block_id 7
.aggressive_scheduled_block_id first
        2016    0x00 0x00 0x00 0x00 0x00 0x00 0x00 0x00 0x00 0x00 0x18 0x49 0x48 0x00 0x00 0x02  NOP;                NOP;                NOP;                          ADD r9, r2, r9;               NOP;                          NOP;                                    NOP
.loop_nesting 1
.aggressive_scheduled_block_id 7
.nohwbrkpt
.noswbrkpt
        2032    0x00 0x00 0x17 0xc0 0x00 0x00 0x00 0x0e 0x22 0x26 0x00 0x1f                      NOP;                MOV.s9 r7, #0;      NOP;                          BDEC r8, r8, cb0;             VMOV0 vrl0, WSS.md0[ 8]
.delay_slot
.aggressive_scheduled_block_id 7
.nohwbrkpt
.noswbrkpt
        2044    0x85 0xa3 0xdf 0xd0 0x88 0x00 0x00 0x37                                          LDA.s8 r5, [p7], #1;                    NOP;                          ASHL r1, r1, r10
.delay_slot
.aggressive_scheduled_block_id 7
.nohwbrkpt
.noswbrkpt
        2052    0x37 0x51 0x20 0x03                                                              NOP;                                                                  MUL r2, r1, r5
.delay_slot
.aggressive_scheduled_block_id 7
.nohwbrkpt
.noswbrkpt
        2056    0x3e 0xf7 0x30 0x03                                                              NOP;                                                                  LSHL r3, r7, r15
.delay_slot
.swstall delay_slot
.aggressive_scheduled_block_id 7
.nohwbrkpt
.noswbrkpt
        2060    0x00 0x00 0x00 0x03                                                              NOP;                                                                  NOP
.delay_slot
.aggressive_scheduled_block_id 7
.nohwbrkpt
.noswbrkpt
        2064    0x30 0x92 0x90 0x03                                                              NOP;                                                                  ADD r9, r2, r9
.loop_nesting 0
.aggressive_scheduled_block_id 7
.nohwbrkpt
.noswbrkpt
        2068    0x24 0x03 0xc0 0x00 0x06 0x87 0x8c 0x04 0x06 0x08 0x40 0x3f                      MOV.s10 lc, #15;    NOP;                                              AND r6, r12, r3;              MOV.u20 ls, #2112;            NOP
.aggressive_scheduled_block_id 7
.nohwbrkpt
.noswbrkpt
        2080    0x00 0x00 0x00 0x00 0x10 0x00 0x00 0x68 0xf6 0x1c 0x1e 0x7f                      NOP;                NOP;                NOP;                          AND r0, r11, r7;                                            VEXT.16 r6, vrl0[r6]
.aggressive_scheduled_block_id 7
.nohwbrkpt
.noswbrkpt
        2092    0x80 0x00 0x00 0x40 0x6c 0x8a 0x07 0xf7                                                                                  NOP;                                                        MOV.u20 le, #2208;            NOP
.aggressive_scheduled_block_id 7
.nohwbrkpt
.noswbrkpt
        2100    0x3e 0xd6 0x30 0x03                                                              NOP;                                                                  LSHL r3, r6, r13
.aggressive_scheduled_block_id 7
.nohwbrkpt
.noswbrkpt
        2104    0x1e 0x36 0x00 0x03                                                              NOP;                                                                  ITE_EQZ r0, r6, r3, r0
.aggressive_scheduled_block_id 7
.nohwbrkpt
.noswbrkpt
        2108    0x3e 0xe0 0x10 0x03                                                              NOP;                                                                  LSHL r1, r0, r14
.label ZLS_F_Z17kernel_qk_softmaxP12input_windowIaEP12input_streamIaEP13output_streamIsE_1216
.loop_nesting 1
.begin_of_loop
.aggressive_scheduled_block_id 7
.noswbrkpt
        2112    0x85 0xa3 0xd0 0x0b 0xb8 0x00 0x00 0x37                                          LDA.s8 r5, [p7], #1;                    NOP;                          ADD r7, r7, #1
.aggressive_scheduled_block_id 7
.nohwbrkpt
.noswbrkpt
        2120    0x3f 0xa1 0x10 0x03                                                              NOP;                                                                  ASHL r1, r1, r10
.aggressive_scheduled_block_id 7
.nohwbrkpt
.noswbrkpt
        2124    0x3e 0xf7 0x30 0x03                                                              NOP;                                                                  LSHL r3, r7, r15
.aggressive_scheduled_block_id 7
.nohwbrkpt
.noswbrkpt
        2128    0x34 0x3c 0x60 0x03                                                              NOP;                                                                  AND r6, r12, r3
.aggressive_scheduled_block_id 7
.nohwbrkpt
.noswbrkpt
        2132    0x00 0x00 0x00 0x00 0x10 0x00 0x00 0x68 0xf6 0x1c 0x1e 0x7f                      NOP;                NOP;                NOP;                          AND r0, r11, r7;                                            VEXT.16 r6, vrl0[r6]
.aggressive_scheduled_block_id 7
.nohwbrkpt
.noswbrkpt
        2144    0x3e 0xd6 0x30 0x03                                                              NOP;                                                                  LSHL r3, r6, r13
.aggressive_scheduled_block_id 7
.nohwbrkpt
.noswbrkpt
        2148    0x00 0x00 0x00 0x00 0x00 0x00 0x00 0x78 0xd8 0x00 0x00 0x1f                      NOP;                NOP;                NOP;                          ITE_EQZ r0, r6, r3, r0;       NOP
.aggressive_scheduled_block_id 7
.aggressive_scheduled_block_id last
.nohwbrkpt
.noswbrkpt
        2160    0x00 0x00 0x00 0x00 0x00 0x00 0x00 0x00 0x00 0x00 0x1b 0xa8 0x90 0x00 0x00 0x02  NOP;                NOP;                NOP;                          MUL r2, r1, r5;               NOP;                          NOP;                                    NOP
        2176    0x00 0x00 0x00 0x00 0x00 0x00 0x00 0x00 0x00 0x00 0x1f 0x70 0x08 0x00 0x00 0x02  NOP;                NOP;                NOP;                          LSHL r1, r0, r14;             NOP;                          NOP;                                    NOP
        2192    0x00 0x00 0x00 0x00 0x00 0x00 0x00 0x00 0x00 0x00 0x00 0x00 0x00 0x00 0x00 0x02  NOP;                NOP;                NOP;                          NOP;                          NOP;                          NOP;                                    NOP
.label ZLE_F_Z17kernel_qk_softmaxP12input_windowIaEP12input_streamIaEP13output_streamIsE_1312
.end_of_loop
        2208    0x00 0x00 0x00 0x00 0x00 0x00 0x00 0x00 0x00 0x00 0x18 0x49 0x48 0x00 0x00 0x02  NOP;                NOP;                NOP;                          ADD r9, r2, r9;               NOP;                          NOP;                                    NOP
.loop_nesting 0
        2224    0x00 0x00 0x16 0xc0 0x07 0xf4 0x22 0x03 0xee 0x00 0x00 0x3f                      NOP;                MOV.s9 r6, #0;                                    ASHL r1, r1, r10;             MOV.s20 r8, #-32768;          NOP
        2236    0x00 0x00 0x20 0x17 0xc6 0xea 0x24 0x77                                          NOP;                                                                  MUL r2, r1, r5;               MOV r15, sp
.aggressive_scheduled_block_id 8
.aggressive_scheduled_block_id first
        2244    0x00 0x00 0x07 0xfa 0x4f 0x70 0x42 0x77                                          NOP;                                                                  MOV.s12 m1, #-288;            MOV p1, r15
.aggressive_scheduled_block_id 8
.noswbrkpt
        2252    0x4e 0x69 0x60 0x00 0x00 0x34 0xde 0xf7                                                                                  ST.s16 r9, [p6], #2;          NOP;                          MOV p7, p1
.aggressive_scheduled_block_id 8
.no_stack_arguments
.nohwbrkpt
.noswbrkpt
        2260    0x08 0x82 0x40 0x00 0x06 0x12 0x52 0x0a 0x02 0x10 0x80 0x3f                      PADDA [p1], m1;     NOP;                                              ADD r9, r2, r9;               JAL #4224;                    NOP
.delay_slot
.aggressive_scheduled_block_id 8
.nohwbrkpt
.noswbrkpt
        2272    0x3b 0x98 0x00 0x01 0xdf 0xff 0xf7 0xf7                                                                                                                LT r0, r8, r9;                MOV.s20 r7, #32767;           NOP
.delay_slot
.aggressive_scheduled_block_id 8
.nohwbrkpt
.noswbrkpt
        2280    0x1e 0x98 0x90 0x03                                                              NOP;                                                                  ITE_EQZ r9, r8, r9, r0
.delay_slot
.aggressive_scheduled_block_id 8
.nohwbrkpt
.noswbrkpt
        2284    0x3b 0x79 0x00 0x03                                                              NOP;                                                                  LT r0, r9, r7
.delay_slot
.aggressive_scheduled_block_id 8
.aggressive_scheduled_block_id last
.nohwbrkpt
.noswbrkpt
        2288    0x00 0x00 0x17 0xd0 0x00 0x00 0x00 0x7d 0xe6 0x44 0x8e 0x1f                      NOP;                MOV.s9 r7, #128;    NOP;                          ITE_NEZ r9, r9, r7, r0;       MOV r8, cl0
.delay_slot
        2300    0x0d 0x37 0x18 0x03                                                              NOP;                                                                                                MOV p6, p1
.return_address
.aggressive_scheduled_block_id 9
.aggressive_scheduled_block_id first
        2304    0x24 0x10 0x00 0x00 0x0f 0xb0 0x42 0x04 0x06 0x09 0x30 0x3f                      MOV.s10 lc, #64;    NOP;                                              MOV.s12 m1, #-160;            MOV.u20 ls, #2352;            NOP
.aggressive_scheduled_block_id 9
.noswbrkpt
        2316    0x08 0x83 0xc0 0x00 0x10 0x00 0x00 0x04 0x06 0xc9 0x90 0x3f                      PADDA [p7], m1;     NOP;                NOP;                                                        MOV.u20 le, #2448;            NOP
.aggressive_scheduled_block_id 9
.aggressive_scheduled_block_id last
.nohwbrkpt
.noswbrkpt
        2328    0x0d 0xf5 0x18 0x03                                                              NOP;                                                                                                MOV p2, p7
        2332    0x0d 0xf4 0x98 0x03                                                              NOP;                                                                                                MOV p1, p7
        2336    0x00 0x00 0x00 0x00 0x10 0x00 0x00 0x00 0x2f 0xc0 0x00 0x80 0x00 0x00 0x00 0x00  NOP;                NOP;                NOP;                          NOP;                          MOV.s20 r15, #32768;          NOP;                                    NOP
.label ZLS_F_Z17kernel_qk_softmaxP12input_windowIaEP12input_streamIaEP13output_streamIsE_1456
.loop_nesting 1
.begin_of_loop
        2352    0x00 0x00 0x00 0x00 0x04 0xfe 0x91 0x00 0x00 0x00 0x00 0x00 0x00 0x00 0x00 0x02  NOP;                NOP;                ST.s16 r15, [p1], #2;         NOP;                          NOP;                          NOP;                                    NOP
        2368    0x00 0x00 0x00 0x00 0x00 0x00 0x00 0x00 0x00 0x00 0x00 0x00 0x00 0x00 0x00 0x02  NOP;                NOP;                NOP;                          NOP;                          NOP;                          NOP;                                    NOP
        2384    0x00 0x00 0x00 0x00 0x00 0x00 0x00 0x00 0x00 0x00 0x00 0x00 0x00 0x00 0x00 0x02  NOP;                NOP;                NOP;                          NOP;                          NOP;                          NOP;                                    NOP
        2400    0x00 0x00 0x00 0x00 0x00 0x00 0x00 0x00 0x00 0x00 0x00 0x00 0x00 0x00 0x00 0x02  NOP;                NOP;                NOP;                          NOP;                          NOP;                          NOP;                                    NOP
        2416    0x00 0x00 0x00 0x00 0x00 0x00 0x00 0x00 0x00 0x00 0x00 0x00 0x00 0x00 0x00 0x02  NOP;                NOP;                NOP;                          NOP;                          NOP;                          NOP;                                    NOP
        2432    0x00 0x00 0x00 0x00 0x00 0x00 0x00 0x00 0x00 0x00 0x00 0x00 0x00 0x00 0x00 0x02  NOP;                NOP;                NOP;                          NOP;                          NOP;                          NOP;                                    NOP
.label ZLE_F_Z17kernel_qk_softmaxP12input_windowIaEP12input_streamIaEP13output_streamIsE_1552
.end_of_loop
        2448    0x00 0x00 0x00 0x00 0x00 0x00 0x00 0x00 0x00 0x00 0x00 0x00 0x00 0x00 0x00 0x02  NOP;                NOP;                NOP;                          NOP;                          NOP;                          NOP;                                    NOP
.loop_nesting 0
.aggressive_scheduled_block_id 10
.aggressive_scheduled_block_id first
        2464    0x00 0x00 0x19 0xc2 0x0f 0xb1 0x44 0x04 0x06 0x0a 0x10 0x3f                      NOP;                MOV.s9 r9, #16;                                   MOV.s12 m2, #-158;            MOV.u20 ls, #2576;            NOP
.aggressive_scheduled_block_id 10
.noswbrkpt
        2476    0x08 0x84 0x95 0xfe 0x0f 0xb0 0x12 0x04 0x06 0xca 0x70 0x3f                      PADDA [p2], m2;     MOV.s9 r5, #-16;                                  MOV.s12 cs1, #-160;           MOV.u20 le, #2672;            NOP
.aggressive_scheduled_block_id 10
.aggressive_scheduled_block_id last
.nohwbrkpt
.noswbrkpt
        2488    0x00 0x00 0x1e 0xc0 0x00 0x00 0x01 0x0f 0xff 0x46 0xaa 0x5f                      NOP;                MOV.s9 r14, #0;     NOP;                          MOV.s12 r13, #255;            MOV p1, p2
        2500    0x00 0x00 0x00 0x00 0x10 0x00 0x00 0x04 0xca 0x20 0x20 0x3f                      NOP;                NOP;                NOP;                                                        MOV.u20 p0, #204832;          NOP
        2512    0x00 0x00 0x00 0x00 0x10 0x00 0x00 0x04 0x04 0x49 0xe0 0x80 0x00 0x00 0x00 0x00  NOP;                NOP;                NOP;                          NOP;                          MOV.u20 cb1, #2528;           NOP;                                    NOP
.label TGT_F_Z17kernel_qk_softmaxP12input_windowIaEP12input_streamIaEP13output_streamIsE_1632
.loop_nesting 1
        2528    0x9f 0xc2 0x40 0x00 0x00 0x00 0x00 0x37                                          LDA.u16 r7, [p1, cs1];                  NOP;                          NOP
.aggressive_scheduled_block_id 11
.aggressive_scheduled_block_id first
        2536    0x91 0xa4 0x06 0xaa 0xc0 0x00 0x00 0x77                                          LDA.s16 r1, [p0], #2;                                                 NOP;                          MOV p3, p2
.aggressive_scheduled_block_id 11
.noswbrkpt
        2544    0x97 0xa4 0xc0 0x00 0x00 0x00 0x00 0x37                                          LDA.s16 r7, [p3], #2;                   NOP;                          NOP
.aggressive_scheduled_block_id 11
.nohwbrkpt
.noswbrkpt
        2552    0x00 0x01                                                                        NOP
.aggressive_scheduled_block_id 11
.nohwbrkpt
.noswbrkpt
        2554    0x00 0x01                                                                        NOP
.aggressive_scheduled_block_id 11
.nohwbrkpt
.noswbrkpt
        2556    0x00 0x01                                                                        NOP
.aggressive_scheduled_block_id 11
.nohwbrkpt
.noswbrkpt
        2558    0x00 0x01                                                                        NOP
.aggressive_scheduled_block_id 11
.nohwbrkpt
.noswbrkpt
        2560    0x60 0x3c 0x18 0x03                                                              NOP;                                                                                                MOV.s8 r8, #1
.aggressive_scheduled_block_id 11
.nohwbrkpt
.noswbrkpt
        2564    0x00 0x00 0x1a 0xc0 0x00 0x00 0x01 0x03 0xe1 0x07 0x7c 0x9f                      NOP;                MOV.s9 r10, #0;     NOP;                          MOV.s12 lc, #62;              MOV r2, r7
.label ZLS_F_Z17kernel_qk_softmaxP12input_windowIaEP12input_streamIaEP13output_streamIsE_1680
.loop_nesting 2
.begin_of_loop
.aggressive_scheduled_block_id 11
.noswbrkpt
        2576    0x97 0xa4 0xc0 0x00 0x00 0x00 0x00 0x00 0x00 0x00 0x00 0x00 0x00 0x00 0x00 0x02  LDA.s16 r7, [p3], #2;NOP;               NOP;                          NOP;                          NOP;                          NOP;                                    NOP
.aggressive_scheduled_block_id 11
.nohwbrkpt
.noswbrkpt
        2592    0x00 0x00 0x00 0x00 0x00 0x00 0x00 0x00 0x00 0x00 0x1f 0x49 0x60 0x00 0x00 0x02  NOP;                NOP;                NOP;                          LSHL r12, r2, r9;             NOP;                          NOP;                                    NOP
.aggressive_scheduled_block_id 11
.nohwbrkpt
.noswbrkpt
        2608    0x00 0x00 0x00 0x00 0x00 0x00 0x00 0x00 0x00 0x00 0x1f 0xae 0x78 0x00 0x00 0x02  NOP;                NOP;                NOP;                          ASHL r15, r12, r5;            NOP;                          NOP;                                    NOP
.aggressive_scheduled_block_id 11
.nohwbrkpt
.noswbrkpt
        2624    0x00 0x00 0x00 0x00 0x00 0x00 0x00 0x00 0x00 0x00 0x1d 0xfb 0x80 0x00 0x00 0x02  NOP;                NOP;                NOP;                          LT r0, r7, r15;               NOP;                          NOP;                                    NOP
.aggressive_scheduled_block_id 11
.aggressive_scheduled_block_id last
.nohwbrkpt
.noswbrkpt
        2640    0x00 0x00 0x00 0x00 0x00 0x00 0x00 0x00 0x00 0x00 0x0f 0xfb 0x90 0x00 0x00 0x02  NOP;                NOP;                NOP;                          ITE_NEZ r2, r7, r15, r0;      NOP;                          NOP;                                    NOP
        2656    0x00 0x00 0x00 0x00 0x00 0x00 0x00 0x00 0x00 0x00 0x0f 0xd4 0x50 0x00 0x00 0x02  NOP;                NOP;                NOP;                          ITE_NEZ r10, r8, r10, r0;     NOP;                          NOP;                                    NOP
.label ZLE_F_Z17kernel_qk_softmaxP12input_windowIaEP12input_streamIaEP13output_streamIsE_1776
.end_of_loop
        2672    0x00 0x00 0x00 0x00 0x00 0x00 0x00 0x00 0x00 0x00 0x10 0x0c 0x40 0x00 0x00 0x02  NOP;                NOP;                NOP;                          ADD r8, r8, #1;               NOP;                          NOP;                                    NOP
.loop_nesting 1
        2688    0x00 0x01                                                                        NOP
        2690    0x3e 0x92 0xc0 0x03                                                              NOP;                                                                  LSHL r12, r2, r9
        2694    0x3f 0x5c 0xf0 0x03                                                              NOP;                                                                  ASHL r15, r12, r5
        2698    0x3b 0xf7 0x00 0x03                                                              NOP;                                                                  LT r0, r7, r15
        2702    0x1f 0xf7 0x20 0x03                                                              NOP;                                                                  ITE_NEZ r2, r7, r15, r0
        2706    0x3a 0x12 0xf0 0x03                                                              NOP;                                                                  GE r15, r2, r1
        2710    0x80 0x00 0x00 0x91 0xe0 0xad 0x07 0xf7                                                                                  NOP;                                                        BNEZ r15,#2768;               NOP
.delay_slot
        2718    0x1f 0xa8 0xa0 0x03                                                              NOP;                                                                  ITE_NEZ r10, r8, r10, r0
.delay_slot
.swstall delay_slot
        2722    0x00 0x01                                                                        NOP
.delay_slot
.swstall delay_slot
        2724    0x00 0x01                                                                        NOP
.delay_slot
.swstall delay_slot
        2726    0x00 0x01                                                                        NOP
.delay_slot
.swstall delay_slot
        2728    0x00 0x01                                                                        NOP
        2730    0x3e 0xba 0xf0 0x03                                                              NOP;                                                                  LSHL r15, r10, r11
        2734    0xfd 0x85                                                                        MOV cs0, r15
        2736    0x00 0x01                                                                        NOP
        2738    0xa6 0x38 0x38 0x03                                                              NOP;                                    ST.s16 r1, [p7, cs0]
        2742    0x00 0x01                                                                        NOP
        2744    0x00 0x01                                                                        NOP
        2746    0x00 0x01                                                                        NOP
        2748    0x00 0x01                                                                        NOP
        2750    0x00 0x01                                                                        NOP
        2752    0x00 0x00 0x00 0x03                                                              NOP;                                                                  NOP
        2756    0x00 0x00 0x00 0x00 0x09 0xf6 0x0c 0x00 0x00 0x00 0x00 0x1f                      NOP;                NOP;                ST.s16 r14, [p6, cs0];        NOP;                          NOP
.label TGT_F_Z17kernel_qk_softmaxP12input_windowIaEP12input_streamIaEP13output_streamIsE_1872
        2768    0x03 0x9d 0xd0 0x03                                                              NOP;                                                                  BDEC r13, r13, cb1
.delay_slot
.swstall delay_slot
        2772    0x00 0x01                                                                        NOP
.delay_slot
.swstall delay_slot
        2774    0x00 0x01                                                                        NOP
.delay_slot
.swstall delay_slot
        2776    0x00 0x01                                                                        NOP
.delay_slot
.swstall delay_slot
        2778    0x00 0x01                                                                        NOP
.delay_slot
        2780    0x20 0x1e 0xe0 0x03                                                              NOP;                                                                  ADD r14, r14, #1
.loop_nesting 0
.aggressive_scheduled_block_id 12
.aggressive_scheduled_block_id first
        2784    0x9f 0xc2 0x40 0x00 0x00 0x00 0x00 0x37                                          LDA.u16 r7, [p1, cs1];                  NOP;                          NOP
.aggressive_scheduled_block_id 12
.noswbrkpt
        2792    0x97 0xa4 0x80 0x00 0x00 0x00 0x00 0x37                                          LDA.s16 r7, [p2], #2;                   NOP;                          NOP
.aggressive_scheduled_block_id 12
.nohwbrkpt
.noswbrkpt
        2800    0x00 0x01                                                                        NOP
.aggressive_scheduled_block_id 12
.nohwbrkpt
.noswbrkpt
        2802    0x00 0x01                                                                        NOP
.aggressive_scheduled_block_id 12
.nohwbrkpt
.noswbrkpt
        2804    0x00 0x01                                                                        NOP
.aggressive_scheduled_block_id 12
.nohwbrkpt
.noswbrkpt
        2806    0x00 0x01                                                                        NOP
.aggressive_scheduled_block_id 12
.nohwbrkpt
.noswbrkpt
        2808    0x97 0xa4 0x80 0x00 0x10 0x00 0x00 0x04 0x06 0x0b 0x40 0x3f                      LDA.s16 r7, [p2], #2;NOP;               NOP;                                                        MOV.u20 ls, #2880;            NOP
.aggressive_scheduled_block_id 12
.nohwbrkpt
.noswbrkpt
        2820    0x00 0x00 0x00 0x00 0x10 0x00 0x00 0x04 0x06 0xcb 0x80 0x3f                      NOP;                NOP;                NOP;                                                        MOV.u20 le, #2944;            NOP
.aggressive_scheduled_block_id 12
.nohwbrkpt
.noswbrkpt
        2832    0x00 0x00 0x07 0x7c 0x40 0x00 0x00 0x81 0xe8 0x80 0x00 0x00 0x00 0x00 0x00 0x00  NOP;NOP;                                NOP;                          MOV.s12 lc, #61;              MOV r1, r7;                   NOP;                                    NOP
.aggressive_scheduled_block_id 12
.nohwbrkpt
.noswbrkpt
        2848    0x00 0x00 0x00 0x00 0x00 0x00 0x00 0x00 0x00 0x00 0x1f 0x48 0xe0 0x00 0x00 0x02  NOP;                NOP;                NOP;                          LSHL r12, r1, r9;             NOP;                          NOP;                                    NOP
.aggressive_scheduled_block_id 12
.nohwbrkpt
.noswbrkpt
        2864    0x00 0x00 0x00 0x00 0x00 0x00 0x00 0x00 0x00 0x00 0x1f 0xae 0x78 0x00 0x00 0x02  NOP;                NOP;                NOP;                          ASHL r15, r12, r5;            NOP;                          NOP;                                    NOP
.label ZLS_F_Z17kernel_qk_softmaxP12input_windowIaEP12input_streamIaEP13output_streamIsE_1984
.loop_nesting 1
.begin_of_loop
.aggressive_scheduled_block_id 12
.nohwbrkpt
.noswbrkpt
        2880    0x97 0xa4 0x80 0x00 0x00 0x00 0x00 0x00 0x00 0x00 0x1d 0xbf 0x80 0x00 0x00 0x02  LDA.s16 r7, [p2], #2;NOP;               NOP;                          LT r0, r15, r7;               NOP;                          NOP;                                    NOP
.aggressive_scheduled_block_id 12
.nohwbrkpt
.noswbrkpt
        2896    0x00 0x00 0x00 0x00 0x00 0x00 0x00 0x00 0x00 0x00 0x0f 0xfb 0x88 0x00 0x00 0x02  NOP;                NOP;                NOP;                          ITE_NEZ r1, r7, r15, r0;      NOP;                          NOP;                                    NOP
.aggressive_scheduled_block_id 12
.nohwbrkpt
.noswbrkpt
        2912    0x00 0x00 0x00 0x00 0x00 0x00 0x00 0x00 0x00 0x00 0x00 0x00 0x00 0x00 0x00 0x02  NOP;                NOP;                NOP;                          NOP;                          NOP;                          NOP;                                    NOP
.aggressive_scheduled_block_id 12
.nohwbrkpt
.noswbrkpt
        2928    0x00 0x00 0x00 0x00 0x00 0x00 0x00 0x00 0x00 0x00 0x1f 0x48 0xe0 0x00 0x00 0x02  NOP;                NOP;                NOP;                          LSHL r12, r1, r9;             NOP;                          NOP;                                    NOP
.label ZLE_F_Z17kernel_qk_softmaxP12input_windowIaEP12input_streamIaEP13output_streamIsE_2048
.end_of_loop
.aggressive_scheduled_block_id 12
.nohwbrkpt
.noswbrkpt
        2944    0x00 0x00 0x00 0x00 0x00 0x00 0x00 0x00 0x00 0x00 0x1f 0xae 0x78 0x00 0x00 0x02  NOP;                NOP;                NOP;                          ASHL r15, r12, r5;            NOP;                          NOP;                                    NOP
.loop_nesting 0
.aggressive_scheduled_block_id 12
.nohwbrkpt
.noswbrkpt
        2960    0x24 0x0f 0xc0 0x00 0x07 0x6f 0xe0 0x04 0x06 0x0b 0xd0 0x3f                      MOV.s10 lc, #63;    NOP;                                              LT r0, r15, r7;               MOV.u20 ls, #3024;            NOP
.aggressive_scheduled_block_id 12
.nohwbrkpt
.noswbrkpt
        2972    0x97 0xa5 0xc6 0x9a 0x83 0xfe 0xe2 0x77                                          LDA.s16 r7, [p7], #2;                                                 ITE_NEZ r1, r7, r15, r0;      MOV p2, p1
.aggressive_scheduled_block_id 12
.nohwbrkpt
.noswbrkpt
        2980    0x79 0x82 0x10 0x40 0x6c 0xc1 0x07 0xf7                                                                                                                MOV.s12 m1, #-416;            MOV.u20 le, #3088;            NOP
.aggressive_scheduled_block_id 12
.nohwbrkpt
.noswbrkpt
        2988    0x08 0x82 0x5f 0x48 0xe0 0x00 0x00 0x37                                          PADDA [p1], m1;                         NOP;                          LSHL r12, r1, r9
.aggressive_scheduled_block_id 12
.nohwbrkpt
.noswbrkpt
        2996    0x00 0x00 0x30 0x0f 0x07 0xeb 0x9e 0x77                                          NOP;                                                                  ASHL r15, r12, r5;            MOV.s8 r12, #0
.aggressive_scheduled_block_id 12
.nohwbrkpt
.noswbrkpt
        3004    0x00 0x00 0x06 0x9a 0x07 0x6f 0xe0 0x77                                          NOP;                                                                  LT r0, r15, r7;               MOV p0, p1
.aggressive_scheduled_block_id 12
.nohwbrkpt
.noswbrkpt
        3012    0x4f 0xa9 0x03 0xfe 0xe3 0x90 0x7e 0xf7                                                                                  ST.s16 r14, [p0], #2;         ITE_NEZ r1, r7, r15, r0;      MOV.s8 r15, #32
.aggressive_scheduled_block_id 12
.nohwbrkpt
.noswbrkpt
        3020    0x31 0x1f 0xf0 0x03                                                              NOP;                                                                  SUB r15, r15, r1
.label ZLS_F_Z17kernel_qk_softmaxP12input_windowIaEP12input_streamIaEP13output_streamIsE_2128
.loop_nesting 1
.begin_of_loop
.aggressive_scheduled_block_id 12
.nohwbrkpt
.noswbrkpt
        3024    0x97 0xa5 0xc0 0x00 0x00 0x00 0x00 0x37                                          LDA.s16 r7, [p7], #2;                   NOP;                          NOP
.aggressive_scheduled_block_id 12
.nohwbrkpt
.noswbrkpt
        3032    0x30 0xf7 0xd0 0x03                                                              NOP;                                                                  ADD r13, r7, r15
.aggressive_scheduled_block_id 12
.nohwbrkpt
.noswbrkpt
        3036    0x3b 0xd4 0x00 0x03                                                              NOP;                                                                  LT r0, r4, r13
.aggressive_scheduled_block_id 12
.nohwbrkpt
.noswbrkpt
        3040    0x00 0x00 0x00 0x00 0x00 0x00 0x00 0x00 0x00 0x00 0x0f 0x6a 0x70 0x00 0x00 0x02  NOP;                NOP;                NOP;                          ITE_EQZ r14, r4, r13, r0;     NOP;                          NOP;                                    NOP
.aggressive_scheduled_block_id 12
.nohwbrkpt
.noswbrkpt
        3056    0x00 0x00 0x00 0x00 0x00 0x00 0x00 0x00 0x00 0x00 0x1f 0x4f 0x50 0x00 0x00 0x02  NOP;                NOP;                NOP;                          LSHL r10, r14, r9;            NOP;                          NOP;                                    NOP
.aggressive_scheduled_block_id 12
.nohwbrkpt
.noswbrkpt
        3072    0x00 0x00 0x00 0x00 0x04 0xfa 0x90 0x00 0x00 0x00 0x1f 0xad 0x40 0x00 0x00 0x02  NOP;                NOP;                ST.s16 r14, [p0], #2;         ASHL r8, r10, r5;             NOP;                          NOP;                                    NOP
.label ZLE_F_Z17kernel_qk_softmaxP12input_windowIaEP12input_streamIaEP13output_streamIsE_2192
.end_of_loop
.aggressive_scheduled_block_id 12
.nohwbrkpt
.noswbrkpt
        3088    0x00 0x00 0x00 0x00 0x00 0x00 0x00 0x00 0x00 0x00 0x18 0x64 0x60 0x00 0x00 0x02  NOP;                NOP;                NOP;                          ADD r12, r8, r12;             NOP;                          NOP;                                    NOP
.loop_nesting 0
.aggressive_scheduled_block_id 12
.nohwbrkpt
.noswbrkpt
        3104    0x00 0x00 0x06 0xab 0xce 0xf0 0x44 0x77                                          NOP;                                                                  MOV.s12 m2, #-544;            MOV p7, p2
.aggressive_scheduled_block_id 12
.nohwbrkpt
.noswbrkpt
        3112    0x08 0x85 0xd8 0x7b 0xe8 0x00 0x00 0x37                                          PADDA [p7], m2;                         NOP;                          ADD r13, r7, r15
.aggressive_scheduled_block_id 12
.nohwbrkpt
.noswbrkpt
        3120    0x3b 0xd4 0x00 0x03                                                              NOP;                                                                  LT r0, r4, r13
.aggressive_scheduled_block_id 12
.aggressive_scheduled_block_id last
.nohwbrkpt
.noswbrkpt
        3124    0x1e 0xd4 0xe0 0x03                                                              NOP;                                                                  ITE_EQZ r14, r4, r13, r0
        3128    0x3e 0x9e 0xa0 0x03                                                              NOP;                                                                  LSHL r10, r14, r9
        3132    0x3f 0x5a 0x80 0x03                                                              NOP;                                                                  ASHL r8, r10, r5
        3136    0x30 0xc8 0xc0 0x03                                                              NOP;                                                                  ADD r12, r8, r12
        3140    0x3b 0xc4 0xf0 0x03                                                              NOP;                                                                  LT r15, r4, r12
        3144    0x80 0x00 0x00 0x91 0xe0 0xd0 0x07 0xf7                                                                                  NOP;                                                        BNEZ r15,#3328;               NOP
.delay_slot
.swstall delay_slot
        3152    0x00 0x01                                                                        NOP
.delay_slot
.swstall delay_slot
        3154    0x00 0x01                                                                        NOP
.delay_slot
.swstall delay_slot
        3156    0x00 0x01                                                                        NOP
.delay_slot
.swstall delay_slot
        3158    0x00 0x01                                                                        NOP
.delay_slot
.swstall delay_slot
        3160    0x00 0x01                                                                        NOP
        3162    0x24 0x10 0x00 0x00 0x08 0xff 0xfe 0x04 0x06 0x0c 0x70 0x3f                      MOV.s10 lc, #64;    NOP;                                              MOV.s12 r15, #511;            MOV.u20 ls, #3184;            NOP
        3174    0x80 0x00 0x00 0x40 0x6c 0xcd 0x07 0xf7                                                                                  NOP;                                                        MOV.u20 le, #3280;            NOP
        3182    0xbe 0x95                                                                        MOV p1, p7
.label ZLS_F_Z17kernel_qk_softmaxP12input_windowIaEP12input_streamIaEP13output_streamIsE_2288
.loop_nesting 1
.begin_of_loop
        3184    0x00 0x00 0x00 0x00 0x04 0xfe 0x91 0x00 0x00 0x00 0x00 0x00 0x00 0x00 0x00 0x02  NOP;                NOP;                ST.s16 r15, [p1], #2;         NOP;                          NOP;                          NOP;                                    NOP
        3200    0x00 0x00 0x00 0x00 0x00 0x00 0x00 0x00 0x00 0x00 0x00 0x00 0x00 0x00 0x00 0x02  NOP;                NOP;                NOP;                          NOP;                          NOP;                          NOP;                                    NOP
        3216    0x00 0x00 0x00 0x00 0x00 0x00 0x00 0x00 0x00 0x00 0x00 0x00 0x00 0x00 0x00 0x02  NOP;                NOP;                NOP;                          NOP;                          NOP;                          NOP;                                    NOP
        3232    0x00 0x00 0x00 0x00 0x00 0x00 0x00 0x00 0x00 0x00 0x00 0x00 0x00 0x00 0x00 0x02  NOP;                NOP;                NOP;                          NOP;                          NOP;                          NOP;                                    NOP
        3248    0x00 0x00 0x00 0x00 0x00 0x00 0x00 0x00 0x00 0x00 0x00 0x00 0x00 0x00 0x00 0x02  NOP;                NOP;                NOP;                          NOP;                          NOP;                          NOP;                                    NOP
        3264    0x00 0x00 0x00 0x00 0x00 0x00 0x00 0x00 0x00 0x00 0x00 0x00 0x00 0x00 0x00 0x02  NOP;                NOP;                NOP;                          NOP;                          NOP;                          NOP;                                    NOP
.label ZLE_F_Z17kernel_qk_softmaxP12input_windowIaEP12input_streamIaEP13output_streamIsE_2384
.end_of_loop
        3280    0x00 0x00 0x00 0x00 0x00 0x00 0x00 0x00 0x00 0x00 0x00 0x00 0x00 0x00 0x00 0x02  NOP;                NOP;                NOP;                          NOP;                          NOP;                          NOP;                                    NOP
.loop_nesting 0
        3296    0x80 0x00 0x00 0xa0 0x00 0xd8 0x07 0xf7                                                                                  NOP;                                                        J #3456;                      NOP
.delay_slot
.swstall delay_slot
        3304    0x00 0x01                                                                        NOP
.delay_slot
.swstall delay_slot
        3306    0x00 0x01                                                                        NOP
.delay_slot
.swstall delay_slot
        3308    0x00 0x01                                                                        NOP
.delay_slot
.swstall delay_slot
        3310    0x00 0x01                                                                        NOP
.delay_slot
.swstall delay_slot
        3312    0x00 0x00 0x00 0x00 0x00 0x00 0x00 0x00 0x00 0x00 0x00 0x00 0x00 0x00 0x00 0x02  NOP;                NOP;                NOP;                          NOP;                          NOP;                          NOP;                                    NOP
.label TGT_F_Z17kernel_qk_softmaxP12input_windowIaEP12input_streamIaEP13output_streamIsE_2432
        3328    0x00 0x00 0x1e 0xc7 0xe0 0x00 0x00 0xed 0x30 0x06 0xfa 0x9f                      NOP;                MOV.s9 r14, #63;    NOP;                          LT r0, r12, r4;               MOV p2, p7
        3340    0x31 0xc4 0xf0 0x01 0xf7 0xff 0xf7 0xf7                                                                                                                SUB r15, r4, r12;             MOV.s20 r13, #32767;          NOP
        3348    0x00 0x00 0x00 0x00 0x03 0xdf 0x94 0x04 0x04 0x4d 0x20 0x3f                      NOP;                NOP;                                              ITE_EQZ r10, r12, r15, r0;    MOV.u20 cb1, #3360;           NOP
.label TGT_F_Z17kernel_qk_softmaxP12input_windowIaEP12input_streamIaEP13output_streamIsE_2464
.loop_nesting 1
        3360    0x97 0xa4 0x40 0x00 0x00 0x00 0x00 0x37                                          LDA.s16 r7, [p1], #2;                   NOP;                          NOP
        3368    0x00 0x01                                                                        NOP
        3370    0x00 0x01                                                                        NOP
        3372    0x00 0x01                                                                        NOP
        3374    0x00 0x01                                                                        NOP
        3376    0x00 0x01                                                                        NOP
        3378    0x00 0x01                                                                        NOP
        3380    0x00 0x01                                                                        NOP
        3382    0x00 0x00 0x07 0xad 0xc6 0xef 0xaa 0x77                                          NOP;                                                                  MUL r5, r13, r7;              MOV r7, r10
.no_stack_arguments
        3390    0x80 0x00 0x00 0xa0 0x20 0xf1 0x07 0xf7                                                                                  NOP;                                                        JAL #3856;                    NOP
.delay_slot
.swstall delay_slot
        3398    0x00 0x01                                                                        NOP
.delay_slot
        3400    0x3b 0x45 0x00 0x03                                                              NOP;                                                                  LT r0, r5, r4
.delay_slot
        3404    0x31 0x54 0xf0 0x03                                                              NOP;                                                                  SUB r15, r4, r5
.delay_slot
        3408    0x1e 0xf5 0x60 0x03                                                              NOP;                                                                  ITE_EQZ r6, r5, r15, r0
.delay_slot
.swstall delay_slot
        3412    0x00 0x00 0x00 0x00 0x00 0x00 0x00 0x00 0x00 0x00 0x00 0x1f                      NOP;                NOP;                NOP;                          NOP;                          NOP
.return_address
.aggressive_scheduled_block_id 13
.aggressive_scheduled_block_id first
        3424    0x03 0x9e 0xe0 0x03                                                              NOP;                                                                  BDEC r14, r14, cb1
.delay_slot
.aggressive_scheduled_block_id 13
.noswbrkpt
        3428    0x00 0x00 0x1b 0x2e 0x4a 0x7f 0x49 0x37                                          NOP;                                    ST.s16 r15, [p2], #2;         XOR r9, r12, r5
.delay_slot
.aggressive_scheduled_block_id 13
.nohwbrkpt
.noswbrkpt
        3436    0x31 0x84 0xf0 0x03                                                              NOP;                                                                  SUB r15, r4, r8
.delay_slot
.aggressive_scheduled_block_id 13
.nohwbrkpt
.noswbrkpt
        3440    0x3b 0x49 0x00 0x03                                                              NOP;                                                                  LT r0, r9, r4
.delay_slot
.aggressive_scheduled_block_id 13
.aggressive_scheduled_block_id last
.nohwbrkpt
.noswbrkpt
        3444    0x1e 0xf8 0xf0 0x03                                                              NOP;                                                                  ITE_EQZ r15, r8, r15, r0
.delay_slot
.swstall delay_slot
        3448    0x00 0x00 0x00 0x00 0x00 0x00 0x00 0x37                                          NOP;                                    NOP;                          NOP
.label TGT_F_Z17kernel_qk_softmaxP12input_windowIaEP12input_streamIaEP13output_streamIsE_2560
.loop_nesting 0
.no_stack_arguments
        3456    0x40 0x03 0x60 0xa0 0x21 0x08 0x07 0xf7                                                                                                                MOV.s12 r6, #0;               JAL #4224;                    NOP
.delay_slot
        3464    0x48 0x03 0x70 0x03                                                              NOP;                                                                  MOV.s12 r7, #512
.delay_slot
        3468    0x80 0x00 0x00 0x4c 0xa6 0x22 0x07 0xf7                                                                                  NOP;                                                        MOV.u20 p1, #205344;          NOP
.delay_slot
.swstall delay_slot
        3476    0x00 0x01                                                                        NOP
.delay_slot
.swstall delay_slot
        3478    0x00 0x01                                                                        NOP
.delay_slot
.swstall delay_slot
        3480    0x00 0x00 0x00 0x00 0x00 0x00 0x00 0x37                                          NOP;                                    NOP;                          NOP
.return_address
        3488    0x9d 0xa5 0x80 0x00 0x08 0x1f 0x88 0x04 0x06 0x0d 0xd0 0x3f                      LDA.u16 r5, [p6], #2;NOP;                                             MOV.s12 lc, #63;              MOV.u20 ls, #3536;            NOP
        3500    0x80 0x00 0x00 0x40 0x6c 0xe2 0x07 0xf7                                                                                  NOP;                                                        MOV.u20 le, #3616;            NOP
        3508    0x80 0x00 0x00 0x4c 0xa6 0x22 0x07 0xf7                                                                                  NOP;                                                        MOV.u20 p1, #205344;          NOP
        3516    0x80 0x00 0x00 0xc7 0xab 0xfc 0xe7 0xf7                                                                                  NOP;                                                        LDA.SPIL p2, [sp, #-28];      NOP
        3524    0x80 0x00 0x00 0xc7 0xa3 0xfd 0xe7 0xf7                                                                                  NOP;                                                        LDA.SPIL p0, [sp, #-20];      NOP
        3532    0x00 0x01                                                                        NOP
.aggressive_scheduled_block_id 14
.aggressive_scheduled_block_id first
        3534    0x00 0x01                                                                        NOP
.label ZLS_F_Z17kernel_qk_softmaxP12input_windowIaEP12input_streamIaEP13output_streamIsE_2640
.loop_nesting 1
.begin_of_loop
.aggressive_scheduled_block_id 14
.noswbrkpt
        3536    0x9d 0xa5 0x80 0x00 0x00 0x00 0x00 0x37                                          LDA.u16 r5, [p6], #2;                   NOP;                          NOP
.aggressive_scheduled_block_id 14
.aggressive_scheduled_block_id last
.nohwbrkpt
.noswbrkpt
        3544    0x00 0x00 0x1f 0x5a 0xf8 0x00 0x00 0x37                                          NOP;                                    NOP;                          LSHL r15, r5, r11
        3552    0x9f 0xa5 0xc0 0x00 0x00 0x00 0x00 0x07 0xf6 0x40 0x00 0x00 0x00 0x00 0x00 0x02  LDA.u16 r7, [p7], #2;NOP;               NOP;                          NOP;                          MOV cs1, r15;                 NOP;                                    NOP
        3568    0x00 0x00 0x00 0x00 0x00 0x00 0x00 0x00 0x00 0x00 0x00 0x00 0x00 0x00 0x00 0x02  NOP;                NOP;                NOP;                          NOP;                          NOP;                          NOP;                                    NOP
        3584    0x00 0x00 0x00 0x00 0x04 0xdf 0x09 0x00 0x00 0x00 0x00 0x00 0x00 0x00 0x00 0x02  NOP;                NOP;                ST.s16 r7, [p1, cs1];         NOP;                          NOP;                          NOP;                                    NOP
        3600    0x00 0x00 0x00 0x00 0x00 0x00 0x00 0x00 0x00 0x00 0x00 0x00 0x00 0x00 0x00 0x02  NOP;                NOP;                NOP;                          NOP;                          NOP;                          NOP;                                    NOP
.label ZLE_F_Z17kernel_qk_softmaxP12input_windowIaEP12input_streamIaEP13output_streamIsE_2720
.end_of_loop
        3616    0x00 0x00 0x00 0x00 0x00 0x00 0x00 0x00 0x00 0x00 0x00 0x00 0x00 0x00 0x00 0x02  NOP;                NOP;                NOP;                          NOP;                          NOP;                          NOP;                                    NOP
.loop_nesting 0
        3632    0x9f 0xa5 0xc0 0x00 0x08 0x7c 0x08 0x04 0x06 0x0e 0xa0 0x3f                      LDA.u16 r7, [p7], #2;NOP;                                             MOV.s12 lc, #248;             MOV.u20 ls, #3744;            NOP
        3644    0x3e 0xb5 0xf0 0x40 0x6c 0xea 0x07 0xf7                                                                                                                LSHL r15, r5, r11;            MOV.u20 le, #3744;            NOP
.aggressive_scheduled_block_id 15
.aggressive_scheduled_block_id first
        3652    0xfd 0x95                                                                        MOV cs1, r15
.aggressive_scheduled_block_id 15
.noswbrkpt
        3654    0x6f 0xd0 0x38 0x03                                                              NOP;                LDB r7, [p0]
.aggressive_scheduled_block_id 15
.aggressive_scheduled_block_id last
.nohwbrkpt
.noswbrkpt
        3658    0x4d 0xf0 0x90 0x00 0x00 0x35 0x5e 0xf7                                                                                  ST.s16 r7, [p1, cs1];         NOP;                          MOV p7, p2
        3666    0x00 0x01                                                                        NOP
        3668    0x00 0x01                                                                        NOP
        3670    0x00 0x01                                                                        NOP
        3672    0x00 0x01                                                                        NOP
        3674    0x00 0x01                                                                        NOP
        3676    0x00 0x00 0x00 0x03                                                              NOP;                                                                  NOP
.aggressive_scheduled_block_id 16
.aggressive_scheduled_block_id first
        3680    0x9f 0xa4 0x65 0x7b 0x00 0x00 0x00 0x77                                          LDA.u16 r7, [p1], #2;                                                 NOP;                          MOV md0[10], r7[0]
.aggressive_scheduled_block_id 16
.noswbrkpt
        3688    0x9f 0xa4 0x40 0x00 0x00 0x00 0x00 0x37                                          LDA.u16 r7, [p1], #2;                   NOP;                          NOP
.aggressive_scheduled_block_id 16
.nohwbrkpt
.noswbrkpt
        3696    0x9f 0xa4 0x40 0x00 0x00 0x00 0x00 0x37                                          LDA.u16 r7, [p1], #2;                   NOP;                          NOP
.aggressive_scheduled_block_id 16
.nohwbrkpt
.noswbrkpt
        3704    0x9f 0xa4 0x40 0x00 0x00 0x00 0x00 0x37                                          LDA.u16 r7, [p1], #2;                   NOP;                          NOP
.aggressive_scheduled_block_id 16
.nohwbrkpt
.noswbrkpt
        3712    0x9f 0xa4 0x40 0x00 0x00 0x00 0x00 0x37                                          LDA.u16 r7, [p1], #2;                   NOP;                          NOP
.aggressive_scheduled_block_id 16
.nohwbrkpt
.noswbrkpt
        3720    0x9f 0xa4 0x40 0x00 0x00 0x00 0x00 0x37                                          LDA.u16 r7, [p1], #2;                   NOP;                          NOP
.aggressive_scheduled_block_id 16
.nohwbrkpt
.noswbrkpt
        3728    0x9f 0xa4 0x40 0x00 0x00 0x00 0x00 0x37                                          LDA.u16 r7, [p1], #2;                   NOP;                          NOP
.aggressive_scheduled_block_id 16
.nohwbrkpt
.noswbrkpt
        3736    0x9f 0xa4 0x40 0x00 0x00 0x00 0x00 0x37                                          LDA.u16 r7, [p1], #2;                   NOP;                          NOP
.label ZLS_F_Z17kernel_qk_softmaxP12input_windowIaEP12input_streamIaEP13output_streamIsE_2848
.loop_nesting 1
.begin_of_loop
.end_of_loop
.aggressive_scheduled_block_id 16
.nohwbrkpt
.noswbrkpt
        3744    0x9f 0xa4 0x40 0x00 0x10 0x00 0x00 0x40 0x00 0x01 0x7c 0x80 0x00 0x00 0x00 0x00  LDA.u16 r7, [p1], #2;NOP;               NOP;                          NOP;                          NOP;                          MOV1 MS.md0[10], r7, #0;                NOP
.loop_nesting 0
.aggressive_scheduled_block_id 16
.nohwbrkpt
.noswbrkpt
        3760    0x00 0x00 0x2c 0x7f 0x50 0x00 0x00 0x40 0x00 0x01 0x7c 0x3f                      NOP;                LDB lr, [sp, #-24]; NOP;                                                        NOP;                          MOV1 MS.md0[10], r7, #0
.aggressive_scheduled_block_id 16
.nohwbrkpt
.noswbrkpt
        3772    0x7b 0xff 0x42 0xf8 0x30 0x00 0x00 0x77                                          LDA r11, [sp, #-12];                    NOP;                                                                                      MOV1 MS.md0[10], r7, #0
.aggressive_scheduled_block_id 16
.nohwbrkpt
.noswbrkpt
        3780    0x7a 0xff 0x82 0xf8 0x30 0x00 0x00 0x77                                          LDA r10, [sp, #-8];                     NOP;                                                                                      MOV1 MS.md0[10], r7, #0
.aggressive_scheduled_block_id 16
.nohwbrkpt
.noswbrkpt
        3788    0x74 0xff 0x02 0xf8 0x30 0x00 0x00 0x77                                          LDA r4, [sp, #-16];                     NOP;                                                                                      MOV1 MS.md0[10], r7, #0
.aggressive_scheduled_block_id 16
.nohwbrkpt
.noswbrkpt
        3796    0x6e 0xff 0xc2 0xf8 0x30 0x00 0x00 0x77                                          LDA p6, [sp, #-4];                      NOP;                                                                                      MOV1 MS.md0[10], r7, #0
.aggressive_scheduled_block_id 16
.nohwbrkpt
.noswbrkpt
        3804    0x00 0x00 0x02 0xf8 0x30 0x00 0x00 0x77                                          NOP;                                    NOP;                                                                                      MOV1 MS.md0[10], r7, #0
.aggressive_scheduled_block_id 16
.aggressive_scheduled_block_id last
.nohwbrkpt
.noswbrkpt
        3812    0x00 0x00 0x02 0xf8 0x30 0x00 0x00 0x77                                          NOP;                                    NOP;                                                                                      MOV1 MS.md0[10], r7, #0
        3820    0x00 0x01                                                                        NOP
        3822    0x01 0x01                                                                        RET lr
.delay_slot
        3824    0x77 0x82 0x10 0x03                                                              NOP;                                                                  MOV.s12 m1, #-544
.delay_slot
        3828    0x08 0x92 0x00 0x00 0x00 0x00 0x00 0x37                                          PADDA [sp], m1;                         NOP;                          NOP
.delay_slot
        3836    0x00 0x00 0x02 0xf8 0x30 0x00 0x00 0x77                                          NOP;                                    NOP;                                                                                      MOV1 MS.md0[10], r7, #0
.delay_slot
.swstall delay_slot
        3844    0x00 0x01                                                                        NOP
.delay_slot
.swstall delay_slot
        3846    0x00 0x01                                                                        NOP
.label _Z17kernel_qk_softmaxP12input_windowIaEP12input_streamIaEP13output_streamIsE__end
.label __Z17kernel_qk_softmaxP12input_windowIaEP12input_streamIaEP13output_streamIsE___func_end0

.text_segment PM   3856
.label _ZN12me_primitive10udiv_dstepEjjRjS0_
.function_start
        3856    0x00 0x00 0x07 0x6f 0xc8 0x00 0x72 0x77                                          NOP;                                                                  MOV.s12 r9, #0;               MOV r15, r6
        3864    0x18 0x79 0x90 0x03                                                              NOP;                                                                  DSTEP r9, r15, r9, r7
        3868    0x18 0x79 0x90 0x03                                                              NOP;                                                                  DSTEP r9, r15, r9, r7
        3872    0x18 0x79 0x90 0x03                                                              NOP;                                                                  DSTEP r9, r15, r9, r7
        3876    0x18 0x79 0x90 0x03                                                              NOP;                                                                  DSTEP r9, r15, r9, r7
        3880    0x18 0x79 0x90 0x03                                                              NOP;                                                                  DSTEP r9, r15, r9, r7
        3884    0x18 0x79 0x90 0x03                                                              NOP;                                                                  DSTEP r9, r15, r9, r7
        3888    0x18 0x79 0x90 0x03                                                              NOP;                                                                  DSTEP r9, r15, r9, r7
        3892    0x18 0x79 0x90 0x03                                                              NOP;                                                                  DSTEP r9, r15, r9, r7
        3896    0x18 0x79 0x90 0x03                                                              NOP;                                                                  DSTEP r9, r15, r9, r7
        3900    0x18 0x79 0x90 0x03                                                              NOP;                                                                  DSTEP r9, r15, r9, r7
        3904    0x18 0x79 0x90 0x03                                                              NOP;                                                                  DSTEP r9, r15, r9, r7
        3908    0x18 0x79 0x90 0x03                                                              NOP;                                                                  DSTEP r9, r15, r9, r7
        3912    0x18 0x79 0x90 0x03                                                              NOP;                                                                  DSTEP r9, r15, r9, r7
        3916    0x18 0x79 0x90 0x03                                                              NOP;                                                                  DSTEP r9, r15, r9, r7
        3920    0x18 0x79 0x90 0x03                                                              NOP;                                                                  DSTEP r9, r15, r9, r7
        3924    0x18 0x79 0x90 0x03                                                              NOP;                                                                  DSTEP r9, r15, r9, r7
        3928    0x18 0x79 0x90 0x03                                                              NOP;                                                                  DSTEP r9, r15, r9, r7
        3932    0x18 0x79 0x90 0x03                                                              NOP;                                                                  DSTEP r9, r15, r9, r7
        3936    0x18 0x79 0x90 0x03                                                              NOP;                                                                  DSTEP r9, r15, r9, r7
        3940    0x18 0x79 0x90 0x03                                                              NOP;                                                                  DSTEP r9, r15, r9, r7
        3944    0x18 0x79 0x90 0x03                                                              NOP;                                                                  DSTEP r9, r15, r9, r7
        3948    0x18 0x79 0x90 0x03                                                              NOP;                                                                  DSTEP r9, r15, r9, r7
        3952    0x18 0x79 0x90 0x03                                                              NOP;                                                                  DSTEP r9, r15, r9, r7
        3956    0x18 0x79 0x90 0x03                                                              NOP;                                                                  DSTEP r9, r15, r9, r7
        3960    0x18 0x79 0x90 0x03                                                              NOP;                                                                  DSTEP r9, r15, r9, r7
        3964    0x18 0x79 0x90 0x03                                                              NOP;                                                                  DSTEP r9, r15, r9, r7
        3968    0x18 0x79 0x90 0x03                                                              NOP;                                                                  DSTEP r9, r15, r9, r7
        3972    0x18 0x79 0x90 0x03                                                              NOP;                                                                  DSTEP r9, r15, r9, r7
        3976    0x18 0x79 0x90 0x03                                                              NOP;                                                                  DSTEP r9, r15, r9, r7
        3980    0x01 0x01                                                                        RET lr
.delay_slot
        3982    0x18 0x79 0x90 0x03                                                              NOP;                                                                  DSTEP r9, r15, r9, r7
.delay_slot
        3986    0x18 0x79 0x90 0x03                                                              NOP;                                                                  DSTEP r9, r15, r9, r7
.delay_slot
        3990    0x18 0x79 0x90 0x03                                                              NOP;                                                                  DSTEP r9, r15, r9, r7
.delay_slot
        3994    0xff 0x85                                                                        MOV r8, r15
.delay_slot
.swstall delay_slot
        3996    0x00 0x01                                                                        NOP
.label _ZN12me_primitive10udiv_dstepEjjRjS0___end

.text_segment PM   4000
.label _fini
.function_start
        4000    0x40 0x82 0x00 0x40 0xc0 0x00 0x07 0xf7                                                                                                                MOV.s12 m0, #32;              MOV.u20 r0, #0;               NOP
        4008    0x08 0x90 0x00 0x00 0x10 0x00 0x00 0x04 0x0f 0x00 0x00 0x3f                      PADDA [sp], m0;     NOP;                NOP;                                                        MOV.u20 r12, #0;              NOP
        4020    0x00 0x00 0x06 0xfa 0x07 0x18 0x18 0x77                                          NOP;                                                                  EQ r12, r0, r12;              MOV p0, p7
        4028    0x80 0x00 0x00 0x91 0x81 0x04 0x07 0xf7                                                                                  NOP;                                                        BNEZ r12,#4160;               NOP
.delay_slot
        4036    0xaf 0x7f 0xf0 0x40 0xbc 0x00 0x07 0xf7                                                                                  ST r11, [sp, #-8];                                          MOV.u20 p7, #0;               NOP
.delay_slot
        4044    0x80 0x00 0x00 0xe8 0xff 0xfc 0x47 0xf7                                                                                  NOP;                                                        ST.SPIL p0, [sp, #-4];        NOP
.delay_slot
        4052    0x80 0x00 0x00 0xf4 0xff 0xf4 0x47 0xf7                                                                                  NOP;                                                        ST.SPIL r4, [sp, #-12];       NOP
.delay_slot
        4060    0x80 0x00 0x00 0xc8 0xff 0xf0 0x47 0xf7                                                                                  NOP;                                                        ST.SPIL lr, [sp, #-16];       NOP
.delay_slot
.swstall delay_slot
        4068    0x00 0x00 0x00 0x03                                                              NOP;                                                                  NOP
        4072    0x80 0x00 0x00 0x40 0xd0 0x00 0x07 0xf7                                                                                  NOP;                                                        MOV.u20 r4, #0;               NOP
.label TGT_F_fini_80
.loop_nesting 1
        4080    0x40 0xa3 0xc0 0x00 0x00 0x00 0x00 0x37                                          LDA cb0, [p7], #4;                      NOP;                          NOP
        4088    0x00 0x01                                                                        NOP
        4090    0x00 0x01                                                                        NOP
        4092    0x00 0x01                                                                        NOP
        4094    0x00 0x01                                                                        NOP
        4096    0x00 0x01                                                                        NOP
        4098    0x00 0x01                                                                        NOP
        4100    0x00 0x01                                                                        NOP
.no_stack_arguments
        4102    0x00 0x41                                                                        JAL cb0
.delay_slot
        4104    0xbf 0xb5                                                                        MOV r11, p7
.delay_slot
.swstall delay_slot
        4106    0x00 0x01                                                                        NOP
.delay_slot
.swstall delay_slot
        4108    0x00 0x01                                                                        NOP
.delay_slot
.swstall delay_slot
        4110    0x00 0x01                                                                        NOP
.delay_slot
.swstall delay_slot
        4112    0x00 0x00 0x00 0x00 0x00 0x00 0x00 0x00 0x00 0x00 0x00 0x00 0x00 0x00 0x00 0x02  NOP;                NOP;                NOP;                          NOP;                          NOP;                          NOP;                                    NOP
.return_address
        4128    0x39 0xb4 0xc0 0x03                                                              NOP;                                                                  NE r12, r4, r11
        4132    0x80 0x00 0x00 0x91 0x80 0xff 0x07 0xf7                                                                                  NOP;                                                        BNEZ r12,#4080;               NOP
.delay_slot
.swstall delay_slot
        4140    0x00 0x01                                                                        NOP
.delay_slot
.swstall delay_slot
        4142    0x00 0x01                                                                        NOP
.delay_slot
.swstall delay_slot
        4144    0x00 0x01                                                                        NOP
.delay_slot
.swstall delay_slot
        4146    0x00 0x01                                                                        NOP
.delay_slot
.swstall delay_slot
        4148    0x00 0x00 0x00 0x00 0x00 0x00 0x00 0x00 0x00 0x00 0x00 0x1f                      NOP;                NOP;                NOP;                          NOP;                          NOP
.label TGT_F_fini_160
.loop_nesting 0
        4160    0x58 0xff 0x38 0x03                                                              NOP;                LDB lr, [sp, #-16]
        4164    0x80 0x00 0x00 0xc7 0xef 0xff 0x67 0xf7                                                                                  NOP;                                                        LDA.SPIL r11, [sp, #-8];      NOP
        4172    0x80 0x00 0x00 0xc7 0xd3 0xfe 0xe7 0xf7                                                                                  NOP;                                                        LDA.SPIL r4, [sp, #-12];      NOP
        4180    0x80 0x00 0x00 0xc7 0xbf 0xff 0xe7 0xf7                                                                                  NOP;                                                        LDA.SPIL p7, [sp, #-4];       NOP
        4188    0x00 0x01                                                                        NOP
        4190    0x00 0x01                                                                        NOP
        4192    0x00 0x01                                                                        NOP
        4194    0x00 0x01                                                                        NOP
        4196    0x01 0x01                                                                        RET lr
.delay_slot
        4198    0x7f 0x82 0x00 0x03                                                              NOP;                                                                  MOV.s12 m0, #-32
.delay_slot
        4202    0x08 0x90 0x00 0x00 0x00 0x00 0x00 0x37                                          PADDA [sp], m0;                         NOP;                          NOP
.delay_slot
.swstall delay_slot
        4210    0x00 0x01                                                                        NOP
.delay_slot
.swstall delay_slot
        4212    0x00 0x01                                                                        NOP
.delay_slot
.swstall delay_slot
        4214    0x00 0x01                                                                        NOP
.label _fini__end

.text_segment PM   4224
.label memset
.function_start
        4224    0x80 0x00 0x00 0x80 0xe1 0x12 0x07 0xf7                                                                                  NOP;                                                        BEQZ r7,#4384;                NOP
.delay_slot
        4232    0xa6 0x85                                                                        MOV p0, p1
.delay_slot
.swstall delay_slot
        4234    0x00 0x01                                                                        NOP
.delay_slot
.swstall delay_slot
        4236    0x00 0x01                                                                        NOP
.delay_slot
.swstall delay_slot
        4238    0x00 0x01                                                                        NOP
.delay_slot
.swstall delay_slot
        4240    0x00 0x00 0x00 0x03                                                              NOP;                                                                  NOP
        4244    0x1c 0x07 0x00 0x40 0x61 0x0b 0x07 0xf7                                                                                                                ADD lc, r7, #0;               MOV.u20 ls, #4272;            NOP
        4252    0x80 0x00 0x00 0x40 0x6d 0x11 0x07 0xf7                                                                                  NOP;                                                        MOV.u20 le, #4368;            NOP
        4260    0x00 0x00 0x00 0x00 0x00 0x00 0x00 0x00 0x00 0x06 0x8a 0x5f                      NOP;                NOP;                NOP;                          NOP;                          MOV p1, p0
.label ZLS_Fmemset_48
.loop_nesting 1
.begin_of_loop
        4272    0x00 0x00 0x00 0x00 0x04 0x9a 0x89 0x00 0x00 0x00 0x00 0x00 0x00 0x00 0x00 0x02  NOP;                NOP;                ST.s8 r6, [p1], #1;           NOP;                          NOP;                          NOP;                                    NOP
        4288    0x00 0x00 0x00 0x00 0x00 0x00 0x00 0x00 0x00 0x00 0x00 0x00 0x00 0x00 0x00 0x02  NOP;                NOP;                NOP;                          NOP;                          NOP;                          NOP;                                    NOP
        4304    0x00 0x00 0x00 0x00 0x00 0x00 0x00 0x00 0x00 0x00 0x00 0x00 0x00 0x00 0x00 0x02  NOP;                NOP;                NOP;                          NOP;                          NOP;                          NOP;                                    NOP
        4320    0x00 0x00 0x00 0x00 0x00 0x00 0x00 0x00 0x00 0x00 0x00 0x00 0x00 0x00 0x00 0x02  NOP;                NOP;                NOP;                          NOP;                          NOP;                          NOP;                                    NOP
        4336    0x00 0x00 0x00 0x00 0x00 0x00 0x00 0x00 0x00 0x00 0x00 0x00 0x00 0x00 0x00 0x02  NOP;                NOP;                NOP;                          NOP;                          NOP;                          NOP;                                    NOP
        4352    0x00 0x00 0x00 0x00 0x00 0x00 0x00 0x00 0x00 0x00 0x00 0x00 0x00 0x00 0x00 0x02  NOP;                NOP;                NOP;                          NOP;                          NOP;                          NOP;                                    NOP
.label ZLE_Fmemset_144
.end_of_loop
        4368    0x00 0x00 0x00 0x00 0x00 0x00 0x00 0x00 0x00 0x00 0x00 0x00 0x00 0x00 0x00 0x02  NOP;                NOP;                NOP;                          NOP;                          NOP;                          NOP;                                    NOP
.label TGT_Fmemset_160
.loop_nesting 0
        4384    0x01 0x01                                                                        RET lr
.delay_slot
.swstall delay_slot
        4386    0x00 0x01                                                                        NOP
.delay_slot
.swstall delay_slot
        4388    0x00 0x01                                                                        NOP
.delay_slot
.swstall delay_slot
        4390    0x00 0x01                                                                        NOP
.delay_slot
.swstall delay_slot
        4392    0x00 0x01                                                                        NOP
.delay_slot
.swstall delay_slot
        4394    0x00 0x01                                                                        NOP
.label memset__end

.text_segment PM   4400
.label __cxa_finalize
.function_start
        4400    0x00 0x00 0x18 0xff 0xa8 0x04 0x78 0x04 0xca 0x24 0x40 0x3f                      NOP;                MOV.s9 r8, #-3;                                   MOV.s12 r12, #8;              MOV.u20 p0, #205888;          NOP
        4412    0x80 0x00 0x00 0x4c 0xba 0x42 0x07 0xf7                                                                                  NOP;                                                        MOV.u20 p6, #205856;          NOP
        4420    0x15 0xa9                                                                        MOV r10, lr
        4422    0x79 0xd0 0x00 0x00 0x00 0x00 0x00 0x37                                          LDA r9, [p0];                           NOP;                          NOP
        4430    0xaf 0x9a 0x00 0x03                                                              NOP;                                    ST r12, [p0]
        4434    0x00 0x01                                                                        NOP
        4436    0x00 0x01                                                                        NOP
        4438    0x00 0x01                                                                        NOP
        4440    0x00 0x01                                                                        NOP
        4442    0x00 0x01                                                                        NOP
        4444    0x00 0x01                                                                        NOP
        4446    0x27 0x89 0x90 0x03                                                              NOP;                                                                  ADD r9, r9, #-8
        4450    0x00 0x00 0x07 0x98 0x07 0xf1 0x36 0x77                                          NOP;                                                                  ASHL r11, r9, r8;             MOV m0, r9
        4458    0xa0 0x10 0x30 0x03                                                              NOP;                                    PADDS [p6], m0
        4462    0x00 0x01                                                                        NOP
.label TGT_F__cxa_finalize_64
.loop_nesting 1
        4464    0x40 0xa3 0x80 0x00 0x00 0x00 0x00 0x37                                          LDA cb0, [p6], #4;                      NOP;                          NOP
        4472    0x68 0xbb 0x80 0x00 0x00 0x00 0x00 0x37                                          LDA p0, [p6], #-12;                     NOP;                          NOP
        4480    0x00 0x01                                                                        NOP
        4482    0x00 0x01                                                                        NOP
        4484    0x00 0x01                                                                        NOP
        4486    0x00 0x01                                                                        NOP
        4488    0x00 0x01                                                                        NOP
        4490    0x00 0x01                                                                        NOP
.no_stack_arguments
        4492    0x00 0x41                                                                        JAL cb0
.delay_slot
.swstall delay_slot
        4494    0x00 0x01                                                                        NOP
.delay_slot
.swstall delay_slot
        4496    0x00 0x01                                                                        NOP
.delay_slot
.swstall delay_slot
        4498    0x00 0x01                                                                        NOP
.delay_slot
        4500    0x0e 0x1a 0x18 0x03                                                              NOP;                                                                                                MOV r4, r0
.delay_slot
.swstall delay_slot
        4504    0x00 0x00 0x00 0x00 0x00 0x00 0x00 0x37                                          NOP;                                    NOP;                          NOP
.return_address
        4512    0x80 0x00 0x00 0x40 0x41 0x17 0x07 0xf7                                                                                  NOP;                                                        MOV.u20 cb0, #4464;           NOP
        4520    0x03 0x8b 0xb0 0x03                                                              NOP;                                                                  BDEC r11, r11, cb0
.delay_slot
        4524    0xd3 0x05                                                                        MOV r0, r4
.delay_slot
.swstall delay_slot
        4526    0x00 0x01                                                                        NOP
.delay_slot
.swstall delay_slot
        4528    0x00 0x01                                                                        NOP
.delay_slot
.swstall delay_slot
        4530    0x00 0x01                                                                        NOP
.delay_slot
.swstall delay_slot
        4532    0x00 0x01                                                                        NOP
.loop_nesting 0
        4534    0xa1 0x61                                                                        MOV lr, r10
        4536    0x01 0x01                                                                        RET lr
.delay_slot
.swstall delay_slot
        4538    0x00 0x01                                                                        NOP
.delay_slot
.swstall delay_slot
        4540    0x00 0x01                                                                        NOP
.delay_slot
.swstall delay_slot
        4542    0x00 0x01                                                                        NOP
.delay_slot
.swstall delay_slot
        4544    0x00 0x01                                                                        NOP
.delay_slot
.swstall delay_slot
        4546    0x00 0x01                                                                        NOP
.label __cxa_finalize__end

.bss_segment DMb 163840	    4096

.bss_segment DMb 172032	    4096

.data_segment DMb 196608
.label _ZL11sync_buffer
	0x0
	0x0
	0x0
	0x0
	0xff
	0xff
	0xff
	0xff
	0x0
	0x0
	0x0
	0x0
	0x0
	0x0
	0x0
	0x0
	0x0
	0x0
	0x0
	0x0
	0x0
	0x0
	0x0
	0x0
	0x0
	0x0
	0x0
	0x0
	0x0
	0x0
	0x0
	0x0

.bss_segment DMb 200736	    5120

.data_segment DMb 205856
.label _ZL7atexits
	0xa0
	0xf
	0x0
	0x0
	0x0
	0x0
	0x0
	0x0
	0x0
	0x0
	0x0
	0x0
	0x0
	0x0
	0x0
	0x0
	0x0
	0x0
	0x0
	0x0
	0x0
	0x0
	0x0
	0x0
	0x0
	0x0
	0x0
	0x0
	0x0
	0x0
	0x0
	0x0
.label _ZL10atexit_cnt
	0x8
	0x0
	0x0
	0x0

.stack DM_stack 196640 200736
