
// File generated by darts version U-2023.06#951b0e4fc8#240112, Wed May 27 11:35:53 2026
// Copyright 2014-2023 Synopsys, Inc. All rights reserved.
// darts -I/tools/Xilinx/Vitis/2024.1/aietools/data/versal_prod/lib -d -h -I/tools/Xilinx/Vitis/2024.1/aietools/include -I/tools/projects/FPGA-VLA/runs/T0042/aie_graph_v1_1a/. -I/tools/Xilinx/Vitis/2024.1/aietools/data/versal_prod/lib/runtime_cxx/libcxx-lite/include -I/tools/Xilinx/Vitis/2024.1/aietools/data/versal_prod/lib/runtime_cxx/libs/libcxx-9.0.0/include-lite -I/tools/Xilinx/Vitis/2024.1/aietools/data/versal_prod/lib/runtime/include -D__AIENGINE__ -D__AIE_ARCH__=10 -DDEPLOYMENT_ELF=1 -D__LOCK_FENCE_MODE__=0 -DAIE_OPTION_SCALAR_FLOAT_ON_VECTOR -D__tct_tgt__=240112 -L +Ihex +nanno +u ../Release/26_0 me

// Release: ipp U-2023.06-TGT-240112

.text_segment PM      0
.entry_point
.label __AIE_ARCH_MODEL_VERSION__10022500__inlined__1__me_basic___main_init_
.label _main_init
.function_start
           0    0x4e 0x64 0x02 0x0b                                                              NOP;                                                                                                MOV.u20 sp, #229408
           4    0x40 0x03 0xc0 0x03                                                              NOP;                                                                  MOV.s12 r12, #0
           8    0xca 0x21                                                                        MOV mc0, r12
          10    0xca 0x61                                                                        MOV mc1, r12
          12    0x40 0x03 0xc0 0x40 0xe8 0x00 0x07 0xf7                                                                                                                MOV.s12 r12, #0;              MOV.u20 r10, #0;              NOP
          20    0x80 0x00 0x00 0x40 0xf4 0x00 0x07 0xf7                                                                                  NOP;                                                        MOV.u20 r13, #0;              NOP
          28    0xcb 0x21                                                                        MOV md0, r12
          30    0x00 0x00 0x02 0xcb 0x47 0x1b 0x58 0x77                                          NOP;                                                                  EQ r12, r10, r13;             MOV md1, r12
          38    0x80 0x00 0x00 0x91 0x80 0x0a 0x07 0xf7                                                                                  NOP;                                                        BNEZ r12,#160;                NOP
.delay_slot
.swstall delay_slot
          46    0x00 0x01                                                                        NOP
.delay_slot
.swstall delay_slot
          48    0x00 0x01                                                                        NOP
.delay_slot
.swstall delay_slot
          50    0x00 0x01                                                                        NOP
.delay_slot
.swstall delay_slot
          52    0x00 0x01                                                                        NOP
.delay_slot
.swstall delay_slot
          54    0x00 0x01                                                                        NOP
          56    0x0d 0x17 0x98 0x03                                                              NOP;                                                                                                MOV p7, p0
          60    0x0e 0xdd 0x98 0x03                                                              NOP;                                                                                                MOV r11, r6
.aggressive_scheduled_block_id 1
.aggressive_scheduled_block_id first
          64    0x00 0x00 0x00 0x00 0x10 0x00 0x00 0x07 0xfb 0xbf 0xfc 0x80 0x00 0x00 0x00 0x00  NOP;                NOP;                NOP;                          NOP;                          MOV.u20 p6, #1048572;         NOP;                                    NOP
.label TGT_F_main_init_80
.loop_nesting 1
.aggressive_scheduled_block_id 1
.noswbrkpt
          80    0x40 0xbf 0x80 0x00 0x00 0x00 0x00 0x37                                          LDA cb0, [p6], #-4;                     NOP;                          NOP
.aggressive_scheduled_block_id 1
.aggressive_scheduled_block_id last
.nohwbrkpt
.noswbrkpt
          88    0xbb 0x45                                                                        MOV r4, p6
          90    0x00 0x01                                                                        NOP
          92    0x00 0x01                                                                        NOP
          94    0x00 0x01                                                                        NOP
          96    0x00 0x01                                                                        NOP
          98    0x00 0x01                                                                        NOP
         100    0x00 0x01                                                                        NOP
.no_stack_arguments
         102    0x00 0x41                                                                        JAL cb0
.delay_slot
.swstall delay_slot
         104    0x00 0x01                                                                        NOP
.delay_slot
.swstall delay_slot
         106    0x00 0x01                                                                        NOP
.delay_slot
.swstall delay_slot
         108    0x00 0x01                                                                        NOP
.delay_slot
.swstall delay_slot
         110    0x00 0x01                                                                        NOP
.delay_slot
.swstall delay_slot
         112    0x00 0x00 0x00 0x00 0x00 0x00 0x00 0x00 0x00 0x00 0x00 0x00 0x00 0x00 0x00 0x02  NOP;                NOP;                NOP;                          NOP;                          NOP;                          NOP;                                    NOP
.return_address
         128    0x39 0xa4 0xc0 0x03                                                              NOP;                                                                  NE r12, r4, r10
         132    0x80 0x00 0x00 0x91 0x80 0x05 0x07 0xf7                                                                                  NOP;                                                        BNEZ r12,#80;                 NOP
.delay_slot
.swstall delay_slot
         140    0x00 0x01                                                                        NOP
.delay_slot
.swstall delay_slot
         142    0x00 0x01                                                                        NOP
.delay_slot
.swstall delay_slot
         144    0x00 0x01                                                                        NOP
.delay_slot
.swstall delay_slot
         146    0x00 0x01                                                                        NOP
.delay_slot
.swstall delay_slot
         148    0x00 0x01                                                                        NOP
.loop_nesting 0
         150    0xbe 0x85                                                                        MOV p0, p7
         152    0x00 0x00 0x07 0xbd 0x80 0x00 0x00 0x77                                          NOP;                                                                  NOP;                          MOV r6, r11
.label TGT_F_main_init_160
.no_stack_arguments
         160    0x80 0x00 0x00 0xa0 0x20 0x12 0x07 0xf7                                                                                  NOP;                                                        JAL #288;                     NOP
.delay_slot
.swstall delay_slot
         168    0x00 0x01                                                                        NOP
.delay_slot
.swstall delay_slot
         170    0x00 0x01                                                                        NOP
.delay_slot
.swstall delay_slot
         172    0x00 0x01                                                                        NOP
.delay_slot
.swstall delay_slot
         174    0x00 0x01                                                                        NOP
.delay_slot
.swstall delay_slot
         176    0x00 0x00 0x00 0x00 0x00 0x00 0x00 0x00 0x00 0x00 0x00 0x00 0x00 0x00 0x00 0x02  NOP;                NOP;                NOP;                          NOP;                          NOP;                          NOP;                                    NOP
.return_address
.no_stack_arguments
         192    0x80 0x00 0x00 0xa0 0x20 0x9d 0x07 0xf7                                                                                  NOP;                                                        JAL #2512;                    NOP
.delay_slot
         200    0x80 0x00 0x00 0x40 0xa0 0x00 0x07 0xf7                                                                                  NOP;                                                        MOV.u20 p0, #0;               NOP
.delay_slot
.swstall delay_slot
         208    0x00 0x01                                                                        NOP
.delay_slot
.swstall delay_slot
         210    0x00 0x01                                                                        NOP
.delay_slot
.swstall delay_slot
         212    0x00 0x00 0x00 0x03                                                              NOP;                                                                  NOP
.delay_slot
.swstall delay_slot
         216    0x00 0x00 0x00 0x00 0x00 0x00 0x00 0x37                                          NOP;                                    NOP;                          NOP
.return_address
.swstall chess_separator_scheduler
         224    0x00 0x01                                                                        NOP
.swstall chess_separator_scheduler
         226    0x00 0x01                                                                        NOP
.swstall chess_separator_scheduler
         228    0x00 0x01                                                                        NOP
.swstall chess_separator_scheduler
         230    0x00 0x01                                                                        NOP
.swstall chess_separator_scheduler
         232    0x00 0x01                                                                        NOP
.swstall chess_separator_scheduler
         234    0x00 0x01                                                                        NOP
.swstall chess_separator_scheduler
         236    0x00 0x01                                                                        NOP
.swstall chess_separator_scheduler
         238    0x00 0x01                                                                        NOP
         240    0x04 0x00 0x20 0x03                                                              NOP;                                                                  EVENT #2
.swstall chess_separator_scheduler
         244    0x00 0x01                                                                        NOP
.swstall chess_separator_scheduler
         246    0x00 0x01                                                                        NOP
.swstall chess_separator_scheduler
         248    0x00 0x01                                                                        NOP
.swstall chess_separator_scheduler
         250    0x00 0x01                                                                        NOP
.swstall chess_separator_scheduler
         252    0x00 0x01                                                                        NOP
.swstall for_chess_exit
.exit
         254    0x00 0x01                                                                        NOP
.label TGT_F_main_init_256
.loop_nesting 1
         256    0x80 0x00 0x00 0xa0 0x00 0x10 0x07 0xf7                                                                                  NOP;                                                        J #256;                       NOP
.delay_slot
.swstall delay_slot
         264    0x00 0x01                                                                        NOP
.delay_slot
.swstall delay_slot
         266    0x00 0x01                                                                        NOP
.delay_slot
.swstall delay_slot
         268    0x00 0x01                                                                        NOP
.delay_slot
.swstall delay_slot
         270    0x00 0x01                                                                        NOP
.delay_slot
.swstall delay_slot
         272    0x00 0x01                                                                        NOP
.label _main_init__end

.text_segment PM    288
.label _main___func_begin0
.label _main
.function_start
         288    0x42 0x02 0x00 0x03                                                              NOP;                                                                  MOV.s12 m0, #128
         292    0x08 0x90 0x00 0x00 0x00 0x00 0x00 0x37                                          PADDA [sp], m0;                         NOP;                          NOP
         300    0x80 0x00 0x00 0x4b 0x20 0x00 0x07 0xf7                                                                                  NOP;                                                        MOV.u20 cl0, #180224;         NOP
         308    0x80 0x00 0x00 0xd8 0xff 0xa0 0x47 0xf7                                                                                  NOP;                                                        ST.SPIL cl0, [sp, #-96];      NOP
         316    0x00 0x00 0x1c 0xc0 0x15 0xbb 0xfd 0x04 0xea 0x00 0x00 0x3f                      NOP;                MOV.s9 r12, #0;     ST p6, [sp, #-12];                                          MOV.u20 p0, #229376;          NOP
         328    0x5f 0x28 0x80 0x00 0x01 0x00 0xbc 0xf7                                                                                  ST r12, [p0], #4;             NOP;                          MOV r14, sp
         336    0x80 0x00 0x00 0xfb 0xff 0xec 0x47 0xf7                                                                                  NOP;                                                        ST.SPIL r11, [sp, #-20];      NOP
         344    0xaf 0x5f 0xe0 0x4b 0x06 0x00 0x07 0xf7                                                                                  ST r10, [sp, #-16];                                         MOV.u20 ch1, #188416;         NOP
         352    0x80 0x00 0x00 0xd8 0xff 0x94 0x47 0xf7                                                                                  NOP;                                                        ST.SPIL cl0, [sp, #-108];     NOP
         360    0x5b 0xff 0xe8 0x08 0x62 0x3f 0x52 0xf7                                                                                  ST p7, [sp, #-8];             MOV.s12 r1, #16;              MOV p1, r14
         368    0x80 0x00 0x00 0xf1 0xff 0xb0 0x47 0xf7                                                                                  NOP;                                                        ST.SPIL r1, [sp, #-80];       NOP
         376    0x5d 0x3f 0xf0 0x00 0x00 0x34 0xd4 0xf7                                                                                  ST r4, [sp, #-4];             NOP;                          MOV p2, p1
         384    0x00 0x00 0x1d 0xc2 0x2a 0x47 0xf1 0xfb 0xc8 0x06 0x9b 0x9f                      NOP;                MOV.s9 r13, #17;    ST lr, [sp, #-32];            MOV.s12 m0, #-68;             MOV p6, p1
         396    0x08 0x80 0x40 0x00 0x10 0x00 0x00 0x0f 0xdf 0xfb 0x44 0x3f                      PADDA [p1], m0;     NOP;                NOP;                                                        ST.SPIL r13, [sp, #-76];      NOP
         408    0x80 0x00 0x00 0xd1 0xff 0xa4 0x47 0xf7                                                                                  NOP;                                                        ST.SPIL ch1, [sp, #-92];      NOP
         416    0x00 0x00 0x3f 0x71 0x12 0xf9 0xa0 0xb7                                          NOP;                                    ST r12, [p1];                 MOV.s12 m2, #-72
         424    0x08 0x85 0xbf 0x09 0x0a 0xd3 0xfd 0x37                                          PADDA [p6], m2;                         ST p1, [sp, #-24];            MOV.s12 m1, #-124
         432    0x08 0x82 0x80 0x00 0x08 0x00 0xea 0x0d 0x1f 0xf9 0x84 0x3f                      PADDA [p2], m1;     NOP;                                              MOV.s12 r5, #1;               ST.SPIL ch1, [sp, #-104];     NOP
         444    0xae 0xba 0x30 0x03                                                              NOP;                                    ST r5, [p6]
         448    0x80 0x00 0x00 0xea 0xff 0xe4 0x47 0xf7                                                                                  NOP;                                                        ST.SPIL p2, [sp, #-28];       NOP
         456    0xaf 0x9a 0x10 0x40 0x01 0x00 0x07 0xf7                                                                                  ST r12, [p2];                                               MOV.u20 ch0, #4096;           NOP
         464    0x80 0x00 0x00 0xd8 0xff 0x9c 0x47 0xf7                                                                                  NOP;                                                        ST.SPIL cl0, [sp, #-100];     NOP
         472    0x80 0x00 0x00 0xd8 0xff 0x90 0x47 0xf7                                                                                  NOP;                                                        ST.SPIL cl0, [sp, #-112];     NOP
         480    0x80 0x00 0x00 0xd0 0xff 0xa8 0x47 0xf7                                                                                  NOP;                                                        ST.SPIL ch0, [sp, #-88];      NOP
         488    0x40 0x07 0xb0 0xd0 0xff 0xac 0x47 0xf7                                                                                                                MOV.s12 r11, #1;              ST.SPIL ch0, [sp, #-84];      NOP
         496    0x00 0x00 0x1a 0xc0 0x28 0x08 0x68 0x0d 0x8f 0xf8 0xc4 0x80 0x00 0x00 0x00 0x00  NOP;                MOV.s9 r10, #1;     NOP;                          MOV.s12 r4, #16;              ST.SPIL cl0, [sp, #-116];     NOP;                                    NOP
.label TGT_F_main_224
.loop_nesting 1
         512    0x7d 0xbe 0x00 0x00 0x00 0x00 0x00 0x37                                          LDA r13, [p0], #-4;                     NOP;                          NOP
         520    0x00 0x01                                                                        NOP
         522    0x00 0x01                                                                        NOP
         524    0x00 0x01                                                                        NOP
         526    0x00 0x01                                                                        NOP
         528    0x00 0x01                                                                        NOP
         530    0x00 0x01                                                                        NOP
         532    0x00 0x01                                                                        NOP
         534    0x80 0x00 0x00 0x81 0xa0 0x2e 0x07 0xf7                                                                                  NOP;                                                        BEQZ r13,#736;                NOP
.delay_slot
         542    0x80 0x00 0x00 0xc7 0xbf 0xfc 0xe7 0xf7                                                                                  NOP;                                                        LDA.SPIL p7, [sp, #-28];      NOP
.delay_slot
.swstall delay_slot
         550    0x00 0x01                                                                        NOP
.delay_slot
.swstall delay_slot
         552    0x00 0x01                                                                        NOP
.delay_slot
.swstall delay_slot
         554    0x00 0x01                                                                        NOP
.delay_slot
.swstall delay_slot
         556    0x00 0x00 0x00 0x03                                                              NOP;                                                                  NOP
         560    0x00 0x00 0x00 0x00 0x10 0x00 0x00 0x0e 0x8f 0xfd 0xc4 0x80 0x00 0x00 0x00 0x00  NOP;                NOP;                NOP;                          NOP;                          ST.SPIL p0, [sp, #-36];       NOP;                                    NOP
.label TGT_F_main_288
.loop_nesting 2
         576    0x14 0xc4 0x30 0x03                                                              NOP;                                                                  ACQ r4, #1, r12
.swstall mem_acquire1
         580    0x00 0x01                                                                        NOP
.swstall mem_acquire1
         582    0x00 0x01                                                                        NOP
.swstall mem_acquire1
         584    0x00 0x01                                                                        NOP
         586    0x80 0x00 0x00 0xc7 0xa3 0xfd 0x67 0xf7                                                                                  NOP;                                                        LDA.SPIL p0, [sp, #-24];      NOP
         594    0x00 0x01                                                                        NOP
.no_stack_arguments
         596    0x80 0x00 0x00 0xa0 0x20 0x38 0x07 0xf7                                                                                  NOP;                                                        JAL #896;                     NOP
.delay_slot
         604    0xba 0x95                                                                        MOV p1, p6
.delay_slot
.swstall delay_slot
         606    0x00 0x01                                                                        NOP
.delay_slot
.swstall delay_slot
         608    0x00 0x01                                                                        NOP
.delay_slot
         610    0xbe 0xa5                                                                        MOV p2, p7
.delay_slot
         612    0x00 0x00 0x00 0x00 0x10 0x00 0x00 0x0f 0xdf 0xfd 0x84 0x3f                      NOP;                NOP;                NOP;                                                        ST.SPIL r13, [sp, #-40];      NOP
.return_address
         624    0x00 0x00 0x1c 0xc2 0x20 0x00 0x01 0x01 0x0f 0x47 0xac 0x1f                      NOP;                MOV.s9 r12, #17;    NOP;                          MOV.s12 r13, #16;             MOV r0, r10
         636    0x00 0x01                                                                        NOP
         638    0x00 0x01                                                                        NOP
         640    0x00 0x01                                                                        NOP
         642    0x00 0x01                                                                        NOP
         644    0x00 0x01                                                                        NOP
         646    0x16 0xb4 0x30 0x03                                                              NOP;                                                                  REL r4, #1, r11
         650    0x7d 0xfd 0x84 0x56 0xe3 0xfb 0x88 0x04 0xbf 0x80 0x00 0x3f                      LDA r13, [sp, #-40];PADDB [p7], #24;                                  ITE_NEZ r4, r12, r13, r0;     MOV.u20 r14, #180224;         NOP
         662    0x00 0x00 0x1f 0xc0 0x06 0x35 0x74 0x04 0xbd 0x60 0x00 0x3f                      NOP;                MOV.s9 r15, #0;                                   SUB r10, r11, r10;            MOV.u20 r5, #188416;          NOP
         674    0x1e 0x5e 0xe0 0x03                                                              NOP;                                                                  ITE_EQZ r14, r14, r5, r0
         678    0xaf 0xd7 0x78 0x03                                                              NOP;                                    ST r14, [p7], #-12
         682    0xaf 0xd7 0xf8 0x03                                                              NOP;                                    ST r14, [p7], #-4
         686    0xaf 0xd7 0xb8 0x03                                                              NOP;                                    ST r14, [p7], #-8
         690    0x00 0x01                                                                        NOP
         692    0x00 0x01                                                                        NOP
         694    0x3b 0xdf 0xe0 0x03                                                              NOP;                                                                  LT r14, r15, r13
         698    0x31 0xed 0xd0 0x03                                                              NOP;                                                                  SUB r13, r13, r14
         702    0x80 0x00 0x00 0x91 0xa0 0x24 0x07 0xf7                                                                                  NOP;                                                        BNEZ r13,#576;                NOP
.delay_slot
         710    0x40 0x03 0xc0 0x03                                                              NOP;                                                                  MOV.s12 r12, #0
.delay_slot
.swstall delay_slot
         714    0x00 0x01                                                                        NOP
.delay_slot
.swstall delay_slot
         716    0x00 0x01                                                                        NOP
.delay_slot
.swstall delay_slot
         718    0x00 0x01                                                                        NOP
.delay_slot
.swstall delay_slot
         720    0x00 0x00 0x00 0x03                                                              NOP;                                                                  NOP
.loop_nesting 1
         724    0x00 0x00 0x00 0x00 0x10 0x00 0x00 0x0c 0x7a 0x3f 0xbe 0x3f                      NOP;                NOP;                NOP;                                                        LDA.SPIL p0, [sp, #-36];      NOP
.label TGT_F_main_448
.swstall chess_separator_scheduler
         736    0x00 0x01                                                                        NOP
.swstall chess_separator_scheduler
         738    0x00 0x01                                                                        NOP
.swstall chess_separator_scheduler
         740    0x00 0x01                                                                        NOP
.swstall chess_separator_scheduler
         742    0x00 0x01                                                                        NOP
.swstall chess_separator_scheduler
         744    0x00 0x01                                                                        NOP
.swstall chess_separator_scheduler
         746    0x00 0x01                                                                        NOP
.swstall chess_separator_scheduler
         748    0x00 0x01                                                                        NOP
.swstall chess_separator_scheduler
         750    0x00 0x01                                                                        NOP
         752    0x04 0x00 0x20 0x03                                                              NOP;                                                                  EVENT #2
.swstall chess_separator_scheduler
         756    0x00 0x01                                                                        NOP
.swstall chess_separator_scheduler
         758    0x00 0x01                                                                        NOP
.swstall chess_separator_scheduler
         760    0x00 0x01                                                                        NOP
.swstall chess_separator_scheduler
         762    0x00 0x01                                                                        NOP
.swstall chess_separator_scheduler
         764    0x00 0x01                                                                        NOP
         766    0x7d 0xa2 0x00 0x00 0x00 0x00 0x00 0x37                                          LDA r13, [p0], #4;                      NOP;                          NOP
         774    0x00 0x01                                                                        NOP
         776    0x00 0x01                                                                        NOP
         778    0x00 0x01                                                                        NOP
         780    0x00 0x01                                                                        NOP
         782    0x00 0x01                                                                        NOP
         784    0x00 0x01                                                                        NOP
         786    0x00 0x01                                                                        NOP
         788    0x3a 0xdc 0xd0 0x03                                                              NOP;                                                                  GE r13, r12, r13
         792    0x80 0x00 0x00 0x91 0xa0 0x20 0x07 0xf7                                                                                  NOP;                                                        BNEZ r13,#512;                NOP
.delay_slot
.swstall delay_slot
         800    0x00 0x01                                                                        NOP
.delay_slot
.swstall delay_slot
         802    0x00 0x01                                                                        NOP
.delay_slot
.swstall delay_slot
         804    0x00 0x01                                                                        NOP
.delay_slot
.swstall delay_slot
         806    0x00 0x01                                                                        NOP
.delay_slot
.swstall delay_slot
         808    0x00 0x01                                                                        NOP
.loop_nesting 0
         810    0x80 0x00 0x00 0xc7 0xeb 0xfe 0x67 0xf7                                                                                  NOP;                                                        LDA.SPIL r10, [sp, #-16];     NOP
         818    0x80 0x00 0x00 0xc7 0xef 0xfd 0xe7 0xf7                                                                                  NOP;                                                        LDA.SPIL r11, [sp, #-20];     NOP
         826    0x80 0x00 0x00 0xc7 0xbf 0xff 0x67 0xf7                                                                                  NOP;                                                        LDA.SPIL p7, [sp, #-8];       NOP
         834    0x80 0x00 0x00 0xc7 0xbb 0xfe 0xe7 0xf7                                                                                  NOP;                                                        LDA.SPIL p6, [sp, #-12];      NOP
         842    0x80 0x00 0x00 0xc7 0xd3 0xff 0xe7 0xf7                                                                                  NOP;                                                        LDA.SPIL r4, [sp, #-4];       NOP
         850    0x58 0xfe 0x38 0x03                                                              NOP;                LDB lr, [sp, #-32]
         854    0x00 0x01                                                                        NOP
         856    0x00 0x01                                                                        NOP
         858    0x00 0x01                                                                        NOP
         860    0x00 0x01                                                                        NOP
         862    0x7e 0x02 0x00 0x03                                                              NOP;                                                                  MOV.s12 m0, #-128
         866    0x08 0x90 0x00 0x00 0x00 0x00 0x00 0x37                                          PADDA [sp], m0;                         NOP;                          NOP
         874    0x40 0x03 0x00 0x03                                                              NOP;                                                                  MOV.s12 r0, #0
         878    0x00 0x01                                                                        NOP
.end_of_main
         880    0x01 0x01                                                                        RET lr
.delay_slot
.swstall delay_slot
         882    0x00 0x01                                                                        NOP
.delay_slot
.swstall delay_slot
         884    0x00 0x01                                                                        NOP
.delay_slot
.swstall delay_slot
         886    0x00 0x01                                                                        NOP
.delay_slot
.swstall delay_slot
         888    0x00 0x01                                                                        NOP
.delay_slot
.swstall delay_slot
         890    0x00 0x01                                                                        NOP
.label _main__end
.label _main___func_end0

.text_segment PM    896
.label __Z9kernel_avP12input_streamIsEPS_IaEP13output_windowIaE___func_begin0
.label _Z9kernel_avP12input_streamIsEPS_IaEP13output_windowIaE
.function_start
         896    0x00 0x01                                                                        NOP
         898    0x00 0x01                                                                        NOP
         900    0x00 0x01                                                                        NOP
         902    0x76 0xd0 0x00 0x00 0x00 0x00 0x00 0x37                                          LDA r6, [p0];                           NOP;                          NOP
         910    0x40 0x82 0x00 0x03                                                              NOP;                                                                  MOV.s12 m0, #32
         914    0x08 0x90 0x20 0x54 0x00 0x00 0x00 0x77                                          PADDA [sp], m0;                                                       NOP;                          MOV r0, lr
         922    0x80 0x00 0x00 0x40 0x60 0x3d 0x07 0xf7                                                                                  NOP;                                                        MOV.u20 ls, #976;             NOP
         930    0xad 0xff 0xf0 0x40 0x6c 0x43 0x07 0xf7                                                                                  ST p7, [sp, #-8];                                           MOV.u20 le, #1072;            NOP
         938    0xad 0xdf 0xf8 0x4e 0xa1 0x02 0x07 0xf7                                                                                  ST p6, [sp, #-4];                                           MOV.u20 p0, #233504;          NOP
         946    0xa6 0xe5                                                                        MOV p6, p1
         948    0x0d 0x57 0x98 0x03                                                              NOP;                                                                                                MOV p7, p2
         952    0x5d 0x3f 0xd0 0x00 0x01 0x23 0x58 0xf7                                                                                  ST r4, [sp, #-12];            NOP;                          MOV md0[8], r6[0]
         960    0x00 0x00 0x07 0x0d 0x00 0x00 0x00 0x88 0x00 0x80 0x00 0x00 0x00 0x00 0x00 0x00  NOP;NOP;                                NOP;                          MOV.s12 lc, #256;             MOV r4, r0;                   NOP;                                    NOP
.label ZLS_F_Z9kernel_avP12input_streamIsEPS_IaEP13output_windowIaE_80
.loop_nesting 1
.begin_of_loop
         976    0x00 0x00 0x00 0x00 0x04 0xf2 0x90 0x00 0x8f 0x00 0x00 0x00 0x00 0x00 0x00 0x02  NOP;                NOP;                ST.s16 r12, [p0], #2;         NOP;                          MOV0 r12, SS.md0[ 8];         NOP;                                    NOP
         992    0x00 0x00 0x00 0x00 0x00 0x00 0x00 0x00 0x00 0x00 0x00 0x00 0x00 0x00 0x00 0x02  NOP;                NOP;                NOP;                          NOP;                          NOP;                          NOP;                                    NOP
        1008    0x00 0x00 0x00 0x00 0x00 0x00 0x00 0x00 0x00 0x00 0x00 0x00 0x00 0x00 0x00 0x02  NOP;                NOP;                NOP;                          NOP;                          NOP;                          NOP;                                    NOP
        1024    0x00 0x00 0x00 0x00 0x00 0x00 0x00 0x00 0x00 0x00 0x00 0x00 0x00 0x00 0x00 0x02  NOP;                NOP;                NOP;                          NOP;                          NOP;                          NOP;                                    NOP
        1040    0x00 0x00 0x00 0x00 0x00 0x00 0x00 0x00 0x00 0x00 0x00 0x00 0x00 0x00 0x00 0x02  NOP;                NOP;                NOP;                          NOP;                          NOP;                          NOP;                                    NOP
        1056    0x00 0x00 0x00 0x00 0x00 0x00 0x00 0x00 0x00 0x00 0x00 0x00 0x00 0x00 0x00 0x02  NOP;                NOP;                NOP;                          NOP;                          NOP;                          NOP;                                    NOP
.label ZLE_F_Z9kernel_avP12input_streamIsEPS_IaEP13output_windowIaE_176
.end_of_loop
        1072    0x00 0x00 0x00 0x00 0x00 0x00 0x00 0x00 0x00 0x00 0x00 0x00 0x00 0x00 0x00 0x02  NOP;                NOP;                NOP;                          NOP;                          NOP;                          NOP;                                    NOP
.loop_nesting 0
.no_stack_arguments
        1088    0x80 0x00 0x00 0xa0 0x20 0x92 0x07 0xf7                                                                                  NOP;                                                        JAL #2336;                    NOP
.delay_slot
        1096    0x80 0x00 0x00 0x01 0xdc 0x00 0x07 0xf7                                                                                  NOP;                                                        MOV.s20 r7, #16384;           NOP
.delay_slot
        1104    0x40 0x03 0x60 0x03                                                              NOP;                                                                  MOV.s12 r6, #0
.delay_slot
        1108    0x80 0x00 0x00 0x4e 0xa5 0x22 0x07 0xf7                                                                                  NOP;                                                        MOV.u20 p1, #234016;          NOP
.delay_slot
.swstall delay_slot
        1116    0x00 0x01                                                                        NOP
.delay_slot
.swstall delay_slot
        1118    0x00 0x01                                                                        NOP
.return_address
        1120    0x00 0x00 0x16 0xc0 0x08 0x00 0xf8 0x04 0xfa 0x52 0x20 0x3f                      NOP;                MOV.s9 r6, #0;                                    MOV.s12 r12, #1;              MOV.u20 p1, #250400;          NOP
        1132    0x00 0x00 0x1c 0xdf 0xc5 0x01 0x80 0x04 0x92 0x71 0x70 0x3f                      NOP;                MOV.s9 r12, #254;                                 ADD.NRM s0, r12, #0;          MOV.u20 cl1, #160112;         NOP
        1144    0x80 0x00 0x00 0x59 0x07 0x57 0x47 0xf7                                                                                  NOP;                                                        MOV.u20 ch1, #423284;         NOP
.aggressive_scheduled_block_id 1
.aggressive_scheduled_block_id first
        1152    0x77 0xd1 0x83 0x68 0x30 0x00 0x00 0x04 0xea 0x50 0x20 0x3f                      LDA r7, [p6];       VLDB wr1, [p1];     NOP;                                                        MOV.u20 p1, #233504;          NOP
.aggressive_scheduled_block_id 1
.noswbrkpt
        1164    0x97 0xa4 0x40 0x00 0x10 0x00 0x00 0x05 0x02 0xb2 0x10 0x3f                      LDA.s16 r7, [p1], #2;NOP;               NOP;                                                        MOV.u20 cl2, #274960;         NOP
.aggressive_scheduled_block_id 1
.nohwbrkpt
.noswbrkpt
        1176    0x80 0x00 0x00 0x72 0x0b 0xa9 0x87 0xf7                                                                                  NOP;                                                        MOV.u20 ch2, #834200;         NOP
.aggressive_scheduled_block_id 1
.nohwbrkpt
.noswbrkpt
        1184    0x80 0x00 0x00 0x47 0x2c 0x00 0x07 0xf7                                                                                  NOP;                                                        MOV.u20 cl3, #114688;         NOP
.aggressive_scheduled_block_id 1
.nohwbrkpt
.noswbrkpt
        1192    0x80 0x00 0x00 0x40 0x30 0x00 0x07 0xf7                                                                                  NOP;                                                        MOV.u20 cl4, #0;              NOP
.aggressive_scheduled_block_id 1
.nohwbrkpt
.noswbrkpt
        1200    0x80 0x00 0x00 0x4e 0xb9 0x22 0x07 0xf7                                                                                  NOP;                                                        MOV.u20 p6, #234016;          NOP
.aggressive_scheduled_block_id 1
.nohwbrkpt
.noswbrkpt
        1208    0x80 0x00 0x00 0x40 0x00 0x00 0x07 0xf7                                                                                  NOP;                                                        MOV.u20 ch0, #0;              NOP
.aggressive_scheduled_block_id 1
.nohwbrkpt
.noswbrkpt
        1216    0x80 0x00 0x00 0x44 0x0c 0x00 0x07 0xf7                                                                                  NOP;                                                        MOV.u20 ch3, #65536;          NOP
.aggressive_scheduled_block_id 1
.aggressive_scheduled_block_id last
.nohwbrkpt
.noswbrkpt
        1224    0x48 0xf6 0x18 0x03                                                              NOP;                                                                                                MOV md0[8], r7[0]
        1228    0x80 0x00 0x00 0x40 0x10 0x0d 0x87 0xf7                                                                                  NOP;                                                        MOV.u20 ch4, #216;            NOP
        1236    0x80 0x00 0x00 0x40 0x40 0x52 0x07 0xf7                                                                                  NOP;                                                        MOV.u20 cb0, #1312;           NOP
        1244    0x80 0x00 0x00 0x40 0x20 0x00 0x07 0xf7                                                                                  NOP;                                                        MOV.u20 cl0, #0;              NOP
        1252    0x80 0x00 0x00 0x01 0x24 0x73 0x77 0xf7                                                                                  NOP;                                                        MOVT.s12 cl1, #1847;          NOP
        1260    0x80 0x00 0x00 0x01 0x04 0x77 0x77 0xf7                                                                                  NOP;                                                        MOVT.s12 ch1, #1911;          NOP
        1268    0x80 0x00 0x00 0x01 0x28 0x76 0x57 0xf7                                                                                  NOP;                                                        MOVT.s12 cl2, #1893;          NOP
        1276    0x80 0x00 0x00 0x01 0x08 0xfe 0xd7 0xf7                                                                                  NOP;                                                        MOVT.s12 ch2, #-19;           NOP
        1284    0x80 0x00 0x00 0x01 0x2c 0x01 0x97 0xf7                                                                                  NOP;                                                        MOVT.s12 cl3, #25;            NOP
        1292    0x80 0x00 0x00 0x01 0x30 0x00 0x17 0xf7                                                                                  NOP;                                                        MOVT.s12 cl4, #1;             NOP
.aggressive_scheduled_block_id 2
.aggressive_scheduled_block_id first
        1300    0x00 0x00 0x00 0x00 0x00 0x00 0x00 0x00 0x00 0x06 0xea 0x9f                      NOP;                NOP;                NOP;                          NOP;                          MOV p2, p6
.label TGT_F_Z9kernel_avP12input_streamIsEPS_IaEP13output_windowIaE_416
.loop_nesting 1
.aggressive_scheduled_block_id 2
.nohwbrkpt
.noswbrkpt
        1312    0x24 0x40 0x00 0x00 0x10 0x00 0x00 0x04 0x06 0x05 0x40 0x3f                      MOV.s10 lc, #256;   NOP;                NOP;                                                        MOV.u20 ls, #1344;            NOP
.aggressive_scheduled_block_id 2
.nohwbrkpt
.noswbrkpt
        1324    0x80 0x00 0x00 0x40 0x6c 0x5a 0x07 0xf7                                                                                  NOP;                                                        MOV.u20 le, #1440;            NOP
.aggressive_scheduled_block_id 2
.nohwbrkpt
.noswbrkpt
        1332    0x50 0xe6 0x98 0x03                                                              NOP;                                                                                                VSHL0.16 xd, r7
.aggressive_scheduled_block_id 2
.aggressive_scheduled_block_id last
.nohwbrkpt
.noswbrkpt
        1336    0x00 0x00 0x00 0x00 0x51 0xb0 0x0d 0x87                                          NOP;                                                                  NOP;                                                                                                VSEL xc, yd.s16, r6, c0, r6, c0, c3, r6
.label ZLS_F_Z9kernel_avP12input_streamIsEPS_IaEP13output_windowIaE_448
.loop_nesting 2
.begin_of_loop
        1344    0x1a 0xa2 0xa3 0x55 0x07 0x20 0x03 0xf7                                          VLDA wd0, [p2], #32;                                                                                MOV p0, p2;                   VMOV1 vrh3, WSS.md0[ 8]
        1352    0x1e 0xd0 0x80 0x00 0x00 0x00 0x00 0x37                                          VLDA wd1, [p2];                         NOP;                          NOP
        1360    0x80 0x00 0x00 0xc7 0xff 0xe0 0x87 0xf7                                                                                  NOP;                                                        VST.SPIL vrh3, [sp, #-32];    NOP
        1368    0x11 0xff 0x80 0x00 0x00 0x00 0x00 0x37                                          VLDA.UNPACK.s8 wr0, [sp, #-32];         NOP;                          NOP
        1376    0x00 0x01                                                                        NOP
        1378    0x00 0x01                                                                        NOP
        1380    0x08 0x89                                                                        VMOV.48.UPSL aml0, wd0, s0
        1382    0x00 0x01                                                                        NOP
        1384    0x49 0xea 0x98 0x03                                                              NOP;                                                                                                VMOV wr2, wd1
        1388    0x48 0xae 0x98 0x03                                                              NOP;                                                                                                VMOV wd0, wr2
        1392    0x00 0x00 0x08 0x08 0xc1 0x00 0x3e 0xc0 0x00 0xd8 0xa8 0x0f                      NOP;                                    NOP;                                                        VMOV.48.UPSL amh0, wd0, s0;   NOP;                                    VMAC.48 bm0, ya.s16, r6, c1, r6, wc0.s16, #0, c2, c4
        1404    0x00 0x01                                                                        NOP
        1406    0x00 0x01                                                                        NOP
        1408    0x00 0x01                                                                        NOP
        1410    0x00 0x01                                                                        NOP
        1412    0x00 0x00 0x00 0x03                                                              NOP;                                                                  NOP
        1416    0x00 0x00 0x00 0x00 0x07 0x01 0xa0 0x37                                          NOP;                                    VST.48.SRSL aml0, s0, [p0];   NOP
        1424    0x00 0x00 0x00 0x00 0x0e 0x12 0x8a 0x00 0x00 0x00 0x00 0x00 0x00 0x00 0x00 0x02  NOP;                NOP;                VST.48.SRSL amh0, s0, [p2], #32;NOP;                        NOP;                          NOP;                                    NOP
.label ZLE_F_Z9kernel_avP12input_streamIsEPS_IaEP13output_windowIaE_544
.end_of_loop
.aggressive_scheduled_block_id 3
.aggressive_scheduled_block_id first
        1440    0x00 0x00 0x00 0x00 0x00 0x00 0x00 0x00 0x00 0x00 0x00 0x00 0x00 0x00 0x00 0x02  NOP;                NOP;                NOP;                          NOP;                          NOP;                          NOP;                                    NOP
.loop_nesting 1
.aggressive_scheduled_block_id 3
.noswbrkpt
        1456    0x97 0xa4 0x46 0xea 0x80 0x71 0x98 0x77                                          LDA.s16 r7, [p1], #2;                                                 BDEC r12, r12, cb0;           MOV p2, p6
.delay_slot
.swstall delay_slot
.aggressive_scheduled_block_id 3
.nohwbrkpt
.noswbrkpt
        1464    0x00 0x01                                                                        NOP
.delay_slot
.swstall delay_slot
.aggressive_scheduled_block_id 3
.nohwbrkpt
.noswbrkpt
        1466    0x00 0x01                                                                        NOP
.delay_slot
.swstall delay_slot
.aggressive_scheduled_block_id 3
.nohwbrkpt
.noswbrkpt
        1468    0x00 0x01                                                                        NOP
.delay_slot
.swstall delay_slot
.aggressive_scheduled_block_id 3
.nohwbrkpt
.noswbrkpt
        1470    0x00 0x01                                                                        NOP
.delay_slot
.swstall delay_slot
.aggressive_scheduled_block_id 3
.nohwbrkpt
.noswbrkpt
        1472    0x00 0x00 0x00 0x03                                                              NOP;                                                                  NOP
.loop_nesting 0
.aggressive_scheduled_block_id 3
.nohwbrkpt
.noswbrkpt
        1476    0x24 0x40 0x00 0x00 0x10 0x00 0x00 0x04 0x06 0x05 0xe0 0x3f                      MOV.s10 lc, #256;   NOP;                NOP;                                                        MOV.u20 ls, #1504;            NOP
.aggressive_scheduled_block_id 3
.nohwbrkpt
.noswbrkpt
        1488    0x80 0x00 0x00 0x40 0x6c 0x64 0x07 0xf7                                                                                  NOP;                                                        MOV.u20 le, #1600;            NOP
.aggressive_scheduled_block_id 3
.nohwbrkpt
.noswbrkpt
        1496    0x50 0xe6 0x98 0x03                                                              NOP;                                                                                                VSHL0.16 xd, r7
.aggressive_scheduled_block_id 3
.aggressive_scheduled_block_id last
.nohwbrkpt
.noswbrkpt
        1500    0xa3 0x60 0x1b 0x13                                                              NOP;                                                                                                                                                                      VSEL xc, yd.s16, r6, c0, r6, c0, c3, r6
.label ZLS_F_Z9kernel_avP12input_streamIsEPS_IaEP13output_windowIaE_608
.loop_nesting 1
.begin_of_loop
        1504    0x1a 0xa2 0xa3 0x55 0x07 0x20 0x03 0xf7                                          VLDA wd0, [p2], #32;                                                                                MOV p0, p2;                   VMOV1 vrh3, WSS.md0[ 8]
        1512    0x1e 0xd0 0x80 0x00 0x00 0x00 0x00 0x37                                          VLDA wd1, [p2];                         NOP;                          NOP
        1520    0x80 0x00 0x00 0xc7 0xff 0xe0 0x87 0xf7                                                                                  NOP;                                                        VST.SPIL vrh3, [sp, #-32];    NOP
        1528    0x11 0xff 0x80 0x00 0x00 0x00 0x00 0x37                                          VLDA.UNPACK.s8 wr0, [sp, #-32];         NOP;                          NOP
        1536    0x00 0x01                                                                        NOP
        1538    0x00 0x01                                                                        NOP
        1540    0x08 0x89                                                                        VMOV.48.UPSL aml0, wd0, s0
        1542    0x00 0x01                                                                        NOP
        1544    0x49 0xea 0x98 0x03                                                              NOP;                                                                                                VMOV wr2, wd1
        1548    0x48 0xae 0x98 0x03                                                              NOP;                                                                                                VMOV wd0, wr2
        1552    0x00 0x00 0x08 0x08 0xc1 0x00 0x3e 0xc0 0x00 0xd8 0xa8 0x0f                      NOP;                                    NOP;                                                        VMOV.48.UPSL amh0, wd0, s0;   NOP;                                    VMAC.48 bm0, ya.s16, r6, c1, r6, wc0.s16, #0, c2, c4
        1564    0x00 0x01                                                                        NOP
        1566    0x00 0x01                                                                        NOP
        1568    0x00 0x01                                                                        NOP
        1570    0x00 0x01                                                                        NOP
        1572    0x00 0x00 0x00 0x03                                                              NOP;                                                                  NOP
        1576    0x00 0x00 0x00 0x00 0x07 0x01 0xa0 0x37                                          NOP;                                    VST.48.SRSL aml0, s0, [p0];   NOP
        1584    0x00 0x00 0x00 0x00 0x0e 0x12 0x8a 0x00 0x00 0x00 0x00 0x00 0x00 0x00 0x00 0x02  NOP;                NOP;                VST.48.SRSL amh0, s0, [p2], #32;NOP;                        NOP;                          NOP;                                    NOP
.label ZLE_F_Z9kernel_avP12input_streamIsEPS_IaEP13output_windowIaE_704
.end_of_loop
        1600    0x00 0x00 0x00 0x00 0x00 0x00 0x00 0x00 0x00 0x00 0x00 0x00 0x00 0x00 0x00 0x02  NOP;                NOP;                NOP;                          NOP;                          NOP;                          NOP;                                    NOP
.loop_nesting 0
        1616    0x24 0x40 0x04 0x56 0xe8 0x08 0x78 0x04 0x06 0x06 0x90 0x3f                      MOV.s10 lc, #256;   PADDB [p7], #24;                                  MOV.s12 r12, #16;             MOV.u20 ls, #1680;            NOP
        1628    0x30 0x00 0x5c 0xff 0x05 0x03 0x82 0x04 0x06 0xc7 0xf0 0x3f                      MOV.s10 m0, #1;     MOV.s9 r12, #-8;                                  ADD.ILV.64 s1, r12, #0;       MOV.u20 le, #2032;            NOP
.aggressive_scheduled_block_id 4
.aggressive_scheduled_block_id first
        1640    0x40 0xa7 0xc7 0xa2 0xc0 0x00 0x00 0x77                                          LDA cb0, [p7], #12;                                                   NOP;                          MOV cl3, r10
.aggressive_scheduled_block_id 4
.noswbrkpt
        1648    0x48 0xb3 0xc7 0xb0 0x00 0x00 0x00 0x77                                          LDA cs0, [p7], #-28;                                                  NOP;                          MOV ch0, r11
.aggressive_scheduled_block_id 4
.aggressive_scheduled_block_id last
.nohwbrkpt
.noswbrkpt
        1656    0x6a 0xd1 0xc6 0xfa 0x40 0x00 0x00 0x77                                          LDA p2, [p7];                                                         NOP;                          MOV p1, p7
        1664    0x00 0x00 0x00 0x00 0x00 0x00 0x00 0x07 0x42 0x00 0x00 0x00 0x00 0x00 0x00 0x02  NOP;                NOP;                NOP;                          NOP;                          MOV cl0, r4;                  NOP;                                    NOP
.label ZLS_F_Z9kernel_avP12input_streamIsEPS_IaEP13output_windowIaE_784
.loop_nesting 1
.begin_of_loop
        1680    0x1a 0xa3 0x80 0x00 0x00 0x00 0x00 0x37                                          VLDA wd0, [p6], #32;                    NOP;                          NOP
        1688    0x1e 0xa3 0x80 0x00 0x00 0x00 0x00 0x37                                          VLDA wd1, [p6], #32;                    NOP;                          NOP
        1696    0x00 0x01                                                                        NOP
        1698    0x00 0x01                                                                        NOP
        1700    0x00 0x01                                                                        NOP
        1702    0x00 0x01                                                                        NOP
        1704    0x00 0x01                                                                        NOP
        1706    0x08 0x89                                                                        VMOV.48.UPSL aml0, wd0, s0
        1708    0x49 0xea 0x98 0x03                                                              NOP;                                                                                                VMOV wr2, wd1
        1712    0x48 0xae 0x98 0x03                                                              NOP;                                                                                                VMOV wd0, wr2
        1716    0x08 0xc9                                                                        VMOV.48.UPSL amh0, wd0, s0
        1718    0x00 0x01                                                                        NOP
.aggressive_scheduled_block_id 5
.aggressive_scheduled_block_id first
        1720    0x00 0x01                                                                        NOP
.aggressive_scheduled_block_id 5
.noswbrkpt
        1722    0xa4 0x60 0x10 0x03                                                              NOP;                                    ST.s8 r3, [p2], m0, cyc0
.aggressive_scheduled_block_id 5
.nohwbrkpt
.noswbrkpt
        1726    0x00 0x01                                                                        NOP
.aggressive_scheduled_block_id 5
.nohwbrkpt
.noswbrkpt
        1728    0x83 0x0a 0x08 0x03                                                              NOP;                                    VMOVS.48.SRSB vrh0, bm0, s1
.aggressive_scheduled_block_id 5
.nohwbrkpt
.noswbrkpt
        1732    0x00 0x01                                                                        NOP
.aggressive_scheduled_block_id 5
.nohwbrkpt
.noswbrkpt
        1734    0x00 0x01                                                                        NOP
.aggressive_scheduled_block_id 5
.aggressive_scheduled_block_id last
.nohwbrkpt
.noswbrkpt
        1736    0x00 0x00 0x2c 0x42 0x30 0x00 0x00 0x77                                          NOP;                                    NOP;                                                                                      VEXT.16 r3, vrh0[0]
.aggressive_scheduled_block_id 6
.aggressive_scheduled_block_id first
        1744    0x00 0x01                                                                        NOP
.aggressive_scheduled_block_id 6
.noswbrkpt
        1746    0xa5 0x20 0x10 0x03                                                              NOP;                                    ST.s8 r9, [p2], m0, cyc0
.aggressive_scheduled_block_id 6
.nohwbrkpt
.noswbrkpt
        1750    0x00 0x01                                                                        NOP
.aggressive_scheduled_block_id 6
.nohwbrkpt
.noswbrkpt
        1752    0x00 0x01                                                                        NOP
.aggressive_scheduled_block_id 6
.nohwbrkpt
.noswbrkpt
        1754    0x00 0x01                                                                        NOP
.aggressive_scheduled_block_id 6
.nohwbrkpt
.noswbrkpt
        1756    0x00 0x01                                                                        NOP
.aggressive_scheduled_block_id 6
.aggressive_scheduled_block_id last
.nohwbrkpt
.noswbrkpt
        1758    0x3e 0xc3 0x90 0x03                                                              NOP;                                                                  LSHL r9, r3, r12
.aggressive_scheduled_block_id 7
.aggressive_scheduled_block_id first
        1762    0x00 0x01                                                                        NOP
.aggressive_scheduled_block_id 7
.noswbrkpt
        1764    0xa4 0x60 0x10 0x03                                                              NOP;                                    ST.s8 r3, [p2], m0, cyc0
.aggressive_scheduled_block_id 7
.nohwbrkpt
.noswbrkpt
        1768    0x00 0x01                                                                        NOP
.aggressive_scheduled_block_id 7
.nohwbrkpt
.noswbrkpt
        1770    0x00 0x01                                                                        NOP
.aggressive_scheduled_block_id 7
.nohwbrkpt
.noswbrkpt
        1772    0x00 0x01                                                                        NOP
.aggressive_scheduled_block_id 7
.nohwbrkpt
.noswbrkpt
        1774    0x00 0x01                                                                        NOP
.aggressive_scheduled_block_id 7
.aggressive_scheduled_block_id last
.nohwbrkpt
.noswbrkpt
        1776    0x00 0x00 0x2c 0x4a 0x30 0x00 0x00 0x77                                          NOP;                                    NOP;                                                                                      VEXT.16 r3, vrh0[1]
.aggressive_scheduled_block_id 8
.aggressive_scheduled_block_id first
        1784    0x00 0x01                                                                        NOP
.aggressive_scheduled_block_id 8
.noswbrkpt
        1786    0xa5 0x00 0x10 0x03                                                              NOP;                                    ST.s8 r8, [p2], m0, cyc0
.aggressive_scheduled_block_id 8
.nohwbrkpt
.noswbrkpt
        1790    0x00 0x01                                                                        NOP
.aggressive_scheduled_block_id 8
.nohwbrkpt
.noswbrkpt
        1792    0x00 0x01                                                                        NOP
.aggressive_scheduled_block_id 8
.nohwbrkpt
.noswbrkpt
        1794    0x00 0x01                                                                        NOP
.aggressive_scheduled_block_id 8
.nohwbrkpt
.noswbrkpt
        1796    0x00 0x01                                                                        NOP
.aggressive_scheduled_block_id 8
.aggressive_scheduled_block_id last
.nohwbrkpt
.noswbrkpt
        1798    0x3e 0xc3 0x80 0x03                                                              NOP;                                                                  LSHL r8, r3, r12
.aggressive_scheduled_block_id 9
.aggressive_scheduled_block_id first
        1802    0x00 0x01                                                                        NOP
.aggressive_scheduled_block_id 9
.noswbrkpt
        1804    0xa4 0x20 0x10 0x03                                                              NOP;                                    ST.s8 r1, [p2], m0, cyc0
.aggressive_scheduled_block_id 9
.nohwbrkpt
.noswbrkpt
        1808    0x00 0x01                                                                        NOP
.aggressive_scheduled_block_id 9
.nohwbrkpt
.noswbrkpt
        1810    0x00 0x01                                                                        NOP
.aggressive_scheduled_block_id 9
.nohwbrkpt
.noswbrkpt
        1812    0x00 0x01                                                                        NOP
.aggressive_scheduled_block_id 9
.nohwbrkpt
.noswbrkpt
        1814    0x00 0x01                                                                        NOP
.aggressive_scheduled_block_id 9
.aggressive_scheduled_block_id last
.nohwbrkpt
.noswbrkpt
        1816    0x00 0x00 0x24 0x52 0x30 0x00 0x00 0x77                                          NOP;                                    NOP;                                                                                      VEXT.16 r1, vrh0[2]
.aggressive_scheduled_block_id 10
.aggressive_scheduled_block_id first
        1824    0x00 0x01                                                                        NOP
.aggressive_scheduled_block_id 10
.noswbrkpt
        1826    0xa5 0x40 0x10 0x03                                                              NOP;                                    ST.s8 r10, [p2], m0, cyc0
.aggressive_scheduled_block_id 10
.nohwbrkpt
.noswbrkpt
        1830    0x00 0x01                                                                        NOP
.aggressive_scheduled_block_id 10
.nohwbrkpt
.noswbrkpt
        1832    0x00 0x01                                                                        NOP
.aggressive_scheduled_block_id 10
.nohwbrkpt
.noswbrkpt
        1834    0x00 0x01                                                                        NOP
.aggressive_scheduled_block_id 10
.nohwbrkpt
.noswbrkpt
        1836    0x00 0x01                                                                        NOP
.aggressive_scheduled_block_id 10
.aggressive_scheduled_block_id last
.nohwbrkpt
.noswbrkpt
        1838    0x3e 0xc1 0xa0 0x03                                                              NOP;                                                                  LSHL r10, r1, r12
.aggressive_scheduled_block_id 11
.aggressive_scheduled_block_id first
        1842    0x00 0x01                                                                        NOP
.aggressive_scheduled_block_id 11
.noswbrkpt
        1844    0xa4 0x80 0x10 0x03                                                              NOP;                                    ST.s8 r4, [p2], m0, cyc0
.aggressive_scheduled_block_id 11
.nohwbrkpt
.noswbrkpt
        1848    0x00 0x01                                                                        NOP
.aggressive_scheduled_block_id 11
.nohwbrkpt
.noswbrkpt
        1850    0x00 0x01                                                                        NOP
.aggressive_scheduled_block_id 11
.nohwbrkpt
.noswbrkpt
        1852    0x00 0x01                                                                        NOP
.aggressive_scheduled_block_id 11
.nohwbrkpt
.noswbrkpt
        1854    0x00 0x01                                                                        NOP
.aggressive_scheduled_block_id 11
.aggressive_scheduled_block_id last
.nohwbrkpt
.noswbrkpt
        1856    0x00 0x00 0x30 0x5a 0x30 0x00 0x00 0x77                                          NOP;                                    NOP;                                                                                      VEXT.16 r4, vrh0[3]
.aggressive_scheduled_block_id 12
.aggressive_scheduled_block_id first
        1864    0x00 0x01                                                                        NOP
.aggressive_scheduled_block_id 12
.noswbrkpt
        1866    0xa5 0xc0 0x10 0x03                                                              NOP;                                    ST.s8 r14, [p2], m0, cyc0
.aggressive_scheduled_block_id 12
.nohwbrkpt
.noswbrkpt
        1870    0x00 0x01                                                                        NOP
.aggressive_scheduled_block_id 12
.nohwbrkpt
.noswbrkpt
        1872    0x00 0x01                                                                        NOP
.aggressive_scheduled_block_id 12
.nohwbrkpt
.noswbrkpt
        1874    0x00 0x01                                                                        NOP
.aggressive_scheduled_block_id 12
.nohwbrkpt
.noswbrkpt
        1876    0x00 0x01                                                                        NOP
.aggressive_scheduled_block_id 12
.aggressive_scheduled_block_id last
.nohwbrkpt
.noswbrkpt
        1878    0x3e 0xc4 0xe0 0x03                                                              NOP;                                                                  LSHL r14, r4, r12
.aggressive_scheduled_block_id 13
.aggressive_scheduled_block_id first
        1882    0x00 0x01                                                                        NOP
.aggressive_scheduled_block_id 13
.noswbrkpt
        1884    0xa4 0xe0 0x10 0x03                                                              NOP;                                    ST.s8 r7, [p2], m0, cyc0
.aggressive_scheduled_block_id 13
.nohwbrkpt
.noswbrkpt
        1888    0x00 0x01                                                                        NOP
.aggressive_scheduled_block_id 13
.nohwbrkpt
.noswbrkpt
        1890    0x00 0x01                                                                        NOP
.aggressive_scheduled_block_id 13
.nohwbrkpt
.noswbrkpt
        1892    0x00 0x01                                                                        NOP
.aggressive_scheduled_block_id 13
.nohwbrkpt
.noswbrkpt
        1894    0x00 0x01                                                                        NOP
.aggressive_scheduled_block_id 13
.aggressive_scheduled_block_id last
.nohwbrkpt
.noswbrkpt
        1896    0x00 0x00 0x3c 0x62 0x30 0x00 0x00 0x77                                          NOP;                                    NOP;                                                                                      VEXT.16 r7, vrh0[4]
.aggressive_scheduled_block_id 14
.aggressive_scheduled_block_id first
        1904    0x00 0x01                                                                        NOP
.aggressive_scheduled_block_id 14
.noswbrkpt
        1906    0xa5 0xa0 0x10 0x03                                                              NOP;                                    ST.s8 r13, [p2], m0, cyc0
.aggressive_scheduled_block_id 14
.nohwbrkpt
.noswbrkpt
        1910    0x00 0x01                                                                        NOP
.aggressive_scheduled_block_id 14
.nohwbrkpt
.noswbrkpt
        1912    0x00 0x01                                                                        NOP
.aggressive_scheduled_block_id 14
.nohwbrkpt
.noswbrkpt
        1914    0x00 0x01                                                                        NOP
.aggressive_scheduled_block_id 14
.nohwbrkpt
.noswbrkpt
        1916    0x00 0x01                                                                        NOP
.aggressive_scheduled_block_id 14
.aggressive_scheduled_block_id last
.nohwbrkpt
.noswbrkpt
        1918    0x3e 0xc7 0xd0 0x03                                                              NOP;                                                                  LSHL r13, r7, r12
.aggressive_scheduled_block_id 15
.aggressive_scheduled_block_id first
        1922    0x00 0x01                                                                        NOP
.aggressive_scheduled_block_id 15
.noswbrkpt
        1924    0xa4 0xc0 0x10 0x03                                                              NOP;                                    ST.s8 r6, [p2], m0, cyc0
.aggressive_scheduled_block_id 15
.nohwbrkpt
.noswbrkpt
        1928    0x00 0x01                                                                        NOP
.aggressive_scheduled_block_id 15
.nohwbrkpt
.noswbrkpt
        1930    0x00 0x01                                                                        NOP
.aggressive_scheduled_block_id 15
.nohwbrkpt
.noswbrkpt
        1932    0x00 0x01                                                                        NOP
.aggressive_scheduled_block_id 15
.nohwbrkpt
.noswbrkpt
        1934    0x00 0x01                                                                        NOP
.aggressive_scheduled_block_id 15
.aggressive_scheduled_block_id last
.nohwbrkpt
.noswbrkpt
        1936    0x00 0x00 0x38 0x6a 0x30 0x00 0x00 0x77                                          NOP;                                    NOP;                                                                                      VEXT.16 r6, vrh0[5]
.aggressive_scheduled_block_id 16
.aggressive_scheduled_block_id first
        1944    0x00 0x01                                                                        NOP
.aggressive_scheduled_block_id 16
.noswbrkpt
        1946    0xa5 0xe0 0x10 0x03                                                              NOP;                                    ST.s8 r15, [p2], m0, cyc0
.aggressive_scheduled_block_id 16
.nohwbrkpt
.noswbrkpt
        1950    0x00 0x01                                                                        NOP
.aggressive_scheduled_block_id 16
.nohwbrkpt
.noswbrkpt
        1952    0x00 0x01                                                                        NOP
.aggressive_scheduled_block_id 16
.nohwbrkpt
.noswbrkpt
        1954    0x00 0x01                                                                        NOP
.aggressive_scheduled_block_id 16
.nohwbrkpt
.noswbrkpt
        1956    0x00 0x01                                                                        NOP
.aggressive_scheduled_block_id 16
.aggressive_scheduled_block_id last
.nohwbrkpt
.noswbrkpt
        1958    0x3e 0xc6 0xf0 0x03                                                              NOP;                                                                  LSHL r15, r6, r12
.aggressive_scheduled_block_id 17
.aggressive_scheduled_block_id first
        1962    0x00 0x01                                                                        NOP
.aggressive_scheduled_block_id 17
.noswbrkpt
        1964    0xa4 0xa0 0x10 0x03                                                              NOP;                                    ST.s8 r5, [p2], m0, cyc0
.aggressive_scheduled_block_id 17
.nohwbrkpt
.noswbrkpt
        1968    0x00 0x01                                                                        NOP
.aggressive_scheduled_block_id 17
.nohwbrkpt
.noswbrkpt
        1970    0x00 0x01                                                                        NOP
.aggressive_scheduled_block_id 17
.nohwbrkpt
.noswbrkpt
        1972    0x00 0x01                                                                        NOP
.aggressive_scheduled_block_id 17
.nohwbrkpt
.noswbrkpt
        1974    0x00 0x01                                                                        NOP
.aggressive_scheduled_block_id 17
.aggressive_scheduled_block_id last
.nohwbrkpt
.noswbrkpt
        1976    0x00 0x00 0x34 0x72 0x30 0x00 0x00 0x77                                          NOP;                                    NOP;                                                                                      VEXT.16 r5, vrh0[6]
.aggressive_scheduled_block_id 18
.aggressive_scheduled_block_id first
        1984    0x00 0x01                                                                        NOP
.aggressive_scheduled_block_id 18
.noswbrkpt
        1986    0xa5 0x60 0x10 0x03                                                              NOP;                                    ST.s8 r11, [p2], m0, cyc0
.aggressive_scheduled_block_id 18
.nohwbrkpt
.noswbrkpt
        1990    0x00 0x01                                                                        NOP
.aggressive_scheduled_block_id 18
.nohwbrkpt
.noswbrkpt
        1992    0x00 0x01                                                                        NOP
.aggressive_scheduled_block_id 18
.nohwbrkpt
.noswbrkpt
        1994    0x00 0x01                                                                        NOP
.aggressive_scheduled_block_id 18
.nohwbrkpt
.noswbrkpt
        1996    0x00 0x01                                                                        NOP
.aggressive_scheduled_block_id 18
.aggressive_scheduled_block_id last
.nohwbrkpt
.noswbrkpt
        1998    0x3e 0xc5 0xb0 0x03                                                              NOP;                                                                  LSHL r11, r5, r12
.aggressive_scheduled_block_id 19
.aggressive_scheduled_block_id first
        2002    0x00 0x01                                                                        NOP
.aggressive_scheduled_block_id 19
.noswbrkpt
        2004    0xa4 0x00 0x10 0x03                                                              NOP;                                    ST.s8 r0, [p2], m0, cyc0
.aggressive_scheduled_block_id 19
.nohwbrkpt
.noswbrkpt
        2008    0x00 0x01                                                                        NOP
.aggressive_scheduled_block_id 19
.nohwbrkpt
.noswbrkpt
        2010    0x00 0x01                                                                        NOP
.aggressive_scheduled_block_id 19
.nohwbrkpt
.noswbrkpt
        2012    0x00 0x01                                                                        NOP
.aggressive_scheduled_block_id 19
.nohwbrkpt
.noswbrkpt
        2014    0x00 0x01                                                                        NOP
.aggressive_scheduled_block_id 19
.aggressive_scheduled_block_id last
.nohwbrkpt
.noswbrkpt
        2016    0x00 0x00 0x20 0x7a 0x30 0x00 0x00 0x77                                          NOP;                                    NOP;                                                                                      VEXT.16 r0, vrh0[7]
        2024    0x00 0x00 0x00 0x00 0x00 0x00 0x00 0x37                                          NOP;                                    NOP;                          NOP
.label ZLE_F_Z9kernel_avP12input_streamIsEPS_IaEP13output_windowIaE_1136
.end_of_loop
        2032    0x00 0x00 0x00 0x00 0x04 0x88 0x02 0x00 0x00 0x00 0x1f 0x60 0x10 0x00 0x00 0x02  NOP;                NOP;                ST.s8 r2, [p2], m0, cyc0;     LSHL r2, r0, r12;             NOP;                          NOP;                                    NOP
.loop_nesting 0
        2048    0x29 0xf9 0x34 0xff 0xa0 0x00 0x01 0xfe 0x08 0x44 0x8f 0x1f                      MOV.s10 cs1, #-28;  LDB r4, [sp, #-12]; NOP;                          MOV.s12 m1, #-32;             MOV r12, cl0
        2060    0x6f 0xff 0x82 0xc1 0x40 0x00 0x00 0x77                                          LDA p7, [sp, #-8];                                                    NOP;                          MOV lr, r12
        2068    0x80 0x00 0x00 0xc7 0xbb 0xff 0xe7 0xf7                                                                                  NOP;                                                        LDA.SPIL p6, [sp, #-4];       NOP
        2076    0x08 0x92 0x00 0x00 0x00 0x00 0x00 0x37                                          PADDA [sp], m1;                         NOP;                          NOP
        2084    0x01 0x01                                                                        RET lr
.delay_slot
.swstall delay_slot
        2086    0x00 0x01                                                                        NOP
.delay_slot
        2088    0xad 0x58 0x48 0x03                                                              NOP;                                    ST p2, [p1, cs1]
.delay_slot
        2092    0x2f 0xa5                                                                        MOV r10, cl3
.delay_slot
        2094    0x03 0xb5                                                                        MOV r11, ch0
.delay_slot
.swstall delay_slot
        2096    0x00 0x01                                                                        NOP
.label _Z9kernel_avP12input_streamIsEPS_IaEP13output_windowIaE__end
.label __Z9kernel_avP12input_streamIsEPS_IaEP13output_windowIaE___func_end0

.text_segment PM   2112
.label _fini
.function_start
        2112    0x40 0x82 0x00 0x40 0xc0 0x00 0x07 0xf7                                                                                                                MOV.s12 m0, #32;              MOV.u20 r0, #0;               NOP
        2120    0x08 0x90 0x00 0x00 0x10 0x00 0x00 0x04 0x0f 0x00 0x00 0x3f                      PADDA [sp], m0;     NOP;                NOP;                                                        MOV.u20 r12, #0;              NOP
        2132    0x00 0x00 0x06 0xfa 0x07 0x18 0x18 0x77                                          NOP;                                                                  EQ r12, r0, r12;              MOV p0, p7
        2140    0x80 0x00 0x00 0x91 0x80 0x8e 0x07 0xf7                                                                                  NOP;                                                        BNEZ r12,#2272;               NOP
.delay_slot
        2148    0xaf 0x7f 0xf0 0x40 0xbc 0x00 0x07 0xf7                                                                                  ST r11, [sp, #-8];                                          MOV.u20 p7, #0;               NOP
.delay_slot
        2156    0x80 0x00 0x00 0xe8 0xff 0xfc 0x47 0xf7                                                                                  NOP;                                                        ST.SPIL p0, [sp, #-4];        NOP
.delay_slot
        2164    0x80 0x00 0x00 0xf4 0xff 0xf4 0x47 0xf7                                                                                  NOP;                                                        ST.SPIL r4, [sp, #-12];       NOP
.delay_slot
        2172    0x80 0x00 0x00 0xc8 0xff 0xf0 0x47 0xf7                                                                                  NOP;                                                        ST.SPIL lr, [sp, #-16];       NOP
.delay_slot
.swstall delay_slot
        2180    0x00 0x00 0x00 0x03                                                              NOP;                                                                  NOP
        2184    0x80 0x00 0x00 0x40 0xd0 0x00 0x07 0xf7                                                                                  NOP;                                                        MOV.u20 r4, #0;               NOP
.label TGT_F_fini_80
.loop_nesting 1
        2192    0x40 0xa3 0xc0 0x00 0x00 0x00 0x00 0x37                                          LDA cb0, [p7], #4;                      NOP;                          NOP
        2200    0x00 0x01                                                                        NOP
        2202    0x00 0x01                                                                        NOP
        2204    0x00 0x01                                                                        NOP
        2206    0x00 0x01                                                                        NOP
        2208    0x00 0x01                                                                        NOP
        2210    0x00 0x01                                                                        NOP
        2212    0x00 0x01                                                                        NOP
.no_stack_arguments
        2214    0x00 0x41                                                                        JAL cb0
.delay_slot
        2216    0xbf 0xb5                                                                        MOV r11, p7
.delay_slot
.swstall delay_slot
        2218    0x00 0x01                                                                        NOP
.delay_slot
.swstall delay_slot
        2220    0x00 0x01                                                                        NOP
.delay_slot
.swstall delay_slot
        2222    0x00 0x01                                                                        NOP
.delay_slot
.swstall delay_slot
        2224    0x00 0x00 0x00 0x00 0x00 0x00 0x00 0x00 0x00 0x00 0x00 0x00 0x00 0x00 0x00 0x02  NOP;                NOP;                NOP;                          NOP;                          NOP;                          NOP;                                    NOP
.return_address
        2240    0x39 0xb4 0xc0 0x03                                                              NOP;                                                                  NE r12, r4, r11
        2244    0x80 0x00 0x00 0x91 0x80 0x89 0x07 0xf7                                                                                  NOP;                                                        BNEZ r12,#2192;               NOP
.delay_slot
.swstall delay_slot
        2252    0x00 0x01                                                                        NOP
.delay_slot
.swstall delay_slot
        2254    0x00 0x01                                                                        NOP
.delay_slot
.swstall delay_slot
        2256    0x00 0x01                                                                        NOP
.delay_slot
.swstall delay_slot
        2258    0x00 0x01                                                                        NOP
.delay_slot
.swstall delay_slot
        2260    0x00 0x00 0x00 0x00 0x00 0x00 0x00 0x00 0x00 0x00 0x00 0x1f                      NOP;                NOP;                NOP;                          NOP;                          NOP
.label TGT_F_fini_160
.loop_nesting 0
        2272    0x58 0xff 0x38 0x03                                                              NOP;                LDB lr, [sp, #-16]
        2276    0x80 0x00 0x00 0xc7 0xef 0xff 0x67 0xf7                                                                                  NOP;                                                        LDA.SPIL r11, [sp, #-8];      NOP
        2284    0x80 0x00 0x00 0xc7 0xd3 0xfe 0xe7 0xf7                                                                                  NOP;                                                        LDA.SPIL r4, [sp, #-12];      NOP
        2292    0x80 0x00 0x00 0xc7 0xbf 0xff 0xe7 0xf7                                                                                  NOP;                                                        LDA.SPIL p7, [sp, #-4];       NOP
        2300    0x00 0x01                                                                        NOP
        2302    0x00 0x01                                                                        NOP
        2304    0x00 0x01                                                                        NOP
        2306    0x00 0x01                                                                        NOP
        2308    0x01 0x01                                                                        RET lr
.delay_slot
        2310    0x7f 0x82 0x00 0x03                                                              NOP;                                                                  MOV.s12 m0, #-32
.delay_slot
        2314    0x08 0x90 0x00 0x00 0x00 0x00 0x00 0x37                                          PADDA [sp], m0;                         NOP;                          NOP
.delay_slot
.swstall delay_slot
        2322    0x00 0x01                                                                        NOP
.delay_slot
.swstall delay_slot
        2324    0x00 0x01                                                                        NOP
.delay_slot
.swstall delay_slot
        2326    0x00 0x01                                                                        NOP
.label _fini__end

.text_segment PM   2336
.label memset
.function_start
        2336    0x80 0x00 0x00 0x80 0xe0 0x9c 0x07 0xf7                                                                                  NOP;                                                        BEQZ r7,#2496;                NOP
.delay_slot
        2344    0xa6 0x85                                                                        MOV p0, p1
.delay_slot
.swstall delay_slot
        2346    0x00 0x01                                                                        NOP
.delay_slot
.swstall delay_slot
        2348    0x00 0x01                                                                        NOP
.delay_slot
.swstall delay_slot
        2350    0x00 0x01                                                                        NOP
.delay_slot
.swstall delay_slot
        2352    0x00 0x00 0x00 0x03                                                              NOP;                                                                  NOP
        2356    0x1c 0x07 0x00 0x40 0x60 0x95 0x07 0xf7                                                                                                                ADD lc, r7, #0;               MOV.u20 ls, #2384;            NOP
        2364    0x80 0x00 0x00 0x40 0x6c 0x9b 0x07 0xf7                                                                                  NOP;                                                        MOV.u20 le, #2480;            NOP
        2372    0x00 0x00 0x00 0x00 0x00 0x00 0x00 0x00 0x00 0x06 0x8a 0x5f                      NOP;                NOP;                NOP;                          NOP;                          MOV p1, p0
.label ZLS_Fmemset_48
.loop_nesting 1
.begin_of_loop
        2384    0x00 0x00 0x00 0x00 0x04 0x9a 0x89 0x00 0x00 0x00 0x00 0x00 0x00 0x00 0x00 0x02  NOP;                NOP;                ST.s8 r6, [p1], #1;           NOP;                          NOP;                          NOP;                                    NOP
        2400    0x00 0x00 0x00 0x00 0x00 0x00 0x00 0x00 0x00 0x00 0x00 0x00 0x00 0x00 0x00 0x02  NOP;                NOP;                NOP;                          NOP;                          NOP;                          NOP;                                    NOP
        2416    0x00 0x00 0x00 0x00 0x00 0x00 0x00 0x00 0x00 0x00 0x00 0x00 0x00 0x00 0x00 0x02  NOP;                NOP;                NOP;                          NOP;                          NOP;                          NOP;                                    NOP
        2432    0x00 0x00 0x00 0x00 0x00 0x00 0x00 0x00 0x00 0x00 0x00 0x00 0x00 0x00 0x00 0x02  NOP;                NOP;                NOP;                          NOP;                          NOP;                          NOP;                                    NOP
        2448    0x00 0x00 0x00 0x00 0x00 0x00 0x00 0x00 0x00 0x00 0x00 0x00 0x00 0x00 0x00 0x02  NOP;                NOP;                NOP;                          NOP;                          NOP;                          NOP;                                    NOP
        2464    0x00 0x00 0x00 0x00 0x00 0x00 0x00 0x00 0x00 0x00 0x00 0x00 0x00 0x00 0x00 0x02  NOP;                NOP;                NOP;                          NOP;                          NOP;                          NOP;                                    NOP
.label ZLE_Fmemset_144
.end_of_loop
        2480    0x00 0x00 0x00 0x00 0x00 0x00 0x00 0x00 0x00 0x00 0x00 0x00 0x00 0x00 0x00 0x02  NOP;                NOP;                NOP;                          NOP;                          NOP;                          NOP;                                    NOP
.label TGT_Fmemset_160
.loop_nesting 0
        2496    0x01 0x01                                                                        RET lr
.delay_slot
.swstall delay_slot
        2498    0x00 0x01                                                                        NOP
.delay_slot
.swstall delay_slot
        2500    0x00 0x01                                                                        NOP
.delay_slot
.swstall delay_slot
        2502    0x00 0x01                                                                        NOP
.delay_slot
.swstall delay_slot
        2504    0x00 0x01                                                                        NOP
.delay_slot
.swstall delay_slot
        2506    0x00 0x01                                                                        NOP
.label memset__end

.text_segment PM   2512
.label __cxa_finalize
.function_start
        2512    0x00 0x00 0x18 0xff 0xa8 0x04 0x78 0x04 0xfa 0x12 0x60 0x3f                      NOP;                MOV.s9 r8, #-3;                                   MOV.s12 r12, #8;              MOV.u20 p0, #250464;          NOP
        2524    0x80 0x00 0x00 0x4f 0xb9 0x24 0x07 0xf7                                                                                  NOP;                                                        MOV.u20 p6, #250432;          NOP
        2532    0x15 0xa9                                                                        MOV r10, lr
        2534    0x79 0xd0 0x00 0x00 0x00 0x00 0x00 0x37                                          LDA r9, [p0];                           NOP;                          NOP
        2542    0xaf 0x9a 0x00 0x03                                                              NOP;                                    ST r12, [p0]
        2546    0x00 0x01                                                                        NOP
        2548    0x00 0x01                                                                        NOP
        2550    0x00 0x01                                                                        NOP
        2552    0x00 0x01                                                                        NOP
        2554    0x00 0x01                                                                        NOP
        2556    0x00 0x01                                                                        NOP
        2558    0x27 0x89 0x90 0x03                                                              NOP;                                                                  ADD r9, r9, #-8
        2562    0x00 0x00 0x07 0x98 0x07 0xf1 0x36 0x77                                          NOP;                                                                  ASHL r11, r9, r8;             MOV m0, r9
        2570    0xa0 0x10 0x30 0x03                                                              NOP;                                    PADDS [p6], m0
        2574    0x00 0x01                                                                        NOP
.label TGT_F__cxa_finalize_64
.loop_nesting 1
        2576    0x40 0xa3 0x80 0x00 0x00 0x00 0x00 0x37                                          LDA cb0, [p6], #4;                      NOP;                          NOP
        2584    0x68 0xbb 0x80 0x00 0x00 0x00 0x00 0x37                                          LDA p0, [p6], #-12;                     NOP;                          NOP
        2592    0x00 0x01                                                                        NOP
        2594    0x00 0x01                                                                        NOP
        2596    0x00 0x01                                                                        NOP
        2598    0x00 0x01                                                                        NOP
        2600    0x00 0x01                                                                        NOP
        2602    0x00 0x01                                                                        NOP
.no_stack_arguments
        2604    0x00 0x41                                                                        JAL cb0
.delay_slot
.swstall delay_slot
        2606    0x00 0x01                                                                        NOP
.delay_slot
.swstall delay_slot
        2608    0x00 0x01                                                                        NOP
.delay_slot
.swstall delay_slot
        2610    0x00 0x01                                                                        NOP
.delay_slot
        2612    0x0e 0x1a 0x18 0x03                                                              NOP;                                                                                                MOV r4, r0
.delay_slot
.swstall delay_slot
        2616    0x00 0x00 0x00 0x00 0x00 0x00 0x00 0x37                                          NOP;                                    NOP;                          NOP
.return_address
        2624    0x80 0x00 0x00 0x40 0x40 0xa1 0x07 0xf7                                                                                  NOP;                                                        MOV.u20 cb0, #2576;           NOP
        2632    0x03 0x8b 0xb0 0x03                                                              NOP;                                                                  BDEC r11, r11, cb0
.delay_slot
        2636    0xd3 0x05                                                                        MOV r0, r4
.delay_slot
.swstall delay_slot
        2638    0x00 0x01                                                                        NOP
.delay_slot
.swstall delay_slot
        2640    0x00 0x01                                                                        NOP
.delay_slot
.swstall delay_slot
        2642    0x00 0x01                                                                        NOP
.delay_slot
.swstall delay_slot
        2644    0x00 0x01                                                                        NOP
.loop_nesting 0
        2646    0xa1 0x61                                                                        MOV lr, r10
        2648    0x01 0x01                                                                        RET lr
.delay_slot
.swstall delay_slot
        2650    0x00 0x01                                                                        NOP
.delay_slot
.swstall delay_slot
        2652    0x00 0x01                                                                        NOP
.delay_slot
.swstall delay_slot
        2654    0x00 0x01                                                                        NOP
.delay_slot
.swstall delay_slot
        2656    0x00 0x01                                                                        NOP
.delay_slot
.swstall delay_slot
        2658    0x00 0x01                                                                        NOP
.label __cxa_finalize__end

.bss_segment DMb 180224	    4096

.bss_segment DMb 188416	    4096

.data_segment DMb 229376
.label _ZL11sync_buffer
	0x0
	0x0
	0x0
	0x0
	0xff
	0xff
	0xff
	0xff
	0x0
	0x0
	0x0
	0x0
	0x0
	0x0
	0x0
	0x0
	0x0
	0x0
	0x0
	0x0
	0x0
	0x0
	0x0
	0x0
	0x0
	0x0
	0x0
	0x0
	0x0
	0x0
	0x0
	0x0

.bss_segment DMb 233504	    16896

.robss_segment DMb 250400	    32

.data_segment DMb 250432
.label _ZL7atexits
	0x40
	0x8
	0x0
	0x0
	0x0
	0x0
	0x0
	0x0
	0x0
	0x0
	0x0
	0x0
	0x0
	0x0
	0x0
	0x0
	0x0
	0x0
	0x0
	0x0
	0x0
	0x0
	0x0
	0x0
	0x0
	0x0
	0x0
	0x0
	0x0
	0x0
	0x0
	0x0
.label _ZL10atexit_cnt
	0x8
	0x0
	0x0
	0x0

.stack DM_stack 229408 233504
