

================================================================
== Vitis HLS Report for 'action_diff_head'
================================================================
* Date:           Thu May 28 13:08:52 2026

* Version:        2024.1 (Build 5069499 on May 21 2024)
* Project:        action_diff_hls
* Solution:       sol1 (Vivado IP Flow Target)
* Product family: versalaicore
* Target device:  xcvc1902-vsva2197-2MP-e-S


================================================================
== Performance Estimates
================================================================
+ Timing: 
    * Summary: 
    +--------+---------+----------+------------+
    |  Clock |  Target | Estimated| Uncertainty|
    +--------+---------+----------+------------+
    |ap_clk  |  4.00 ns|  2.920 ns|     1.08 ns|
    +--------+---------+----------+------------+

+ Latency: 
    * Summary: 
    +---------+---------+----------+----------+--------+--------+---------+
    |  Latency (cycles) |  Latency (absolute) |     Interval    | Pipeline|
    |   min   |   max   |    min   |    max   |   min  |   max  |   Type  |
    +---------+---------+----------+----------+--------+--------+---------+
    |   279963|   279963|  1.120 ms|  1.120 ms|  279964|  279964|       no|
    +---------+---------+----------+----------+--------+--------+---------+

    + Detail: 
        * Instance: 
        +------------------------------------------------------------------+------------------------------------------------------+---------+---------+-----------+-----------+--------+--------+-----------------------------------------------+
        |                                                                  |                                                      |  Latency (cycles) |   Latency (absolute)  |     Interval    |                    Pipeline                   |
        |                             Instance                             |                        Module                        |   min   |   max   |    min    |    max    |   min  |   max  |                      Type                     |
        +------------------------------------------------------------------+------------------------------------------------------+---------+---------+-----------+-----------+--------+--------+-----------------------------------------------+
        |grp_action_diff_head_Pipeline_LOAD_CTX_N_VITIS_LOOP_88_1_fu_5246  |action_diff_head_Pipeline_LOAD_CTX_N_VITIS_LOOP_88_1  |    65538|    65538|   0.262 ms|   0.262 ms|   65537|   65537|  loop auto-rewind stp(delay=0 clock cycles(s))|
        |grp_action_diff_head_Pipeline_LOAD_NA_fu_5317                     |action_diff_head_Pipeline_LOAD_NA                     |        9|        9|  36.000 ns|  36.000 ns|       8|       8|  loop auto-rewind stp(delay=0 clock cycles(s))|
        |grp_action_diff_head_Pipeline_LOAD_WT_VITIS_LOOP_100_2_fu_5331    |action_diff_head_Pipeline_LOAD_WT_VITIS_LOOP_100_2    |    32770|    32770|   0.131 ms|   0.131 ms|   32769|   32769|  loop auto-rewind stp(delay=0 clock cycles(s))|
        |grp_action_diff_head_Pipeline_LOAD_F1_VITIS_LOOP_108_4_fu_5466    |action_diff_head_Pipeline_LOAD_F1_VITIS_LOOP_108_4    |   131074|   131074|   0.524 ms|   0.524 ms|  131073|  131073|  loop auto-rewind stp(delay=0 clock cycles(s))|
        |grp_action_diff_head_Pipeline_LOAD_TE_fu_5537                     |action_diff_head_Pipeline_LOAD_TE                     |      130|      130|   0.520 us|   0.520 us|     129|     129|  loop auto-rewind stp(delay=0 clock cycles(s))|
        |grp_action_diff_head_Pipeline_LOAD_WA_VITIS_LOOP_104_3_fu_5672    |action_diff_head_Pipeline_LOAD_WA_VITIS_LOOP_104_3    |     1794|     1794|   7.176 us|   7.176 us|    1793|    1793|  loop auto-rewind stp(delay=0 clock cycles(s))|
        |grp_action_diff_head_Pipeline_LOAD_F2_VITIS_LOOP_112_5_fu_5686    |action_diff_head_Pipeline_LOAD_F2_VITIS_LOOP_112_5    |   131074|   131074|   0.524 ms|   0.524 ms|  131073|  131073|  loop auto-rewind stp(delay=0 clock cycles(s))|
        |grp_action_diff_head_Pipeline_TIME_LOOP_fu_5757                   |action_diff_head_Pipeline_TIME_LOOP                   |      263|      263|   1.052 us|   1.052 us|     257|     257|  loop auto-rewind stp(delay=0 clock cycles(s))|
        |grp_action_diff_head_Pipeline_ACTP_LOOP_fu_6018                   |action_diff_head_Pipeline_ACTP_LOOP                   |      263|      263|   1.052 us|   1.052 us|     257|     257|  loop auto-rewind stp(delay=0 clock cycles(s))|
        |grp_action_diff_head_Pipeline_QKT_LOOP_VITIS_LOOP_164_9_fu_6101   |action_diff_head_Pipeline_QKT_LOOP_VITIS_LOOP_164_9   |     1031|     1031|   4.124 us|   4.124 us|    1025|    1025|  loop auto-rewind stp(delay=0 clock cycles(s))|
        |grp_action_diff_head_Pipeline_MAX_S_fu_6234                       |action_diff_head_Pipeline_MAX_S                       |      257|      257|   1.028 us|   1.028 us|     256|     256|  loop auto-rewind stp(delay=0 clock cycles(s))|
        |grp_action_diff_head_Pipeline_LOAD_WO_VITIS_LOOP_116_6_fu_6241    |action_diff_head_Pipeline_LOAD_WO_VITIS_LOOP_116_6    |     1794|     1794|   7.176 us|   7.176 us|    1793|    1793|  loop auto-rewind stp(delay=0 clock cycles(s))|
        |grp_action_diff_head_Pipeline_SHIFT_S_fu_6312                     |action_diff_head_Pipeline_SHIFT_S                     |      259|      259|   1.036 us|   1.036 us|     257|     257|  loop auto-rewind stp(delay=0 clock cycles(s))|
        |grp_action_diff_head_Pipeline_NORM_S_fu_6320                      |action_diff_head_Pipeline_NORM_S                      |      276|      276|   1.104 us|   1.104 us|     257|     257|  loop auto-rewind stp(delay=0 clock cycles(s))|
        |grp_action_diff_head_Pipeline_ATTN_O_TILE_ATTN_O_N_LOOP_fu_6328   |action_diff_head_Pipeline_ATTN_O_TILE_ATTN_O_N_LOOP   |     1029|     1029|   4.116 us|   4.116 us|    1025|    1025|  loop auto-rewind stp(delay=0 clock cycles(s))|
        |grp_action_diff_head_Pipeline_VITIS_LOOP_246_11_fu_6461           |action_diff_head_Pipeline_VITIS_LOOP_246_11           |       10|       10|  40.000 ns|  40.000 ns|       5|       5|  loop auto-rewind stp(delay=0 clock cycles(s))|
        |grp_sat8_fu_6595                                                  |sat8                                                  |        0|        0|       0 ns|       0 ns|       1|       1|                                            yes|
        |grp_action_diff_head_Pipeline_VITIS_LOOP_266_13_fu_6664           |action_diff_head_Pipeline_VITIS_LOOP_266_13           |       14|       14|  56.000 ns|  56.000 ns|       9|       9|  loop auto-rewind stp(delay=0 clock cycles(s))|
        |grp_action_diff_head_Pipeline_OUT_LOOP_VITIS_LOOP_285_15_fu_6798  |action_diff_head_Pipeline_OUT_LOOP_VITIS_LOOP_285_15  |       35|       35|   0.140 us|   0.140 us|      29|      29|  loop auto-rewind stp(delay=0 clock cycles(s))|
        |grp_action_diff_head_Pipeline_STORE_OUT_fu_6931                   |action_diff_head_Pipeline_STORE_OUT                   |        9|        9|  36.000 ns|  36.000 ns|       8|       8|  loop auto-rewind stp(delay=0 clock cycles(s))|
        +------------------------------------------------------------------+------------------------------------------------------+---------+---------+-----------+-----------+--------+--------+-----------------------------------------------+

        * Loop: 
        +-------------+---------+---------+----------+-----------+-----------+------+----------+
        |             |  Latency (cycles) | Iteration|  Initiation Interval  | Trip |          |
        |  Loop Name  |   min   |   max   |  Latency |  achieved |   target  | Count| Pipelined|
        +-------------+---------+---------+----------+-----------+-----------+------+----------+
        |- FFN1_LOOP  |     8192|     8192|        16|          -|          -|   512|        no|
        |- FFN2_LOOP  |     4608|     4608|        18|          -|          -|   256|        no|
        +-------------+---------+---------+----------+-----------+-----------+------+----------+



================================================================
== Utilization Estimates
================================================================
* Summary: 
+-----------------+---------+------+---------+--------+-----+
|       Name      | BRAM_18K|  DSP |    FF   |   LUT  | URAM|
+-----------------+---------+------+---------+--------+-----+
|DSP              |        -|     -|        -|       -|    -|
|Expression       |        -|     -|        0|      61|    -|
|FIFO             |        -|     -|        -|       -|    -|
|Instance         |       31|   259|    22159|   45510|    0|
|Memory           |      195|     -|     3656|    7589|    0|
|Multiplexer      |        -|     -|        0|   17781|    -|
|Register         |        -|     -|      890|       -|    -|
+-----------------+---------+------+---------+--------+-----+
|Total            |      226|   259|    26705|   70941|    0|
+-----------------+---------+------+---------+--------+-----+
|Available        |     1934|  1968|  1799680|  899840|  463|
+-----------------+---------+------+---------+--------+-----+
|Utilization (%)  |       11|    13|        1|       7|    0|
+-----------------+---------+------+---------+--------+-----+

+ Detail: 
    * Instance: 
    +------------------------------------------------------------------+------------------------------------------------------+---------+----+------+------+-----+
    |                             Instance                             |                        Module                        | BRAM_18K| DSP|  FF  |  LUT | URAM|
    +------------------------------------------------------------------+------------------------------------------------------+---------+----+------+------+-----+
    |grp_action_diff_head_Pipeline_ACTP_LOOP_fu_6018                   |action_diff_head_Pipeline_ACTP_LOOP                   |        0|   3|   241|   284|    0|
    |grp_action_diff_head_Pipeline_ATTN_O_TILE_ATTN_O_N_LOOP_fu_6328   |action_diff_head_Pipeline_ATTN_O_TILE_ATTN_O_N_LOOP   |        0|  64|  2103|  8212|    0|
    |grp_action_diff_head_Pipeline_LOAD_CTX_N_VITIS_LOOP_88_1_fu_5246  |action_diff_head_Pipeline_LOAD_CTX_N_VITIS_LOOP_88_1  |        0|   0|    38|   186|    0|
    |grp_action_diff_head_Pipeline_LOAD_F1_VITIS_LOOP_108_4_fu_5466    |action_diff_head_Pipeline_LOAD_F1_VITIS_LOOP_108_4    |        0|   0|    40|   200|    0|
    |grp_action_diff_head_Pipeline_LOAD_F2_VITIS_LOOP_112_5_fu_5686    |action_diff_head_Pipeline_LOAD_F2_VITIS_LOOP_112_5    |        0|   0|    40|   200|    0|
    |grp_action_diff_head_Pipeline_LOAD_NA_fu_5317                     |action_diff_head_Pipeline_LOAD_NA                     |        0|   0|    65|    51|    0|
    |grp_action_diff_head_Pipeline_LOAD_TE_fu_5537                     |action_diff_head_Pipeline_LOAD_TE                     |        0|   0|  1042|    55|    0|
    |grp_action_diff_head_Pipeline_LOAD_WA_VITIS_LOOP_104_3_fu_5672    |action_diff_head_Pipeline_LOAD_WA_VITIS_LOOP_104_3    |        0|   0|    26|   129|    0|
    |grp_action_diff_head_Pipeline_LOAD_WO_VITIS_LOOP_116_6_fu_6241    |action_diff_head_Pipeline_LOAD_WO_VITIS_LOOP_116_6    |        0|   0|    26|   156|    0|
    |grp_action_diff_head_Pipeline_LOAD_WT_VITIS_LOOP_100_2_fu_5331    |action_diff_head_Pipeline_LOAD_WT_VITIS_LOOP_100_2    |        0|   0|    36|   143|    0|
    |grp_action_diff_head_Pipeline_MAX_S_fu_6234                       |action_diff_head_Pipeline_MAX_S                       |        0|   0|    28|   103|    0|
    |grp_action_diff_head_Pipeline_NORM_S_fu_6320                      |action_diff_head_Pipeline_NORM_S                      |        0|   0|  1895|  1285|    0|
    |grp_action_diff_head_Pipeline_OUT_LOOP_VITIS_LOOP_285_15_fu_6798  |action_diff_head_Pipeline_OUT_LOOP_VITIS_LOOP_285_15  |        0|  32|   179|  3537|    0|
    |grp_action_diff_head_Pipeline_QKT_LOOP_VITIS_LOOP_164_9_fu_6101   |action_diff_head_Pipeline_QKT_LOOP_VITIS_LOOP_164_9   |        0|  32|   460|  3605|    0|
    |grp_action_diff_head_Pipeline_SHIFT_S_fu_6312                     |action_diff_head_Pipeline_SHIFT_S                     |        0|   0|    90|   179|    0|
    |grp_action_diff_head_Pipeline_STORE_OUT_fu_6931                   |action_diff_head_Pipeline_STORE_OUT                   |        0|   0|     6|    51|    0|
    |grp_action_diff_head_Pipeline_TIME_LOOP_fu_5757                   |action_diff_head_Pipeline_TIME_LOOP                   |        0|  64|  2303|  6745|    0|
    |grp_action_diff_head_Pipeline_VITIS_LOOP_246_11_fu_6461           |action_diff_head_Pipeline_VITIS_LOOP_246_11           |        0|  32|   398|  3421|    0|
    |grp_action_diff_head_Pipeline_VITIS_LOOP_266_13_fu_6664           |action_diff_head_Pipeline_VITIS_LOOP_266_13           |        0|  32|   402|  3423|    0|
    |control_s_axi_U                                                   |control_s_axi                                         |        0|   0|   666|  1192|    0|
    |ddrCTX_m_axi_U                                                    |ddrCTX_m_axi                                          |        9|   0|  2451|  2585|    0|
    |ddrIN_m_axi_U                                                     |ddrIN_m_axi                                           |        2|   0|  2368|  2115|    0|
    |ddrOUT_m_axi_U                                                    |ddrOUT_m_axi                                          |        2|   0|  2354|  2451|    0|
    |ddrW1_m_axi_U                                                     |ddrW1_m_axi                                           |        9|   0|  2451|  2585|    0|
    |ddrW2_m_axi_U                                                     |ddrW2_m_axi                                           |        9|   0|  2451|  2585|    0|
    |grp_sat8_fu_6595                                                  |sat8                                                  |        0|   0|     0|    32|    0|
    +------------------------------------------------------------------+------------------------------------------------------+---------+----+------+------+-----+
    |Total                                                             |                                                      |       31| 259| 22159| 45510|    0|
    +------------------------------------------------------------------+------------------------------------------------------+---------+----+------+------+-----+

    * DSP: 
    N/A

    * Memory: 
    +----------------+-----------------------+---------+----+----+-----+------+-----+------+-------------+
    |     Memory     |         Module        | BRAM_18K| FF | LUT| URAM| Words| Bits| Banks| W*Bits*Banks|
    +----------------+-----------------------+---------+----+----+-----+------+-----+------+-------------+
    |W_ffn1_U        |W_ffn1_RAM_AUTO_1R1W   |        1|   0|   0|    0|  2048|    8|     1|        16384|
    |W_ffn1_1_U      |W_ffn1_RAM_AUTO_1R1W   |        1|   0|   0|    0|  2048|    8|     1|        16384|
    |W_ffn1_2_U      |W_ffn1_RAM_AUTO_1R1W   |        1|   0|   0|    0|  2048|    8|     1|        16384|
    |W_ffn1_3_U      |W_ffn1_RAM_AUTO_1R1W   |        1|   0|   0|    0|  2048|    8|     1|        16384|
    |W_ffn1_4_U      |W_ffn1_RAM_AUTO_1R1W   |        1|   0|   0|    0|  2048|    8|     1|        16384|
    |W_ffn1_5_U      |W_ffn1_RAM_AUTO_1R1W   |        1|   0|   0|    0|  2048|    8|     1|        16384|
    |W_ffn1_6_U      |W_ffn1_RAM_AUTO_1R1W   |        1|   0|   0|    0|  2048|    8|     1|        16384|
    |W_ffn1_7_U      |W_ffn1_RAM_AUTO_1R1W   |        1|   0|   0|    0|  2048|    8|     1|        16384|
    |W_ffn1_8_U      |W_ffn1_RAM_AUTO_1R1W   |        1|   0|   0|    0|  2048|    8|     1|        16384|
    |W_ffn1_9_U      |W_ffn1_RAM_AUTO_1R1W   |        1|   0|   0|    0|  2048|    8|     1|        16384|
    |W_ffn1_10_U     |W_ffn1_RAM_AUTO_1R1W   |        1|   0|   0|    0|  2048|    8|     1|        16384|
    |W_ffn1_11_U     |W_ffn1_RAM_AUTO_1R1W   |        1|   0|   0|    0|  2048|    8|     1|        16384|
    |W_ffn1_12_U     |W_ffn1_RAM_AUTO_1R1W   |        1|   0|   0|    0|  2048|    8|     1|        16384|
    |W_ffn1_13_U     |W_ffn1_RAM_AUTO_1R1W   |        1|   0|   0|    0|  2048|    8|     1|        16384|
    |W_ffn1_14_U     |W_ffn1_RAM_AUTO_1R1W   |        1|   0|   0|    0|  2048|    8|     1|        16384|
    |W_ffn1_15_U     |W_ffn1_RAM_AUTO_1R1W   |        1|   0|   0|    0|  2048|    8|     1|        16384|
    |W_ffn1_16_U     |W_ffn1_RAM_AUTO_1R1W   |        1|   0|   0|    0|  2048|    8|     1|        16384|
    |W_ffn1_17_U     |W_ffn1_RAM_AUTO_1R1W   |        1|   0|   0|    0|  2048|    8|     1|        16384|
    |W_ffn1_18_U     |W_ffn1_RAM_AUTO_1R1W   |        1|   0|   0|    0|  2048|    8|     1|        16384|
    |W_ffn1_19_U     |W_ffn1_RAM_AUTO_1R1W   |        1|   0|   0|    0|  2048|    8|     1|        16384|
    |W_ffn1_20_U     |W_ffn1_RAM_AUTO_1R1W   |        1|   0|   0|    0|  2048|    8|     1|        16384|
    |W_ffn1_21_U     |W_ffn1_RAM_AUTO_1R1W   |        1|   0|   0|    0|  2048|    8|     1|        16384|
    |W_ffn1_22_U     |W_ffn1_RAM_AUTO_1R1W   |        1|   0|   0|    0|  2048|    8|     1|        16384|
    |W_ffn1_23_U     |W_ffn1_RAM_AUTO_1R1W   |        1|   0|   0|    0|  2048|    8|     1|        16384|
    |W_ffn1_24_U     |W_ffn1_RAM_AUTO_1R1W   |        1|   0|   0|    0|  2048|    8|     1|        16384|
    |W_ffn1_25_U     |W_ffn1_RAM_AUTO_1R1W   |        1|   0|   0|    0|  2048|    8|     1|        16384|
    |W_ffn1_26_U     |W_ffn1_RAM_AUTO_1R1W   |        1|   0|   0|    0|  2048|    8|     1|        16384|
    |W_ffn1_27_U     |W_ffn1_RAM_AUTO_1R1W   |        1|   0|   0|    0|  2048|    8|     1|        16384|
    |W_ffn1_28_U     |W_ffn1_RAM_AUTO_1R1W   |        1|   0|   0|    0|  2048|    8|     1|        16384|
    |W_ffn1_29_U     |W_ffn1_RAM_AUTO_1R1W   |        1|   0|   0|    0|  2048|    8|     1|        16384|
    |W_ffn1_30_U     |W_ffn1_RAM_AUTO_1R1W   |        1|   0|   0|    0|  2048|    8|     1|        16384|
    |W_ffn1_31_U     |W_ffn1_RAM_AUTO_1R1W   |        1|   0|   0|    0|  2048|    8|     1|        16384|
    |W_ffn1_32_U     |W_ffn1_RAM_AUTO_1R1W   |        1|   0|   0|    0|  2048|    8|     1|        16384|
    |W_ffn1_33_U     |W_ffn1_RAM_AUTO_1R1W   |        1|   0|   0|    0|  2048|    8|     1|        16384|
    |W_ffn1_34_U     |W_ffn1_RAM_AUTO_1R1W   |        1|   0|   0|    0|  2048|    8|     1|        16384|
    |W_ffn1_35_U     |W_ffn1_RAM_AUTO_1R1W   |        1|   0|   0|    0|  2048|    8|     1|        16384|
    |W_ffn1_36_U     |W_ffn1_RAM_AUTO_1R1W   |        1|   0|   0|    0|  2048|    8|     1|        16384|
    |W_ffn1_37_U     |W_ffn1_RAM_AUTO_1R1W   |        1|   0|   0|    0|  2048|    8|     1|        16384|
    |W_ffn1_38_U     |W_ffn1_RAM_AUTO_1R1W   |        1|   0|   0|    0|  2048|    8|     1|        16384|
    |W_ffn1_39_U     |W_ffn1_RAM_AUTO_1R1W   |        1|   0|   0|    0|  2048|    8|     1|        16384|
    |W_ffn1_40_U     |W_ffn1_RAM_AUTO_1R1W   |        1|   0|   0|    0|  2048|    8|     1|        16384|
    |W_ffn1_41_U     |W_ffn1_RAM_AUTO_1R1W   |        1|   0|   0|    0|  2048|    8|     1|        16384|
    |W_ffn1_42_U     |W_ffn1_RAM_AUTO_1R1W   |        1|   0|   0|    0|  2048|    8|     1|        16384|
    |W_ffn1_43_U     |W_ffn1_RAM_AUTO_1R1W   |        1|   0|   0|    0|  2048|    8|     1|        16384|
    |W_ffn1_44_U     |W_ffn1_RAM_AUTO_1R1W   |        1|   0|   0|    0|  2048|    8|     1|        16384|
    |W_ffn1_45_U     |W_ffn1_RAM_AUTO_1R1W   |        1|   0|   0|    0|  2048|    8|     1|        16384|
    |W_ffn1_46_U     |W_ffn1_RAM_AUTO_1R1W   |        1|   0|   0|    0|  2048|    8|     1|        16384|
    |W_ffn1_47_U     |W_ffn1_RAM_AUTO_1R1W   |        1|   0|   0|    0|  2048|    8|     1|        16384|
    |W_ffn1_48_U     |W_ffn1_RAM_AUTO_1R1W   |        1|   0|   0|    0|  2048|    8|     1|        16384|
    |W_ffn1_49_U     |W_ffn1_RAM_AUTO_1R1W   |        1|   0|   0|    0|  2048|    8|     1|        16384|
    |W_ffn1_50_U     |W_ffn1_RAM_AUTO_1R1W   |        1|   0|   0|    0|  2048|    8|     1|        16384|
    |W_ffn1_51_U     |W_ffn1_RAM_AUTO_1R1W   |        1|   0|   0|    0|  2048|    8|     1|        16384|
    |W_ffn1_52_U     |W_ffn1_RAM_AUTO_1R1W   |        1|   0|   0|    0|  2048|    8|     1|        16384|
    |W_ffn1_53_U     |W_ffn1_RAM_AUTO_1R1W   |        1|   0|   0|    0|  2048|    8|     1|        16384|
    |W_ffn1_54_U     |W_ffn1_RAM_AUTO_1R1W   |        1|   0|   0|    0|  2048|    8|     1|        16384|
    |W_ffn1_55_U     |W_ffn1_RAM_AUTO_1R1W   |        1|   0|   0|    0|  2048|    8|     1|        16384|
    |W_ffn1_56_U     |W_ffn1_RAM_AUTO_1R1W   |        1|   0|   0|    0|  2048|    8|     1|        16384|
    |W_ffn1_57_U     |W_ffn1_RAM_AUTO_1R1W   |        1|   0|   0|    0|  2048|    8|     1|        16384|
    |W_ffn1_58_U     |W_ffn1_RAM_AUTO_1R1W   |        1|   0|   0|    0|  2048|    8|     1|        16384|
    |W_ffn1_59_U     |W_ffn1_RAM_AUTO_1R1W   |        1|   0|   0|    0|  2048|    8|     1|        16384|
    |W_ffn1_60_U     |W_ffn1_RAM_AUTO_1R1W   |        1|   0|   0|    0|  2048|    8|     1|        16384|
    |W_ffn1_61_U     |W_ffn1_RAM_AUTO_1R1W   |        1|   0|   0|    0|  2048|    8|     1|        16384|
    |W_ffn1_62_U     |W_ffn1_RAM_AUTO_1R1W   |        1|   0|   0|    0|  2048|    8|     1|        16384|
    |W_ffn1_63_U     |W_ffn1_RAM_AUTO_1R1W   |        1|   0|   0|    0|  2048|    8|     1|        16384|
    |W_ffn2_U        |W_ffn1_RAM_AUTO_1R1W   |        1|   0|   0|    0|  2048|    8|     1|        16384|
    |W_ffn2_1_U      |W_ffn1_RAM_AUTO_1R1W   |        1|   0|   0|    0|  2048|    8|     1|        16384|
    |W_ffn2_2_U      |W_ffn1_RAM_AUTO_1R1W   |        1|   0|   0|    0|  2048|    8|     1|        16384|
    |W_ffn2_3_U      |W_ffn1_RAM_AUTO_1R1W   |        1|   0|   0|    0|  2048|    8|     1|        16384|
    |W_ffn2_4_U      |W_ffn1_RAM_AUTO_1R1W   |        1|   0|   0|    0|  2048|    8|     1|        16384|
    |W_ffn2_5_U      |W_ffn1_RAM_AUTO_1R1W   |        1|   0|   0|    0|  2048|    8|     1|        16384|
    |W_ffn2_6_U      |W_ffn1_RAM_AUTO_1R1W   |        1|   0|   0|    0|  2048|    8|     1|        16384|
    |W_ffn2_7_U      |W_ffn1_RAM_AUTO_1R1W   |        1|   0|   0|    0|  2048|    8|     1|        16384|
    |W_ffn2_8_U      |W_ffn1_RAM_AUTO_1R1W   |        1|   0|   0|    0|  2048|    8|     1|        16384|
    |W_ffn2_9_U      |W_ffn1_RAM_AUTO_1R1W   |        1|   0|   0|    0|  2048|    8|     1|        16384|
    |W_ffn2_10_U     |W_ffn1_RAM_AUTO_1R1W   |        1|   0|   0|    0|  2048|    8|     1|        16384|
    |W_ffn2_11_U     |W_ffn1_RAM_AUTO_1R1W   |        1|   0|   0|    0|  2048|    8|     1|        16384|
    |W_ffn2_12_U     |W_ffn1_RAM_AUTO_1R1W   |        1|   0|   0|    0|  2048|    8|     1|        16384|
    |W_ffn2_13_U     |W_ffn1_RAM_AUTO_1R1W   |        1|   0|   0|    0|  2048|    8|     1|        16384|
    |W_ffn2_14_U     |W_ffn1_RAM_AUTO_1R1W   |        1|   0|   0|    0|  2048|    8|     1|        16384|
    |W_ffn2_15_U     |W_ffn1_RAM_AUTO_1R1W   |        1|   0|   0|    0|  2048|    8|     1|        16384|
    |W_ffn2_16_U     |W_ffn1_RAM_AUTO_1R1W   |        1|   0|   0|    0|  2048|    8|     1|        16384|
    |W_ffn2_17_U     |W_ffn1_RAM_AUTO_1R1W   |        1|   0|   0|    0|  2048|    8|     1|        16384|
    |W_ffn2_18_U     |W_ffn1_RAM_AUTO_1R1W   |        1|   0|   0|    0|  2048|    8|     1|        16384|
    |W_ffn2_19_U     |W_ffn1_RAM_AUTO_1R1W   |        1|   0|   0|    0|  2048|    8|     1|        16384|
    |W_ffn2_20_U     |W_ffn1_RAM_AUTO_1R1W   |        1|   0|   0|    0|  2048|    8|     1|        16384|
    |W_ffn2_21_U     |W_ffn1_RAM_AUTO_1R1W   |        1|   0|   0|    0|  2048|    8|     1|        16384|
    |W_ffn2_22_U     |W_ffn1_RAM_AUTO_1R1W   |        1|   0|   0|    0|  2048|    8|     1|        16384|
    |W_ffn2_23_U     |W_ffn1_RAM_AUTO_1R1W   |        1|   0|   0|    0|  2048|    8|     1|        16384|
    |W_ffn2_24_U     |W_ffn1_RAM_AUTO_1R1W   |        1|   0|   0|    0|  2048|    8|     1|        16384|
    |W_ffn2_25_U     |W_ffn1_RAM_AUTO_1R1W   |        1|   0|   0|    0|  2048|    8|     1|        16384|
    |W_ffn2_26_U     |W_ffn1_RAM_AUTO_1R1W   |        1|   0|   0|    0|  2048|    8|     1|        16384|
    |W_ffn2_27_U     |W_ffn1_RAM_AUTO_1R1W   |        1|   0|   0|    0|  2048|    8|     1|        16384|
    |W_ffn2_28_U     |W_ffn1_RAM_AUTO_1R1W   |        1|   0|   0|    0|  2048|    8|     1|        16384|
    |W_ffn2_29_U     |W_ffn1_RAM_AUTO_1R1W   |        1|   0|   0|    0|  2048|    8|     1|        16384|
    |W_ffn2_30_U     |W_ffn1_RAM_AUTO_1R1W   |        1|   0|   0|    0|  2048|    8|     1|        16384|
    |W_ffn2_31_U     |W_ffn1_RAM_AUTO_1R1W   |        1|   0|   0|    0|  2048|    8|     1|        16384|
    |W_ffn2_32_U     |W_ffn1_RAM_AUTO_1R1W   |        1|   0|   0|    0|  2048|    8|     1|        16384|
    |W_ffn2_33_U     |W_ffn1_RAM_AUTO_1R1W   |        1|   0|   0|    0|  2048|    8|     1|        16384|
    |W_ffn2_34_U     |W_ffn1_RAM_AUTO_1R1W   |        1|   0|   0|    0|  2048|    8|     1|        16384|
    |W_ffn2_35_U     |W_ffn1_RAM_AUTO_1R1W   |        1|   0|   0|    0|  2048|    8|     1|        16384|
    |W_ffn2_36_U     |W_ffn1_RAM_AUTO_1R1W   |        1|   0|   0|    0|  2048|    8|     1|        16384|
    |W_ffn2_37_U     |W_ffn1_RAM_AUTO_1R1W   |        1|   0|   0|    0|  2048|    8|     1|        16384|
    |W_ffn2_38_U     |W_ffn1_RAM_AUTO_1R1W   |        1|   0|   0|    0|  2048|    8|     1|        16384|
    |W_ffn2_39_U     |W_ffn1_RAM_AUTO_1R1W   |        1|   0|   0|    0|  2048|    8|     1|        16384|
    |W_ffn2_40_U     |W_ffn1_RAM_AUTO_1R1W   |        1|   0|   0|    0|  2048|    8|     1|        16384|
    |W_ffn2_41_U     |W_ffn1_RAM_AUTO_1R1W   |        1|   0|   0|    0|  2048|    8|     1|        16384|
    |W_ffn2_42_U     |W_ffn1_RAM_AUTO_1R1W   |        1|   0|   0|    0|  2048|    8|     1|        16384|
    |W_ffn2_43_U     |W_ffn1_RAM_AUTO_1R1W   |        1|   0|   0|    0|  2048|    8|     1|        16384|
    |W_ffn2_44_U     |W_ffn1_RAM_AUTO_1R1W   |        1|   0|   0|    0|  2048|    8|     1|        16384|
    |W_ffn2_45_U     |W_ffn1_RAM_AUTO_1R1W   |        1|   0|   0|    0|  2048|    8|     1|        16384|
    |W_ffn2_46_U     |W_ffn1_RAM_AUTO_1R1W   |        1|   0|   0|    0|  2048|    8|     1|        16384|
    |W_ffn2_47_U     |W_ffn1_RAM_AUTO_1R1W   |        1|   0|   0|    0|  2048|    8|     1|        16384|
    |W_ffn2_48_U     |W_ffn1_RAM_AUTO_1R1W   |        1|   0|   0|    0|  2048|    8|     1|        16384|
    |W_ffn2_49_U     |W_ffn1_RAM_AUTO_1R1W   |        1|   0|   0|    0|  2048|    8|     1|        16384|
    |W_ffn2_50_U     |W_ffn1_RAM_AUTO_1R1W   |        1|   0|   0|    0|  2048|    8|     1|        16384|
    |W_ffn2_51_U     |W_ffn1_RAM_AUTO_1R1W   |        1|   0|   0|    0|  2048|    8|     1|        16384|
    |W_ffn2_52_U     |W_ffn1_RAM_AUTO_1R1W   |        1|   0|   0|    0|  2048|    8|     1|        16384|
    |W_ffn2_53_U     |W_ffn1_RAM_AUTO_1R1W   |        1|   0|   0|    0|  2048|    8|     1|        16384|
    |W_ffn2_54_U     |W_ffn1_RAM_AUTO_1R1W   |        1|   0|   0|    0|  2048|    8|     1|        16384|
    |W_ffn2_55_U     |W_ffn1_RAM_AUTO_1R1W   |        1|   0|   0|    0|  2048|    8|     1|        16384|
    |W_ffn2_56_U     |W_ffn1_RAM_AUTO_1R1W   |        1|   0|   0|    0|  2048|    8|     1|        16384|
    |W_ffn2_57_U     |W_ffn1_RAM_AUTO_1R1W   |        1|   0|   0|    0|  2048|    8|     1|        16384|
    |W_ffn2_58_U     |W_ffn1_RAM_AUTO_1R1W   |        1|   0|   0|    0|  2048|    8|     1|        16384|
    |W_ffn2_59_U     |W_ffn1_RAM_AUTO_1R1W   |        1|   0|   0|    0|  2048|    8|     1|        16384|
    |W_ffn2_60_U     |W_ffn1_RAM_AUTO_1R1W   |        1|   0|   0|    0|  2048|    8|     1|        16384|
    |W_ffn2_61_U     |W_ffn1_RAM_AUTO_1R1W   |        1|   0|   0|    0|  2048|    8|     1|        16384|
    |W_ffn2_62_U     |W_ffn1_RAM_AUTO_1R1W   |        1|   0|   0|    0|  2048|    8|     1|        16384|
    |W_ffn2_63_U     |W_ffn1_RAM_AUTO_1R1W   |        1|   0|   0|    0|  2048|    8|     1|        16384|
    |W_out_U         |W_out_RAM_AUTO_1R1W    |        0|   8|   5|    0|    28|    8|     1|          224|
    |W_out_1_U       |W_out_RAM_AUTO_1R1W    |        0|   8|   5|    0|    28|    8|     1|          224|
    |W_out_2_U       |W_out_RAM_AUTO_1R1W    |        0|   8|   5|    0|    28|    8|     1|          224|
    |W_out_3_U       |W_out_RAM_AUTO_1R1W    |        0|   8|   5|    0|    28|    8|     1|          224|
    |W_out_4_U       |W_out_RAM_AUTO_1R1W    |        0|   8|   5|    0|    28|    8|     1|          224|
    |W_out_5_U       |W_out_RAM_AUTO_1R1W    |        0|   8|   5|    0|    28|    8|     1|          224|
    |W_out_6_U       |W_out_RAM_AUTO_1R1W    |        0|   8|   5|    0|    28|    8|     1|          224|
    |W_out_7_U       |W_out_RAM_AUTO_1R1W    |        0|   8|   5|    0|    28|    8|     1|          224|
    |W_out_8_U       |W_out_RAM_AUTO_1R1W    |        0|   8|   5|    0|    28|    8|     1|          224|
    |W_out_9_U       |W_out_RAM_AUTO_1R1W    |        0|   8|   5|    0|    28|    8|     1|          224|
    |W_out_10_U      |W_out_RAM_AUTO_1R1W    |        0|   8|   5|    0|    28|    8|     1|          224|
    |W_out_11_U      |W_out_RAM_AUTO_1R1W    |        0|   8|   5|    0|    28|    8|     1|          224|
    |W_out_12_U      |W_out_RAM_AUTO_1R1W    |        0|   8|   5|    0|    28|    8|     1|          224|
    |W_out_13_U      |W_out_RAM_AUTO_1R1W    |        0|   8|   5|    0|    28|    8|     1|          224|
    |W_out_14_U      |W_out_RAM_AUTO_1R1W    |        0|   8|   5|    0|    28|    8|     1|          224|
    |W_out_15_U      |W_out_RAM_AUTO_1R1W    |        0|   8|   5|    0|    28|    8|     1|          224|
    |W_out_16_U      |W_out_RAM_AUTO_1R1W    |        0|   8|   5|    0|    28|    8|     1|          224|
    |W_out_17_U      |W_out_RAM_AUTO_1R1W    |        0|   8|   5|    0|    28|    8|     1|          224|
    |W_out_18_U      |W_out_RAM_AUTO_1R1W    |        0|   8|   5|    0|    28|    8|     1|          224|
    |W_out_19_U      |W_out_RAM_AUTO_1R1W    |        0|   8|   5|    0|    28|    8|     1|          224|
    |W_out_20_U      |W_out_RAM_AUTO_1R1W    |        0|   8|   5|    0|    28|    8|     1|          224|
    |W_out_21_U      |W_out_RAM_AUTO_1R1W    |        0|   8|   5|    0|    28|    8|     1|          224|
    |W_out_22_U      |W_out_RAM_AUTO_1R1W    |        0|   8|   5|    0|    28|    8|     1|          224|
    |W_out_23_U      |W_out_RAM_AUTO_1R1W    |        0|   8|   5|    0|    28|    8|     1|          224|
    |W_out_24_U      |W_out_RAM_AUTO_1R1W    |        0|   8|   5|    0|    28|    8|     1|          224|
    |W_out_25_U      |W_out_RAM_AUTO_1R1W    |        0|   8|   5|    0|    28|    8|     1|          224|
    |W_out_26_U      |W_out_RAM_AUTO_1R1W    |        0|   8|   5|    0|    28|    8|     1|          224|
    |W_out_27_U      |W_out_RAM_AUTO_1R1W    |        0|   8|   5|    0|    28|    8|     1|          224|
    |W_out_28_U      |W_out_RAM_AUTO_1R1W    |        0|   8|   5|    0|    28|    8|     1|          224|
    |W_out_29_U      |W_out_RAM_AUTO_1R1W    |        0|   8|   5|    0|    28|    8|     1|          224|
    |W_out_30_U      |W_out_RAM_AUTO_1R1W    |        0|   8|   5|    0|    28|    8|     1|          224|
    |W_out_31_U      |W_out_RAM_AUTO_1R1W    |        0|   8|   5|    0|    28|    8|     1|          224|
    |W_out_32_U      |W_out_RAM_AUTO_1R1W    |        0|   8|   5|    0|    28|    8|     1|          224|
    |W_out_33_U      |W_out_RAM_AUTO_1R1W    |        0|   8|   5|    0|    28|    8|     1|          224|
    |W_out_34_U      |W_out_RAM_AUTO_1R1W    |        0|   8|   5|    0|    28|    8|     1|          224|
    |W_out_35_U      |W_out_RAM_AUTO_1R1W    |        0|   8|   5|    0|    28|    8|     1|          224|
    |W_out_36_U      |W_out_RAM_AUTO_1R1W    |        0|   8|   5|    0|    28|    8|     1|          224|
    |W_out_37_U      |W_out_RAM_AUTO_1R1W    |        0|   8|   5|    0|    28|    8|     1|          224|
    |W_out_38_U      |W_out_RAM_AUTO_1R1W    |        0|   8|   5|    0|    28|    8|     1|          224|
    |W_out_39_U      |W_out_RAM_AUTO_1R1W    |        0|   8|   5|    0|    28|    8|     1|          224|
    |W_out_40_U      |W_out_RAM_AUTO_1R1W    |        0|   8|   5|    0|    28|    8|     1|          224|
    |W_out_41_U      |W_out_RAM_AUTO_1R1W    |        0|   8|   5|    0|    28|    8|     1|          224|
    |W_out_42_U      |W_out_RAM_AUTO_1R1W    |        0|   8|   5|    0|    28|    8|     1|          224|
    |W_out_43_U      |W_out_RAM_AUTO_1R1W    |        0|   8|   5|    0|    28|    8|     1|          224|
    |W_out_44_U      |W_out_RAM_AUTO_1R1W    |        0|   8|   5|    0|    28|    8|     1|          224|
    |W_out_45_U      |W_out_RAM_AUTO_1R1W    |        0|   8|   5|    0|    28|    8|     1|          224|
    |W_out_46_U      |W_out_RAM_AUTO_1R1W    |        0|   8|   5|    0|    28|    8|     1|          224|
    |W_out_47_U      |W_out_RAM_AUTO_1R1W    |        0|   8|   5|    0|    28|    8|     1|          224|
    |W_out_48_U      |W_out_RAM_AUTO_1R1W    |        0|   8|   5|    0|    28|    8|     1|          224|
    |W_out_49_U      |W_out_RAM_AUTO_1R1W    |        0|   8|   5|    0|    28|    8|     1|          224|
    |W_out_50_U      |W_out_RAM_AUTO_1R1W    |        0|   8|   5|    0|    28|    8|     1|          224|
    |W_out_51_U      |W_out_RAM_AUTO_1R1W    |        0|   8|   5|    0|    28|    8|     1|          224|
    |W_out_52_U      |W_out_RAM_AUTO_1R1W    |        0|   8|   5|    0|    28|    8|     1|          224|
    |W_out_53_U      |W_out_RAM_AUTO_1R1W    |        0|   8|   5|    0|    28|    8|     1|          224|
    |W_out_54_U      |W_out_RAM_AUTO_1R1W    |        0|   8|   5|    0|    28|    8|     1|          224|
    |W_out_55_U      |W_out_RAM_AUTO_1R1W    |        0|   8|   5|    0|    28|    8|     1|          224|
    |W_out_56_U      |W_out_RAM_AUTO_1R1W    |        0|   8|   5|    0|    28|    8|     1|          224|
    |W_out_57_U      |W_out_RAM_AUTO_1R1W    |        0|   8|   5|    0|    28|    8|     1|          224|
    |W_out_58_U      |W_out_RAM_AUTO_1R1W    |        0|   8|   5|    0|    28|    8|     1|          224|
    |W_out_59_U      |W_out_RAM_AUTO_1R1W    |        0|   8|   5|    0|    28|    8|     1|          224|
    |W_out_60_U      |W_out_RAM_AUTO_1R1W    |        0|   8|   5|    0|    28|    8|     1|          224|
    |W_out_61_U      |W_out_RAM_AUTO_1R1W    |        0|   8|   5|    0|    28|    8|     1|          224|
    |W_out_62_U      |W_out_RAM_AUTO_1R1W    |        0|   8|   5|    0|    28|    8|     1|          224|
    |W_out_63_U      |W_out_RAM_AUTO_1R1W    |        0|   8|   5|    0|    28|    8|     1|          224|
    |W_time_U        |W_time_RAM_AUTO_1R1W   |        0|   8|  44|    0|   256|    8|     1|         2048|
    |W_time_1_U      |W_time_RAM_AUTO_1R1W   |        0|   8|  44|    0|   256|    8|     1|         2048|
    |W_time_2_U      |W_time_RAM_AUTO_1R1W   |        0|   8|  44|    0|   256|    8|     1|         2048|
    |W_time_3_U      |W_time_RAM_AUTO_1R1W   |        0|   8|  44|    0|   256|    8|     1|         2048|
    |W_time_4_U      |W_time_RAM_AUTO_1R1W   |        0|   8|  44|    0|   256|    8|     1|         2048|
    |W_time_5_U      |W_time_RAM_AUTO_1R1W   |        0|   8|  44|    0|   256|    8|     1|         2048|
    |W_time_6_U      |W_time_RAM_AUTO_1R1W   |        0|   8|  44|    0|   256|    8|     1|         2048|
    |W_time_7_U      |W_time_RAM_AUTO_1R1W   |        0|   8|  44|    0|   256|    8|     1|         2048|
    |W_time_8_U      |W_time_RAM_AUTO_1R1W   |        0|   8|  44|    0|   256|    8|     1|         2048|
    |W_time_9_U      |W_time_RAM_AUTO_1R1W   |        0|   8|  44|    0|   256|    8|     1|         2048|
    |W_time_10_U     |W_time_RAM_AUTO_1R1W   |        0|   8|  44|    0|   256|    8|     1|         2048|
    |W_time_11_U     |W_time_RAM_AUTO_1R1W   |        0|   8|  44|    0|   256|    8|     1|         2048|
    |W_time_12_U     |W_time_RAM_AUTO_1R1W   |        0|   8|  44|    0|   256|    8|     1|         2048|
    |W_time_13_U     |W_time_RAM_AUTO_1R1W   |        0|   8|  44|    0|   256|    8|     1|         2048|
    |W_time_14_U     |W_time_RAM_AUTO_1R1W   |        0|   8|  44|    0|   256|    8|     1|         2048|
    |W_time_15_U     |W_time_RAM_AUTO_1R1W   |        0|   8|  44|    0|   256|    8|     1|         2048|
    |W_time_16_U     |W_time_RAM_AUTO_1R1W   |        0|   8|  44|    0|   256|    8|     1|         2048|
    |W_time_17_U     |W_time_RAM_AUTO_1R1W   |        0|   8|  44|    0|   256|    8|     1|         2048|
    |W_time_18_U     |W_time_RAM_AUTO_1R1W   |        0|   8|  44|    0|   256|    8|     1|         2048|
    |W_time_19_U     |W_time_RAM_AUTO_1R1W   |        0|   8|  44|    0|   256|    8|     1|         2048|
    |W_time_20_U     |W_time_RAM_AUTO_1R1W   |        0|   8|  44|    0|   256|    8|     1|         2048|
    |W_time_21_U     |W_time_RAM_AUTO_1R1W   |        0|   8|  44|    0|   256|    8|     1|         2048|
    |W_time_22_U     |W_time_RAM_AUTO_1R1W   |        0|   8|  44|    0|   256|    8|     1|         2048|
    |W_time_23_U     |W_time_RAM_AUTO_1R1W   |        0|   8|  44|    0|   256|    8|     1|         2048|
    |W_time_24_U     |W_time_RAM_AUTO_1R1W   |        0|   8|  44|    0|   256|    8|     1|         2048|
    |W_time_25_U     |W_time_RAM_AUTO_1R1W   |        0|   8|  44|    0|   256|    8|     1|         2048|
    |W_time_26_U     |W_time_RAM_AUTO_1R1W   |        0|   8|  44|    0|   256|    8|     1|         2048|
    |W_time_27_U     |W_time_RAM_AUTO_1R1W   |        0|   8|  44|    0|   256|    8|     1|         2048|
    |W_time_28_U     |W_time_RAM_AUTO_1R1W   |        0|   8|  44|    0|   256|    8|     1|         2048|
    |W_time_29_U     |W_time_RAM_AUTO_1R1W   |        0|   8|  44|    0|   256|    8|     1|         2048|
    |W_time_30_U     |W_time_RAM_AUTO_1R1W   |        0|   8|  44|    0|   256|    8|     1|         2048|
    |W_time_31_U     |W_time_RAM_AUTO_1R1W   |        0|   8|  44|    0|   256|    8|     1|         2048|
    |W_time_32_U     |W_time_RAM_AUTO_1R1W   |        0|   8|  44|    0|   256|    8|     1|         2048|
    |W_time_33_U     |W_time_RAM_AUTO_1R1W   |        0|   8|  44|    0|   256|    8|     1|         2048|
    |W_time_34_U     |W_time_RAM_AUTO_1R1W   |        0|   8|  44|    0|   256|    8|     1|         2048|
    |W_time_35_U     |W_time_RAM_AUTO_1R1W   |        0|   8|  44|    0|   256|    8|     1|         2048|
    |W_time_36_U     |W_time_RAM_AUTO_1R1W   |        0|   8|  44|    0|   256|    8|     1|         2048|
    |W_time_37_U     |W_time_RAM_AUTO_1R1W   |        0|   8|  44|    0|   256|    8|     1|         2048|
    |W_time_38_U     |W_time_RAM_AUTO_1R1W   |        0|   8|  44|    0|   256|    8|     1|         2048|
    |W_time_39_U     |W_time_RAM_AUTO_1R1W   |        0|   8|  44|    0|   256|    8|     1|         2048|
    |W_time_40_U     |W_time_RAM_AUTO_1R1W   |        0|   8|  44|    0|   256|    8|     1|         2048|
    |W_time_41_U     |W_time_RAM_AUTO_1R1W   |        0|   8|  44|    0|   256|    8|     1|         2048|
    |W_time_42_U     |W_time_RAM_AUTO_1R1W   |        0|   8|  44|    0|   256|    8|     1|         2048|
    |W_time_43_U     |W_time_RAM_AUTO_1R1W   |        0|   8|  44|    0|   256|    8|     1|         2048|
    |W_time_44_U     |W_time_RAM_AUTO_1R1W   |        0|   8|  44|    0|   256|    8|     1|         2048|
    |W_time_45_U     |W_time_RAM_AUTO_1R1W   |        0|   8|  44|    0|   256|    8|     1|         2048|
    |W_time_46_U     |W_time_RAM_AUTO_1R1W   |        0|   8|  44|    0|   256|    8|     1|         2048|
    |W_time_47_U     |W_time_RAM_AUTO_1R1W   |        0|   8|  44|    0|   256|    8|     1|         2048|
    |W_time_48_U     |W_time_RAM_AUTO_1R1W   |        0|   8|  44|    0|   256|    8|     1|         2048|
    |W_time_49_U     |W_time_RAM_AUTO_1R1W   |        0|   8|  44|    0|   256|    8|     1|         2048|
    |W_time_50_U     |W_time_RAM_AUTO_1R1W   |        0|   8|  44|    0|   256|    8|     1|         2048|
    |W_time_51_U     |W_time_RAM_AUTO_1R1W   |        0|   8|  44|    0|   256|    8|     1|         2048|
    |W_time_52_U     |W_time_RAM_AUTO_1R1W   |        0|   8|  44|    0|   256|    8|     1|         2048|
    |W_time_53_U     |W_time_RAM_AUTO_1R1W   |        0|   8|  44|    0|   256|    8|     1|         2048|
    |W_time_54_U     |W_time_RAM_AUTO_1R1W   |        0|   8|  44|    0|   256|    8|     1|         2048|
    |W_time_55_U     |W_time_RAM_AUTO_1R1W   |        0|   8|  44|    0|   256|    8|     1|         2048|
    |W_time_56_U     |W_time_RAM_AUTO_1R1W   |        0|   8|  44|    0|   256|    8|     1|         2048|
    |W_time_57_U     |W_time_RAM_AUTO_1R1W   |        0|   8|  44|    0|   256|    8|     1|         2048|
    |W_time_58_U     |W_time_RAM_AUTO_1R1W   |        0|   8|  44|    0|   256|    8|     1|         2048|
    |W_time_59_U     |W_time_RAM_AUTO_1R1W   |        0|   8|  44|    0|   256|    8|     1|         2048|
    |W_time_60_U     |W_time_RAM_AUTO_1R1W   |        0|   8|  44|    0|   256|    8|     1|         2048|
    |W_time_61_U     |W_time_RAM_AUTO_1R1W   |        0|   8|  44|    0|   256|    8|     1|         2048|
    |W_time_62_U     |W_time_RAM_AUTO_1R1W   |        0|   8|  44|    0|   256|    8|     1|         2048|
    |W_time_63_U     |W_time_RAM_AUTO_1R1W   |        0|   8|  44|    0|   256|    8|     1|         2048|
    |W_time_64_U     |W_time_RAM_AUTO_1R1W   |        0|   8|  44|    0|   256|    8|     1|         2048|
    |W_time_65_U     |W_time_RAM_AUTO_1R1W   |        0|   8|  44|    0|   256|    8|     1|         2048|
    |W_time_66_U     |W_time_RAM_AUTO_1R1W   |        0|   8|  44|    0|   256|    8|     1|         2048|
    |W_time_67_U     |W_time_RAM_AUTO_1R1W   |        0|   8|  44|    0|   256|    8|     1|         2048|
    |W_time_68_U     |W_time_RAM_AUTO_1R1W   |        0|   8|  44|    0|   256|    8|     1|         2048|
    |W_time_69_U     |W_time_RAM_AUTO_1R1W   |        0|   8|  44|    0|   256|    8|     1|         2048|
    |W_time_70_U     |W_time_RAM_AUTO_1R1W   |        0|   8|  44|    0|   256|    8|     1|         2048|
    |W_time_71_U     |W_time_RAM_AUTO_1R1W   |        0|   8|  44|    0|   256|    8|     1|         2048|
    |W_time_72_U     |W_time_RAM_AUTO_1R1W   |        0|   8|  44|    0|   256|    8|     1|         2048|
    |W_time_73_U     |W_time_RAM_AUTO_1R1W   |        0|   8|  44|    0|   256|    8|     1|         2048|
    |W_time_74_U     |W_time_RAM_AUTO_1R1W   |        0|   8|  44|    0|   256|    8|     1|         2048|
    |W_time_75_U     |W_time_RAM_AUTO_1R1W   |        0|   8|  44|    0|   256|    8|     1|         2048|
    |W_time_76_U     |W_time_RAM_AUTO_1R1W   |        0|   8|  44|    0|   256|    8|     1|         2048|
    |W_time_77_U     |W_time_RAM_AUTO_1R1W   |        0|   8|  44|    0|   256|    8|     1|         2048|
    |W_time_78_U     |W_time_RAM_AUTO_1R1W   |        0|   8|  44|    0|   256|    8|     1|         2048|
    |W_time_79_U     |W_time_RAM_AUTO_1R1W   |        0|   8|  44|    0|   256|    8|     1|         2048|
    |W_time_80_U     |W_time_RAM_AUTO_1R1W   |        0|   8|  44|    0|   256|    8|     1|         2048|
    |W_time_81_U     |W_time_RAM_AUTO_1R1W   |        0|   8|  44|    0|   256|    8|     1|         2048|
    |W_time_82_U     |W_time_RAM_AUTO_1R1W   |        0|   8|  44|    0|   256|    8|     1|         2048|
    |W_time_83_U     |W_time_RAM_AUTO_1R1W   |        0|   8|  44|    0|   256|    8|     1|         2048|
    |W_time_84_U     |W_time_RAM_AUTO_1R1W   |        0|   8|  44|    0|   256|    8|     1|         2048|
    |W_time_85_U     |W_time_RAM_AUTO_1R1W   |        0|   8|  44|    0|   256|    8|     1|         2048|
    |W_time_86_U     |W_time_RAM_AUTO_1R1W   |        0|   8|  44|    0|   256|    8|     1|         2048|
    |W_time_87_U     |W_time_RAM_AUTO_1R1W   |        0|   8|  44|    0|   256|    8|     1|         2048|
    |W_time_88_U     |W_time_RAM_AUTO_1R1W   |        0|   8|  44|    0|   256|    8|     1|         2048|
    |W_time_89_U     |W_time_RAM_AUTO_1R1W   |        0|   8|  44|    0|   256|    8|     1|         2048|
    |W_time_90_U     |W_time_RAM_AUTO_1R1W   |        0|   8|  44|    0|   256|    8|     1|         2048|
    |W_time_91_U     |W_time_RAM_AUTO_1R1W   |        0|   8|  44|    0|   256|    8|     1|         2048|
    |W_time_92_U     |W_time_RAM_AUTO_1R1W   |        0|   8|  44|    0|   256|    8|     1|         2048|
    |W_time_93_U     |W_time_RAM_AUTO_1R1W   |        0|   8|  44|    0|   256|    8|     1|         2048|
    |W_time_94_U     |W_time_RAM_AUTO_1R1W   |        0|   8|  44|    0|   256|    8|     1|         2048|
    |W_time_95_U     |W_time_RAM_AUTO_1R1W   |        0|   8|  44|    0|   256|    8|     1|         2048|
    |W_time_96_U     |W_time_RAM_AUTO_1R1W   |        0|   8|  44|    0|   256|    8|     1|         2048|
    |W_time_97_U     |W_time_RAM_AUTO_1R1W   |        0|   8|  44|    0|   256|    8|     1|         2048|
    |W_time_98_U     |W_time_RAM_AUTO_1R1W   |        0|   8|  44|    0|   256|    8|     1|         2048|
    |W_time_99_U     |W_time_RAM_AUTO_1R1W   |        0|   8|  44|    0|   256|    8|     1|         2048|
    |W_time_100_U    |W_time_RAM_AUTO_1R1W   |        0|   8|  44|    0|   256|    8|     1|         2048|
    |W_time_101_U    |W_time_RAM_AUTO_1R1W   |        0|   8|  44|    0|   256|    8|     1|         2048|
    |W_time_102_U    |W_time_RAM_AUTO_1R1W   |        0|   8|  44|    0|   256|    8|     1|         2048|
    |W_time_103_U    |W_time_RAM_AUTO_1R1W   |        0|   8|  44|    0|   256|    8|     1|         2048|
    |W_time_104_U    |W_time_RAM_AUTO_1R1W   |        0|   8|  44|    0|   256|    8|     1|         2048|
    |W_time_105_U    |W_time_RAM_AUTO_1R1W   |        0|   8|  44|    0|   256|    8|     1|         2048|
    |W_time_106_U    |W_time_RAM_AUTO_1R1W   |        0|   8|  44|    0|   256|    8|     1|         2048|
    |W_time_107_U    |W_time_RAM_AUTO_1R1W   |        0|   8|  44|    0|   256|    8|     1|         2048|
    |W_time_108_U    |W_time_RAM_AUTO_1R1W   |        0|   8|  44|    0|   256|    8|     1|         2048|
    |W_time_109_U    |W_time_RAM_AUTO_1R1W   |        0|   8|  44|    0|   256|    8|     1|         2048|
    |W_time_110_U    |W_time_RAM_AUTO_1R1W   |        0|   8|  44|    0|   256|    8|     1|         2048|
    |W_time_111_U    |W_time_RAM_AUTO_1R1W   |        0|   8|  44|    0|   256|    8|     1|         2048|
    |W_time_112_U    |W_time_RAM_AUTO_1R1W   |        0|   8|  44|    0|   256|    8|     1|         2048|
    |W_time_113_U    |W_time_RAM_AUTO_1R1W   |        0|   8|  44|    0|   256|    8|     1|         2048|
    |W_time_114_U    |W_time_RAM_AUTO_1R1W   |        0|   8|  44|    0|   256|    8|     1|         2048|
    |W_time_115_U    |W_time_RAM_AUTO_1R1W   |        0|   8|  44|    0|   256|    8|     1|         2048|
    |W_time_116_U    |W_time_RAM_AUTO_1R1W   |        0|   8|  44|    0|   256|    8|     1|         2048|
    |W_time_117_U    |W_time_RAM_AUTO_1R1W   |        0|   8|  44|    0|   256|    8|     1|         2048|
    |W_time_118_U    |W_time_RAM_AUTO_1R1W   |        0|   8|  44|    0|   256|    8|     1|         2048|
    |W_time_119_U    |W_time_RAM_AUTO_1R1W   |        0|   8|  44|    0|   256|    8|     1|         2048|
    |W_time_120_U    |W_time_RAM_AUTO_1R1W   |        0|   8|  44|    0|   256|    8|     1|         2048|
    |W_time_121_U    |W_time_RAM_AUTO_1R1W   |        0|   8|  44|    0|   256|    8|     1|         2048|
    |W_time_122_U    |W_time_RAM_AUTO_1R1W   |        0|   8|  44|    0|   256|    8|     1|         2048|
    |W_time_123_U    |W_time_RAM_AUTO_1R1W   |        0|   8|  44|    0|   256|    8|     1|         2048|
    |W_time_124_U    |W_time_RAM_AUTO_1R1W   |        0|   8|  44|    0|   256|    8|     1|         2048|
    |W_time_125_U    |W_time_RAM_AUTO_1R1W   |        0|   8|  44|    0|   256|    8|     1|         2048|
    |W_time_126_U    |W_time_RAM_AUTO_1R1W   |        0|   8|  44|    0|   256|    8|     1|         2048|
    |W_time_127_U    |W_time_RAM_AUTO_1R1W   |        0|   8|  44|    0|   256|    8|     1|         2048|
    |W_act_proj_U    |W_time_RAM_AUTO_1R1W   |        0|   8|  44|    0|   256|    8|     1|         2048|
    |W_act_proj_1_U  |W_time_RAM_AUTO_1R1W   |        0|   8|  44|    0|   256|    8|     1|         2048|
    |W_act_proj_2_U  |W_time_RAM_AUTO_1R1W   |        0|   8|  44|    0|   256|    8|     1|         2048|
    |W_act_proj_3_U  |W_time_RAM_AUTO_1R1W   |        0|   8|  44|    0|   256|    8|     1|         2048|
    |W_act_proj_4_U  |W_time_RAM_AUTO_1R1W   |        0|   8|  44|    0|   256|    8|     1|         2048|
    |W_act_proj_5_U  |W_time_RAM_AUTO_1R1W   |        0|   8|  44|    0|   256|    8|     1|         2048|
    |W_act_proj_6_U  |W_time_RAM_AUTO_1R1W   |        0|   8|  44|    0|   256|    8|     1|         2048|
    |time_proj_U     |W_time_RAM_AUTO_1R1W   |        0|   8|  44|    0|   256|    8|     1|         2048|
    |act_q_U         |act_q_RAM_AUTO_1R1W    |        0|   8|   5|    0|     4|    8|     1|           32|
    |act_q_1_U       |act_q_RAM_AUTO_1R1W    |        0|   8|   5|    0|     4|    8|     1|           32|
    |act_q_2_U       |act_q_RAM_AUTO_1R1W    |        0|   8|   5|    0|     4|    8|     1|           32|
    |act_q_3_U       |act_q_RAM_AUTO_1R1W    |        0|   8|   5|    0|     4|    8|     1|           32|
    |act_q_4_U       |act_q_RAM_AUTO_1R1W    |        0|   8|   5|    0|     4|    8|     1|           32|
    |act_q_5_U       |act_q_RAM_AUTO_1R1W    |        0|   8|   5|    0|     4|    8|     1|           32|
    |act_q_6_U       |act_q_RAM_AUTO_1R1W    |        0|   8|   5|    0|     4|    8|     1|           32|
    |act_q_7_U       |act_q_RAM_AUTO_1R1W    |        0|   8|   5|    0|     4|    8|     1|           32|
    |act_q_8_U       |act_q_RAM_AUTO_1R1W    |        0|   8|   5|    0|     4|    8|     1|           32|
    |act_q_9_U       |act_q_RAM_AUTO_1R1W    |        0|   8|   5|    0|     4|    8|     1|           32|
    |act_q_10_U      |act_q_RAM_AUTO_1R1W    |        0|   8|   5|    0|     4|    8|     1|           32|
    |act_q_11_U      |act_q_RAM_AUTO_1R1W    |        0|   8|   5|    0|     4|    8|     1|           32|
    |act_q_12_U      |act_q_RAM_AUTO_1R1W    |        0|   8|   5|    0|     4|    8|     1|           32|
    |act_q_13_U      |act_q_RAM_AUTO_1R1W    |        0|   8|   5|    0|     4|    8|     1|           32|
    |act_q_14_U      |act_q_RAM_AUTO_1R1W    |        0|   8|   5|    0|     4|    8|     1|           32|
    |act_q_15_U      |act_q_RAM_AUTO_1R1W    |        0|   8|   5|    0|     4|    8|     1|           32|
    |act_q_16_U      |act_q_RAM_AUTO_1R1W    |        0|   8|   5|    0|     4|    8|     1|           32|
    |act_q_17_U      |act_q_RAM_AUTO_1R1W    |        0|   8|   5|    0|     4|    8|     1|           32|
    |act_q_18_U      |act_q_RAM_AUTO_1R1W    |        0|   8|   5|    0|     4|    8|     1|           32|
    |act_q_19_U      |act_q_RAM_AUTO_1R1W    |        0|   8|   5|    0|     4|    8|     1|           32|
    |act_q_20_U      |act_q_RAM_AUTO_1R1W    |        0|   8|   5|    0|     4|    8|     1|           32|
    |act_q_21_U      |act_q_RAM_AUTO_1R1W    |        0|   8|   5|    0|     4|    8|     1|           32|
    |act_q_22_U      |act_q_RAM_AUTO_1R1W    |        0|   8|   5|    0|     4|    8|     1|           32|
    |act_q_23_U      |act_q_RAM_AUTO_1R1W    |        0|   8|   5|    0|     4|    8|     1|           32|
    |act_q_24_U      |act_q_RAM_AUTO_1R1W    |        0|   8|   5|    0|     4|    8|     1|           32|
    |act_q_25_U      |act_q_RAM_AUTO_1R1W    |        0|   8|   5|    0|     4|    8|     1|           32|
    |act_q_26_U      |act_q_RAM_AUTO_1R1W    |        0|   8|   5|    0|     4|    8|     1|           32|
    |act_q_27_U      |act_q_RAM_AUTO_1R1W    |        0|   8|   5|    0|     4|    8|     1|           32|
    |act_q_28_U      |act_q_RAM_AUTO_1R1W    |        0|   8|   5|    0|     4|    8|     1|           32|
    |act_q_29_U      |act_q_RAM_AUTO_1R1W    |        0|   8|   5|    0|     4|    8|     1|           32|
    |act_q_30_U      |act_q_RAM_AUTO_1R1W    |        0|   8|   5|    0|     4|    8|     1|           32|
    |act_q_31_U      |act_q_RAM_AUTO_1R1W    |        0|   8|   5|    0|     4|    8|     1|           32|
    |act_q_32_U      |act_q_RAM_AUTO_1R1W    |        0|   8|   5|    0|     4|    8|     1|           32|
    |act_q_33_U      |act_q_RAM_AUTO_1R1W    |        0|   8|   5|    0|     4|    8|     1|           32|
    |act_q_34_U      |act_q_RAM_AUTO_1R1W    |        0|   8|   5|    0|     4|    8|     1|           32|
    |act_q_35_U      |act_q_RAM_AUTO_1R1W    |        0|   8|   5|    0|     4|    8|     1|           32|
    |act_q_36_U      |act_q_RAM_AUTO_1R1W    |        0|   8|   5|    0|     4|    8|     1|           32|
    |act_q_37_U      |act_q_RAM_AUTO_1R1W    |        0|   8|   5|    0|     4|    8|     1|           32|
    |act_q_38_U      |act_q_RAM_AUTO_1R1W    |        0|   8|   5|    0|     4|    8|     1|           32|
    |act_q_39_U      |act_q_RAM_AUTO_1R1W    |        0|   8|   5|    0|     4|    8|     1|           32|
    |act_q_40_U      |act_q_RAM_AUTO_1R1W    |        0|   8|   5|    0|     4|    8|     1|           32|
    |act_q_41_U      |act_q_RAM_AUTO_1R1W    |        0|   8|   5|    0|     4|    8|     1|           32|
    |act_q_42_U      |act_q_RAM_AUTO_1R1W    |        0|   8|   5|    0|     4|    8|     1|           32|
    |act_q_43_U      |act_q_RAM_AUTO_1R1W    |        0|   8|   5|    0|     4|    8|     1|           32|
    |act_q_44_U      |act_q_RAM_AUTO_1R1W    |        0|   8|   5|    0|     4|    8|     1|           32|
    |act_q_45_U      |act_q_RAM_AUTO_1R1W    |        0|   8|   5|    0|     4|    8|     1|           32|
    |act_q_46_U      |act_q_RAM_AUTO_1R1W    |        0|   8|   5|    0|     4|    8|     1|           32|
    |act_q_47_U      |act_q_RAM_AUTO_1R1W    |        0|   8|   5|    0|     4|    8|     1|           32|
    |act_q_48_U      |act_q_RAM_AUTO_1R1W    |        0|   8|   5|    0|     4|    8|     1|           32|
    |act_q_49_U      |act_q_RAM_AUTO_1R1W    |        0|   8|   5|    0|     4|    8|     1|           32|
    |act_q_50_U      |act_q_RAM_AUTO_1R1W    |        0|   8|   5|    0|     4|    8|     1|           32|
    |act_q_51_U      |act_q_RAM_AUTO_1R1W    |        0|   8|   5|    0|     4|    8|     1|           32|
    |act_q_52_U      |act_q_RAM_AUTO_1R1W    |        0|   8|   5|    0|     4|    8|     1|           32|
    |act_q_53_U      |act_q_RAM_AUTO_1R1W    |        0|   8|   5|    0|     4|    8|     1|           32|
    |act_q_54_U      |act_q_RAM_AUTO_1R1W    |        0|   8|   5|    0|     4|    8|     1|           32|
    |act_q_55_U      |act_q_RAM_AUTO_1R1W    |        0|   8|   5|    0|     4|    8|     1|           32|
    |act_q_56_U      |act_q_RAM_AUTO_1R1W    |        0|   8|   5|    0|     4|    8|     1|           32|
    |act_q_57_U      |act_q_RAM_AUTO_1R1W    |        0|   8|   5|    0|     4|    8|     1|           32|
    |act_q_58_U      |act_q_RAM_AUTO_1R1W    |        0|   8|   5|    0|     4|    8|     1|           32|
    |act_q_59_U      |act_q_RAM_AUTO_1R1W    |        0|   8|   5|    0|     4|    8|     1|           32|
    |act_q_60_U      |act_q_RAM_AUTO_1R1W    |        0|   8|   5|    0|     4|    8|     1|           32|
    |act_q_61_U      |act_q_RAM_AUTO_1R1W    |        0|   8|   5|    0|     4|    8|     1|           32|
    |act_q_62_U      |act_q_RAM_AUTO_1R1W    |        0|   8|   5|    0|     4|    8|     1|           32|
    |act_q_63_U      |act_q_RAM_AUTO_1R1W    |        0|   8|   5|    0|     4|    8|     1|           32|
    |attn_o_U        |act_q_RAM_AUTO_1R1W    |        0|   8|   5|    0|     4|    8|     1|           32|
    |attn_o_1_U      |act_q_RAM_AUTO_1R1W    |        0|   8|   5|    0|     4|    8|     1|           32|
    |attn_o_2_U      |act_q_RAM_AUTO_1R1W    |        0|   8|   5|    0|     4|    8|     1|           32|
    |attn_o_3_U      |act_q_RAM_AUTO_1R1W    |        0|   8|   5|    0|     4|    8|     1|           32|
    |attn_o_4_U      |act_q_RAM_AUTO_1R1W    |        0|   8|   5|    0|     4|    8|     1|           32|
    |attn_o_5_U      |act_q_RAM_AUTO_1R1W    |        0|   8|   5|    0|     4|    8|     1|           32|
    |attn_o_6_U      |act_q_RAM_AUTO_1R1W    |        0|   8|   5|    0|     4|    8|     1|           32|
    |attn_o_7_U      |act_q_RAM_AUTO_1R1W    |        0|   8|   5|    0|     4|    8|     1|           32|
    |attn_o_8_U      |act_q_RAM_AUTO_1R1W    |        0|   8|   5|    0|     4|    8|     1|           32|
    |attn_o_9_U      |act_q_RAM_AUTO_1R1W    |        0|   8|   5|    0|     4|    8|     1|           32|
    |attn_o_10_U     |act_q_RAM_AUTO_1R1W    |        0|   8|   5|    0|     4|    8|     1|           32|
    |attn_o_11_U     |act_q_RAM_AUTO_1R1W    |        0|   8|   5|    0|     4|    8|     1|           32|
    |attn_o_12_U     |act_q_RAM_AUTO_1R1W    |        0|   8|   5|    0|     4|    8|     1|           32|
    |attn_o_13_U     |act_q_RAM_AUTO_1R1W    |        0|   8|   5|    0|     4|    8|     1|           32|
    |attn_o_14_U     |act_q_RAM_AUTO_1R1W    |        0|   8|   5|    0|     4|    8|     1|           32|
    |attn_o_15_U     |act_q_RAM_AUTO_1R1W    |        0|   8|   5|    0|     4|    8|     1|           32|
    |attn_o_16_U     |act_q_RAM_AUTO_1R1W    |        0|   8|   5|    0|     4|    8|     1|           32|
    |attn_o_17_U     |act_q_RAM_AUTO_1R1W    |        0|   8|   5|    0|     4|    8|     1|           32|
    |attn_o_18_U     |act_q_RAM_AUTO_1R1W    |        0|   8|   5|    0|     4|    8|     1|           32|
    |attn_o_19_U     |act_q_RAM_AUTO_1R1W    |        0|   8|   5|    0|     4|    8|     1|           32|
    |attn_o_20_U     |act_q_RAM_AUTO_1R1W    |        0|   8|   5|    0|     4|    8|     1|           32|
    |attn_o_21_U     |act_q_RAM_AUTO_1R1W    |        0|   8|   5|    0|     4|    8|     1|           32|
    |attn_o_22_U     |act_q_RAM_AUTO_1R1W    |        0|   8|   5|    0|     4|    8|     1|           32|
    |attn_o_23_U     |act_q_RAM_AUTO_1R1W    |        0|   8|   5|    0|     4|    8|     1|           32|
    |attn_o_24_U     |act_q_RAM_AUTO_1R1W    |        0|   8|   5|    0|     4|    8|     1|           32|
    |attn_o_25_U     |act_q_RAM_AUTO_1R1W    |        0|   8|   5|    0|     4|    8|     1|           32|
    |attn_o_26_U     |act_q_RAM_AUTO_1R1W    |        0|   8|   5|    0|     4|    8|     1|           32|
    |attn_o_27_U     |act_q_RAM_AUTO_1R1W    |        0|   8|   5|    0|     4|    8|     1|           32|
    |attn_o_28_U     |act_q_RAM_AUTO_1R1W    |        0|   8|   5|    0|     4|    8|     1|           32|
    |attn_o_29_U     |act_q_RAM_AUTO_1R1W    |        0|   8|   5|    0|     4|    8|     1|           32|
    |attn_o_30_U     |act_q_RAM_AUTO_1R1W    |        0|   8|   5|    0|     4|    8|     1|           32|
    |attn_o_31_U     |act_q_RAM_AUTO_1R1W    |        0|   8|   5|    0|     4|    8|     1|           32|
    |attn_o_32_U     |act_q_RAM_AUTO_1R1W    |        0|   8|   5|    0|     4|    8|     1|           32|
    |attn_o_33_U     |act_q_RAM_AUTO_1R1W    |        0|   8|   5|    0|     4|    8|     1|           32|
    |attn_o_34_U     |act_q_RAM_AUTO_1R1W    |        0|   8|   5|    0|     4|    8|     1|           32|
    |attn_o_35_U     |act_q_RAM_AUTO_1R1W    |        0|   8|   5|    0|     4|    8|     1|           32|
    |attn_o_36_U     |act_q_RAM_AUTO_1R1W    |        0|   8|   5|    0|     4|    8|     1|           32|
    |attn_o_37_U     |act_q_RAM_AUTO_1R1W    |        0|   8|   5|    0|     4|    8|     1|           32|
    |attn_o_38_U     |act_q_RAM_AUTO_1R1W    |        0|   8|   5|    0|     4|    8|     1|           32|
    |attn_o_39_U     |act_q_RAM_AUTO_1R1W    |        0|   8|   5|    0|     4|    8|     1|           32|
    |attn_o_40_U     |act_q_RAM_AUTO_1R1W    |        0|   8|   5|    0|     4|    8|     1|           32|
    |attn_o_41_U     |act_q_RAM_AUTO_1R1W    |        0|   8|   5|    0|     4|    8|     1|           32|
    |attn_o_42_U     |act_q_RAM_AUTO_1R1W    |        0|   8|   5|    0|     4|    8|     1|           32|
    |attn_o_43_U     |act_q_RAM_AUTO_1R1W    |        0|   8|   5|    0|     4|    8|     1|           32|
    |attn_o_44_U     |act_q_RAM_AUTO_1R1W    |        0|   8|   5|    0|     4|    8|     1|           32|
    |attn_o_45_U     |act_q_RAM_AUTO_1R1W    |        0|   8|   5|    0|     4|    8|     1|           32|
    |attn_o_46_U     |act_q_RAM_AUTO_1R1W    |        0|   8|   5|    0|     4|    8|     1|           32|
    |attn_o_47_U     |act_q_RAM_AUTO_1R1W    |        0|   8|   5|    0|     4|    8|     1|           32|
    |attn_o_48_U     |act_q_RAM_AUTO_1R1W    |        0|   8|   5|    0|     4|    8|     1|           32|
    |attn_o_49_U     |act_q_RAM_AUTO_1R1W    |        0|   8|   5|    0|     4|    8|     1|           32|
    |attn_o_50_U     |act_q_RAM_AUTO_1R1W    |        0|   8|   5|    0|     4|    8|     1|           32|
    |attn_o_51_U     |act_q_RAM_AUTO_1R1W    |        0|   8|   5|    0|     4|    8|     1|           32|
    |attn_o_52_U     |act_q_RAM_AUTO_1R1W    |        0|   8|   5|    0|     4|    8|     1|           32|
    |attn_o_53_U     |act_q_RAM_AUTO_1R1W    |        0|   8|   5|    0|     4|    8|     1|           32|
    |attn_o_54_U     |act_q_RAM_AUTO_1R1W    |        0|   8|   5|    0|     4|    8|     1|           32|
    |attn_o_55_U     |act_q_RAM_AUTO_1R1W    |        0|   8|   5|    0|     4|    8|     1|           32|
    |attn_o_56_U     |act_q_RAM_AUTO_1R1W    |        0|   8|   5|    0|     4|    8|     1|           32|
    |attn_o_57_U     |act_q_RAM_AUTO_1R1W    |        0|   8|   5|    0|     4|    8|     1|           32|
    |attn_o_58_U     |act_q_RAM_AUTO_1R1W    |        0|   8|   5|    0|     4|    8|     1|           32|
    |attn_o_59_U     |act_q_RAM_AUTO_1R1W    |        0|   8|   5|    0|     4|    8|     1|           32|
    |attn_o_60_U     |act_q_RAM_AUTO_1R1W    |        0|   8|   5|    0|     4|    8|     1|           32|
    |attn_o_61_U     |act_q_RAM_AUTO_1R1W    |        0|   8|   5|    0|     4|    8|     1|           32|
    |attn_o_62_U     |act_q_RAM_AUTO_1R1W    |        0|   8|   5|    0|     4|    8|     1|           32|
    |attn_o_63_U     |act_q_RAM_AUTO_1R1W    |        0|   8|   5|    0|     4|    8|     1|           32|
    |ffn_out_U       |act_q_RAM_AUTO_1R1W    |        0|   8|   5|    0|     4|    8|     1|           32|
    |ffn_out_1_U     |act_q_RAM_AUTO_1R1W    |        0|   8|   5|    0|     4|    8|     1|           32|
    |ffn_out_2_U     |act_q_RAM_AUTO_1R1W    |        0|   8|   5|    0|     4|    8|     1|           32|
    |ffn_out_3_U     |act_q_RAM_AUTO_1R1W    |        0|   8|   5|    0|     4|    8|     1|           32|
    |ffn_out_4_U     |act_q_RAM_AUTO_1R1W    |        0|   8|   5|    0|     4|    8|     1|           32|
    |ffn_out_5_U     |act_q_RAM_AUTO_1R1W    |        0|   8|   5|    0|     4|    8|     1|           32|
    |ffn_out_6_U     |act_q_RAM_AUTO_1R1W    |        0|   8|   5|    0|     4|    8|     1|           32|
    |ffn_out_7_U     |act_q_RAM_AUTO_1R1W    |        0|   8|   5|    0|     4|    8|     1|           32|
    |ffn_out_8_U     |act_q_RAM_AUTO_1R1W    |        0|   8|   5|    0|     4|    8|     1|           32|
    |ffn_out_9_U     |act_q_RAM_AUTO_1R1W    |        0|   8|   5|    0|     4|    8|     1|           32|
    |ffn_out_10_U    |act_q_RAM_AUTO_1R1W    |        0|   8|   5|    0|     4|    8|     1|           32|
    |ffn_out_11_U    |act_q_RAM_AUTO_1R1W    |        0|   8|   5|    0|     4|    8|     1|           32|
    |ffn_out_12_U    |act_q_RAM_AUTO_1R1W    |        0|   8|   5|    0|     4|    8|     1|           32|
    |ffn_out_13_U    |act_q_RAM_AUTO_1R1W    |        0|   8|   5|    0|     4|    8|     1|           32|
    |ffn_out_14_U    |act_q_RAM_AUTO_1R1W    |        0|   8|   5|    0|     4|    8|     1|           32|
    |ffn_out_15_U    |act_q_RAM_AUTO_1R1W    |        0|   8|   5|    0|     4|    8|     1|           32|
    |ffn_out_16_U    |act_q_RAM_AUTO_1R1W    |        0|   8|   5|    0|     4|    8|     1|           32|
    |ffn_out_17_U    |act_q_RAM_AUTO_1R1W    |        0|   8|   5|    0|     4|    8|     1|           32|
    |ffn_out_18_U    |act_q_RAM_AUTO_1R1W    |        0|   8|   5|    0|     4|    8|     1|           32|
    |ffn_out_19_U    |act_q_RAM_AUTO_1R1W    |        0|   8|   5|    0|     4|    8|     1|           32|
    |ffn_out_20_U    |act_q_RAM_AUTO_1R1W    |        0|   8|   5|    0|     4|    8|     1|           32|
    |ffn_out_21_U    |act_q_RAM_AUTO_1R1W    |        0|   8|   5|    0|     4|    8|     1|           32|
    |ffn_out_22_U    |act_q_RAM_AUTO_1R1W    |        0|   8|   5|    0|     4|    8|     1|           32|
    |ffn_out_23_U    |act_q_RAM_AUTO_1R1W    |        0|   8|   5|    0|     4|    8|     1|           32|
    |ffn_out_24_U    |act_q_RAM_AUTO_1R1W    |        0|   8|   5|    0|     4|    8|     1|           32|
    |ffn_out_25_U    |act_q_RAM_AUTO_1R1W    |        0|   8|   5|    0|     4|    8|     1|           32|
    |ffn_out_26_U    |act_q_RAM_AUTO_1R1W    |        0|   8|   5|    0|     4|    8|     1|           32|
    |ffn_out_27_U    |act_q_RAM_AUTO_1R1W    |        0|   8|   5|    0|     4|    8|     1|           32|
    |ffn_out_28_U    |act_q_RAM_AUTO_1R1W    |        0|   8|   5|    0|     4|    8|     1|           32|
    |ffn_out_29_U    |act_q_RAM_AUTO_1R1W    |        0|   8|   5|    0|     4|    8|     1|           32|
    |ffn_out_30_U    |act_q_RAM_AUTO_1R1W    |        0|   8|   5|    0|     4|    8|     1|           32|
    |ffn_out_31_U    |act_q_RAM_AUTO_1R1W    |        0|   8|   5|    0|     4|    8|     1|           32|
    |ffn_out_32_U    |act_q_RAM_AUTO_1R1W    |        0|   8|   5|    0|     4|    8|     1|           32|
    |ffn_out_33_U    |act_q_RAM_AUTO_1R1W    |        0|   8|   5|    0|     4|    8|     1|           32|
    |ffn_out_34_U    |act_q_RAM_AUTO_1R1W    |        0|   8|   5|    0|     4|    8|     1|           32|
    |ffn_out_35_U    |act_q_RAM_AUTO_1R1W    |        0|   8|   5|    0|     4|    8|     1|           32|
    |ffn_out_36_U    |act_q_RAM_AUTO_1R1W    |        0|   8|   5|    0|     4|    8|     1|           32|
    |ffn_out_37_U    |act_q_RAM_AUTO_1R1W    |        0|   8|   5|    0|     4|    8|     1|           32|
    |ffn_out_38_U    |act_q_RAM_AUTO_1R1W    |        0|   8|   5|    0|     4|    8|     1|           32|
    |ffn_out_39_U    |act_q_RAM_AUTO_1R1W    |        0|   8|   5|    0|     4|    8|     1|           32|
    |ffn_out_40_U    |act_q_RAM_AUTO_1R1W    |        0|   8|   5|    0|     4|    8|     1|           32|
    |ffn_out_41_U    |act_q_RAM_AUTO_1R1W    |        0|   8|   5|    0|     4|    8|     1|           32|
    |ffn_out_42_U    |act_q_RAM_AUTO_1R1W    |        0|   8|   5|    0|     4|    8|     1|           32|
    |ffn_out_43_U    |act_q_RAM_AUTO_1R1W    |        0|   8|   5|    0|     4|    8|     1|           32|
    |ffn_out_44_U    |act_q_RAM_AUTO_1R1W    |        0|   8|   5|    0|     4|    8|     1|           32|
    |ffn_out_45_U    |act_q_RAM_AUTO_1R1W    |        0|   8|   5|    0|     4|    8|     1|           32|
    |ffn_out_46_U    |act_q_RAM_AUTO_1R1W    |        0|   8|   5|    0|     4|    8|     1|           32|
    |ffn_out_47_U    |act_q_RAM_AUTO_1R1W    |        0|   8|   5|    0|     4|    8|     1|           32|
    |ffn_out_48_U    |act_q_RAM_AUTO_1R1W    |        0|   8|   5|    0|     4|    8|     1|           32|
    |ffn_out_49_U    |act_q_RAM_AUTO_1R1W    |        0|   8|   5|    0|     4|    8|     1|           32|
    |ffn_out_50_U    |act_q_RAM_AUTO_1R1W    |        0|   8|   5|    0|     4|    8|     1|           32|
    |ffn_out_51_U    |act_q_RAM_AUTO_1R1W    |        0|   8|   5|    0|     4|    8|     1|           32|
    |ffn_out_52_U    |act_q_RAM_AUTO_1R1W    |        0|   8|   5|    0|     4|    8|     1|           32|
    |ffn_out_53_U    |act_q_RAM_AUTO_1R1W    |        0|   8|   5|    0|     4|    8|     1|           32|
    |ffn_out_54_U    |act_q_RAM_AUTO_1R1W    |        0|   8|   5|    0|     4|    8|     1|           32|
    |ffn_out_55_U    |act_q_RAM_AUTO_1R1W    |        0|   8|   5|    0|     4|    8|     1|           32|
    |ffn_out_56_U    |act_q_RAM_AUTO_1R1W    |        0|   8|   5|    0|     4|    8|     1|           32|
    |ffn_out_57_U    |act_q_RAM_AUTO_1R1W    |        0|   8|   5|    0|     4|    8|     1|           32|
    |ffn_out_58_U    |act_q_RAM_AUTO_1R1W    |        0|   8|   5|    0|     4|    8|     1|           32|
    |ffn_out_59_U    |act_q_RAM_AUTO_1R1W    |        0|   8|   5|    0|     4|    8|     1|           32|
    |ffn_out_60_U    |act_q_RAM_AUTO_1R1W    |        0|   8|   5|    0|     4|    8|     1|           32|
    |ffn_out_61_U    |act_q_RAM_AUTO_1R1W    |        0|   8|   5|    0|     4|    8|     1|           32|
    |ffn_out_62_U    |act_q_RAM_AUTO_1R1W    |        0|   8|   5|    0|     4|    8|     1|           32|
    |ffn_out_63_U    |act_q_RAM_AUTO_1R1W    |        0|   8|   5|    0|     4|    8|     1|           32|
    |context_U       |context_RAM_AUTO_1R1W  |        1|   0|   0|    0|  1024|    8|     1|         8192|
    |context_1_U     |context_RAM_AUTO_1R1W  |        1|   0|   0|    0|  1024|    8|     1|         8192|
    |context_2_U     |context_RAM_AUTO_1R1W  |        1|   0|   0|    0|  1024|    8|     1|         8192|
    |context_3_U     |context_RAM_AUTO_1R1W  |        1|   0|   0|    0|  1024|    8|     1|         8192|
    |context_4_U     |context_RAM_AUTO_1R1W  |        1|   0|   0|    0|  1024|    8|     1|         8192|
    |context_5_U     |context_RAM_AUTO_1R1W  |        1|   0|   0|    0|  1024|    8|     1|         8192|
    |context_6_U     |context_RAM_AUTO_1R1W  |        1|   0|   0|    0|  1024|    8|     1|         8192|
    |context_7_U     |context_RAM_AUTO_1R1W  |        1|   0|   0|    0|  1024|    8|     1|         8192|
    |context_8_U     |context_RAM_AUTO_1R1W  |        1|   0|   0|    0|  1024|    8|     1|         8192|
    |context_9_U     |context_RAM_AUTO_1R1W  |        1|   0|   0|    0|  1024|    8|     1|         8192|
    |context_10_U    |context_RAM_AUTO_1R1W  |        1|   0|   0|    0|  1024|    8|     1|         8192|
    |context_11_U    |context_RAM_AUTO_1R1W  |        1|   0|   0|    0|  1024|    8|     1|         8192|
    |context_12_U    |context_RAM_AUTO_1R1W  |        1|   0|   0|    0|  1024|    8|     1|         8192|
    |context_13_U    |context_RAM_AUTO_1R1W  |        1|   0|   0|    0|  1024|    8|     1|         8192|
    |context_14_U    |context_RAM_AUTO_1R1W  |        1|   0|   0|    0|  1024|    8|     1|         8192|
    |context_15_U    |context_RAM_AUTO_1R1W  |        1|   0|   0|    0|  1024|    8|     1|         8192|
    |context_16_U    |context_RAM_AUTO_1R1W  |        1|   0|   0|    0|  1024|    8|     1|         8192|
    |context_17_U    |context_RAM_AUTO_1R1W  |        1|   0|   0|    0|  1024|    8|     1|         8192|
    |context_18_U    |context_RAM_AUTO_1R1W  |        1|   0|   0|    0|  1024|    8|     1|         8192|
    |context_19_U    |context_RAM_AUTO_1R1W  |        1|   0|   0|    0|  1024|    8|     1|         8192|
    |context_20_U    |context_RAM_AUTO_1R1W  |        1|   0|   0|    0|  1024|    8|     1|         8192|
    |context_21_U    |context_RAM_AUTO_1R1W  |        1|   0|   0|    0|  1024|    8|     1|         8192|
    |context_22_U    |context_RAM_AUTO_1R1W  |        1|   0|   0|    0|  1024|    8|     1|         8192|
    |context_23_U    |context_RAM_AUTO_1R1W  |        1|   0|   0|    0|  1024|    8|     1|         8192|
    |context_24_U    |context_RAM_AUTO_1R1W  |        1|   0|   0|    0|  1024|    8|     1|         8192|
    |context_25_U    |context_RAM_AUTO_1R1W  |        1|   0|   0|    0|  1024|    8|     1|         8192|
    |context_26_U    |context_RAM_AUTO_1R1W  |        1|   0|   0|    0|  1024|    8|     1|         8192|
    |context_27_U    |context_RAM_AUTO_1R1W  |        1|   0|   0|    0|  1024|    8|     1|         8192|
    |context_28_U    |context_RAM_AUTO_1R1W  |        1|   0|   0|    0|  1024|    8|     1|         8192|
    |context_29_U    |context_RAM_AUTO_1R1W  |        1|   0|   0|    0|  1024|    8|     1|         8192|
    |context_30_U    |context_RAM_AUTO_1R1W  |        1|   0|   0|    0|  1024|    8|     1|         8192|
    |context_31_U    |context_RAM_AUTO_1R1W  |        1|   0|   0|    0|  1024|    8|     1|         8192|
    |context_32_U    |context_RAM_AUTO_1R1W  |        1|   0|   0|    0|  1024|    8|     1|         8192|
    |context_33_U    |context_RAM_AUTO_1R1W  |        1|   0|   0|    0|  1024|    8|     1|         8192|
    |context_34_U    |context_RAM_AUTO_1R1W  |        1|   0|   0|    0|  1024|    8|     1|         8192|
    |context_35_U    |context_RAM_AUTO_1R1W  |        1|   0|   0|    0|  1024|    8|     1|         8192|
    |context_36_U    |context_RAM_AUTO_1R1W  |        1|   0|   0|    0|  1024|    8|     1|         8192|
    |context_37_U    |context_RAM_AUTO_1R1W  |        1|   0|   0|    0|  1024|    8|     1|         8192|
    |context_38_U    |context_RAM_AUTO_1R1W  |        1|   0|   0|    0|  1024|    8|     1|         8192|
    |context_39_U    |context_RAM_AUTO_1R1W  |        1|   0|   0|    0|  1024|    8|     1|         8192|
    |context_40_U    |context_RAM_AUTO_1R1W  |        1|   0|   0|    0|  1024|    8|     1|         8192|
    |context_41_U    |context_RAM_AUTO_1R1W  |        1|   0|   0|    0|  1024|    8|     1|         8192|
    |context_42_U    |context_RAM_AUTO_1R1W  |        1|   0|   0|    0|  1024|    8|     1|         8192|
    |context_43_U    |context_RAM_AUTO_1R1W  |        1|   0|   0|    0|  1024|    8|     1|         8192|
    |context_44_U    |context_RAM_AUTO_1R1W  |        1|   0|   0|    0|  1024|    8|     1|         8192|
    |context_45_U    |context_RAM_AUTO_1R1W  |        1|   0|   0|    0|  1024|    8|     1|         8192|
    |context_46_U    |context_RAM_AUTO_1R1W  |        1|   0|   0|    0|  1024|    8|     1|         8192|
    |context_47_U    |context_RAM_AUTO_1R1W  |        1|   0|   0|    0|  1024|    8|     1|         8192|
    |context_48_U    |context_RAM_AUTO_1R1W  |        1|   0|   0|    0|  1024|    8|     1|         8192|
    |context_49_U    |context_RAM_AUTO_1R1W  |        1|   0|   0|    0|  1024|    8|     1|         8192|
    |context_50_U    |context_RAM_AUTO_1R1W  |        1|   0|   0|    0|  1024|    8|     1|         8192|
    |context_51_U    |context_RAM_AUTO_1R1W  |        1|   0|   0|    0|  1024|    8|     1|         8192|
    |context_52_U    |context_RAM_AUTO_1R1W  |        1|   0|   0|    0|  1024|    8|     1|         8192|
    |context_53_U    |context_RAM_AUTO_1R1W  |        1|   0|   0|    0|  1024|    8|     1|         8192|
    |context_54_U    |context_RAM_AUTO_1R1W  |        1|   0|   0|    0|  1024|    8|     1|         8192|
    |context_55_U    |context_RAM_AUTO_1R1W  |        1|   0|   0|    0|  1024|    8|     1|         8192|
    |context_56_U    |context_RAM_AUTO_1R1W  |        1|   0|   0|    0|  1024|    8|     1|         8192|
    |context_57_U    |context_RAM_AUTO_1R1W  |        1|   0|   0|    0|  1024|    8|     1|         8192|
    |context_58_U    |context_RAM_AUTO_1R1W  |        1|   0|   0|    0|  1024|    8|     1|         8192|
    |context_59_U    |context_RAM_AUTO_1R1W  |        1|   0|   0|    0|  1024|    8|     1|         8192|
    |context_60_U    |context_RAM_AUTO_1R1W  |        1|   0|   0|    0|  1024|    8|     1|         8192|
    |context_61_U    |context_RAM_AUTO_1R1W  |        1|   0|   0|    0|  1024|    8|     1|         8192|
    |context_62_U    |context_RAM_AUTO_1R1W  |        1|   0|   0|    0|  1024|    8|     1|         8192|
    |context_63_U    |context_RAM_AUTO_1R1W  |        1|   0|   0|    0|  1024|    8|     1|         8192|
    |h_U             |h_RAM_AUTO_1R1W        |        0|   8|   5|    0|     8|    8|     1|           64|
    |h_1_U           |h_RAM_AUTO_1R1W        |        0|   8|   5|    0|     8|    8|     1|           64|
    |h_2_U           |h_RAM_AUTO_1R1W        |        0|   8|   5|    0|     8|    8|     1|           64|
    |h_3_U           |h_RAM_AUTO_1R1W        |        0|   8|   5|    0|     8|    8|     1|           64|
    |h_4_U           |h_RAM_AUTO_1R1W        |        0|   8|   5|    0|     8|    8|     1|           64|
    |h_5_U           |h_RAM_AUTO_1R1W        |        0|   8|   5|    0|     8|    8|     1|           64|
    |h_6_U           |h_RAM_AUTO_1R1W        |        0|   8|   5|    0|     8|    8|     1|           64|
    |h_7_U           |h_RAM_AUTO_1R1W        |        0|   8|   5|    0|     8|    8|     1|           64|
    |h_8_U           |h_RAM_AUTO_1R1W        |        0|   8|   5|    0|     8|    8|     1|           64|
    |h_9_U           |h_RAM_AUTO_1R1W        |        0|   8|   5|    0|     8|    8|     1|           64|
    |h_10_U          |h_RAM_AUTO_1R1W        |        0|   8|   5|    0|     8|    8|     1|           64|
    |h_11_U          |h_RAM_AUTO_1R1W        |        0|   8|   5|    0|     8|    8|     1|           64|
    |h_12_U          |h_RAM_AUTO_1R1W        |        0|   8|   5|    0|     8|    8|     1|           64|
    |h_13_U          |h_RAM_AUTO_1R1W        |        0|   8|   5|    0|     8|    8|     1|           64|
    |h_14_U          |h_RAM_AUTO_1R1W        |        0|   8|   5|    0|     8|    8|     1|           64|
    |h_15_U          |h_RAM_AUTO_1R1W        |        0|   8|   5|    0|     8|    8|     1|           64|
    |h_16_U          |h_RAM_AUTO_1R1W        |        0|   8|   5|    0|     8|    8|     1|           64|
    |h_17_U          |h_RAM_AUTO_1R1W        |        0|   8|   5|    0|     8|    8|     1|           64|
    |h_18_U          |h_RAM_AUTO_1R1W        |        0|   8|   5|    0|     8|    8|     1|           64|
    |h_19_U          |h_RAM_AUTO_1R1W        |        0|   8|   5|    0|     8|    8|     1|           64|
    |h_20_U          |h_RAM_AUTO_1R1W        |        0|   8|   5|    0|     8|    8|     1|           64|
    |h_21_U          |h_RAM_AUTO_1R1W        |        0|   8|   5|    0|     8|    8|     1|           64|
    |h_22_U          |h_RAM_AUTO_1R1W        |        0|   8|   5|    0|     8|    8|     1|           64|
    |h_23_U          |h_RAM_AUTO_1R1W        |        0|   8|   5|    0|     8|    8|     1|           64|
    |h_24_U          |h_RAM_AUTO_1R1W        |        0|   8|   5|    0|     8|    8|     1|           64|
    |h_25_U          |h_RAM_AUTO_1R1W        |        0|   8|   5|    0|     8|    8|     1|           64|
    |h_26_U          |h_RAM_AUTO_1R1W        |        0|   8|   5|    0|     8|    8|     1|           64|
    |h_27_U          |h_RAM_AUTO_1R1W        |        0|   8|   5|    0|     8|    8|     1|           64|
    |h_28_U          |h_RAM_AUTO_1R1W        |        0|   8|   5|    0|     8|    8|     1|           64|
    |h_29_U          |h_RAM_AUTO_1R1W        |        0|   8|   5|    0|     8|    8|     1|           64|
    |h_30_U          |h_RAM_AUTO_1R1W        |        0|   8|   5|    0|     8|    8|     1|           64|
    |h_31_U          |h_RAM_AUTO_1R1W        |        0|   8|   5|    0|     8|    8|     1|           64|
    |h_32_U          |h_RAM_AUTO_1R1W        |        0|   8|   5|    0|     8|    8|     1|           64|
    |h_33_U          |h_RAM_AUTO_1R1W        |        0|   8|   5|    0|     8|    8|     1|           64|
    |h_34_U          |h_RAM_AUTO_1R1W        |        0|   8|   5|    0|     8|    8|     1|           64|
    |h_35_U          |h_RAM_AUTO_1R1W        |        0|   8|   5|    0|     8|    8|     1|           64|
    |h_36_U          |h_RAM_AUTO_1R1W        |        0|   8|   5|    0|     8|    8|     1|           64|
    |h_37_U          |h_RAM_AUTO_1R1W        |        0|   8|   5|    0|     8|    8|     1|           64|
    |h_38_U          |h_RAM_AUTO_1R1W        |        0|   8|   5|    0|     8|    8|     1|           64|
    |h_39_U          |h_RAM_AUTO_1R1W        |        0|   8|   5|    0|     8|    8|     1|           64|
    |h_40_U          |h_RAM_AUTO_1R1W        |        0|   8|   5|    0|     8|    8|     1|           64|
    |h_41_U          |h_RAM_AUTO_1R1W        |        0|   8|   5|    0|     8|    8|     1|           64|
    |h_42_U          |h_RAM_AUTO_1R1W        |        0|   8|   5|    0|     8|    8|     1|           64|
    |h_43_U          |h_RAM_AUTO_1R1W        |        0|   8|   5|    0|     8|    8|     1|           64|
    |h_44_U          |h_RAM_AUTO_1R1W        |        0|   8|   5|    0|     8|    8|     1|           64|
    |h_45_U          |h_RAM_AUTO_1R1W        |        0|   8|   5|    0|     8|    8|     1|           64|
    |h_46_U          |h_RAM_AUTO_1R1W        |        0|   8|   5|    0|     8|    8|     1|           64|
    |h_47_U          |h_RAM_AUTO_1R1W        |        0|   8|   5|    0|     8|    8|     1|           64|
    |h_48_U          |h_RAM_AUTO_1R1W        |        0|   8|   5|    0|     8|    8|     1|           64|
    |h_49_U          |h_RAM_AUTO_1R1W        |        0|   8|   5|    0|     8|    8|     1|           64|
    |h_50_U          |h_RAM_AUTO_1R1W        |        0|   8|   5|    0|     8|    8|     1|           64|
    |h_51_U          |h_RAM_AUTO_1R1W        |        0|   8|   5|    0|     8|    8|     1|           64|
    |h_52_U          |h_RAM_AUTO_1R1W        |        0|   8|   5|    0|     8|    8|     1|           64|
    |h_53_U          |h_RAM_AUTO_1R1W        |        0|   8|   5|    0|     8|    8|     1|           64|
    |h_54_U          |h_RAM_AUTO_1R1W        |        0|   8|   5|    0|     8|    8|     1|           64|
    |h_55_U          |h_RAM_AUTO_1R1W        |        0|   8|   5|    0|     8|    8|     1|           64|
    |h_56_U          |h_RAM_AUTO_1R1W        |        0|   8|   5|    0|     8|    8|     1|           64|
    |h_57_U          |h_RAM_AUTO_1R1W        |        0|   8|   5|    0|     8|    8|     1|           64|
    |h_58_U          |h_RAM_AUTO_1R1W        |        0|   8|   5|    0|     8|    8|     1|           64|
    |h_59_U          |h_RAM_AUTO_1R1W        |        0|   8|   5|    0|     8|    8|     1|           64|
    |h_60_U          |h_RAM_AUTO_1R1W        |        0|   8|   5|    0|     8|    8|     1|           64|
    |h_61_U          |h_RAM_AUTO_1R1W        |        0|   8|   5|    0|     8|    8|     1|           64|
    |h_62_U          |h_RAM_AUTO_1R1W        |        0|   8|   5|    0|     8|    8|     1|           64|
    |h_63_U          |h_RAM_AUTO_1R1W        |        0|   8|   5|    0|     8|    8|     1|           64|
    |out_U           |out_RAM_AUTO_1R1W      |        0|   8|   5|    0|     7|    8|     1|           56|
    |scores_U        |scores_RAM_AUTO_1R1W   |        1|   0|   0|    0|   256|   16|     1|         4096|
    |attn_w_U        |scores_RAM_AUTO_1R1W   |        1|   0|   0|    0|   256|   16|     1|         4096|
    |shifted_U       |scores_RAM_AUTO_1R1W   |        1|   0|   0|    0|   256|   16|     1|         4096|
    +----------------+-----------------------+---------+----+----+-----+------+-----+------+-------------+
    |Total           |                       |      195|3656|7589|    0|366343| 5240|   652|      2936888|
    +----------------+-----------------------+---------+----+----+-----+------+-----+------+-------------+

    * FIFO: 
    N/A

    * Expression: 
    +----------------------------------+----------+----+---+----+------------+------------+
    |           Variable Name          | Operation| DSP| FF| LUT| Bitwidth P0| Bitwidth P1|
    +----------------------------------+----------+----+---+----+------------+------------+
    |add_ln244_fu_8008_p2              |         +|   0|  0|  10|          10|           1|
    |add_ln264_fu_8347_p2              |         +|   0|  0|   9|           9|           1|
    |cmp300_fu_7998_p2                 |      icmp|   0|  0|  12|          24|           1|
    |icmp_ln244_fu_8014_p2             |      icmp|   0|  0|   4|          10|          11|
    |icmp_ln255_fu_8060_p2             |      icmp|   0|  0|  12|          24|           1|
    |icmp_ln264_fu_8353_p2             |      icmp|   0|  0|   4|           9|          10|
    |ap_block_state13_on_subcall_done  |        or|   0|  0|   2|           1|           1|
    |ap_block_state14_io               |        or|   0|  0|   2|           1|           1|
    |ap_block_state1_io                |        or|   0|  0|   2|           1|           1|
    |ap_block_state26_on_subcall_done  |        or|   0|  0|   2|           1|           1|
    |ap_block_state39_on_subcall_done  |        or|   0|  0|   2|           1|           1|
    +----------------------------------+----------+----+---+----+------------+------------+
    |Total                             |          |   0|  0|  61|          91|          30|
    +----------------------------------+----------+----+---+----+------------+------------+

    * Multiplexer: 
    +-----------------------+-----+-----------+-----+-----------+
    |          Name         | LUT | Input Size| Bits| Total Bits|
    +-----------------------+-----+-----------+-----+-----------+
    |W_act_proj_1_address0  |    8|          3|    8|         24|
    |W_act_proj_1_ce0       |    8|          3|    1|          3|
    |W_act_proj_1_we0       |    8|          2|    1|          2|
    |W_act_proj_2_address0  |    8|          3|    8|         24|
    |W_act_proj_2_ce0       |    8|          3|    1|          3|
    |W_act_proj_2_we0       |    8|          2|    1|          2|
    |W_act_proj_3_address0  |    8|          3|    8|         24|
    |W_act_proj_3_ce0       |    8|          3|    1|          3|
    |W_act_proj_3_we0       |    8|          2|    1|          2|
    |W_act_proj_4_address0  |    8|          3|    8|         24|
    |W_act_proj_4_ce0       |    8|          3|    1|          3|
    |W_act_proj_4_we0       |    8|          2|    1|          2|
    |W_act_proj_5_address0  |    8|          3|    8|         24|
    |W_act_proj_5_ce0       |    8|          3|    1|          3|
    |W_act_proj_5_we0       |    8|          2|    1|          2|
    |W_act_proj_6_address0  |    8|          3|    8|         24|
    |W_act_proj_6_ce0       |    8|          3|    1|          3|
    |W_act_proj_6_we0       |    8|          2|    1|          2|
    |W_act_proj_address0    |    8|          3|    8|         24|
    |W_act_proj_ce0         |    8|          3|    1|          3|
    |W_act_proj_we0         |    8|          2|    1|          2|
    |W_ffn1_10_address0     |   16|          3|   11|         33|
    |W_ffn1_10_ce0          |    8|          3|    1|          3|
    |W_ffn1_10_we0          |    8|          2|    1|          2|
    |W_ffn1_11_address0     |   16|          3|   11|         33|
    |W_ffn1_11_ce0          |    8|          3|    1|          3|
    |W_ffn1_11_we0          |    8|          2|    1|          2|
    |W_ffn1_12_address0     |   16|          3|   11|         33|
    |W_ffn1_12_ce0          |    8|          3|    1|          3|
    |W_ffn1_12_we0          |    8|          2|    1|          2|
    |W_ffn1_13_address0     |   16|          3|   11|         33|
    |W_ffn1_13_ce0          |    8|          3|    1|          3|
    |W_ffn1_13_we0          |    8|          2|    1|          2|
    |W_ffn1_14_address0     |   16|          3|   11|         33|
    |W_ffn1_14_ce0          |    8|          3|    1|          3|
    |W_ffn1_14_we0          |    8|          2|    1|          2|
    |W_ffn1_15_address0     |   16|          3|   11|         33|
    |W_ffn1_15_ce0          |    8|          3|    1|          3|
    |W_ffn1_15_we0          |    8|          2|    1|          2|
    |W_ffn1_16_address0     |   16|          3|   11|         33|
    |W_ffn1_16_ce0          |    8|          3|    1|          3|
    |W_ffn1_16_we0          |    8|          2|    1|          2|
    |W_ffn1_17_address0     |   16|          3|   11|         33|
    |W_ffn1_17_ce0          |    8|          3|    1|          3|
    |W_ffn1_17_we0          |    8|          2|    1|          2|
    |W_ffn1_18_address0     |   16|          3|   11|         33|
    |W_ffn1_18_ce0          |    8|          3|    1|          3|
    |W_ffn1_18_we0          |    8|          2|    1|          2|
    |W_ffn1_19_address0     |   16|          3|   11|         33|
    |W_ffn1_19_ce0          |    8|          3|    1|          3|
    |W_ffn1_19_we0          |    8|          2|    1|          2|
    |W_ffn1_1_address0      |   16|          3|   11|         33|
    |W_ffn1_1_ce0           |    8|          3|    1|          3|
    |W_ffn1_1_we0           |    8|          2|    1|          2|
    |W_ffn1_20_address0     |   16|          3|   11|         33|
    |W_ffn1_20_ce0          |    8|          3|    1|          3|
    |W_ffn1_20_we0          |    8|          2|    1|          2|
    |W_ffn1_21_address0     |   16|          3|   11|         33|
    |W_ffn1_21_ce0          |    8|          3|    1|          3|
    |W_ffn1_21_we0          |    8|          2|    1|          2|
    |W_ffn1_22_address0     |   16|          3|   11|         33|
    |W_ffn1_22_ce0          |    8|          3|    1|          3|
    |W_ffn1_22_we0          |    8|          2|    1|          2|
    |W_ffn1_23_address0     |   16|          3|   11|         33|
    |W_ffn1_23_ce0          |    8|          3|    1|          3|
    |W_ffn1_23_we0          |    8|          2|    1|          2|
    |W_ffn1_24_address0     |   16|          3|   11|         33|
    |W_ffn1_24_ce0          |    8|          3|    1|          3|
    |W_ffn1_24_we0          |    8|          2|    1|          2|
    |W_ffn1_25_address0     |   16|          3|   11|         33|
    |W_ffn1_25_ce0          |    8|          3|    1|          3|
    |W_ffn1_25_we0          |    8|          2|    1|          2|
    |W_ffn1_26_address0     |   16|          3|   11|         33|
    |W_ffn1_26_ce0          |    8|          3|    1|          3|
    |W_ffn1_26_we0          |    8|          2|    1|          2|
    |W_ffn1_27_address0     |   16|          3|   11|         33|
    |W_ffn1_27_ce0          |    8|          3|    1|          3|
    |W_ffn1_27_we0          |    8|          2|    1|          2|
    |W_ffn1_28_address0     |   16|          3|   11|         33|
    |W_ffn1_28_ce0          |    8|          3|    1|          3|
    |W_ffn1_28_we0          |    8|          2|    1|          2|
    |W_ffn1_29_address0     |   16|          3|   11|         33|
    |W_ffn1_29_ce0          |    8|          3|    1|          3|
    |W_ffn1_29_we0          |    8|          2|    1|          2|
    |W_ffn1_2_address0      |   16|          3|   11|         33|
    |W_ffn1_2_ce0           |    8|          3|    1|          3|
    |W_ffn1_2_we0           |    8|          2|    1|          2|
    |W_ffn1_30_address0     |   16|          3|   11|         33|
    |W_ffn1_30_ce0          |    8|          3|    1|          3|
    |W_ffn1_30_we0          |    8|          2|    1|          2|
    |W_ffn1_31_address0     |   16|          3|   11|         33|
    |W_ffn1_31_ce0          |    8|          3|    1|          3|
    |W_ffn1_31_we0          |    8|          2|    1|          2|
    |W_ffn1_32_address0     |   16|          3|   11|         33|
    |W_ffn1_32_ce0          |    8|          3|    1|          3|
    |W_ffn1_32_we0          |    8|          2|    1|          2|
    |W_ffn1_33_address0     |   16|          3|   11|         33|
    |W_ffn1_33_ce0          |    8|          3|    1|          3|
    |W_ffn1_33_we0          |    8|          2|    1|          2|
    |W_ffn1_34_address0     |   16|          3|   11|         33|
    |W_ffn1_34_ce0          |    8|          3|    1|          3|
    |W_ffn1_34_we0          |    8|          2|    1|          2|
    |W_ffn1_35_address0     |   16|          3|   11|         33|
    |W_ffn1_35_ce0          |    8|          3|    1|          3|
    |W_ffn1_35_we0          |    8|          2|    1|          2|
    |W_ffn1_36_address0     |   16|          3|   11|         33|
    |W_ffn1_36_ce0          |    8|          3|    1|          3|
    |W_ffn1_36_we0          |    8|          2|    1|          2|
    |W_ffn1_37_address0     |   16|          3|   11|         33|
    |W_ffn1_37_ce0          |    8|          3|    1|          3|
    |W_ffn1_37_we0          |    8|          2|    1|          2|
    |W_ffn1_38_address0     |   16|          3|   11|         33|
    |W_ffn1_38_ce0          |    8|          3|    1|          3|
    |W_ffn1_38_we0          |    8|          2|    1|          2|
    |W_ffn1_39_address0     |   16|          3|   11|         33|
    |W_ffn1_39_ce0          |    8|          3|    1|          3|
    |W_ffn1_39_we0          |    8|          2|    1|          2|
    |W_ffn1_3_address0      |   16|          3|   11|         33|
    |W_ffn1_3_ce0           |    8|          3|    1|          3|
    |W_ffn1_3_we0           |    8|          2|    1|          2|
    |W_ffn1_40_address0     |   16|          3|   11|         33|
    |W_ffn1_40_ce0          |    8|          3|    1|          3|
    |W_ffn1_40_we0          |    8|          2|    1|          2|
    |W_ffn1_41_address0     |   16|          3|   11|         33|
    |W_ffn1_41_ce0          |    8|          3|    1|          3|
    |W_ffn1_41_we0          |    8|          2|    1|          2|
    |W_ffn1_42_address0     |   16|          3|   11|         33|
    |W_ffn1_42_ce0          |    8|          3|    1|          3|
    |W_ffn1_42_we0          |    8|          2|    1|          2|
    |W_ffn1_43_address0     |   16|          3|   11|         33|
    |W_ffn1_43_ce0          |    8|          3|    1|          3|
    |W_ffn1_43_we0          |    8|          2|    1|          2|
    |W_ffn1_44_address0     |   16|          3|   11|         33|
    |W_ffn1_44_ce0          |    8|          3|    1|          3|
    |W_ffn1_44_we0          |    8|          2|    1|          2|
    |W_ffn1_45_address0     |   16|          3|   11|         33|
    |W_ffn1_45_ce0          |    8|          3|    1|          3|
    |W_ffn1_45_we0          |    8|          2|    1|          2|
    |W_ffn1_46_address0     |   16|          3|   11|         33|
    |W_ffn1_46_ce0          |    8|          3|    1|          3|
    |W_ffn1_46_we0          |    8|          2|    1|          2|
    |W_ffn1_47_address0     |   16|          3|   11|         33|
    |W_ffn1_47_ce0          |    8|          3|    1|          3|
    |W_ffn1_47_we0          |    8|          2|    1|          2|
    |W_ffn1_48_address0     |   16|          3|   11|         33|
    |W_ffn1_48_ce0          |    8|          3|    1|          3|
    |W_ffn1_48_we0          |    8|          2|    1|          2|
    |W_ffn1_49_address0     |   16|          3|   11|         33|
    |W_ffn1_49_ce0          |    8|          3|    1|          3|
    |W_ffn1_49_we0          |    8|          2|    1|          2|
    |W_ffn1_4_address0      |   16|          3|   11|         33|
    |W_ffn1_4_ce0           |    8|          3|    1|          3|
    |W_ffn1_4_we0           |    8|          2|    1|          2|
    |W_ffn1_50_address0     |   16|          3|   11|         33|
    |W_ffn1_50_ce0          |    8|          3|    1|          3|
    |W_ffn1_50_we0          |    8|          2|    1|          2|
    |W_ffn1_51_address0     |   16|          3|   11|         33|
    |W_ffn1_51_ce0          |    8|          3|    1|          3|
    |W_ffn1_51_we0          |    8|          2|    1|          2|
    |W_ffn1_52_address0     |   16|          3|   11|         33|
    |W_ffn1_52_ce0          |    8|          3|    1|          3|
    |W_ffn1_52_we0          |    8|          2|    1|          2|
    |W_ffn1_53_address0     |   16|          3|   11|         33|
    |W_ffn1_53_ce0          |    8|          3|    1|          3|
    |W_ffn1_53_we0          |    8|          2|    1|          2|
    |W_ffn1_54_address0     |   16|          3|   11|         33|
    |W_ffn1_54_ce0          |    8|          3|    1|          3|
    |W_ffn1_54_we0          |    8|          2|    1|          2|
    |W_ffn1_55_address0     |   16|          3|   11|         33|
    |W_ffn1_55_ce0          |    8|          3|    1|          3|
    |W_ffn1_55_we0          |    8|          2|    1|          2|
    |W_ffn1_56_address0     |   16|          3|   11|         33|
    |W_ffn1_56_ce0          |    8|          3|    1|          3|
    |W_ffn1_56_we0          |    8|          2|    1|          2|
    |W_ffn1_57_address0     |   16|          3|   11|         33|
    |W_ffn1_57_ce0          |    8|          3|    1|          3|
    |W_ffn1_57_we0          |    8|          2|    1|          2|
    |W_ffn1_58_address0     |   16|          3|   11|         33|
    |W_ffn1_58_ce0          |    8|          3|    1|          3|
    |W_ffn1_58_we0          |    8|          2|    1|          2|
    |W_ffn1_59_address0     |   16|          3|   11|         33|
    |W_ffn1_59_ce0          |    8|          3|    1|          3|
    |W_ffn1_59_we0          |    8|          2|    1|          2|
    |W_ffn1_5_address0      |   16|          3|   11|         33|
    |W_ffn1_5_ce0           |    8|          3|    1|          3|
    |W_ffn1_5_we0           |    8|          2|    1|          2|
    |W_ffn1_60_address0     |   16|          3|   11|         33|
    |W_ffn1_60_ce0          |    8|          3|    1|          3|
    |W_ffn1_60_we0          |    8|          2|    1|          2|
    |W_ffn1_61_address0     |   16|          3|   11|         33|
    |W_ffn1_61_ce0          |    8|          3|    1|          3|
    |W_ffn1_61_we0          |    8|          2|    1|          2|
    |W_ffn1_62_address0     |   16|          3|   11|         33|
    |W_ffn1_62_ce0          |    8|          3|    1|          3|
    |W_ffn1_62_we0          |    8|          2|    1|          2|
    |W_ffn1_63_address0     |   16|          3|   11|         33|
    |W_ffn1_63_ce0          |    8|          3|    1|          3|
    |W_ffn1_63_we0          |    8|          2|    1|          2|
    |W_ffn1_6_address0      |   16|          3|   11|         33|
    |W_ffn1_6_ce0           |    8|          3|    1|          3|
    |W_ffn1_6_we0           |    8|          2|    1|          2|
    |W_ffn1_7_address0      |   16|          3|   11|         33|
    |W_ffn1_7_ce0           |    8|          3|    1|          3|
    |W_ffn1_7_we0           |    8|          2|    1|          2|
    |W_ffn1_8_address0      |   16|          3|   11|         33|
    |W_ffn1_8_ce0           |    8|          3|    1|          3|
    |W_ffn1_8_we0           |    8|          2|    1|          2|
    |W_ffn1_9_address0      |   16|          3|   11|         33|
    |W_ffn1_9_ce0           |    8|          3|    1|          3|
    |W_ffn1_9_we0           |    8|          2|    1|          2|
    |W_ffn1_address0        |   16|          3|   11|         33|
    |W_ffn1_ce0             |    8|          3|    1|          3|
    |W_ffn1_we0             |    8|          2|    1|          2|
    |W_ffn2_10_address0     |   16|          3|   11|         33|
    |W_ffn2_10_ce0          |    8|          3|    1|          3|
    |W_ffn2_10_we0          |    8|          2|    1|          2|
    |W_ffn2_11_address0     |   16|          3|   11|         33|
    |W_ffn2_11_ce0          |    8|          3|    1|          3|
    |W_ffn2_11_we0          |    8|          2|    1|          2|
    |W_ffn2_12_address0     |   16|          3|   11|         33|
    |W_ffn2_12_ce0          |    8|          3|    1|          3|
    |W_ffn2_12_we0          |    8|          2|    1|          2|
    |W_ffn2_13_address0     |   16|          3|   11|         33|
    |W_ffn2_13_ce0          |    8|          3|    1|          3|
    |W_ffn2_13_we0          |    8|          2|    1|          2|
    |W_ffn2_14_address0     |   16|          3|   11|         33|
    |W_ffn2_14_ce0          |    8|          3|    1|          3|
    |W_ffn2_14_we0          |    8|          2|    1|          2|
    |W_ffn2_15_address0     |   16|          3|   11|         33|
    |W_ffn2_15_ce0          |    8|          3|    1|          3|
    |W_ffn2_15_we0          |    8|          2|    1|          2|
    |W_ffn2_16_address0     |   16|          3|   11|         33|
    |W_ffn2_16_ce0          |    8|          3|    1|          3|
    |W_ffn2_16_we0          |    8|          2|    1|          2|
    |W_ffn2_17_address0     |   16|          3|   11|         33|
    |W_ffn2_17_ce0          |    8|          3|    1|          3|
    |W_ffn2_17_we0          |    8|          2|    1|          2|
    |W_ffn2_18_address0     |   16|          3|   11|         33|
    |W_ffn2_18_ce0          |    8|          3|    1|          3|
    |W_ffn2_18_we0          |    8|          2|    1|          2|
    |W_ffn2_19_address0     |   16|          3|   11|         33|
    |W_ffn2_19_ce0          |    8|          3|    1|          3|
    |W_ffn2_19_we0          |    8|          2|    1|          2|
    |W_ffn2_1_address0      |   16|          3|   11|         33|
    |W_ffn2_1_ce0           |    8|          3|    1|          3|
    |W_ffn2_1_we0           |    8|          2|    1|          2|
    |W_ffn2_20_address0     |   16|          3|   11|         33|
    |W_ffn2_20_ce0          |    8|          3|    1|          3|
    |W_ffn2_20_we0          |    8|          2|    1|          2|
    |W_ffn2_21_address0     |   16|          3|   11|         33|
    |W_ffn2_21_ce0          |    8|          3|    1|          3|
    |W_ffn2_21_we0          |    8|          2|    1|          2|
    |W_ffn2_22_address0     |   16|          3|   11|         33|
    |W_ffn2_22_ce0          |    8|          3|    1|          3|
    |W_ffn2_22_we0          |    8|          2|    1|          2|
    |W_ffn2_23_address0     |   16|          3|   11|         33|
    |W_ffn2_23_ce0          |    8|          3|    1|          3|
    |W_ffn2_23_we0          |    8|          2|    1|          2|
    |W_ffn2_24_address0     |   16|          3|   11|         33|
    |W_ffn2_24_ce0          |    8|          3|    1|          3|
    |W_ffn2_24_we0          |    8|          2|    1|          2|
    |W_ffn2_25_address0     |   16|          3|   11|         33|
    |W_ffn2_25_ce0          |    8|          3|    1|          3|
    |W_ffn2_25_we0          |    8|          2|    1|          2|
    |W_ffn2_26_address0     |   16|          3|   11|         33|
    |W_ffn2_26_ce0          |    8|          3|    1|          3|
    |W_ffn2_26_we0          |    8|          2|    1|          2|
    |W_ffn2_27_address0     |   16|          3|   11|         33|
    |W_ffn2_27_ce0          |    8|          3|    1|          3|
    |W_ffn2_27_we0          |    8|          2|    1|          2|
    |W_ffn2_28_address0     |   16|          3|   11|         33|
    |W_ffn2_28_ce0          |    8|          3|    1|          3|
    |W_ffn2_28_we0          |    8|          2|    1|          2|
    |W_ffn2_29_address0     |   16|          3|   11|         33|
    |W_ffn2_29_ce0          |    8|          3|    1|          3|
    |W_ffn2_29_we0          |    8|          2|    1|          2|
    |W_ffn2_2_address0      |   16|          3|   11|         33|
    |W_ffn2_2_ce0           |    8|          3|    1|          3|
    |W_ffn2_2_we0           |    8|          2|    1|          2|
    |W_ffn2_30_address0     |   16|          3|   11|         33|
    |W_ffn2_30_ce0          |    8|          3|    1|          3|
    |W_ffn2_30_we0          |    8|          2|    1|          2|
    |W_ffn2_31_address0     |   16|          3|   11|         33|
    |W_ffn2_31_ce0          |    8|          3|    1|          3|
    |W_ffn2_31_we0          |    8|          2|    1|          2|
    |W_ffn2_32_address0     |   16|          3|   11|         33|
    |W_ffn2_32_ce0          |    8|          3|    1|          3|
    |W_ffn2_32_we0          |    8|          2|    1|          2|
    |W_ffn2_33_address0     |   16|          3|   11|         33|
    |W_ffn2_33_ce0          |    8|          3|    1|          3|
    |W_ffn2_33_we0          |    8|          2|    1|          2|
    |W_ffn2_34_address0     |   16|          3|   11|         33|
    |W_ffn2_34_ce0          |    8|          3|    1|          3|
    |W_ffn2_34_we0          |    8|          2|    1|          2|
    |W_ffn2_35_address0     |   16|          3|   11|         33|
    |W_ffn2_35_ce0          |    8|          3|    1|          3|
    |W_ffn2_35_we0          |    8|          2|    1|          2|
    |W_ffn2_36_address0     |   16|          3|   11|         33|
    |W_ffn2_36_ce0          |    8|          3|    1|          3|
    |W_ffn2_36_we0          |    8|          2|    1|          2|
    |W_ffn2_37_address0     |   16|          3|   11|         33|
    |W_ffn2_37_ce0          |    8|          3|    1|          3|
    |W_ffn2_37_we0          |    8|          2|    1|          2|
    |W_ffn2_38_address0     |   16|          3|   11|         33|
    |W_ffn2_38_ce0          |    8|          3|    1|          3|
    |W_ffn2_38_we0          |    8|          2|    1|          2|
    |W_ffn2_39_address0     |   16|          3|   11|         33|
    |W_ffn2_39_ce0          |    8|          3|    1|          3|
    |W_ffn2_39_we0          |    8|          2|    1|          2|
    |W_ffn2_3_address0      |   16|          3|   11|         33|
    |W_ffn2_3_ce0           |    8|          3|    1|          3|
    |W_ffn2_3_we0           |    8|          2|    1|          2|
    |W_ffn2_40_address0     |   16|          3|   11|         33|
    |W_ffn2_40_ce0          |    8|          3|    1|          3|
    |W_ffn2_40_we0          |    8|          2|    1|          2|
    |W_ffn2_41_address0     |   16|          3|   11|         33|
    |W_ffn2_41_ce0          |    8|          3|    1|          3|
    |W_ffn2_41_we0          |    8|          2|    1|          2|
    |W_ffn2_42_address0     |   16|          3|   11|         33|
    |W_ffn2_42_ce0          |    8|          3|    1|          3|
    |W_ffn2_42_we0          |    8|          2|    1|          2|
    |W_ffn2_43_address0     |   16|          3|   11|         33|
    |W_ffn2_43_ce0          |    8|          3|    1|          3|
    |W_ffn2_43_we0          |    8|          2|    1|          2|
    |W_ffn2_44_address0     |   16|          3|   11|         33|
    |W_ffn2_44_ce0          |    8|          3|    1|          3|
    |W_ffn2_44_we0          |    8|          2|    1|          2|
    |W_ffn2_45_address0     |   16|          3|   11|         33|
    |W_ffn2_45_ce0          |    8|          3|    1|          3|
    |W_ffn2_45_we0          |    8|          2|    1|          2|
    |W_ffn2_46_address0     |   16|          3|   11|         33|
    |W_ffn2_46_ce0          |    8|          3|    1|          3|
    |W_ffn2_46_we0          |    8|          2|    1|          2|
    |W_ffn2_47_address0     |   16|          3|   11|         33|
    |W_ffn2_47_ce0          |    8|          3|    1|          3|
    |W_ffn2_47_we0          |    8|          2|    1|          2|
    |W_ffn2_48_address0     |   16|          3|   11|         33|
    |W_ffn2_48_ce0          |    8|          3|    1|          3|
    |W_ffn2_48_we0          |    8|          2|    1|          2|
    |W_ffn2_49_address0     |   16|          3|   11|         33|
    |W_ffn2_49_ce0          |    8|          3|    1|          3|
    |W_ffn2_49_we0          |    8|          2|    1|          2|
    |W_ffn2_4_address0      |   16|          3|   11|         33|
    |W_ffn2_4_ce0           |    8|          3|    1|          3|
    |W_ffn2_4_we0           |    8|          2|    1|          2|
    |W_ffn2_50_address0     |   16|          3|   11|         33|
    |W_ffn2_50_ce0          |    8|          3|    1|          3|
    |W_ffn2_50_we0          |    8|          2|    1|          2|
    |W_ffn2_51_address0     |   16|          3|   11|         33|
    |W_ffn2_51_ce0          |    8|          3|    1|          3|
    |W_ffn2_51_we0          |    8|          2|    1|          2|
    |W_ffn2_52_address0     |   16|          3|   11|         33|
    |W_ffn2_52_ce0          |    8|          3|    1|          3|
    |W_ffn2_52_we0          |    8|          2|    1|          2|
    |W_ffn2_53_address0     |   16|          3|   11|         33|
    |W_ffn2_53_ce0          |    8|          3|    1|          3|
    |W_ffn2_53_we0          |    8|          2|    1|          2|
    |W_ffn2_54_address0     |   16|          3|   11|         33|
    |W_ffn2_54_ce0          |    8|          3|    1|          3|
    |W_ffn2_54_we0          |    8|          2|    1|          2|
    |W_ffn2_55_address0     |   16|          3|   11|         33|
    |W_ffn2_55_ce0          |    8|          3|    1|          3|
    |W_ffn2_55_we0          |    8|          2|    1|          2|
    |W_ffn2_56_address0     |   16|          3|   11|         33|
    |W_ffn2_56_ce0          |    8|          3|    1|          3|
    |W_ffn2_56_we0          |    8|          2|    1|          2|
    |W_ffn2_57_address0     |   16|          3|   11|         33|
    |W_ffn2_57_ce0          |    8|          3|    1|          3|
    |W_ffn2_57_we0          |    8|          2|    1|          2|
    |W_ffn2_58_address0     |   16|          3|   11|         33|
    |W_ffn2_58_ce0          |    8|          3|    1|          3|
    |W_ffn2_58_we0          |    8|          2|    1|          2|
    |W_ffn2_59_address0     |   16|          3|   11|         33|
    |W_ffn2_59_ce0          |    8|          3|    1|          3|
    |W_ffn2_59_we0          |    8|          2|    1|          2|
    |W_ffn2_5_address0      |   16|          3|   11|         33|
    |W_ffn2_5_ce0           |    8|          3|    1|          3|
    |W_ffn2_5_we0           |    8|          2|    1|          2|
    |W_ffn2_60_address0     |   16|          3|   11|         33|
    |W_ffn2_60_ce0          |    8|          3|    1|          3|
    |W_ffn2_60_we0          |    8|          2|    1|          2|
    |W_ffn2_61_address0     |   16|          3|   11|         33|
    |W_ffn2_61_ce0          |    8|          3|    1|          3|
    |W_ffn2_61_we0          |    8|          2|    1|          2|
    |W_ffn2_62_address0     |   16|          3|   11|         33|
    |W_ffn2_62_ce0          |    8|          3|    1|          3|
    |W_ffn2_62_we0          |    8|          2|    1|          2|
    |W_ffn2_63_address0     |   16|          3|   11|         33|
    |W_ffn2_63_ce0          |    8|          3|    1|          3|
    |W_ffn2_63_we0          |    8|          2|    1|          2|
    |W_ffn2_6_address0      |   16|          3|   11|         33|
    |W_ffn2_6_ce0           |    8|          3|    1|          3|
    |W_ffn2_6_we0           |    8|          2|    1|          2|
    |W_ffn2_7_address0      |   16|          3|   11|         33|
    |W_ffn2_7_ce0           |    8|          3|    1|          3|
    |W_ffn2_7_we0           |    8|          2|    1|          2|
    |W_ffn2_8_address0      |   16|          3|   11|         33|
    |W_ffn2_8_ce0           |    8|          3|    1|          3|
    |W_ffn2_8_we0           |    8|          2|    1|          2|
    |W_ffn2_9_address0      |   16|          3|   11|         33|
    |W_ffn2_9_ce0           |    8|          3|    1|          3|
    |W_ffn2_9_we0           |    8|          2|    1|          2|
    |W_ffn2_address0        |   16|          3|   11|         33|
    |W_ffn2_ce0             |    8|          3|    1|          3|
    |W_ffn2_we0             |    8|          2|    1|          2|
    |W_out_10_address0      |    8|          3|    5|         15|
    |W_out_10_ce0           |    8|          3|    1|          3|
    |W_out_10_we0           |    8|          2|    1|          2|
    |W_out_11_address0      |    8|          3|    5|         15|
    |W_out_11_ce0           |    8|          3|    1|          3|
    |W_out_11_we0           |    8|          2|    1|          2|
    |W_out_12_address0      |    8|          3|    5|         15|
    |W_out_12_ce0           |    8|          3|    1|          3|
    |W_out_12_we0           |    8|          2|    1|          2|
    |W_out_13_address0      |    8|          3|    5|         15|
    |W_out_13_ce0           |    8|          3|    1|          3|
    |W_out_13_we0           |    8|          2|    1|          2|
    |W_out_14_address0      |    8|          3|    5|         15|
    |W_out_14_ce0           |    8|          3|    1|          3|
    |W_out_14_we0           |    8|          2|    1|          2|
    |W_out_15_address0      |    8|          3|    5|         15|
    |W_out_15_ce0           |    8|          3|    1|          3|
    |W_out_15_we0           |    8|          2|    1|          2|
    |W_out_16_address0      |    8|          3|    5|         15|
    |W_out_16_ce0           |    8|          3|    1|          3|
    |W_out_16_we0           |    8|          2|    1|          2|
    |W_out_17_address0      |    8|          3|    5|         15|
    |W_out_17_ce0           |    8|          3|    1|          3|
    |W_out_17_we0           |    8|          2|    1|          2|
    |W_out_18_address0      |    8|          3|    5|         15|
    |W_out_18_ce0           |    8|          3|    1|          3|
    |W_out_18_we0           |    8|          2|    1|          2|
    |W_out_19_address0      |    8|          3|    5|         15|
    |W_out_19_ce0           |    8|          3|    1|          3|
    |W_out_19_we0           |    8|          2|    1|          2|
    |W_out_1_address0       |    8|          3|    5|         15|
    |W_out_1_ce0            |    8|          3|    1|          3|
    |W_out_1_we0            |    8|          2|    1|          2|
    |W_out_20_address0      |    8|          3|    5|         15|
    |W_out_20_ce0           |    8|          3|    1|          3|
    |W_out_20_we0           |    8|          2|    1|          2|
    |W_out_21_address0      |    8|          3|    5|         15|
    |W_out_21_ce0           |    8|          3|    1|          3|
    |W_out_21_we0           |    8|          2|    1|          2|
    |W_out_22_address0      |    8|          3|    5|         15|
    |W_out_22_ce0           |    8|          3|    1|          3|
    |W_out_22_we0           |    8|          2|    1|          2|
    |W_out_23_address0      |    8|          3|    5|         15|
    |W_out_23_ce0           |    8|          3|    1|          3|
    |W_out_23_we0           |    8|          2|    1|          2|
    |W_out_24_address0      |    8|          3|    5|         15|
    |W_out_24_ce0           |    8|          3|    1|          3|
    |W_out_24_we0           |    8|          2|    1|          2|
    |W_out_25_address0      |    8|          3|    5|         15|
    |W_out_25_ce0           |    8|          3|    1|          3|
    |W_out_25_we0           |    8|          2|    1|          2|
    |W_out_26_address0      |    8|          3|    5|         15|
    |W_out_26_ce0           |    8|          3|    1|          3|
    |W_out_26_we0           |    8|          2|    1|          2|
    |W_out_27_address0      |    8|          3|    5|         15|
    |W_out_27_ce0           |    8|          3|    1|          3|
    |W_out_27_we0           |    8|          2|    1|          2|
    |W_out_28_address0      |    8|          3|    5|         15|
    |W_out_28_ce0           |    8|          3|    1|          3|
    |W_out_28_we0           |    8|          2|    1|          2|
    |W_out_29_address0      |    8|          3|    5|         15|
    |W_out_29_ce0           |    8|          3|    1|          3|
    |W_out_29_we0           |    8|          2|    1|          2|
    |W_out_2_address0       |    8|          3|    5|         15|
    |W_out_2_ce0            |    8|          3|    1|          3|
    |W_out_2_we0            |    8|          2|    1|          2|
    |W_out_30_address0      |    8|          3|    5|         15|
    |W_out_30_ce0           |    8|          3|    1|          3|
    |W_out_30_we0           |    8|          2|    1|          2|
    |W_out_31_address0      |    8|          3|    5|         15|
    |W_out_31_ce0           |    8|          3|    1|          3|
    |W_out_31_we0           |    8|          2|    1|          2|
    |W_out_32_address0      |    8|          3|    5|         15|
    |W_out_32_ce0           |    8|          3|    1|          3|
    |W_out_32_we0           |    8|          2|    1|          2|
    |W_out_33_address0      |    8|          3|    5|         15|
    |W_out_33_ce0           |    8|          3|    1|          3|
    |W_out_33_we0           |    8|          2|    1|          2|
    |W_out_34_address0      |    8|          3|    5|         15|
    |W_out_34_ce0           |    8|          3|    1|          3|
    |W_out_34_we0           |    8|          2|    1|          2|
    |W_out_35_address0      |    8|          3|    5|         15|
    |W_out_35_ce0           |    8|          3|    1|          3|
    |W_out_35_we0           |    8|          2|    1|          2|
    |W_out_36_address0      |    8|          3|    5|         15|
    |W_out_36_ce0           |    8|          3|    1|          3|
    |W_out_36_we0           |    8|          2|    1|          2|
    |W_out_37_address0      |    8|          3|    5|         15|
    |W_out_37_ce0           |    8|          3|    1|          3|
    |W_out_37_we0           |    8|          2|    1|          2|
    |W_out_38_address0      |    8|          3|    5|         15|
    |W_out_38_ce0           |    8|          3|    1|          3|
    |W_out_38_we0           |    8|          2|    1|          2|
    |W_out_39_address0      |    8|          3|    5|         15|
    |W_out_39_ce0           |    8|          3|    1|          3|
    |W_out_39_we0           |    8|          2|    1|          2|
    |W_out_3_address0       |    8|          3|    5|         15|
    |W_out_3_ce0            |    8|          3|    1|          3|
    |W_out_3_we0            |    8|          2|    1|          2|
    |W_out_40_address0      |    8|          3|    5|         15|
    |W_out_40_ce0           |    8|          3|    1|          3|
    |W_out_40_we0           |    8|          2|    1|          2|
    |W_out_41_address0      |    8|          3|    5|         15|
    |W_out_41_ce0           |    8|          3|    1|          3|
    |W_out_41_we0           |    8|          2|    1|          2|
    |W_out_42_address0      |    8|          3|    5|         15|
    |W_out_42_ce0           |    8|          3|    1|          3|
    |W_out_42_we0           |    8|          2|    1|          2|
    |W_out_43_address0      |    8|          3|    5|         15|
    |W_out_43_ce0           |    8|          3|    1|          3|
    |W_out_43_we0           |    8|          2|    1|          2|
    |W_out_44_address0      |    8|          3|    5|         15|
    |W_out_44_ce0           |    8|          3|    1|          3|
    |W_out_44_we0           |    8|          2|    1|          2|
    |W_out_45_address0      |    8|          3|    5|         15|
    |W_out_45_ce0           |    8|          3|    1|          3|
    |W_out_45_we0           |    8|          2|    1|          2|
    |W_out_46_address0      |    8|          3|    5|         15|
    |W_out_46_ce0           |    8|          3|    1|          3|
    |W_out_46_we0           |    8|          2|    1|          2|
    |W_out_47_address0      |    8|          3|    5|         15|
    |W_out_47_ce0           |    8|          3|    1|          3|
    |W_out_47_we0           |    8|          2|    1|          2|
    |W_out_48_address0      |    8|          3|    5|         15|
    |W_out_48_ce0           |    8|          3|    1|          3|
    |W_out_48_we0           |    8|          2|    1|          2|
    |W_out_49_address0      |    8|          3|    5|         15|
    |W_out_49_ce0           |    8|          3|    1|          3|
    |W_out_49_we0           |    8|          2|    1|          2|
    |W_out_4_address0       |    8|          3|    5|         15|
    |W_out_4_ce0            |    8|          3|    1|          3|
    |W_out_4_we0            |    8|          2|    1|          2|
    |W_out_50_address0      |    8|          3|    5|         15|
    |W_out_50_ce0           |    8|          3|    1|          3|
    |W_out_50_we0           |    8|          2|    1|          2|
    |W_out_51_address0      |    8|          3|    5|         15|
    |W_out_51_ce0           |    8|          3|    1|          3|
    |W_out_51_we0           |    8|          2|    1|          2|
    |W_out_52_address0      |    8|          3|    5|         15|
    |W_out_52_ce0           |    8|          3|    1|          3|
    |W_out_52_we0           |    8|          2|    1|          2|
    |W_out_53_address0      |    8|          3|    5|         15|
    |W_out_53_ce0           |    8|          3|    1|          3|
    |W_out_53_we0           |    8|          2|    1|          2|
    |W_out_54_address0      |    8|          3|    5|         15|
    |W_out_54_ce0           |    8|          3|    1|          3|
    |W_out_54_we0           |    8|          2|    1|          2|
    |W_out_55_address0      |    8|          3|    5|         15|
    |W_out_55_ce0           |    8|          3|    1|          3|
    |W_out_55_we0           |    8|          2|    1|          2|
    |W_out_56_address0      |    8|          3|    5|         15|
    |W_out_56_ce0           |    8|          3|    1|          3|
    |W_out_56_we0           |    8|          2|    1|          2|
    |W_out_57_address0      |    8|          3|    5|         15|
    |W_out_57_ce0           |    8|          3|    1|          3|
    |W_out_57_we0           |    8|          2|    1|          2|
    |W_out_58_address0      |    8|          3|    5|         15|
    |W_out_58_ce0           |    8|          3|    1|          3|
    |W_out_58_we0           |    8|          2|    1|          2|
    |W_out_59_address0      |    8|          3|    5|         15|
    |W_out_59_ce0           |    8|          3|    1|          3|
    |W_out_59_we0           |    8|          2|    1|          2|
    |W_out_5_address0       |    8|          3|    5|         15|
    |W_out_5_ce0            |    8|          3|    1|          3|
    |W_out_5_we0            |    8|          2|    1|          2|
    |W_out_60_address0      |    8|          3|    5|         15|
    |W_out_60_ce0           |    8|          3|    1|          3|
    |W_out_60_we0           |    8|          2|    1|          2|
    |W_out_61_address0      |    8|          3|    5|         15|
    |W_out_61_ce0           |    8|          3|    1|          3|
    |W_out_61_we0           |    8|          2|    1|          2|
    |W_out_62_address0      |    8|          3|    5|         15|
    |W_out_62_ce0           |    8|          3|    1|          3|
    |W_out_62_we0           |    8|          2|    1|          2|
    |W_out_63_address0      |    8|          3|    5|         15|
    |W_out_63_ce0           |    8|          3|    1|          3|
    |W_out_63_we0           |    8|          2|    1|          2|
    |W_out_6_address0       |    8|          3|    5|         15|
    |W_out_6_ce0            |    8|          3|    1|          3|
    |W_out_6_we0            |    8|          2|    1|          2|
    |W_out_7_address0       |    8|          3|    5|         15|
    |W_out_7_ce0            |    8|          3|    1|          3|
    |W_out_7_we0            |    8|          2|    1|          2|
    |W_out_8_address0       |    8|          3|    5|         15|
    |W_out_8_ce0            |    8|          3|    1|          3|
    |W_out_8_we0            |    8|          2|    1|          2|
    |W_out_9_address0       |    8|          3|    5|         15|
    |W_out_9_ce0            |    8|          3|    1|          3|
    |W_out_9_we0            |    8|          2|    1|          2|
    |W_out_address0         |    8|          3|    5|         15|
    |W_out_ce0              |    8|          3|    1|          3|
    |W_out_we0              |    8|          2|    1|          2|
    |W_time_100_address0    |    8|          3|    8|         24|
    |W_time_100_ce0         |    8|          3|    1|          3|
    |W_time_100_we0         |    8|          2|    1|          2|
    |W_time_101_address0    |    8|          3|    8|         24|
    |W_time_101_ce0         |    8|          3|    1|          3|
    |W_time_101_we0         |    8|          2|    1|          2|
    |W_time_102_address0    |    8|          3|    8|         24|
    |W_time_102_ce0         |    8|          3|    1|          3|
    |W_time_102_we0         |    8|          2|    1|          2|
    |W_time_103_address0    |    8|          3|    8|         24|
    |W_time_103_ce0         |    8|          3|    1|          3|
    |W_time_103_we0         |    8|          2|    1|          2|
    |W_time_104_address0    |    8|          3|    8|         24|
    |W_time_104_ce0         |    8|          3|    1|          3|
    |W_time_104_we0         |    8|          2|    1|          2|
    |W_time_105_address0    |    8|          3|    8|         24|
    |W_time_105_ce0         |    8|          3|    1|          3|
    |W_time_105_we0         |    8|          2|    1|          2|
    |W_time_106_address0    |    8|          3|    8|         24|
    |W_time_106_ce0         |    8|          3|    1|          3|
    |W_time_106_we0         |    8|          2|    1|          2|
    |W_time_107_address0    |    8|          3|    8|         24|
    |W_time_107_ce0         |    8|          3|    1|          3|
    |W_time_107_we0         |    8|          2|    1|          2|
    |W_time_108_address0    |    8|          3|    8|         24|
    |W_time_108_ce0         |    8|          3|    1|          3|
    |W_time_108_we0         |    8|          2|    1|          2|
    |W_time_109_address0    |    8|          3|    8|         24|
    |W_time_109_ce0         |    8|          3|    1|          3|
    |W_time_109_we0         |    8|          2|    1|          2|
    |W_time_10_address0     |    8|          3|    8|         24|
    |W_time_10_ce0          |    8|          3|    1|          3|
    |W_time_10_we0          |    8|          2|    1|          2|
    |W_time_110_address0    |    8|          3|    8|         24|
    |W_time_110_ce0         |    8|          3|    1|          3|
    |W_time_110_we0         |    8|          2|    1|          2|
    |W_time_111_address0    |    8|          3|    8|         24|
    |W_time_111_ce0         |    8|          3|    1|          3|
    |W_time_111_we0         |    8|          2|    1|          2|
    |W_time_112_address0    |    8|          3|    8|         24|
    |W_time_112_ce0         |    8|          3|    1|          3|
    |W_time_112_we0         |    8|          2|    1|          2|
    |W_time_113_address0    |    8|          3|    8|         24|
    |W_time_113_ce0         |    8|          3|    1|          3|
    |W_time_113_we0         |    8|          2|    1|          2|
    |W_time_114_address0    |    8|          3|    8|         24|
    |W_time_114_ce0         |    8|          3|    1|          3|
    |W_time_114_we0         |    8|          2|    1|          2|
    |W_time_115_address0    |    8|          3|    8|         24|
    |W_time_115_ce0         |    8|          3|    1|          3|
    |W_time_115_we0         |    8|          2|    1|          2|
    |W_time_116_address0    |    8|          3|    8|         24|
    |W_time_116_ce0         |    8|          3|    1|          3|
    |W_time_116_we0         |    8|          2|    1|          2|
    |W_time_117_address0    |    8|          3|    8|         24|
    |W_time_117_ce0         |    8|          3|    1|          3|
    |W_time_117_we0         |    8|          2|    1|          2|
    |W_time_118_address0    |    8|          3|    8|         24|
    |W_time_118_ce0         |    8|          3|    1|          3|
    |W_time_118_we0         |    8|          2|    1|          2|
    |W_time_119_address0    |    8|          3|    8|         24|
    |W_time_119_ce0         |    8|          3|    1|          3|
    |W_time_119_we0         |    8|          2|    1|          2|
    |W_time_11_address0     |    8|          3|    8|         24|
    |W_time_11_ce0          |    8|          3|    1|          3|
    |W_time_11_we0          |    8|          2|    1|          2|
    |W_time_120_address0    |    8|          3|    8|         24|
    |W_time_120_ce0         |    8|          3|    1|          3|
    |W_time_120_we0         |    8|          2|    1|          2|
    |W_time_121_address0    |    8|          3|    8|         24|
    |W_time_121_ce0         |    8|          3|    1|          3|
    |W_time_121_we0         |    8|          2|    1|          2|
    |W_time_122_address0    |    8|          3|    8|         24|
    |W_time_122_ce0         |    8|          3|    1|          3|
    |W_time_122_we0         |    8|          2|    1|          2|
    |W_time_123_address0    |    8|          3|    8|         24|
    |W_time_123_ce0         |    8|          3|    1|          3|
    |W_time_123_we0         |    8|          2|    1|          2|
    |W_time_124_address0    |    8|          3|    8|         24|
    |W_time_124_ce0         |    8|          3|    1|          3|
    |W_time_124_we0         |    8|          2|    1|          2|
    |W_time_125_address0    |    8|          3|    8|         24|
    |W_time_125_ce0         |    8|          3|    1|          3|
    |W_time_125_we0         |    8|          2|    1|          2|
    |W_time_126_address0    |    8|          3|    8|         24|
    |W_time_126_ce0         |    8|          3|    1|          3|
    |W_time_126_we0         |    8|          2|    1|          2|
    |W_time_127_address0    |    8|          3|    8|         24|
    |W_time_127_ce0         |    8|          3|    1|          3|
    |W_time_127_we0         |    8|          2|    1|          2|
    |W_time_12_address0     |    8|          3|    8|         24|
    |W_time_12_ce0          |    8|          3|    1|          3|
    |W_time_12_we0          |    8|          2|    1|          2|
    |W_time_13_address0     |    8|          3|    8|         24|
    |W_time_13_ce0          |    8|          3|    1|          3|
    |W_time_13_we0          |    8|          2|    1|          2|
    |W_time_14_address0     |    8|          3|    8|         24|
    |W_time_14_ce0          |    8|          3|    1|          3|
    |W_time_14_we0          |    8|          2|    1|          2|
    |W_time_15_address0     |    8|          3|    8|         24|
    |W_time_15_ce0          |    8|          3|    1|          3|
    |W_time_15_we0          |    8|          2|    1|          2|
    |W_time_16_address0     |    8|          3|    8|         24|
    |W_time_16_ce0          |    8|          3|    1|          3|
    |W_time_16_we0          |    8|          2|    1|          2|
    |W_time_17_address0     |    8|          3|    8|         24|
    |W_time_17_ce0          |    8|          3|    1|          3|
    |W_time_17_we0          |    8|          2|    1|          2|
    |W_time_18_address0     |    8|          3|    8|         24|
    |W_time_18_ce0          |    8|          3|    1|          3|
    |W_time_18_we0          |    8|          2|    1|          2|
    |W_time_19_address0     |    8|          3|    8|         24|
    |W_time_19_ce0          |    8|          3|    1|          3|
    |W_time_19_we0          |    8|          2|    1|          2|
    |W_time_1_address0      |    8|          3|    8|         24|
    |W_time_1_ce0           |    8|          3|    1|          3|
    |W_time_1_we0           |    8|          2|    1|          2|
    |W_time_20_address0     |    8|          3|    8|         24|
    |W_time_20_ce0          |    8|          3|    1|          3|
    |W_time_20_we0          |    8|          2|    1|          2|
    |W_time_21_address0     |    8|          3|    8|         24|
    |W_time_21_ce0          |    8|          3|    1|          3|
    |W_time_21_we0          |    8|          2|    1|          2|
    |W_time_22_address0     |    8|          3|    8|         24|
    |W_time_22_ce0          |    8|          3|    1|          3|
    |W_time_22_we0          |    8|          2|    1|          2|
    |W_time_23_address0     |    8|          3|    8|         24|
    |W_time_23_ce0          |    8|          3|    1|          3|
    |W_time_23_we0          |    8|          2|    1|          2|
    |W_time_24_address0     |    8|          3|    8|         24|
    |W_time_24_ce0          |    8|          3|    1|          3|
    |W_time_24_we0          |    8|          2|    1|          2|
    |W_time_25_address0     |    8|          3|    8|         24|
    |W_time_25_ce0          |    8|          3|    1|          3|
    |W_time_25_we0          |    8|          2|    1|          2|
    |W_time_26_address0     |    8|          3|    8|         24|
    |W_time_26_ce0          |    8|          3|    1|          3|
    |W_time_26_we0          |    8|          2|    1|          2|
    |W_time_27_address0     |    8|          3|    8|         24|
    |W_time_27_ce0          |    8|          3|    1|          3|
    |W_time_27_we0          |    8|          2|    1|          2|
    |W_time_28_address0     |    8|          3|    8|         24|
    |W_time_28_ce0          |    8|          3|    1|          3|
    |W_time_28_we0          |    8|          2|    1|          2|
    |W_time_29_address0     |    8|          3|    8|         24|
    |W_time_29_ce0          |    8|          3|    1|          3|
    |W_time_29_we0          |    8|          2|    1|          2|
    |W_time_2_address0      |    8|          3|    8|         24|
    |W_time_2_ce0           |    8|          3|    1|          3|
    |W_time_2_we0           |    8|          2|    1|          2|
    |W_time_30_address0     |    8|          3|    8|         24|
    |W_time_30_ce0          |    8|          3|    1|          3|
    |W_time_30_we0          |    8|          2|    1|          2|
    |W_time_31_address0     |    8|          3|    8|         24|
    |W_time_31_ce0          |    8|          3|    1|          3|
    |W_time_31_we0          |    8|          2|    1|          2|
    |W_time_32_address0     |    8|          3|    8|         24|
    |W_time_32_ce0          |    8|          3|    1|          3|
    |W_time_32_we0          |    8|          2|    1|          2|
    |W_time_33_address0     |    8|          3|    8|         24|
    |W_time_33_ce0          |    8|          3|    1|          3|
    |W_time_33_we0          |    8|          2|    1|          2|
    |W_time_34_address0     |    8|          3|    8|         24|
    |W_time_34_ce0          |    8|          3|    1|          3|
    |W_time_34_we0          |    8|          2|    1|          2|
    |W_time_35_address0     |    8|          3|    8|         24|
    |W_time_35_ce0          |    8|          3|    1|          3|
    |W_time_35_we0          |    8|          2|    1|          2|
    |W_time_36_address0     |    8|          3|    8|         24|
    |W_time_36_ce0          |    8|          3|    1|          3|
    |W_time_36_we0          |    8|          2|    1|          2|
    |W_time_37_address0     |    8|          3|    8|         24|
    |W_time_37_ce0          |    8|          3|    1|          3|
    |W_time_37_we0          |    8|          2|    1|          2|
    |W_time_38_address0     |    8|          3|    8|         24|
    |W_time_38_ce0          |    8|          3|    1|          3|
    |W_time_38_we0          |    8|          2|    1|          2|
    |W_time_39_address0     |    8|          3|    8|         24|
    |W_time_39_ce0          |    8|          3|    1|          3|
    |W_time_39_we0          |    8|          2|    1|          2|
    |W_time_3_address0      |    8|          3|    8|         24|
    |W_time_3_ce0           |    8|          3|    1|          3|
    |W_time_3_we0           |    8|          2|    1|          2|
    |W_time_40_address0     |    8|          3|    8|         24|
    |W_time_40_ce0          |    8|          3|    1|          3|
    |W_time_40_we0          |    8|          2|    1|          2|
    |W_time_41_address0     |    8|          3|    8|         24|
    |W_time_41_ce0          |    8|          3|    1|          3|
    |W_time_41_we0          |    8|          2|    1|          2|
    |W_time_42_address0     |    8|          3|    8|         24|
    |W_time_42_ce0          |    8|          3|    1|          3|
    |W_time_42_we0          |    8|          2|    1|          2|
    |W_time_43_address0     |    8|          3|    8|         24|
    |W_time_43_ce0          |    8|          3|    1|          3|
    |W_time_43_we0          |    8|          2|    1|          2|
    |W_time_44_address0     |    8|          3|    8|         24|
    |W_time_44_ce0          |    8|          3|    1|          3|
    |W_time_44_we0          |    8|          2|    1|          2|
    |W_time_45_address0     |    8|          3|    8|         24|
    |W_time_45_ce0          |    8|          3|    1|          3|
    |W_time_45_we0          |    8|          2|    1|          2|
    |W_time_46_address0     |    8|          3|    8|         24|
    |W_time_46_ce0          |    8|          3|    1|          3|
    |W_time_46_we0          |    8|          2|    1|          2|
    |W_time_47_address0     |    8|          3|    8|         24|
    |W_time_47_ce0          |    8|          3|    1|          3|
    |W_time_47_we0          |    8|          2|    1|          2|
    |W_time_48_address0     |    8|          3|    8|         24|
    |W_time_48_ce0          |    8|          3|    1|          3|
    |W_time_48_we0          |    8|          2|    1|          2|
    |W_time_49_address0     |    8|          3|    8|         24|
    |W_time_49_ce0          |    8|          3|    1|          3|
    |W_time_49_we0          |    8|          2|    1|          2|
    |W_time_4_address0      |    8|          3|    8|         24|
    |W_time_4_ce0           |    8|          3|    1|          3|
    |W_time_4_we0           |    8|          2|    1|          2|
    |W_time_50_address0     |    8|          3|    8|         24|
    |W_time_50_ce0          |    8|          3|    1|          3|
    |W_time_50_we0          |    8|          2|    1|          2|
    |W_time_51_address0     |    8|          3|    8|         24|
    |W_time_51_ce0          |    8|          3|    1|          3|
    |W_time_51_we0          |    8|          2|    1|          2|
    |W_time_52_address0     |    8|          3|    8|         24|
    |W_time_52_ce0          |    8|          3|    1|          3|
    |W_time_52_we0          |    8|          2|    1|          2|
    |W_time_53_address0     |    8|          3|    8|         24|
    |W_time_53_ce0          |    8|          3|    1|          3|
    |W_time_53_we0          |    8|          2|    1|          2|
    |W_time_54_address0     |    8|          3|    8|         24|
    |W_time_54_ce0          |    8|          3|    1|          3|
    |W_time_54_we0          |    8|          2|    1|          2|
    |W_time_55_address0     |    8|          3|    8|         24|
    |W_time_55_ce0          |    8|          3|    1|          3|
    |W_time_55_we0          |    8|          2|    1|          2|
    |W_time_56_address0     |    8|          3|    8|         24|
    |W_time_56_ce0          |    8|          3|    1|          3|
    |W_time_56_we0          |    8|          2|    1|          2|
    |W_time_57_address0     |    8|          3|    8|         24|
    |W_time_57_ce0          |    8|          3|    1|          3|
    |W_time_57_we0          |    8|          2|    1|          2|
    |W_time_58_address0     |    8|          3|    8|         24|
    |W_time_58_ce0          |    8|          3|    1|          3|
    |W_time_58_we0          |    8|          2|    1|          2|
    |W_time_59_address0     |    8|          3|    8|         24|
    |W_time_59_ce0          |    8|          3|    1|          3|
    |W_time_59_we0          |    8|          2|    1|          2|
    |W_time_5_address0      |    8|          3|    8|         24|
    |W_time_5_ce0           |    8|          3|    1|          3|
    |W_time_5_we0           |    8|          2|    1|          2|
    |W_time_60_address0     |    8|          3|    8|         24|
    |W_time_60_ce0          |    8|          3|    1|          3|
    |W_time_60_we0          |    8|          2|    1|          2|
    |W_time_61_address0     |    8|          3|    8|         24|
    |W_time_61_ce0          |    8|          3|    1|          3|
    |W_time_61_we0          |    8|          2|    1|          2|
    |W_time_62_address0     |    8|          3|    8|         24|
    |W_time_62_ce0          |    8|          3|    1|          3|
    |W_time_62_we0          |    8|          2|    1|          2|
    |W_time_63_address0     |    8|          3|    8|         24|
    |W_time_63_ce0          |    8|          3|    1|          3|
    |W_time_63_we0          |    8|          2|    1|          2|
    |W_time_64_address0     |    8|          3|    8|         24|
    |W_time_64_ce0          |    8|          3|    1|          3|
    |W_time_64_we0          |    8|          2|    1|          2|
    |W_time_65_address0     |    8|          3|    8|         24|
    |W_time_65_ce0          |    8|          3|    1|          3|
    |W_time_65_we0          |    8|          2|    1|          2|
    |W_time_66_address0     |    8|          3|    8|         24|
    |W_time_66_ce0          |    8|          3|    1|          3|
    |W_time_66_we0          |    8|          2|    1|          2|
    |W_time_67_address0     |    8|          3|    8|         24|
    |W_time_67_ce0          |    8|          3|    1|          3|
    |W_time_67_we0          |    8|          2|    1|          2|
    |W_time_68_address0     |    8|          3|    8|         24|
    |W_time_68_ce0          |    8|          3|    1|          3|
    |W_time_68_we0          |    8|          2|    1|          2|
    |W_time_69_address0     |    8|          3|    8|         24|
    |W_time_69_ce0          |    8|          3|    1|          3|
    |W_time_69_we0          |    8|          2|    1|          2|
    |W_time_6_address0      |    8|          3|    8|         24|
    |W_time_6_ce0           |    8|          3|    1|          3|
    |W_time_6_we0           |    8|          2|    1|          2|
    |W_time_70_address0     |    8|          3|    8|         24|
    |W_time_70_ce0          |    8|          3|    1|          3|
    |W_time_70_we0          |    8|          2|    1|          2|
    |W_time_71_address0     |    8|          3|    8|         24|
    |W_time_71_ce0          |    8|          3|    1|          3|
    |W_time_71_we0          |    8|          2|    1|          2|
    |W_time_72_address0     |    8|          3|    8|         24|
    |W_time_72_ce0          |    8|          3|    1|          3|
    |W_time_72_we0          |    8|          2|    1|          2|
    |W_time_73_address0     |    8|          3|    8|         24|
    |W_time_73_ce0          |    8|          3|    1|          3|
    |W_time_73_we0          |    8|          2|    1|          2|
    |W_time_74_address0     |    8|          3|    8|         24|
    |W_time_74_ce0          |    8|          3|    1|          3|
    |W_time_74_we0          |    8|          2|    1|          2|
    |W_time_75_address0     |    8|          3|    8|         24|
    |W_time_75_ce0          |    8|          3|    1|          3|
    |W_time_75_we0          |    8|          2|    1|          2|
    |W_time_76_address0     |    8|          3|    8|         24|
    |W_time_76_ce0          |    8|          3|    1|          3|
    |W_time_76_we0          |    8|          2|    1|          2|
    |W_time_77_address0     |    8|          3|    8|         24|
    |W_time_77_ce0          |    8|          3|    1|          3|
    |W_time_77_we0          |    8|          2|    1|          2|
    |W_time_78_address0     |    8|          3|    8|         24|
    |W_time_78_ce0          |    8|          3|    1|          3|
    |W_time_78_we0          |    8|          2|    1|          2|
    |W_time_79_address0     |    8|          3|    8|         24|
    |W_time_79_ce0          |    8|          3|    1|          3|
    |W_time_79_we0          |    8|          2|    1|          2|
    |W_time_7_address0      |    8|          3|    8|         24|
    |W_time_7_ce0           |    8|          3|    1|          3|
    |W_time_7_we0           |    8|          2|    1|          2|
    |W_time_80_address0     |    8|          3|    8|         24|
    |W_time_80_ce0          |    8|          3|    1|          3|
    |W_time_80_we0          |    8|          2|    1|          2|
    |W_time_81_address0     |    8|          3|    8|         24|
    |W_time_81_ce0          |    8|          3|    1|          3|
    |W_time_81_we0          |    8|          2|    1|          2|
    |W_time_82_address0     |    8|          3|    8|         24|
    |W_time_82_ce0          |    8|          3|    1|          3|
    |W_time_82_we0          |    8|          2|    1|          2|
    |W_time_83_address0     |    8|          3|    8|         24|
    |W_time_83_ce0          |    8|          3|    1|          3|
    |W_time_83_we0          |    8|          2|    1|          2|
    |W_time_84_address0     |    8|          3|    8|         24|
    |W_time_84_ce0          |    8|          3|    1|          3|
    |W_time_84_we0          |    8|          2|    1|          2|
    |W_time_85_address0     |    8|          3|    8|         24|
    |W_time_85_ce0          |    8|          3|    1|          3|
    |W_time_85_we0          |    8|          2|    1|          2|
    |W_time_86_address0     |    8|          3|    8|         24|
    |W_time_86_ce0          |    8|          3|    1|          3|
    |W_time_86_we0          |    8|          2|    1|          2|
    |W_time_87_address0     |    8|          3|    8|         24|
    |W_time_87_ce0          |    8|          3|    1|          3|
    |W_time_87_we0          |    8|          2|    1|          2|
    |W_time_88_address0     |    8|          3|    8|         24|
    |W_time_88_ce0          |    8|          3|    1|          3|
    |W_time_88_we0          |    8|          2|    1|          2|
    |W_time_89_address0     |    8|          3|    8|         24|
    |W_time_89_ce0          |    8|          3|    1|          3|
    |W_time_89_we0          |    8|          2|    1|          2|
    |W_time_8_address0      |    8|          3|    8|         24|
    |W_time_8_ce0           |    8|          3|    1|          3|
    |W_time_8_we0           |    8|          2|    1|          2|
    |W_time_90_address0     |    8|          3|    8|         24|
    |W_time_90_ce0          |    8|          3|    1|          3|
    |W_time_90_we0          |    8|          2|    1|          2|
    |W_time_91_address0     |    8|          3|    8|         24|
    |W_time_91_ce0          |    8|          3|    1|          3|
    |W_time_91_we0          |    8|          2|    1|          2|
    |W_time_92_address0     |    8|          3|    8|         24|
    |W_time_92_ce0          |    8|          3|    1|          3|
    |W_time_92_we0          |    8|          2|    1|          2|
    |W_time_93_address0     |    8|          3|    8|         24|
    |W_time_93_ce0          |    8|          3|    1|          3|
    |W_time_93_we0          |    8|          2|    1|          2|
    |W_time_94_address0     |    8|          3|    8|         24|
    |W_time_94_ce0          |    8|          3|    1|          3|
    |W_time_94_we0          |    8|          2|    1|          2|
    |W_time_95_address0     |    8|          3|    8|         24|
    |W_time_95_ce0          |    8|          3|    1|          3|
    |W_time_95_we0          |    8|          2|    1|          2|
    |W_time_96_address0     |    8|          3|    8|         24|
    |W_time_96_ce0          |    8|          3|    1|          3|
    |W_time_96_we0          |    8|          2|    1|          2|
    |W_time_97_address0     |    8|          3|    8|         24|
    |W_time_97_ce0          |    8|          3|    1|          3|
    |W_time_97_we0          |    8|          2|    1|          2|
    |W_time_98_address0     |    8|          3|    8|         24|
    |W_time_98_ce0          |    8|          3|    1|          3|
    |W_time_98_we0          |    8|          2|    1|          2|
    |W_time_99_address0     |    8|          3|    8|         24|
    |W_time_99_ce0          |    8|          3|    1|          3|
    |W_time_99_we0          |    8|          2|    1|          2|
    |W_time_9_address0      |    8|          3|    8|         24|
    |W_time_9_ce0           |    8|          3|    1|          3|
    |W_time_9_we0           |    8|          2|    1|          2|
    |W_time_address0        |    8|          3|    8|         24|
    |W_time_ce0             |    8|          3|    1|          3|
    |W_time_we0             |    8|          2|    1|          2|
    |act_q_10_address0      |    8|          3|    2|          6|
    |act_q_10_ce0           |    8|          3|    1|          3|
    |act_q_10_we0           |    8|          2|    1|          2|
    |act_q_11_address0      |    8|          3|    2|          6|
    |act_q_11_ce0           |    8|          3|    1|          3|
    |act_q_11_we0           |    8|          2|    1|          2|
    |act_q_12_address0      |    8|          3|    2|          6|
    |act_q_12_ce0           |    8|          3|    1|          3|
    |act_q_12_we0           |    8|          2|    1|          2|
    |act_q_13_address0      |    8|          3|    2|          6|
    |act_q_13_ce0           |    8|          3|    1|          3|
    |act_q_13_we0           |    8|          2|    1|          2|
    |act_q_14_address0      |    8|          3|    2|          6|
    |act_q_14_ce0           |    8|          3|    1|          3|
    |act_q_14_we0           |    8|          2|    1|          2|
    |act_q_15_address0      |    8|          3|    2|          6|
    |act_q_15_ce0           |    8|          3|    1|          3|
    |act_q_15_we0           |    8|          2|    1|          2|
    |act_q_16_address0      |    8|          3|    2|          6|
    |act_q_16_ce0           |    8|          3|    1|          3|
    |act_q_16_we0           |    8|          2|    1|          2|
    |act_q_17_address0      |    8|          3|    2|          6|
    |act_q_17_ce0           |    8|          3|    1|          3|
    |act_q_17_we0           |    8|          2|    1|          2|
    |act_q_18_address0      |    8|          3|    2|          6|
    |act_q_18_ce0           |    8|          3|    1|          3|
    |act_q_18_we0           |    8|          2|    1|          2|
    |act_q_19_address0      |    8|          3|    2|          6|
    |act_q_19_ce0           |    8|          3|    1|          3|
    |act_q_19_we0           |    8|          2|    1|          2|
    |act_q_1_address0       |    8|          3|    2|          6|
    |act_q_1_ce0            |    8|          3|    1|          3|
    |act_q_1_we0            |    8|          2|    1|          2|
    |act_q_20_address0      |    8|          3|    2|          6|
    |act_q_20_ce0           |    8|          3|    1|          3|
    |act_q_20_we0           |    8|          2|    1|          2|
    |act_q_21_address0      |    8|          3|    2|          6|
    |act_q_21_ce0           |    8|          3|    1|          3|
    |act_q_21_we0           |    8|          2|    1|          2|
    |act_q_22_address0      |    8|          3|    2|          6|
    |act_q_22_ce0           |    8|          3|    1|          3|
    |act_q_22_we0           |    8|          2|    1|          2|
    |act_q_23_address0      |    8|          3|    2|          6|
    |act_q_23_ce0           |    8|          3|    1|          3|
    |act_q_23_we0           |    8|          2|    1|          2|
    |act_q_24_address0      |    8|          3|    2|          6|
    |act_q_24_ce0           |    8|          3|    1|          3|
    |act_q_24_we0           |    8|          2|    1|          2|
    |act_q_25_address0      |    8|          3|    2|          6|
    |act_q_25_ce0           |    8|          3|    1|          3|
    |act_q_25_we0           |    8|          2|    1|          2|
    |act_q_26_address0      |    8|          3|    2|          6|
    |act_q_26_ce0           |    8|          3|    1|          3|
    |act_q_26_we0           |    8|          2|    1|          2|
    |act_q_27_address0      |    8|          3|    2|          6|
    |act_q_27_ce0           |    8|          3|    1|          3|
    |act_q_27_we0           |    8|          2|    1|          2|
    |act_q_28_address0      |    8|          3|    2|          6|
    |act_q_28_ce0           |    8|          3|    1|          3|
    |act_q_28_we0           |    8|          2|    1|          2|
    |act_q_29_address0      |    8|          3|    2|          6|
    |act_q_29_ce0           |    8|          3|    1|          3|
    |act_q_29_we0           |    8|          2|    1|          2|
    |act_q_2_address0       |    8|          3|    2|          6|
    |act_q_2_ce0            |    8|          3|    1|          3|
    |act_q_2_we0            |    8|          2|    1|          2|
    |act_q_30_address0      |    8|          3|    2|          6|
    |act_q_30_ce0           |    8|          3|    1|          3|
    |act_q_30_we0           |    8|          2|    1|          2|
    |act_q_31_address0      |    8|          3|    2|          6|
    |act_q_31_ce0           |    8|          3|    1|          3|
    |act_q_31_we0           |    8|          2|    1|          2|
    |act_q_32_address0      |    8|          3|    2|          6|
    |act_q_32_ce0           |    8|          3|    1|          3|
    |act_q_32_we0           |    8|          2|    1|          2|
    |act_q_33_address0      |    8|          3|    2|          6|
    |act_q_33_ce0           |    8|          3|    1|          3|
    |act_q_33_we0           |    8|          2|    1|          2|
    |act_q_34_address0      |    8|          3|    2|          6|
    |act_q_34_ce0           |    8|          3|    1|          3|
    |act_q_34_we0           |    8|          2|    1|          2|
    |act_q_35_address0      |    8|          3|    2|          6|
    |act_q_35_ce0           |    8|          3|    1|          3|
    |act_q_35_we0           |    8|          2|    1|          2|
    |act_q_36_address0      |    8|          3|    2|          6|
    |act_q_36_ce0           |    8|          3|    1|          3|
    |act_q_36_we0           |    8|          2|    1|          2|
    |act_q_37_address0      |    8|          3|    2|          6|
    |act_q_37_ce0           |    8|          3|    1|          3|
    |act_q_37_we0           |    8|          2|    1|          2|
    |act_q_38_address0      |    8|          3|    2|          6|
    |act_q_38_ce0           |    8|          3|    1|          3|
    |act_q_38_we0           |    8|          2|    1|          2|
    |act_q_39_address0      |    8|          3|    2|          6|
    |act_q_39_ce0           |    8|          3|    1|          3|
    |act_q_39_we0           |    8|          2|    1|          2|
    |act_q_3_address0       |    8|          3|    2|          6|
    |act_q_3_ce0            |    8|          3|    1|          3|
    |act_q_3_we0            |    8|          2|    1|          2|
    |act_q_40_address0      |    8|          3|    2|          6|
    |act_q_40_ce0           |    8|          3|    1|          3|
    |act_q_40_we0           |    8|          2|    1|          2|
    |act_q_41_address0      |    8|          3|    2|          6|
    |act_q_41_ce0           |    8|          3|    1|          3|
    |act_q_41_we0           |    8|          2|    1|          2|
    |act_q_42_address0      |    8|          3|    2|          6|
    |act_q_42_ce0           |    8|          3|    1|          3|
    |act_q_42_we0           |    8|          2|    1|          2|
    |act_q_43_address0      |    8|          3|    2|          6|
    |act_q_43_ce0           |    8|          3|    1|          3|
    |act_q_43_we0           |    8|          2|    1|          2|
    |act_q_44_address0      |    8|          3|    2|          6|
    |act_q_44_ce0           |    8|          3|    1|          3|
    |act_q_44_we0           |    8|          2|    1|          2|
    |act_q_45_address0      |    8|          3|    2|          6|
    |act_q_45_ce0           |    8|          3|    1|          3|
    |act_q_45_we0           |    8|          2|    1|          2|
    |act_q_46_address0      |    8|          3|    2|          6|
    |act_q_46_ce0           |    8|          3|    1|          3|
    |act_q_46_we0           |    8|          2|    1|          2|
    |act_q_47_address0      |    8|          3|    2|          6|
    |act_q_47_ce0           |    8|          3|    1|          3|
    |act_q_47_we0           |    8|          2|    1|          2|
    |act_q_48_address0      |    8|          3|    2|          6|
    |act_q_48_ce0           |    8|          3|    1|          3|
    |act_q_48_we0           |    8|          2|    1|          2|
    |act_q_49_address0      |    8|          3|    2|          6|
    |act_q_49_ce0           |    8|          3|    1|          3|
    |act_q_49_we0           |    8|          2|    1|          2|
    |act_q_4_address0       |    8|          3|    2|          6|
    |act_q_4_ce0            |    8|          3|    1|          3|
    |act_q_4_we0            |    8|          2|    1|          2|
    |act_q_50_address0      |    8|          3|    2|          6|
    |act_q_50_ce0           |    8|          3|    1|          3|
    |act_q_50_we0           |    8|          2|    1|          2|
    |act_q_51_address0      |    8|          3|    2|          6|
    |act_q_51_ce0           |    8|          3|    1|          3|
    |act_q_51_we0           |    8|          2|    1|          2|
    |act_q_52_address0      |    8|          3|    2|          6|
    |act_q_52_ce0           |    8|          3|    1|          3|
    |act_q_52_we0           |    8|          2|    1|          2|
    |act_q_53_address0      |    8|          3|    2|          6|
    |act_q_53_ce0           |    8|          3|    1|          3|
    |act_q_53_we0           |    8|          2|    1|          2|
    |act_q_54_address0      |    8|          3|    2|          6|
    |act_q_54_ce0           |    8|          3|    1|          3|
    |act_q_54_we0           |    8|          2|    1|          2|
    |act_q_55_address0      |    8|          3|    2|          6|
    |act_q_55_ce0           |    8|          3|    1|          3|
    |act_q_55_we0           |    8|          2|    1|          2|
    |act_q_56_address0      |    8|          3|    2|          6|
    |act_q_56_ce0           |    8|          3|    1|          3|
    |act_q_56_we0           |    8|          2|    1|          2|
    |act_q_57_address0      |    8|          3|    2|          6|
    |act_q_57_ce0           |    8|          3|    1|          3|
    |act_q_57_we0           |    8|          2|    1|          2|
    |act_q_58_address0      |    8|          3|    2|          6|
    |act_q_58_ce0           |    8|          3|    1|          3|
    |act_q_58_we0           |    8|          2|    1|          2|
    |act_q_59_address0      |    8|          3|    2|          6|
    |act_q_59_ce0           |    8|          3|    1|          3|
    |act_q_59_we0           |    8|          2|    1|          2|
    |act_q_5_address0       |    8|          3|    2|          6|
    |act_q_5_ce0            |    8|          3|    1|          3|
    |act_q_5_we0            |    8|          2|    1|          2|
    |act_q_60_address0      |    8|          3|    2|          6|
    |act_q_60_ce0           |    8|          3|    1|          3|
    |act_q_60_we0           |    8|          2|    1|          2|
    |act_q_61_address0      |    8|          3|    2|          6|
    |act_q_61_ce0           |    8|          3|    1|          3|
    |act_q_61_we0           |    8|          2|    1|          2|
    |act_q_62_address0      |    8|          3|    2|          6|
    |act_q_62_ce0           |    8|          3|    1|          3|
    |act_q_62_we0           |    8|          2|    1|          2|
    |act_q_63_address0      |    8|          3|    2|          6|
    |act_q_63_ce0           |    8|          3|    1|          3|
    |act_q_63_we0           |    8|          2|    1|          2|
    |act_q_6_address0       |    8|          3|    2|          6|
    |act_q_6_ce0            |    8|          3|    1|          3|
    |act_q_6_we0            |    8|          2|    1|          2|
    |act_q_7_address0       |    8|          3|    2|          6|
    |act_q_7_ce0            |    8|          3|    1|          3|
    |act_q_7_we0            |    8|          2|    1|          2|
    |act_q_8_address0       |    8|          3|    2|          6|
    |act_q_8_ce0            |    8|          3|    1|          3|
    |act_q_8_we0            |    8|          2|    1|          2|
    |act_q_9_address0       |    8|          3|    2|          6|
    |act_q_9_ce0            |    8|          3|    1|          3|
    |act_q_9_we0            |    8|          2|    1|          2|
    |act_q_address0         |    8|          3|    2|          6|
    |act_q_ce0              |    8|          3|    1|          3|
    |act_q_we0              |    8|          2|    1|          2|
    |ap_NS_fsm              |  344|         68|    1|         68|
    |attn_o_10_address0     |    8|          3|    2|          6|
    |attn_o_10_ce0          |    8|          3|    1|          3|
    |attn_o_10_we0          |    8|          2|    1|          2|
    |attn_o_11_address0     |    8|          3|    2|          6|
    |attn_o_11_ce0          |    8|          3|    1|          3|
    |attn_o_11_we0          |    8|          2|    1|          2|
    |attn_o_12_address0     |    8|          3|    2|          6|
    |attn_o_12_ce0          |    8|          3|    1|          3|
    |attn_o_12_we0          |    8|          2|    1|          2|
    |attn_o_13_address0     |    8|          3|    2|          6|
    |attn_o_13_ce0          |    8|          3|    1|          3|
    |attn_o_13_we0          |    8|          2|    1|          2|
    |attn_o_14_address0     |    8|          3|    2|          6|
    |attn_o_14_ce0          |    8|          3|    1|          3|
    |attn_o_14_we0          |    8|          2|    1|          2|
    |attn_o_15_address0     |    8|          3|    2|          6|
    |attn_o_15_ce0          |    8|          3|    1|          3|
    |attn_o_15_we0          |    8|          2|    1|          2|
    |attn_o_16_address0     |    8|          3|    2|          6|
    |attn_o_16_ce0          |    8|          3|    1|          3|
    |attn_o_16_we0          |    8|          2|    1|          2|
    |attn_o_17_address0     |    8|          3|    2|          6|
    |attn_o_17_ce0          |    8|          3|    1|          3|
    |attn_o_17_we0          |    8|          2|    1|          2|
    |attn_o_18_address0     |    8|          3|    2|          6|
    |attn_o_18_ce0          |    8|          3|    1|          3|
    |attn_o_18_we0          |    8|          2|    1|          2|
    |attn_o_19_address0     |    8|          3|    2|          6|
    |attn_o_19_ce0          |    8|          3|    1|          3|
    |attn_o_19_we0          |    8|          2|    1|          2|
    |attn_o_1_address0      |    8|          3|    2|          6|
    |attn_o_1_ce0           |    8|          3|    1|          3|
    |attn_o_1_we0           |    8|          2|    1|          2|
    |attn_o_20_address0     |    8|          3|    2|          6|
    |attn_o_20_ce0          |    8|          3|    1|          3|
    |attn_o_20_we0          |    8|          2|    1|          2|
    |attn_o_21_address0     |    8|          3|    2|          6|
    |attn_o_21_ce0          |    8|          3|    1|          3|
    |attn_o_21_we0          |    8|          2|    1|          2|
    |attn_o_22_address0     |    8|          3|    2|          6|
    |attn_o_22_ce0          |    8|          3|    1|          3|
    |attn_o_22_we0          |    8|          2|    1|          2|
    |attn_o_23_address0     |    8|          3|    2|          6|
    |attn_o_23_ce0          |    8|          3|    1|          3|
    |attn_o_23_we0          |    8|          2|    1|          2|
    |attn_o_24_address0     |    8|          3|    2|          6|
    |attn_o_24_ce0          |    8|          3|    1|          3|
    |attn_o_24_we0          |    8|          2|    1|          2|
    |attn_o_25_address0     |    8|          3|    2|          6|
    |attn_o_25_ce0          |    8|          3|    1|          3|
    |attn_o_25_we0          |    8|          2|    1|          2|
    |attn_o_26_address0     |    8|          3|    2|          6|
    |attn_o_26_ce0          |    8|          3|    1|          3|
    |attn_o_26_we0          |    8|          2|    1|          2|
    |attn_o_27_address0     |    8|          3|    2|          6|
    |attn_o_27_ce0          |    8|          3|    1|          3|
    |attn_o_27_we0          |    8|          2|    1|          2|
    |attn_o_28_address0     |    8|          3|    2|          6|
    |attn_o_28_ce0          |    8|          3|    1|          3|
    |attn_o_28_we0          |    8|          2|    1|          2|
    |attn_o_29_address0     |    8|          3|    2|          6|
    |attn_o_29_ce0          |    8|          3|    1|          3|
    |attn_o_29_we0          |    8|          2|    1|          2|
    |attn_o_2_address0      |    8|          3|    2|          6|
    |attn_o_2_ce0           |    8|          3|    1|          3|
    |attn_o_2_we0           |    8|          2|    1|          2|
    |attn_o_30_address0     |    8|          3|    2|          6|
    |attn_o_30_ce0          |    8|          3|    1|          3|
    |attn_o_30_we0          |    8|          2|    1|          2|
    |attn_o_31_address0     |    8|          3|    2|          6|
    |attn_o_31_ce0          |    8|          3|    1|          3|
    |attn_o_31_we0          |    8|          2|    1|          2|
    |attn_o_32_address0     |    8|          3|    2|          6|
    |attn_o_32_ce0          |    8|          3|    1|          3|
    |attn_o_32_we0          |    8|          2|    1|          2|
    |attn_o_33_address0     |    8|          3|    2|          6|
    |attn_o_33_ce0          |    8|          3|    1|          3|
    |attn_o_33_we0          |    8|          2|    1|          2|
    |attn_o_34_address0     |    8|          3|    2|          6|
    |attn_o_34_ce0          |    8|          3|    1|          3|
    |attn_o_34_we0          |    8|          2|    1|          2|
    |attn_o_35_address0     |    8|          3|    2|          6|
    |attn_o_35_ce0          |    8|          3|    1|          3|
    |attn_o_35_we0          |    8|          2|    1|          2|
    |attn_o_36_address0     |    8|          3|    2|          6|
    |attn_o_36_ce0          |    8|          3|    1|          3|
    |attn_o_36_we0          |    8|          2|    1|          2|
    |attn_o_37_address0     |    8|          3|    2|          6|
    |attn_o_37_ce0          |    8|          3|    1|          3|
    |attn_o_37_we0          |    8|          2|    1|          2|
    |attn_o_38_address0     |    8|          3|    2|          6|
    |attn_o_38_ce0          |    8|          3|    1|          3|
    |attn_o_38_we0          |    8|          2|    1|          2|
    |attn_o_39_address0     |    8|          3|    2|          6|
    |attn_o_39_ce0          |    8|          3|    1|          3|
    |attn_o_39_we0          |    8|          2|    1|          2|
    |attn_o_3_address0      |    8|          3|    2|          6|
    |attn_o_3_ce0           |    8|          3|    1|          3|
    |attn_o_3_we0           |    8|          2|    1|          2|
    |attn_o_40_address0     |    8|          3|    2|          6|
    |attn_o_40_ce0          |    8|          3|    1|          3|
    |attn_o_40_we0          |    8|          2|    1|          2|
    |attn_o_41_address0     |    8|          3|    2|          6|
    |attn_o_41_ce0          |    8|          3|    1|          3|
    |attn_o_41_we0          |    8|          2|    1|          2|
    |attn_o_42_address0     |    8|          3|    2|          6|
    |attn_o_42_ce0          |    8|          3|    1|          3|
    |attn_o_42_we0          |    8|          2|    1|          2|
    |attn_o_43_address0     |    8|          3|    2|          6|
    |attn_o_43_ce0          |    8|          3|    1|          3|
    |attn_o_43_we0          |    8|          2|    1|          2|
    |attn_o_44_address0     |    8|          3|    2|          6|
    |attn_o_44_ce0          |    8|          3|    1|          3|
    |attn_o_44_we0          |    8|          2|    1|          2|
    |attn_o_45_address0     |    8|          3|    2|          6|
    |attn_o_45_ce0          |    8|          3|    1|          3|
    |attn_o_45_we0          |    8|          2|    1|          2|
    |attn_o_46_address0     |    8|          3|    2|          6|
    |attn_o_46_ce0          |    8|          3|    1|          3|
    |attn_o_46_we0          |    8|          2|    1|          2|
    |attn_o_47_address0     |    8|          3|    2|          6|
    |attn_o_47_ce0          |    8|          3|    1|          3|
    |attn_o_47_we0          |    8|          2|    1|          2|
    |attn_o_48_address0     |    8|          3|    2|          6|
    |attn_o_48_ce0          |    8|          3|    1|          3|
    |attn_o_48_we0          |    8|          2|    1|          2|
    |attn_o_49_address0     |    8|          3|    2|          6|
    |attn_o_49_ce0          |    8|          3|    1|          3|
    |attn_o_49_we0          |    8|          2|    1|          2|
    |attn_o_4_address0      |    8|          3|    2|          6|
    |attn_o_4_ce0           |    8|          3|    1|          3|
    |attn_o_4_we0           |    8|          2|    1|          2|
    |attn_o_50_address0     |    8|          3|    2|          6|
    |attn_o_50_ce0          |    8|          3|    1|          3|
    |attn_o_50_we0          |    8|          2|    1|          2|
    |attn_o_51_address0     |    8|          3|    2|          6|
    |attn_o_51_ce0          |    8|          3|    1|          3|
    |attn_o_51_we0          |    8|          2|    1|          2|
    |attn_o_52_address0     |    8|          3|    2|          6|
    |attn_o_52_ce0          |    8|          3|    1|          3|
    |attn_o_52_we0          |    8|          2|    1|          2|
    |attn_o_53_address0     |    8|          3|    2|          6|
    |attn_o_53_ce0          |    8|          3|    1|          3|
    |attn_o_53_we0          |    8|          2|    1|          2|
    |attn_o_54_address0     |    8|          3|    2|          6|
    |attn_o_54_ce0          |    8|          3|    1|          3|
    |attn_o_54_we0          |    8|          2|    1|          2|
    |attn_o_55_address0     |    8|          3|    2|          6|
    |attn_o_55_ce0          |    8|          3|    1|          3|
    |attn_o_55_we0          |    8|          2|    1|          2|
    |attn_o_56_address0     |    8|          3|    2|          6|
    |attn_o_56_ce0          |    8|          3|    1|          3|
    |attn_o_56_we0          |    8|          2|    1|          2|
    |attn_o_57_address0     |    8|          3|    2|          6|
    |attn_o_57_ce0          |    8|          3|    1|          3|
    |attn_o_57_we0          |    8|          2|    1|          2|
    |attn_o_58_address0     |    8|          3|    2|          6|
    |attn_o_58_ce0          |    8|          3|    1|          3|
    |attn_o_58_we0          |    8|          2|    1|          2|
    |attn_o_59_address0     |    8|          3|    2|          6|
    |attn_o_59_ce0          |    8|          3|    1|          3|
    |attn_o_59_we0          |    8|          2|    1|          2|
    |attn_o_5_address0      |    8|          3|    2|          6|
    |attn_o_5_ce0           |    8|          3|    1|          3|
    |attn_o_5_we0           |    8|          2|    1|          2|
    |attn_o_60_address0     |    8|          3|    2|          6|
    |attn_o_60_ce0          |    8|          3|    1|          3|
    |attn_o_60_we0          |    8|          2|    1|          2|
    |attn_o_61_address0     |    8|          3|    2|          6|
    |attn_o_61_ce0          |    8|          3|    1|          3|
    |attn_o_61_we0          |    8|          2|    1|          2|
    |attn_o_62_address0     |    8|          3|    2|          6|
    |attn_o_62_ce0          |    8|          3|    1|          3|
    |attn_o_62_we0          |    8|          2|    1|          2|
    |attn_o_63_address0     |    8|          3|    2|          6|
    |attn_o_63_ce0          |    8|          3|    1|          3|
    |attn_o_63_we0          |    8|          2|    1|          2|
    |attn_o_6_address0      |    8|          3|    2|          6|
    |attn_o_6_ce0           |    8|          3|    1|          3|
    |attn_o_6_we0           |    8|          2|    1|          2|
    |attn_o_7_address0      |    8|          3|    2|          6|
    |attn_o_7_ce0           |    8|          3|    1|          3|
    |attn_o_7_we0           |    8|          2|    1|          2|
    |attn_o_8_address0      |    8|          3|    2|          6|
    |attn_o_8_ce0           |    8|          3|    1|          3|
    |attn_o_8_we0           |    8|          2|    1|          2|
    |attn_o_9_address0      |    8|          3|    2|          6|
    |attn_o_9_ce0           |    8|          3|    1|          3|
    |attn_o_9_we0           |    8|          2|    1|          2|
    |attn_o_address0        |    8|          3|    2|          6|
    |attn_o_ce0             |    8|          3|    1|          3|
    |attn_o_we0             |    8|          2|    1|          2|
    |attn_w_address0        |    8|          3|    8|         24|
    |attn_w_ce0             |    8|          3|    1|          3|
    |attn_w_we0             |    8|          2|    1|          2|
    |c_fu_3500              |   16|          2|    9|         18|
    |cond418_reg_5171       |    8|          2|    8|         16|
    |context_10_address0    |   16|          4|   10|         40|
    |context_10_ce0         |    8|          4|    1|          4|
    |context_10_we0         |    8|          2|    1|          2|
    |context_11_address0    |   16|          4|   10|         40|
    |context_11_ce0         |    8|          4|    1|          4|
    |context_11_we0         |    8|          2|    1|          2|
    |context_12_address0    |   16|          4|   10|         40|
    |context_12_ce0         |    8|          4|    1|          4|
    |context_12_we0         |    8|          2|    1|          2|
    |context_13_address0    |   16|          4|   10|         40|
    |context_13_ce0         |    8|          4|    1|          4|
    |context_13_we0         |    8|          2|    1|          2|
    |context_14_address0    |   16|          4|   10|         40|
    |context_14_ce0         |    8|          4|    1|          4|
    |context_14_we0         |    8|          2|    1|          2|
    |context_15_address0    |   16|          4|   10|         40|
    |context_15_ce0         |    8|          4|    1|          4|
    |context_15_we0         |    8|          2|    1|          2|
    |context_16_address0    |   16|          4|   10|         40|
    |context_16_ce0         |    8|          4|    1|          4|
    |context_16_we0         |    8|          2|    1|          2|
    |context_17_address0    |   16|          4|   10|         40|
    |context_17_ce0         |    8|          4|    1|          4|
    |context_17_we0         |    8|          2|    1|          2|
    |context_18_address0    |   16|          4|   10|         40|
    |context_18_ce0         |    8|          4|    1|          4|
    |context_18_we0         |    8|          2|    1|          2|
    |context_19_address0    |   16|          4|   10|         40|
    |context_19_ce0         |    8|          4|    1|          4|
    |context_19_we0         |    8|          2|    1|          2|
    |context_1_address0     |   16|          4|   10|         40|
    |context_1_ce0          |    8|          4|    1|          4|
    |context_1_we0          |    8|          2|    1|          2|
    |context_20_address0    |   16|          4|   10|         40|
    |context_20_ce0         |    8|          4|    1|          4|
    |context_20_we0         |    8|          2|    1|          2|
    |context_21_address0    |   16|          4|   10|         40|
    |context_21_ce0         |    8|          4|    1|          4|
    |context_21_we0         |    8|          2|    1|          2|
    |context_22_address0    |   16|          4|   10|         40|
    |context_22_ce0         |    8|          4|    1|          4|
    |context_22_we0         |    8|          2|    1|          2|
    |context_23_address0    |   16|          4|   10|         40|
    |context_23_ce0         |    8|          4|    1|          4|
    |context_23_we0         |    8|          2|    1|          2|
    |context_24_address0    |   16|          4|   10|         40|
    |context_24_ce0         |    8|          4|    1|          4|
    |context_24_we0         |    8|          2|    1|          2|
    |context_25_address0    |   16|          4|   10|         40|
    |context_25_ce0         |    8|          4|    1|          4|
    |context_25_we0         |    8|          2|    1|          2|
    |context_26_address0    |   16|          4|   10|         40|
    |context_26_ce0         |    8|          4|    1|          4|
    |context_26_we0         |    8|          2|    1|          2|
    |context_27_address0    |   16|          4|   10|         40|
    |context_27_ce0         |    8|          4|    1|          4|
    |context_27_we0         |    8|          2|    1|          2|
    |context_28_address0    |   16|          4|   10|         40|
    |context_28_ce0         |    8|          4|    1|          4|
    |context_28_we0         |    8|          2|    1|          2|
    |context_29_address0    |   16|          4|   10|         40|
    |context_29_ce0         |    8|          4|    1|          4|
    |context_29_we0         |    8|          2|    1|          2|
    |context_2_address0     |   16|          4|   10|         40|
    |context_2_ce0          |    8|          4|    1|          4|
    |context_2_we0          |    8|          2|    1|          2|
    |context_30_address0    |   16|          4|   10|         40|
    |context_30_ce0         |    8|          4|    1|          4|
    |context_30_we0         |    8|          2|    1|          2|
    |context_31_address0    |   16|          4|   10|         40|
    |context_31_ce0         |    8|          4|    1|          4|
    |context_31_we0         |    8|          2|    1|          2|
    |context_32_address0    |   16|          4|   10|         40|
    |context_32_ce0         |    8|          4|    1|          4|
    |context_32_we0         |    8|          2|    1|          2|
    |context_33_address0    |   16|          4|   10|         40|
    |context_33_ce0         |    8|          4|    1|          4|
    |context_33_we0         |    8|          2|    1|          2|
    |context_34_address0    |   16|          4|   10|         40|
    |context_34_ce0         |    8|          4|    1|          4|
    |context_34_we0         |    8|          2|    1|          2|
    |context_35_address0    |   16|          4|   10|         40|
    |context_35_ce0         |    8|          4|    1|          4|
    |context_35_we0         |    8|          2|    1|          2|
    |context_36_address0    |   16|          4|   10|         40|
    |context_36_ce0         |    8|          4|    1|          4|
    |context_36_we0         |    8|          2|    1|          2|
    |context_37_address0    |   16|          4|   10|         40|
    |context_37_ce0         |    8|          4|    1|          4|
    |context_37_we0         |    8|          2|    1|          2|
    |context_38_address0    |   16|          4|   10|         40|
    |context_38_ce0         |    8|          4|    1|          4|
    |context_38_we0         |    8|          2|    1|          2|
    |context_39_address0    |   16|          4|   10|         40|
    |context_39_ce0         |    8|          4|    1|          4|
    |context_39_we0         |    8|          2|    1|          2|
    |context_3_address0     |   16|          4|   10|         40|
    |context_3_ce0          |    8|          4|    1|          4|
    |context_3_we0          |    8|          2|    1|          2|
    |context_40_address0    |   16|          4|   10|         40|
    |context_40_ce0         |    8|          4|    1|          4|
    |context_40_we0         |    8|          2|    1|          2|
    |context_41_address0    |   16|          4|   10|         40|
    |context_41_ce0         |    8|          4|    1|          4|
    |context_41_we0         |    8|          2|    1|          2|
    |context_42_address0    |   16|          4|   10|         40|
    |context_42_ce0         |    8|          4|    1|          4|
    |context_42_we0         |    8|          2|    1|          2|
    |context_43_address0    |   16|          4|   10|         40|
    |context_43_ce0         |    8|          4|    1|          4|
    |context_43_we0         |    8|          2|    1|          2|
    |context_44_address0    |   16|          4|   10|         40|
    |context_44_ce0         |    8|          4|    1|          4|
    |context_44_we0         |    8|          2|    1|          2|
    |context_45_address0    |   16|          4|   10|         40|
    |context_45_ce0         |    8|          4|    1|          4|
    |context_45_we0         |    8|          2|    1|          2|
    |context_46_address0    |   16|          4|   10|         40|
    |context_46_ce0         |    8|          4|    1|          4|
    |context_46_we0         |    8|          2|    1|          2|
    |context_47_address0    |   16|          4|   10|         40|
    |context_47_ce0         |    8|          4|    1|          4|
    |context_47_we0         |    8|          2|    1|          2|
    |context_48_address0    |   16|          4|   10|         40|
    |context_48_ce0         |    8|          4|    1|          4|
    |context_48_we0         |    8|          2|    1|          2|
    |context_49_address0    |   16|          4|   10|         40|
    |context_49_ce0         |    8|          4|    1|          4|
    |context_49_we0         |    8|          2|    1|          2|
    |context_4_address0     |   16|          4|   10|         40|
    |context_4_ce0          |    8|          4|    1|          4|
    |context_4_we0          |    8|          2|    1|          2|
    |context_50_address0    |   16|          4|   10|         40|
    |context_50_ce0         |    8|          4|    1|          4|
    |context_50_we0         |    8|          2|    1|          2|
    |context_51_address0    |   16|          4|   10|         40|
    |context_51_ce0         |    8|          4|    1|          4|
    |context_51_we0         |    8|          2|    1|          2|
    |context_52_address0    |   16|          4|   10|         40|
    |context_52_ce0         |    8|          4|    1|          4|
    |context_52_we0         |    8|          2|    1|          2|
    |context_53_address0    |   16|          4|   10|         40|
    |context_53_ce0         |    8|          4|    1|          4|
    |context_53_we0         |    8|          2|    1|          2|
    |context_54_address0    |   16|          4|   10|         40|
    |context_54_ce0         |    8|          4|    1|          4|
    |context_54_we0         |    8|          2|    1|          2|
    |context_55_address0    |   16|          4|   10|         40|
    |context_55_ce0         |    8|          4|    1|          4|
    |context_55_we0         |    8|          2|    1|          2|
    |context_56_address0    |   16|          4|   10|         40|
    |context_56_ce0         |    8|          4|    1|          4|
    |context_56_we0         |    8|          2|    1|          2|
    |context_57_address0    |   16|          4|   10|         40|
    |context_57_ce0         |    8|          4|    1|          4|
    |context_57_we0         |    8|          2|    1|          2|
    |context_58_address0    |   16|          4|   10|         40|
    |context_58_ce0         |    8|          4|    1|          4|
    |context_58_we0         |    8|          2|    1|          2|
    |context_59_address0    |   16|          4|   10|         40|
    |context_59_ce0         |    8|          4|    1|          4|
    |context_59_we0         |    8|          2|    1|          2|
    |context_5_address0     |   16|          4|   10|         40|
    |context_5_ce0          |    8|          4|    1|          4|
    |context_5_we0          |    8|          2|    1|          2|
    |context_60_address0    |   16|          4|   10|         40|
    |context_60_ce0         |    8|          4|    1|          4|
    |context_60_we0         |    8|          2|    1|          2|
    |context_61_address0    |   16|          4|   10|         40|
    |context_61_ce0         |    8|          4|    1|          4|
    |context_61_we0         |    8|          2|    1|          2|
    |context_62_address0    |   16|          4|   10|         40|
    |context_62_ce0         |    8|          4|    1|          4|
    |context_62_we0         |    8|          2|    1|          2|
    |context_63_address0    |   16|          4|   10|         40|
    |context_63_ce0         |    8|          4|    1|          4|
    |context_63_we0         |    8|          2|    1|          2|
    |context_6_address0     |   16|          4|   10|         40|
    |context_6_ce0          |    8|          4|    1|          4|
    |context_6_we0          |    8|          2|    1|          2|
    |context_7_address0     |   16|          4|   10|         40|
    |context_7_ce0          |    8|          4|    1|          4|
    |context_7_we0          |    8|          2|    1|          2|
    |context_8_address0     |   16|          4|   10|         40|
    |context_8_ce0          |    8|          4|    1|          4|
    |context_8_we0          |    8|          2|    1|          2|
    |context_9_address0     |   16|          4|   10|         40|
    |context_9_ce0          |    8|          4|    1|          4|
    |context_9_we0          |    8|          2|    1|          2|
    |context_address0       |   16|          4|   10|         40|
    |context_ce0            |    8|          4|    1|          4|
    |context_we0            |    8|          2|    1|          2|
    |ddrCTX_ARADDR          |   64|          3|   64|        192|
    |ddrCTX_ARLEN           |   32|          3|   32|         96|
    |ddrCTX_ARVALID         |    8|          3|    1|          3|
    |ddrCTX_RREADY          |    8|          2|    1|          2|
    |ddrCTX_blk_n_AR        |    8|          2|    1|          2|
    |ddrIN_ARADDR           |  191|          5|   64|        320|
    |ddrIN_ARLEN            |   96|          5|   32|        160|
    |ddrIN_ARVALID          |    8|          4|    1|          4|
    |ddrIN_RREADY           |    8|          3|    1|          3|
    |ddrIN_blk_n_AR         |    8|          2|    1|          2|
    |ddrOUT_AWADDR          |   64|          3|   64|        192|
    |ddrOUT_AWLEN           |   32|          3|   32|         96|
    |ddrOUT_AWVALID         |    8|          3|    1|          3|
    |ddrOUT_BREADY          |    8|          3|    1|          3|
    |ddrOUT_WVALID          |    8|          2|    1|          2|
    |ddrOUT_blk_n_AW        |    8|          2|    1|          2|
    |ddrOUT_blk_n_B         |    8|          2|    1|          2|
    |ddrW1_ARADDR           |  191|          7|   64|        448|
    |ddrW1_ARLEN            |   96|          6|   32|        192|
    |ddrW1_ARVALID          |   24|          5|    1|          5|
    |ddrW1_RREADY           |    8|          4|    1|          4|
    |ddrW1_blk_n_AR         |    8|          2|    1|          2|
    |ddrW2_ARADDR           |  191|          5|   64|        320|
    |ddrW2_ARLEN            |   32|          4|   32|        128|
    |ddrW2_ARVALID          |    8|          4|    1|          4|
    |ddrW2_RREADY           |    8|          3|    1|          3|
    |ddrW2_blk_n_AR         |    8|          2|    1|          2|
    |f_fu_332               |   16|          2|   10|         20|
    |ffn_out_10_address0    |    8|          2|    2|          4|
    |ffn_out_10_ce0         |    8|          2|    1|          2|
    |ffn_out_11_address0    |    8|          2|    2|          4|
    |ffn_out_11_ce0         |    8|          2|    1|          2|
    |ffn_out_12_address0    |    8|          2|    2|          4|
    |ffn_out_12_ce0         |    8|          2|    1|          2|
    |ffn_out_13_address0    |    8|          2|    2|          4|
    |ffn_out_13_ce0         |    8|          2|    1|          2|
    |ffn_out_14_address0    |    8|          2|    2|          4|
    |ffn_out_14_ce0         |    8|          2|    1|          2|
    |ffn_out_15_address0    |    8|          2|    2|          4|
    |ffn_out_15_ce0         |    8|          2|    1|          2|
    |ffn_out_16_address0    |    8|          2|    2|          4|
    |ffn_out_16_ce0         |    8|          2|    1|          2|
    |ffn_out_17_address0    |    8|          2|    2|          4|
    |ffn_out_17_ce0         |    8|          2|    1|          2|
    |ffn_out_18_address0    |    8|          2|    2|          4|
    |ffn_out_18_ce0         |    8|          2|    1|          2|
    |ffn_out_19_address0    |    8|          2|    2|          4|
    |ffn_out_19_ce0         |    8|          2|    1|          2|
    |ffn_out_1_address0     |    8|          2|    2|          4|
    |ffn_out_1_ce0          |    8|          2|    1|          2|
    |ffn_out_20_address0    |    8|          2|    2|          4|
    |ffn_out_20_ce0         |    8|          2|    1|          2|
    |ffn_out_21_address0    |    8|          2|    2|          4|
    |ffn_out_21_ce0         |    8|          2|    1|          2|
    |ffn_out_22_address0    |    8|          2|    2|          4|
    |ffn_out_22_ce0         |    8|          2|    1|          2|
    |ffn_out_23_address0    |    8|          2|    2|          4|
    |ffn_out_23_ce0         |    8|          2|    1|          2|
    |ffn_out_24_address0    |    8|          2|    2|          4|
    |ffn_out_24_ce0         |    8|          2|    1|          2|
    |ffn_out_25_address0    |    8|          2|    2|          4|
    |ffn_out_25_ce0         |    8|          2|    1|          2|
    |ffn_out_26_address0    |    8|          2|    2|          4|
    |ffn_out_26_ce0         |    8|          2|    1|          2|
    |ffn_out_27_address0    |    8|          2|    2|          4|
    |ffn_out_27_ce0         |    8|          2|    1|          2|
    |ffn_out_28_address0    |    8|          2|    2|          4|
    |ffn_out_28_ce0         |    8|          2|    1|          2|
    |ffn_out_29_address0    |    8|          2|    2|          4|
    |ffn_out_29_ce0         |    8|          2|    1|          2|
    |ffn_out_2_address0     |    8|          2|    2|          4|
    |ffn_out_2_ce0          |    8|          2|    1|          2|
    |ffn_out_30_address0    |    8|          2|    2|          4|
    |ffn_out_30_ce0         |    8|          2|    1|          2|
    |ffn_out_31_address0    |    8|          2|    2|          4|
    |ffn_out_31_ce0         |    8|          2|    1|          2|
    |ffn_out_32_address0    |    8|          2|    2|          4|
    |ffn_out_32_ce0         |    8|          2|    1|          2|
    |ffn_out_33_address0    |    8|          2|    2|          4|
    |ffn_out_33_ce0         |    8|          2|    1|          2|
    |ffn_out_34_address0    |    8|          2|    2|          4|
    |ffn_out_34_ce0         |    8|          2|    1|          2|
    |ffn_out_35_address0    |    8|          2|    2|          4|
    |ffn_out_35_ce0         |    8|          2|    1|          2|
    |ffn_out_36_address0    |    8|          2|    2|          4|
    |ffn_out_36_ce0         |    8|          2|    1|          2|
    |ffn_out_37_address0    |    8|          2|    2|          4|
    |ffn_out_37_ce0         |    8|          2|    1|          2|
    |ffn_out_38_address0    |    8|          2|    2|          4|
    |ffn_out_38_ce0         |    8|          2|    1|          2|
    |ffn_out_39_address0    |    8|          2|    2|          4|
    |ffn_out_39_ce0         |    8|          2|    1|          2|
    |ffn_out_3_address0     |    8|          2|    2|          4|
    |ffn_out_3_ce0          |    8|          2|    1|          2|
    |ffn_out_40_address0    |    8|          2|    2|          4|
    |ffn_out_40_ce0         |    8|          2|    1|          2|
    |ffn_out_41_address0    |    8|          2|    2|          4|
    |ffn_out_41_ce0         |    8|          2|    1|          2|
    |ffn_out_42_address0    |    8|          2|    2|          4|
    |ffn_out_42_ce0         |    8|          2|    1|          2|
    |ffn_out_43_address0    |    8|          2|    2|          4|
    |ffn_out_43_ce0         |    8|          2|    1|          2|
    |ffn_out_44_address0    |    8|          2|    2|          4|
    |ffn_out_44_ce0         |    8|          2|    1|          2|
    |ffn_out_45_address0    |    8|          2|    2|          4|
    |ffn_out_45_ce0         |    8|          2|    1|          2|
    |ffn_out_46_address0    |    8|          2|    2|          4|
    |ffn_out_46_ce0         |    8|          2|    1|          2|
    |ffn_out_47_address0    |    8|          2|    2|          4|
    |ffn_out_47_ce0         |    8|          2|    1|          2|
    |ffn_out_48_address0    |    8|          2|    2|          4|
    |ffn_out_48_ce0         |    8|          2|    1|          2|
    |ffn_out_49_address0    |    8|          2|    2|          4|
    |ffn_out_49_ce0         |    8|          2|    1|          2|
    |ffn_out_4_address0     |    8|          2|    2|          4|
    |ffn_out_4_ce0          |    8|          2|    1|          2|
    |ffn_out_50_address0    |    8|          2|    2|          4|
    |ffn_out_50_ce0         |    8|          2|    1|          2|
    |ffn_out_51_address0    |    8|          2|    2|          4|
    |ffn_out_51_ce0         |    8|          2|    1|          2|
    |ffn_out_52_address0    |    8|          2|    2|          4|
    |ffn_out_52_ce0         |    8|          2|    1|          2|
    |ffn_out_53_address0    |    8|          2|    2|          4|
    |ffn_out_53_ce0         |    8|          2|    1|          2|
    |ffn_out_54_address0    |    8|          2|    2|          4|
    |ffn_out_54_ce0         |    8|          2|    1|          2|
    |ffn_out_55_address0    |    8|          2|    2|          4|
    |ffn_out_55_ce0         |    8|          2|    1|          2|
    |ffn_out_56_address0    |    8|          2|    2|          4|
    |ffn_out_56_ce0         |    8|          2|    1|          2|
    |ffn_out_57_address0    |    8|          2|    2|          4|
    |ffn_out_57_ce0         |    8|          2|    1|          2|
    |ffn_out_58_address0    |    8|          2|    2|          4|
    |ffn_out_58_ce0         |    8|          2|    1|          2|
    |ffn_out_59_address0    |    8|          2|    2|          4|
    |ffn_out_59_ce0         |    8|          2|    1|          2|
    |ffn_out_5_address0     |    8|          2|    2|          4|
    |ffn_out_5_ce0          |    8|          2|    1|          2|
    |ffn_out_60_address0    |    8|          2|    2|          4|
    |ffn_out_60_ce0         |    8|          2|    1|          2|
    |ffn_out_61_address0    |    8|          2|    2|          4|
    |ffn_out_61_ce0         |    8|          2|    1|          2|
    |ffn_out_62_address0    |    8|          2|    2|          4|
    |ffn_out_62_ce0         |    8|          2|    1|          2|
    |ffn_out_63_address0    |    8|          2|    2|          4|
    |ffn_out_63_ce0         |    8|          2|    1|          2|
    |ffn_out_6_address0     |    8|          2|    2|          4|
    |ffn_out_6_ce0          |    8|          2|    1|          2|
    |ffn_out_7_address0     |    8|          2|    2|          4|
    |ffn_out_7_ce0          |    8|          2|    1|          2|
    |ffn_out_8_address0     |    8|          2|    2|          4|
    |ffn_out_8_ce0          |    8|          2|    1|          2|
    |ffn_out_9_address0     |    8|          2|    2|          4|
    |ffn_out_9_ce0          |    8|          2|    1|          2|
    |ffn_out_address0       |    8|          2|    2|          4|
    |ffn_out_ce0            |    8|          2|    1|          2|
    |grp_sat8_fu_6595_x     |   96|          7|   18|        126|
    |h_10_address0          |    8|          2|    3|          6|
    |h_10_ce0               |    8|          2|    1|          2|
    |h_11_address0          |    8|          2|    3|          6|
    |h_11_ce0               |    8|          2|    1|          2|
    |h_12_address0          |    8|          2|    3|          6|
    |h_12_ce0               |    8|          2|    1|          2|
    |h_13_address0          |    8|          2|    3|          6|
    |h_13_ce0               |    8|          2|    1|          2|
    |h_14_address0          |    8|          2|    3|          6|
    |h_14_ce0               |    8|          2|    1|          2|
    |h_15_address0          |    8|          2|    3|          6|
    |h_15_ce0               |    8|          2|    1|          2|
    |h_16_address0          |    8|          2|    3|          6|
    |h_16_ce0               |    8|          2|    1|          2|
    |h_17_address0          |    8|          2|    3|          6|
    |h_17_ce0               |    8|          2|    1|          2|
    |h_18_address0          |    8|          2|    3|          6|
    |h_18_ce0               |    8|          2|    1|          2|
    |h_19_address0          |    8|          2|    3|          6|
    |h_19_ce0               |    8|          2|    1|          2|
    |h_1_address0           |    8|          2|    3|          6|
    |h_1_ce0                |    8|          2|    1|          2|
    |h_20_address0          |    8|          2|    3|          6|
    |h_20_ce0               |    8|          2|    1|          2|
    |h_21_address0          |    8|          2|    3|          6|
    |h_21_ce0               |    8|          2|    1|          2|
    |h_22_address0          |    8|          2|    3|          6|
    |h_22_ce0               |    8|          2|    1|          2|
    |h_23_address0          |    8|          2|    3|          6|
    |h_23_ce0               |    8|          2|    1|          2|
    |h_24_address0          |    8|          2|    3|          6|
    |h_24_ce0               |    8|          2|    1|          2|
    |h_25_address0          |    8|          2|    3|          6|
    |h_25_ce0               |    8|          2|    1|          2|
    |h_26_address0          |    8|          2|    3|          6|
    |h_26_ce0               |    8|          2|    1|          2|
    |h_27_address0          |    8|          2|    3|          6|
    |h_27_ce0               |    8|          2|    1|          2|
    |h_28_address0          |    8|          2|    3|          6|
    |h_28_ce0               |    8|          2|    1|          2|
    |h_29_address0          |    8|          2|    3|          6|
    |h_29_ce0               |    8|          2|    1|          2|
    |h_2_address0           |    8|          2|    3|          6|
    |h_2_ce0                |    8|          2|    1|          2|
    |h_30_address0          |    8|          2|    3|          6|
    |h_30_ce0               |    8|          2|    1|          2|
    |h_31_address0          |    8|          2|    3|          6|
    |h_31_ce0               |    8|          2|    1|          2|
    |h_32_address0          |    8|          2|    3|          6|
    |h_32_ce0               |    8|          2|    1|          2|
    |h_33_address0          |    8|          2|    3|          6|
    |h_33_ce0               |    8|          2|    1|          2|
    |h_34_address0          |    8|          2|    3|          6|
    |h_34_ce0               |    8|          2|    1|          2|
    |h_35_address0          |    8|          2|    3|          6|
    |h_35_ce0               |    8|          2|    1|          2|
    |h_36_address0          |    8|          2|    3|          6|
    |h_36_ce0               |    8|          2|    1|          2|
    |h_37_address0          |    8|          2|    3|          6|
    |h_37_ce0               |    8|          2|    1|          2|
    |h_38_address0          |    8|          2|    3|          6|
    |h_38_ce0               |    8|          2|    1|          2|
    |h_39_address0          |    8|          2|    3|          6|
    |h_39_ce0               |    8|          2|    1|          2|
    |h_3_address0           |    8|          2|    3|          6|
    |h_3_ce0                |    8|          2|    1|          2|
    |h_40_address0          |    8|          2|    3|          6|
    |h_40_ce0               |    8|          2|    1|          2|
    |h_41_address0          |    8|          2|    3|          6|
    |h_41_ce0               |    8|          2|    1|          2|
    |h_42_address0          |    8|          2|    3|          6|
    |h_42_ce0               |    8|          2|    1|          2|
    |h_43_address0          |    8|          2|    3|          6|
    |h_43_ce0               |    8|          2|    1|          2|
    |h_44_address0          |    8|          2|    3|          6|
    |h_44_ce0               |    8|          2|    1|          2|
    |h_45_address0          |    8|          2|    3|          6|
    |h_45_ce0               |    8|          2|    1|          2|
    |h_46_address0          |    8|          2|    3|          6|
    |h_46_ce0               |    8|          2|    1|          2|
    |h_47_address0          |    8|          2|    3|          6|
    |h_47_ce0               |    8|          2|    1|          2|
    |h_48_address0          |    8|          2|    3|          6|
    |h_48_ce0               |    8|          2|    1|          2|
    |h_49_address0          |    8|          2|    3|          6|
    |h_49_ce0               |    8|          2|    1|          2|
    |h_4_address0           |    8|          2|    3|          6|
    |h_4_ce0                |    8|          2|    1|          2|
    |h_50_address0          |    8|          2|    3|          6|
    |h_50_ce0               |    8|          2|    1|          2|
    |h_51_address0          |    8|          2|    3|          6|
    |h_51_ce0               |    8|          2|    1|          2|
    |h_52_address0          |    8|          2|    3|          6|
    |h_52_ce0               |    8|          2|    1|          2|
    |h_53_address0          |    8|          2|    3|          6|
    |h_53_ce0               |    8|          2|    1|          2|
    |h_54_address0          |    8|          2|    3|          6|
    |h_54_ce0               |    8|          2|    1|          2|
    |h_55_address0          |    8|          2|    3|          6|
    |h_55_ce0               |    8|          2|    1|          2|
    |h_56_address0          |    8|          2|    3|          6|
    |h_56_ce0               |    8|          2|    1|          2|
    |h_57_address0          |    8|          2|    3|          6|
    |h_57_ce0               |    8|          2|    1|          2|
    |h_58_address0          |    8|          2|    3|          6|
    |h_58_ce0               |    8|          2|    1|          2|
    |h_59_address0          |    8|          2|    3|          6|
    |h_59_ce0               |    8|          2|    1|          2|
    |h_5_address0           |    8|          2|    3|          6|
    |h_5_ce0                |    8|          2|    1|          2|
    |h_60_address0          |    8|          2|    3|          6|
    |h_60_ce0               |    8|          2|    1|          2|
    |h_61_address0          |    8|          2|    3|          6|
    |h_61_ce0               |    8|          2|    1|          2|
    |h_62_address0          |    8|          2|    3|          6|
    |h_62_ce0               |    8|          2|    1|          2|
    |h_63_address0          |    8|          2|    3|          6|
    |h_63_ce0               |    8|          2|    1|          2|
    |h_6_address0           |    8|          2|    3|          6|
    |h_6_ce0                |    8|          2|    1|          2|
    |h_7_address0           |    8|          2|    3|          6|
    |h_7_ce0                |    8|          2|    1|          2|
    |h_8_address0           |    8|          2|    3|          6|
    |h_8_ce0                |    8|          2|    1|          2|
    |h_9_address0           |    8|          2|    3|          6|
    |h_9_ce0                |    8|          2|    1|          2|
    |h_address0             |    8|          2|    3|          6|
    |h_ce0                  |    8|          2|    1|          2|
    |out_address0           |    8|          3|    3|          9|
    |out_ce0                |    8|          3|    1|          3|
    |out_we0                |    8|          2|    1|          2|
    |scores_address0        |    8|          4|    8|         32|
    |scores_ce0             |    8|          4|    1|          4|
    |scores_we0             |    8|          2|    1|          2|
    |shifted_address0       |    8|          3|    8|         24|
    |shifted_ce0            |    8|          3|    1|          3|
    |shifted_we0            |    8|          2|    1|          2|
    |time_proj_address0     |    8|          3|    8|         24|
    |time_proj_ce0          |    8|          3|    1|          3|
    |time_proj_we0          |    8|          2|    1|          2|
    +-----------------------+-----+-----------+-----+-----------+
    |Total                  |17781|       5007| 5778|      17886|
    +-----------------------+-----+-----------+-----+-----------+

    * Register: 
    +-------------------------------------------------------------------------------+----+----+-----+-----------+
    |                                      Name                                     | FF | LUT| Bits| Const Bits|
    +-------------------------------------------------------------------------------+----+----+-----+-----------+
    |add_ln244_reg_10233                                                            |  10|   0|   10|          0|
    |add_ln264_reg_10341                                                            |   9|   0|    9|          0|
    |ap_CS_fsm                                                                      |  67|   0|   67|          0|
    |ap_predicate_pred13018_state48                                                 |   1|   0|    1|          0|
    |ap_predicate_pred13027_state48                                                 |   1|   0|    1|          0|
    |ap_predicate_pred13036_state48                                                 |   1|   0|    1|          0|
    |ap_predicate_pred13045_state48                                                 |   1|   0|    1|          0|
    |ap_predicate_pred13054_state48                                                 |   1|   0|    1|          0|
    |ap_predicate_pred13063_state48                                                 |   1|   0|    1|          0|
    |ap_predicate_pred13072_state48                                                 |   1|   0|    1|          0|
    |ap_predicate_pred13081_state48                                                 |   1|   0|    1|          0|
    |ap_predicate_pred13090_state48                                                 |   1|   0|    1|          0|
    |ap_predicate_pred13099_state48                                                 |   1|   0|    1|          0|
    |ap_predicate_pred13108_state48                                                 |   1|   0|    1|          0|
    |ap_predicate_pred13117_state48                                                 |   1|   0|    1|          0|
    |ap_predicate_pred13126_state48                                                 |   1|   0|    1|          0|
    |ap_predicate_pred13135_state48                                                 |   1|   0|    1|          0|
    |ap_predicate_pred13144_state48                                                 |   1|   0|    1|          0|
    |ap_predicate_pred13153_state48                                                 |   1|   0|    1|          0|
    |ap_predicate_pred13162_state48                                                 |   1|   0|    1|          0|
    |ap_predicate_pred13171_state48                                                 |   1|   0|    1|          0|
    |ap_predicate_pred13180_state48                                                 |   1|   0|    1|          0|
    |ap_predicate_pred13189_state48                                                 |   1|   0|    1|          0|
    |ap_predicate_pred13198_state48                                                 |   1|   0|    1|          0|
    |ap_predicate_pred13207_state48                                                 |   1|   0|    1|          0|
    |ap_predicate_pred13216_state48                                                 |   1|   0|    1|          0|
    |ap_predicate_pred13225_state48                                                 |   1|   0|    1|          0|
    |ap_predicate_pred13234_state48                                                 |   1|   0|    1|          0|
    |ap_predicate_pred13243_state48                                                 |   1|   0|    1|          0|
    |ap_predicate_pred13252_state48                                                 |   1|   0|    1|          0|
    |ap_predicate_pred13261_state48                                                 |   1|   0|    1|          0|
    |ap_predicate_pred13270_state48                                                 |   1|   0|    1|          0|
    |ap_predicate_pred13279_state48                                                 |   1|   0|    1|          0|
    |ap_predicate_pred13288_state48                                                 |   1|   0|    1|          0|
    |ap_predicate_pred13297_state48                                                 |   1|   0|    1|          0|
    |ap_predicate_pred13306_state48                                                 |   1|   0|    1|          0|
    |ap_predicate_pred13315_state48                                                 |   1|   0|    1|          0|
    |ap_predicate_pred13324_state48                                                 |   1|   0|    1|          0|
    |ap_predicate_pred13333_state48                                                 |   1|   0|    1|          0|
    |ap_predicate_pred13342_state48                                                 |   1|   0|    1|          0|
    |ap_predicate_pred13351_state48                                                 |   1|   0|    1|          0|
    |ap_predicate_pred13360_state48                                                 |   1|   0|    1|          0|
    |ap_predicate_pred13369_state48                                                 |   1|   0|    1|          0|
    |ap_predicate_pred13378_state48                                                 |   1|   0|    1|          0|
    |ap_predicate_pred13387_state48                                                 |   1|   0|    1|          0|
    |ap_predicate_pred13396_state48                                                 |   1|   0|    1|          0|
    |ap_predicate_pred13405_state48                                                 |   1|   0|    1|          0|
    |ap_predicate_pred13414_state48                                                 |   1|   0|    1|          0|
    |ap_predicate_pred13423_state48                                                 |   1|   0|    1|          0|
    |ap_predicate_pred13432_state48                                                 |   1|   0|    1|          0|
    |ap_predicate_pred13441_state48                                                 |   1|   0|    1|          0|
    |ap_predicate_pred13450_state48                                                 |   1|   0|    1|          0|
    |ap_predicate_pred13459_state48                                                 |   1|   0|    1|          0|
    |ap_predicate_pred13468_state48                                                 |   1|   0|    1|          0|
    |ap_predicate_pred13477_state48                                                 |   1|   0|    1|          0|
    |ap_predicate_pred13486_state48                                                 |   1|   0|    1|          0|
    |ap_predicate_pred13495_state48                                                 |   1|   0|    1|          0|
    |ap_predicate_pred13504_state48                                                 |   1|   0|    1|          0|
    |ap_predicate_pred13513_state48                                                 |   1|   0|    1|          0|
    |ap_predicate_pred13522_state48                                                 |   1|   0|    1|          0|
    |ap_predicate_pred13531_state48                                                 |   1|   0|    1|          0|
    |ap_predicate_pred13540_state48                                                 |   1|   0|    1|          0|
    |ap_predicate_pred13549_state48                                                 |   1|   0|    1|          0|
    |ap_predicate_pred13558_state48                                                 |   1|   0|    1|          0|
    |ap_predicate_pred13567_state48                                                 |   1|   0|    1|          0|
    |ap_predicate_pred13576_state48                                                 |   1|   0|    1|          0|
    |ap_predicate_pred13585_state48                                                 |   1|   0|    1|          0|
    |ap_predicate_pred13593_state52                                                 |   1|   0|    1|          0|
    |ap_predicate_pred13604_state52                                                 |   1|   0|    1|          0|
    |ap_predicate_pred13612_state52                                                 |   1|   0|    1|          0|
    |ap_predicate_pred13620_state52                                                 |   1|   0|    1|          0|
    |ap_predicate_pred13628_state52                                                 |   1|   0|    1|          0|
    |ap_predicate_pred13636_state52                                                 |   1|   0|    1|          0|
    |ap_predicate_pred13644_state52                                                 |   1|   0|    1|          0|
    |ap_predicate_pred13652_state52                                                 |   1|   0|    1|          0|
    |ap_predicate_pred13660_state52                                                 |   1|   0|    1|          0|
    |ap_predicate_pred13668_state52                                                 |   1|   0|    1|          0|
    |ap_predicate_pred13676_state52                                                 |   1|   0|    1|          0|
    |ap_predicate_pred13684_state52                                                 |   1|   0|    1|          0|
    |ap_predicate_pred13692_state52                                                 |   1|   0|    1|          0|
    |ap_predicate_pred13700_state52                                                 |   1|   0|    1|          0|
    |ap_predicate_pred13708_state52                                                 |   1|   0|    1|          0|
    |ap_predicate_pred13716_state52                                                 |   1|   0|    1|          0|
    |ap_predicate_pred13724_state52                                                 |   1|   0|    1|          0|
    |ap_predicate_pred13732_state52                                                 |   1|   0|    1|          0|
    |ap_predicate_pred13740_state52                                                 |   1|   0|    1|          0|
    |ap_predicate_pred13748_state52                                                 |   1|   0|    1|          0|
    |ap_predicate_pred13756_state52                                                 |   1|   0|    1|          0|
    |ap_predicate_pred13764_state52                                                 |   1|   0|    1|          0|
    |ap_predicate_pred13772_state52                                                 |   1|   0|    1|          0|
    |ap_predicate_pred13780_state52                                                 |   1|   0|    1|          0|
    |ap_predicate_pred13788_state52                                                 |   1|   0|    1|          0|
    |ap_predicate_pred13796_state52                                                 |   1|   0|    1|          0|
    |ap_predicate_pred13804_state52                                                 |   1|   0|    1|          0|
    |ap_predicate_pred13812_state52                                                 |   1|   0|    1|          0|
    |ap_predicate_pred13820_state52                                                 |   1|   0|    1|          0|
    |ap_predicate_pred13828_state52                                                 |   1|   0|    1|          0|
    |ap_predicate_pred13836_state52                                                 |   1|   0|    1|          0|
    |ap_predicate_pred13844_state52                                                 |   1|   0|    1|          0|
    |ap_predicate_pred13852_state52                                                 |   1|   0|    1|          0|
    |ap_predicate_pred13860_state52                                                 |   1|   0|    1|          0|
    |ap_predicate_pred13868_state52                                                 |   1|   0|    1|          0|
    |ap_predicate_pred13876_state52                                                 |   1|   0|    1|          0|
    |ap_predicate_pred13884_state52                                                 |   1|   0|    1|          0|
    |ap_predicate_pred13892_state52                                                 |   1|   0|    1|          0|
    |ap_predicate_pred13900_state52                                                 |   1|   0|    1|          0|
    |ap_predicate_pred13908_state52                                                 |   1|   0|    1|          0|
    |ap_predicate_pred13916_state52                                                 |   1|   0|    1|          0|
    |ap_predicate_pred13924_state52                                                 |   1|   0|    1|          0|
    |ap_predicate_pred13932_state52                                                 |   1|   0|    1|          0|
    |ap_predicate_pred13940_state52                                                 |   1|   0|    1|          0|
    |ap_predicate_pred13948_state52                                                 |   1|   0|    1|          0|
    |ap_predicate_pred13956_state52                                                 |   1|   0|    1|          0|
    |ap_predicate_pred13964_state52                                                 |   1|   0|    1|          0|
    |ap_predicate_pred13972_state52                                                 |   1|   0|    1|          0|
    |ap_predicate_pred13980_state52                                                 |   1|   0|    1|          0|
    |ap_predicate_pred13988_state52                                                 |   1|   0|    1|          0|
    |ap_predicate_pred13996_state52                                                 |   1|   0|    1|          0|
    |ap_predicate_pred14004_state52                                                 |   1|   0|    1|          0|
    |ap_predicate_pred14012_state52                                                 |   1|   0|    1|          0|
    |ap_predicate_pred14020_state52                                                 |   1|   0|    1|          0|
    |ap_predicate_pred14028_state52                                                 |   1|   0|    1|          0|
    |ap_predicate_pred14036_state52                                                 |   1|   0|    1|          0|
    |ap_predicate_pred14044_state52                                                 |   1|   0|    1|          0|
    |ap_predicate_pred14052_state52                                                 |   1|   0|    1|          0|
    |ap_predicate_pred14060_state52                                                 |   1|   0|    1|          0|
    |ap_predicate_pred14068_state52                                                 |   1|   0|    1|          0|
    |ap_predicate_pred14076_state52                                                 |   1|   0|    1|          0|
    |ap_predicate_pred14084_state52                                                 |   1|   0|    1|          0|
    |ap_predicate_pred14092_state52                                                 |   1|   0|    1|          0|
    |ap_predicate_pred14100_state52                                                 |   1|   0|    1|          0|
    |c_fu_3500                                                                      |   9|   0|    9|          0|
    |cmp300_reg_10228                                                               |   1|   0|    1|          0|
    |cond418_reg_5171                                                               |   8|   0|    8|          0|
    |f_fu_332                                                                       |  10|   0|   10|          0|
    |g_W_act_proj_read_reg_8767                                                     |  64|   0|   64|          0|
    |g_W_ffn1_read_reg_8762                                                         |  64|   0|   64|          0|
    |g_W_ffn2_read_reg_8756                                                         |  64|   0|   64|          0|
    |g_W_out_read_reg_8750                                                          |  64|   0|   64|          0|
    |g_W_time_read_reg_8773                                                         |  64|   0|   64|          0|
    |g_context_read_reg_8789                                                        |  64|   0|   64|          0|
    |g_noisy_action_read_reg_8784                                                   |  64|   0|   64|          0|
    |g_out_read_reg_8744                                                            |  64|   0|   64|          0|
    |g_timestep_emb_read_reg_8778                                                   |  64|   0|   64|          0|
    |grp_action_diff_head_Pipeline_ACTP_LOOP_fu_6018_ap_start_reg                   |   1|   0|    1|          0|
    |grp_action_diff_head_Pipeline_ATTN_O_TILE_ATTN_O_N_LOOP_fu_6328_ap_start_reg   |   1|   0|    1|          0|
    |grp_action_diff_head_Pipeline_LOAD_CTX_N_VITIS_LOOP_88_1_fu_5246_ap_start_reg  |   1|   0|    1|          0|
    |grp_action_diff_head_Pipeline_LOAD_F1_VITIS_LOOP_108_4_fu_5466_ap_start_reg    |   1|   0|    1|          0|
    |grp_action_diff_head_Pipeline_LOAD_F2_VITIS_LOOP_112_5_fu_5686_ap_start_reg    |   1|   0|    1|          0|
    |grp_action_diff_head_Pipeline_LOAD_NA_fu_5317_ap_start_reg                     |   1|   0|    1|          0|
    |grp_action_diff_head_Pipeline_LOAD_TE_fu_5537_ap_start_reg                     |   1|   0|    1|          0|
    |grp_action_diff_head_Pipeline_LOAD_WA_VITIS_LOOP_104_3_fu_5672_ap_start_reg    |   1|   0|    1|          0|
    |grp_action_diff_head_Pipeline_LOAD_WO_VITIS_LOOP_116_6_fu_6241_ap_start_reg    |   1|   0|    1|          0|
    |grp_action_diff_head_Pipeline_LOAD_WT_VITIS_LOOP_100_2_fu_5331_ap_start_reg    |   1|   0|    1|          0|
    |grp_action_diff_head_Pipeline_MAX_S_fu_6234_ap_start_reg                       |   1|   0|    1|          0|
    |grp_action_diff_head_Pipeline_NORM_S_fu_6320_ap_start_reg                      |   1|   0|    1|          0|
    |grp_action_diff_head_Pipeline_OUT_LOOP_VITIS_LOOP_285_15_fu_6798_ap_start_reg  |   1|   0|    1|          0|
    |grp_action_diff_head_Pipeline_QKT_LOOP_VITIS_LOOP_164_9_fu_6101_ap_start_reg   |   1|   0|    1|          0|
    |grp_action_diff_head_Pipeline_SHIFT_S_fu_6312_ap_start_reg                     |   1|   0|    1|          0|
    |grp_action_diff_head_Pipeline_STORE_OUT_fu_6931_ap_start_reg                   |   1|   0|    1|          0|
    |grp_action_diff_head_Pipeline_TIME_LOOP_fu_5757_ap_start_reg                   |   1|   0|    1|          0|
    |grp_action_diff_head_Pipeline_VITIS_LOOP_246_11_fu_6461_ap_start_reg           |   1|   0|    1|          0|
    |grp_action_diff_head_Pipeline_VITIS_LOOP_266_13_fu_6664_ap_start_reg           |   1|   0|    1|          0|
    |lshr_ln8_reg_10251                                                             |   3|   0|    3|          0|
    |lshr_ln_reg_10359                                                              |   2|   0|    2|          0|
    |m_reg_10217                                                                    |  16|   0|   16|          0|
    |trunc_ln244_1_reg_10247                                                        |   6|   0|    6|          0|
    |trunc_ln244_reg_10242                                                          |   9|   0|    9|          0|
    |trunc_ln264_1_reg_10355                                                        |   6|   0|    6|          0|
    |trunc_ln264_reg_10350                                                          |   8|   0|    8|          0|
    |zext_ln244_reg_10265                                                           |   3|   0|   64|         61|
    +-------------------------------------------------------------------------------+----+----+-----+-----------+
    |Total                                                                          | 890|   0|  951|         61|
    +-------------------------------------------------------------------------------+----+----+-----+-----------+



================================================================
== Interface
================================================================
* Summary: 
+-----------------------+-----+-----+------------+------------------+--------------+
|       RTL Ports       | Dir | Bits|  Protocol  |   Source Object  |    C Type    |
+-----------------------+-----+-----+------------+------------------+--------------+
|s_axi_control_AWVALID  |   in|    1|       s_axi|           control|        scalar|
|s_axi_control_AWREADY  |  out|    1|       s_axi|           control|        scalar|
|s_axi_control_AWADDR   |   in|    7|       s_axi|           control|        scalar|
|s_axi_control_WVALID   |   in|    1|       s_axi|           control|        scalar|
|s_axi_control_WREADY   |  out|    1|       s_axi|           control|        scalar|
|s_axi_control_WDATA    |   in|   32|       s_axi|           control|        scalar|
|s_axi_control_WSTRB    |   in|    4|       s_axi|           control|        scalar|
|s_axi_control_ARVALID  |   in|    1|       s_axi|           control|        scalar|
|s_axi_control_ARREADY  |  out|    1|       s_axi|           control|        scalar|
|s_axi_control_ARADDR   |   in|    7|       s_axi|           control|        scalar|
|s_axi_control_RVALID   |  out|    1|       s_axi|           control|        scalar|
|s_axi_control_RREADY   |   in|    1|       s_axi|           control|        scalar|
|s_axi_control_RDATA    |  out|   32|       s_axi|           control|        scalar|
|s_axi_control_RRESP    |  out|    2|       s_axi|           control|        scalar|
|s_axi_control_BVALID   |  out|    1|       s_axi|           control|        scalar|
|s_axi_control_BREADY   |   in|    1|       s_axi|           control|        scalar|
|s_axi_control_BRESP    |  out|    2|       s_axi|           control|        scalar|
|ap_clk                 |   in|    1|  ap_ctrl_hs|  action_diff_head|  return value|
|ap_rst_n               |   in|    1|  ap_ctrl_hs|  action_diff_head|  return value|
|interrupt              |  out|    1|  ap_ctrl_hs|  action_diff_head|  return value|
|m_axi_ddrCTX_AWVALID   |  out|    1|       m_axi|            ddrCTX|       pointer|
|m_axi_ddrCTX_AWREADY   |   in|    1|       m_axi|            ddrCTX|       pointer|
|m_axi_ddrCTX_AWADDR    |  out|   64|       m_axi|            ddrCTX|       pointer|
|m_axi_ddrCTX_AWID      |  out|    1|       m_axi|            ddrCTX|       pointer|
|m_axi_ddrCTX_AWLEN     |  out|    8|       m_axi|            ddrCTX|       pointer|
|m_axi_ddrCTX_AWSIZE    |  out|    3|       m_axi|            ddrCTX|       pointer|
|m_axi_ddrCTX_AWBURST   |  out|    2|       m_axi|            ddrCTX|       pointer|
|m_axi_ddrCTX_AWLOCK    |  out|    2|       m_axi|            ddrCTX|       pointer|
|m_axi_ddrCTX_AWCACHE   |  out|    4|       m_axi|            ddrCTX|       pointer|
|m_axi_ddrCTX_AWPROT    |  out|    3|       m_axi|            ddrCTX|       pointer|
|m_axi_ddrCTX_AWQOS     |  out|    4|       m_axi|            ddrCTX|       pointer|
|m_axi_ddrCTX_AWREGION  |  out|    4|       m_axi|            ddrCTX|       pointer|
|m_axi_ddrCTX_AWUSER    |  out|    1|       m_axi|            ddrCTX|       pointer|
|m_axi_ddrCTX_WVALID    |  out|    1|       m_axi|            ddrCTX|       pointer|
|m_axi_ddrCTX_WREADY    |   in|    1|       m_axi|            ddrCTX|       pointer|
|m_axi_ddrCTX_WDATA     |  out|   32|       m_axi|            ddrCTX|       pointer|
|m_axi_ddrCTX_WSTRB     |  out|    4|       m_axi|            ddrCTX|       pointer|
|m_axi_ddrCTX_WLAST     |  out|    1|       m_axi|            ddrCTX|       pointer|
|m_axi_ddrCTX_WID       |  out|    1|       m_axi|            ddrCTX|       pointer|
|m_axi_ddrCTX_WUSER     |  out|    1|       m_axi|            ddrCTX|       pointer|
|m_axi_ddrCTX_ARVALID   |  out|    1|       m_axi|            ddrCTX|       pointer|
|m_axi_ddrCTX_ARREADY   |   in|    1|       m_axi|            ddrCTX|       pointer|
|m_axi_ddrCTX_ARADDR    |  out|   64|       m_axi|            ddrCTX|       pointer|
|m_axi_ddrCTX_ARID      |  out|    1|       m_axi|            ddrCTX|       pointer|
|m_axi_ddrCTX_ARLEN     |  out|    8|       m_axi|            ddrCTX|       pointer|
|m_axi_ddrCTX_ARSIZE    |  out|    3|       m_axi|            ddrCTX|       pointer|
|m_axi_ddrCTX_ARBURST   |  out|    2|       m_axi|            ddrCTX|       pointer|
|m_axi_ddrCTX_ARLOCK    |  out|    2|       m_axi|            ddrCTX|       pointer|
|m_axi_ddrCTX_ARCACHE   |  out|    4|       m_axi|            ddrCTX|       pointer|
|m_axi_ddrCTX_ARPROT    |  out|    3|       m_axi|            ddrCTX|       pointer|
|m_axi_ddrCTX_ARQOS     |  out|    4|       m_axi|            ddrCTX|       pointer|
|m_axi_ddrCTX_ARREGION  |  out|    4|       m_axi|            ddrCTX|       pointer|
|m_axi_ddrCTX_ARUSER    |  out|    1|       m_axi|            ddrCTX|       pointer|
|m_axi_ddrCTX_RVALID    |   in|    1|       m_axi|            ddrCTX|       pointer|
|m_axi_ddrCTX_RREADY    |  out|    1|       m_axi|            ddrCTX|       pointer|
|m_axi_ddrCTX_RDATA     |   in|   32|       m_axi|            ddrCTX|       pointer|
|m_axi_ddrCTX_RLAST     |   in|    1|       m_axi|            ddrCTX|       pointer|
|m_axi_ddrCTX_RID       |   in|    1|       m_axi|            ddrCTX|       pointer|
|m_axi_ddrCTX_RUSER     |   in|    1|       m_axi|            ddrCTX|       pointer|
|m_axi_ddrCTX_RRESP     |   in|    2|       m_axi|            ddrCTX|       pointer|
|m_axi_ddrCTX_BVALID    |   in|    1|       m_axi|            ddrCTX|       pointer|
|m_axi_ddrCTX_BREADY    |  out|    1|       m_axi|            ddrCTX|       pointer|
|m_axi_ddrCTX_BRESP     |   in|    2|       m_axi|            ddrCTX|       pointer|
|m_axi_ddrCTX_BID       |   in|    1|       m_axi|            ddrCTX|       pointer|
|m_axi_ddrCTX_BUSER     |   in|    1|       m_axi|            ddrCTX|       pointer|
|m_axi_ddrIN_AWVALID    |  out|    1|       m_axi|             ddrIN|       pointer|
|m_axi_ddrIN_AWREADY    |   in|    1|       m_axi|             ddrIN|       pointer|
|m_axi_ddrIN_AWADDR     |  out|   64|       m_axi|             ddrIN|       pointer|
|m_axi_ddrIN_AWID       |  out|    1|       m_axi|             ddrIN|       pointer|
|m_axi_ddrIN_AWLEN      |  out|    8|       m_axi|             ddrIN|       pointer|
|m_axi_ddrIN_AWSIZE     |  out|    3|       m_axi|             ddrIN|       pointer|
|m_axi_ddrIN_AWBURST    |  out|    2|       m_axi|             ddrIN|       pointer|
|m_axi_ddrIN_AWLOCK     |  out|    2|       m_axi|             ddrIN|       pointer|
|m_axi_ddrIN_AWCACHE    |  out|    4|       m_axi|             ddrIN|       pointer|
|m_axi_ddrIN_AWPROT     |  out|    3|       m_axi|             ddrIN|       pointer|
|m_axi_ddrIN_AWQOS      |  out|    4|       m_axi|             ddrIN|       pointer|
|m_axi_ddrIN_AWREGION   |  out|    4|       m_axi|             ddrIN|       pointer|
|m_axi_ddrIN_AWUSER     |  out|    1|       m_axi|             ddrIN|       pointer|
|m_axi_ddrIN_WVALID     |  out|    1|       m_axi|             ddrIN|       pointer|
|m_axi_ddrIN_WREADY     |   in|    1|       m_axi|             ddrIN|       pointer|
|m_axi_ddrIN_WDATA      |  out|   32|       m_axi|             ddrIN|       pointer|
|m_axi_ddrIN_WSTRB      |  out|    4|       m_axi|             ddrIN|       pointer|
|m_axi_ddrIN_WLAST      |  out|    1|       m_axi|             ddrIN|       pointer|
|m_axi_ddrIN_WID        |  out|    1|       m_axi|             ddrIN|       pointer|
|m_axi_ddrIN_WUSER      |  out|    1|       m_axi|             ddrIN|       pointer|
|m_axi_ddrIN_ARVALID    |  out|    1|       m_axi|             ddrIN|       pointer|
|m_axi_ddrIN_ARREADY    |   in|    1|       m_axi|             ddrIN|       pointer|
|m_axi_ddrIN_ARADDR     |  out|   64|       m_axi|             ddrIN|       pointer|
|m_axi_ddrIN_ARID       |  out|    1|       m_axi|             ddrIN|       pointer|
|m_axi_ddrIN_ARLEN      |  out|    8|       m_axi|             ddrIN|       pointer|
|m_axi_ddrIN_ARSIZE     |  out|    3|       m_axi|             ddrIN|       pointer|
|m_axi_ddrIN_ARBURST    |  out|    2|       m_axi|             ddrIN|       pointer|
|m_axi_ddrIN_ARLOCK     |  out|    2|       m_axi|             ddrIN|       pointer|
|m_axi_ddrIN_ARCACHE    |  out|    4|       m_axi|             ddrIN|       pointer|
|m_axi_ddrIN_ARPROT     |  out|    3|       m_axi|             ddrIN|       pointer|
|m_axi_ddrIN_ARQOS      |  out|    4|       m_axi|             ddrIN|       pointer|
|m_axi_ddrIN_ARREGION   |  out|    4|       m_axi|             ddrIN|       pointer|
|m_axi_ddrIN_ARUSER     |  out|    1|       m_axi|             ddrIN|       pointer|
|m_axi_ddrIN_RVALID     |   in|    1|       m_axi|             ddrIN|       pointer|
|m_axi_ddrIN_RREADY     |  out|    1|       m_axi|             ddrIN|       pointer|
|m_axi_ddrIN_RDATA      |   in|   32|       m_axi|             ddrIN|       pointer|
|m_axi_ddrIN_RLAST      |   in|    1|       m_axi|             ddrIN|       pointer|
|m_axi_ddrIN_RID        |   in|    1|       m_axi|             ddrIN|       pointer|
|m_axi_ddrIN_RUSER      |   in|    1|       m_axi|             ddrIN|       pointer|
|m_axi_ddrIN_RRESP      |   in|    2|       m_axi|             ddrIN|       pointer|
|m_axi_ddrIN_BVALID     |   in|    1|       m_axi|             ddrIN|       pointer|
|m_axi_ddrIN_BREADY     |  out|    1|       m_axi|             ddrIN|       pointer|
|m_axi_ddrIN_BRESP      |   in|    2|       m_axi|             ddrIN|       pointer|
|m_axi_ddrIN_BID        |   in|    1|       m_axi|             ddrIN|       pointer|
|m_axi_ddrIN_BUSER      |   in|    1|       m_axi|             ddrIN|       pointer|
|m_axi_ddrW1_AWVALID    |  out|    1|       m_axi|             ddrW1|       pointer|
|m_axi_ddrW1_AWREADY    |   in|    1|       m_axi|             ddrW1|       pointer|
|m_axi_ddrW1_AWADDR     |  out|   64|       m_axi|             ddrW1|       pointer|
|m_axi_ddrW1_AWID       |  out|    1|       m_axi|             ddrW1|       pointer|
|m_axi_ddrW1_AWLEN      |  out|    8|       m_axi|             ddrW1|       pointer|
|m_axi_ddrW1_AWSIZE     |  out|    3|       m_axi|             ddrW1|       pointer|
|m_axi_ddrW1_AWBURST    |  out|    2|       m_axi|             ddrW1|       pointer|
|m_axi_ddrW1_AWLOCK     |  out|    2|       m_axi|             ddrW1|       pointer|
|m_axi_ddrW1_AWCACHE    |  out|    4|       m_axi|             ddrW1|       pointer|
|m_axi_ddrW1_AWPROT     |  out|    3|       m_axi|             ddrW1|       pointer|
|m_axi_ddrW1_AWQOS      |  out|    4|       m_axi|             ddrW1|       pointer|
|m_axi_ddrW1_AWREGION   |  out|    4|       m_axi|             ddrW1|       pointer|
|m_axi_ddrW1_AWUSER     |  out|    1|       m_axi|             ddrW1|       pointer|
|m_axi_ddrW1_WVALID     |  out|    1|       m_axi|             ddrW1|       pointer|
|m_axi_ddrW1_WREADY     |   in|    1|       m_axi|             ddrW1|       pointer|
|m_axi_ddrW1_WDATA      |  out|   32|       m_axi|             ddrW1|       pointer|
|m_axi_ddrW1_WSTRB      |  out|    4|       m_axi|             ddrW1|       pointer|
|m_axi_ddrW1_WLAST      |  out|    1|       m_axi|             ddrW1|       pointer|
|m_axi_ddrW1_WID        |  out|    1|       m_axi|             ddrW1|       pointer|
|m_axi_ddrW1_WUSER      |  out|    1|       m_axi|             ddrW1|       pointer|
|m_axi_ddrW1_ARVALID    |  out|    1|       m_axi|             ddrW1|       pointer|
|m_axi_ddrW1_ARREADY    |   in|    1|       m_axi|             ddrW1|       pointer|
|m_axi_ddrW1_ARADDR     |  out|   64|       m_axi|             ddrW1|       pointer|
|m_axi_ddrW1_ARID       |  out|    1|       m_axi|             ddrW1|       pointer|
|m_axi_ddrW1_ARLEN      |  out|    8|       m_axi|             ddrW1|       pointer|
|m_axi_ddrW1_ARSIZE     |  out|    3|       m_axi|             ddrW1|       pointer|
|m_axi_ddrW1_ARBURST    |  out|    2|       m_axi|             ddrW1|       pointer|
|m_axi_ddrW1_ARLOCK     |  out|    2|       m_axi|             ddrW1|       pointer|
|m_axi_ddrW1_ARCACHE    |  out|    4|       m_axi|             ddrW1|       pointer|
|m_axi_ddrW1_ARPROT     |  out|    3|       m_axi|             ddrW1|       pointer|
|m_axi_ddrW1_ARQOS      |  out|    4|       m_axi|             ddrW1|       pointer|
|m_axi_ddrW1_ARREGION   |  out|    4|       m_axi|             ddrW1|       pointer|
|m_axi_ddrW1_ARUSER     |  out|    1|       m_axi|             ddrW1|       pointer|
|m_axi_ddrW1_RVALID     |   in|    1|       m_axi|             ddrW1|       pointer|
|m_axi_ddrW1_RREADY     |  out|    1|       m_axi|             ddrW1|       pointer|
|m_axi_ddrW1_RDATA      |   in|   32|       m_axi|             ddrW1|       pointer|
|m_axi_ddrW1_RLAST      |   in|    1|       m_axi|             ddrW1|       pointer|
|m_axi_ddrW1_RID        |   in|    1|       m_axi|             ddrW1|       pointer|
|m_axi_ddrW1_RUSER      |   in|    1|       m_axi|             ddrW1|       pointer|
|m_axi_ddrW1_RRESP      |   in|    2|       m_axi|             ddrW1|       pointer|
|m_axi_ddrW1_BVALID     |   in|    1|       m_axi|             ddrW1|       pointer|
|m_axi_ddrW1_BREADY     |  out|    1|       m_axi|             ddrW1|       pointer|
|m_axi_ddrW1_BRESP      |   in|    2|       m_axi|             ddrW1|       pointer|
|m_axi_ddrW1_BID        |   in|    1|       m_axi|             ddrW1|       pointer|
|m_axi_ddrW1_BUSER      |   in|    1|       m_axi|             ddrW1|       pointer|
|m_axi_ddrW2_AWVALID    |  out|    1|       m_axi|             ddrW2|       pointer|
|m_axi_ddrW2_AWREADY    |   in|    1|       m_axi|             ddrW2|       pointer|
|m_axi_ddrW2_AWADDR     |  out|   64|       m_axi|             ddrW2|       pointer|
|m_axi_ddrW2_AWID       |  out|    1|       m_axi|             ddrW2|       pointer|
|m_axi_ddrW2_AWLEN      |  out|    8|       m_axi|             ddrW2|       pointer|
|m_axi_ddrW2_AWSIZE     |  out|    3|       m_axi|             ddrW2|       pointer|
|m_axi_ddrW2_AWBURST    |  out|    2|       m_axi|             ddrW2|       pointer|
|m_axi_ddrW2_AWLOCK     |  out|    2|       m_axi|             ddrW2|       pointer|
|m_axi_ddrW2_AWCACHE    |  out|    4|       m_axi|             ddrW2|       pointer|
|m_axi_ddrW2_AWPROT     |  out|    3|       m_axi|             ddrW2|       pointer|
|m_axi_ddrW2_AWQOS      |  out|    4|       m_axi|             ddrW2|       pointer|
|m_axi_ddrW2_AWREGION   |  out|    4|       m_axi|             ddrW2|       pointer|
|m_axi_ddrW2_AWUSER     |  out|    1|       m_axi|             ddrW2|       pointer|
|m_axi_ddrW2_WVALID     |  out|    1|       m_axi|             ddrW2|       pointer|
|m_axi_ddrW2_WREADY     |   in|    1|       m_axi|             ddrW2|       pointer|
|m_axi_ddrW2_WDATA      |  out|   32|       m_axi|             ddrW2|       pointer|
|m_axi_ddrW2_WSTRB      |  out|    4|       m_axi|             ddrW2|       pointer|
|m_axi_ddrW2_WLAST      |  out|    1|       m_axi|             ddrW2|       pointer|
|m_axi_ddrW2_WID        |  out|    1|       m_axi|             ddrW2|       pointer|
|m_axi_ddrW2_WUSER      |  out|    1|       m_axi|             ddrW2|       pointer|
|m_axi_ddrW2_ARVALID    |  out|    1|       m_axi|             ddrW2|       pointer|
|m_axi_ddrW2_ARREADY    |   in|    1|       m_axi|             ddrW2|       pointer|
|m_axi_ddrW2_ARADDR     |  out|   64|       m_axi|             ddrW2|       pointer|
|m_axi_ddrW2_ARID       |  out|    1|       m_axi|             ddrW2|       pointer|
|m_axi_ddrW2_ARLEN      |  out|    8|       m_axi|             ddrW2|       pointer|
|m_axi_ddrW2_ARSIZE     |  out|    3|       m_axi|             ddrW2|       pointer|
|m_axi_ddrW2_ARBURST    |  out|    2|       m_axi|             ddrW2|       pointer|
|m_axi_ddrW2_ARLOCK     |  out|    2|       m_axi|             ddrW2|       pointer|
|m_axi_ddrW2_ARCACHE    |  out|    4|       m_axi|             ddrW2|       pointer|
|m_axi_ddrW2_ARPROT     |  out|    3|       m_axi|             ddrW2|       pointer|
|m_axi_ddrW2_ARQOS      |  out|    4|       m_axi|             ddrW2|       pointer|
|m_axi_ddrW2_ARREGION   |  out|    4|       m_axi|             ddrW2|       pointer|
|m_axi_ddrW2_ARUSER     |  out|    1|       m_axi|             ddrW2|       pointer|
|m_axi_ddrW2_RVALID     |   in|    1|       m_axi|             ddrW2|       pointer|
|m_axi_ddrW2_RREADY     |  out|    1|       m_axi|             ddrW2|       pointer|
|m_axi_ddrW2_RDATA      |   in|   32|       m_axi|             ddrW2|       pointer|
|m_axi_ddrW2_RLAST      |   in|    1|       m_axi|             ddrW2|       pointer|
|m_axi_ddrW2_RID        |   in|    1|       m_axi|             ddrW2|       pointer|
|m_axi_ddrW2_RUSER      |   in|    1|       m_axi|             ddrW2|       pointer|
|m_axi_ddrW2_RRESP      |   in|    2|       m_axi|             ddrW2|       pointer|
|m_axi_ddrW2_BVALID     |   in|    1|       m_axi|             ddrW2|       pointer|
|m_axi_ddrW2_BREADY     |  out|    1|       m_axi|             ddrW2|       pointer|
|m_axi_ddrW2_BRESP      |   in|    2|       m_axi|             ddrW2|       pointer|
|m_axi_ddrW2_BID        |   in|    1|       m_axi|             ddrW2|       pointer|
|m_axi_ddrW2_BUSER      |   in|    1|       m_axi|             ddrW2|       pointer|
|m_axi_ddrOUT_AWVALID   |  out|    1|       m_axi|            ddrOUT|       pointer|
|m_axi_ddrOUT_AWREADY   |   in|    1|       m_axi|            ddrOUT|       pointer|
|m_axi_ddrOUT_AWADDR    |  out|   64|       m_axi|            ddrOUT|       pointer|
|m_axi_ddrOUT_AWID      |  out|    1|       m_axi|            ddrOUT|       pointer|
|m_axi_ddrOUT_AWLEN     |  out|    8|       m_axi|            ddrOUT|       pointer|
|m_axi_ddrOUT_AWSIZE    |  out|    3|       m_axi|            ddrOUT|       pointer|
|m_axi_ddrOUT_AWBURST   |  out|    2|       m_axi|            ddrOUT|       pointer|
|m_axi_ddrOUT_AWLOCK    |  out|    2|       m_axi|            ddrOUT|       pointer|
|m_axi_ddrOUT_AWCACHE   |  out|    4|       m_axi|            ddrOUT|       pointer|
|m_axi_ddrOUT_AWPROT    |  out|    3|       m_axi|            ddrOUT|       pointer|
|m_axi_ddrOUT_AWQOS     |  out|    4|       m_axi|            ddrOUT|       pointer|
|m_axi_ddrOUT_AWREGION  |  out|    4|       m_axi|            ddrOUT|       pointer|
|m_axi_ddrOUT_AWUSER    |  out|    1|       m_axi|            ddrOUT|       pointer|
|m_axi_ddrOUT_WVALID    |  out|    1|       m_axi|            ddrOUT|       pointer|
|m_axi_ddrOUT_WREADY    |   in|    1|       m_axi|            ddrOUT|       pointer|
|m_axi_ddrOUT_WDATA     |  out|   32|       m_axi|            ddrOUT|       pointer|
|m_axi_ddrOUT_WSTRB     |  out|    4|       m_axi|            ddrOUT|       pointer|
|m_axi_ddrOUT_WLAST     |  out|    1|       m_axi|            ddrOUT|       pointer|
|m_axi_ddrOUT_WID       |  out|    1|       m_axi|            ddrOUT|       pointer|
|m_axi_ddrOUT_WUSER     |  out|    1|       m_axi|            ddrOUT|       pointer|
|m_axi_ddrOUT_ARVALID   |  out|    1|       m_axi|            ddrOUT|       pointer|
|m_axi_ddrOUT_ARREADY   |   in|    1|       m_axi|            ddrOUT|       pointer|
|m_axi_ddrOUT_ARADDR    |  out|   64|       m_axi|            ddrOUT|       pointer|
|m_axi_ddrOUT_ARID      |  out|    1|       m_axi|            ddrOUT|       pointer|
|m_axi_ddrOUT_ARLEN     |  out|    8|       m_axi|            ddrOUT|       pointer|
|m_axi_ddrOUT_ARSIZE    |  out|    3|       m_axi|            ddrOUT|       pointer|
|m_axi_ddrOUT_ARBURST   |  out|    2|       m_axi|            ddrOUT|       pointer|
|m_axi_ddrOUT_ARLOCK    |  out|    2|       m_axi|            ddrOUT|       pointer|
|m_axi_ddrOUT_ARCACHE   |  out|    4|       m_axi|            ddrOUT|       pointer|
|m_axi_ddrOUT_ARPROT    |  out|    3|       m_axi|            ddrOUT|       pointer|
|m_axi_ddrOUT_ARQOS     |  out|    4|       m_axi|            ddrOUT|       pointer|
|m_axi_ddrOUT_ARREGION  |  out|    4|       m_axi|            ddrOUT|       pointer|
|m_axi_ddrOUT_ARUSER    |  out|    1|       m_axi|            ddrOUT|       pointer|
|m_axi_ddrOUT_RVALID    |   in|    1|       m_axi|            ddrOUT|       pointer|
|m_axi_ddrOUT_RREADY    |  out|    1|       m_axi|            ddrOUT|       pointer|
|m_axi_ddrOUT_RDATA     |   in|   32|       m_axi|            ddrOUT|       pointer|
|m_axi_ddrOUT_RLAST     |   in|    1|       m_axi|            ddrOUT|       pointer|
|m_axi_ddrOUT_RID       |   in|    1|       m_axi|            ddrOUT|       pointer|
|m_axi_ddrOUT_RUSER     |   in|    1|       m_axi|            ddrOUT|       pointer|
|m_axi_ddrOUT_RRESP     |   in|    2|       m_axi|            ddrOUT|       pointer|
|m_axi_ddrOUT_BVALID    |   in|    1|       m_axi|            ddrOUT|       pointer|
|m_axi_ddrOUT_BREADY    |  out|    1|       m_axi|            ddrOUT|       pointer|
|m_axi_ddrOUT_BRESP     |   in|    2|       m_axi|            ddrOUT|       pointer|
|m_axi_ddrOUT_BID       |   in|    1|       m_axi|            ddrOUT|       pointer|
|m_axi_ddrOUT_BUSER     |   in|    1|       m_axi|            ddrOUT|       pointer|
+-----------------------+-----+-----+------------+------------------+--------------+

