

================================================================
== Vitis HLS Report for 'action_diff_head_Pipeline_ATTN_O_TILE_ATTN_O_N_LOOP'
================================================================
* Date:           Thu May 28 13:02:49 2026

* Version:        2024.1 (Build 5069499 on May 21 2024)
* Project:        action_diff_hls
* Solution:       sol1 (Vivado IP Flow Target)
* Product family: versalaicore
* Target device:  xcvc1902-vsva2197-2MP-e-S


================================================================
== Performance Estimates
================================================================
+ Timing: 
    * Summary: 
    +--------+---------+----------+------------+
    |  Clock |  Target | Estimated| Uncertainty|
    +--------+---------+----------+------------+
    |ap_clk  |  4.00 ns|  2.569 ns|     1.08 ns|
    +--------+---------+----------+------------+

+ Latency: 
    * Summary: 
    +---------+---------+----------+----------+------+------+-----------------------------------------------+
    |  Latency (cycles) |  Latency (absolute) |   Interval  |                    Pipeline                   |
    |   min   |   max   |    min   |    max   |  min |  max |                      Type                     |
    +---------+---------+----------+----------+------+------+-----------------------------------------------+
    |     1029|     1029|  4.116 us|  4.116 us|  1025|  1025|  loop auto-rewind stp(delay=0 clock cycles(s))|
    +---------+---------+----------+----------+------+------+-----------------------------------------------+

    + Detail: 
        * Instance: 
        +---------------------+-------+---------+---------+----------+----------+-----+-----+---------+
        |                     |       |  Latency (cycles) |  Latency (absolute) |  Interval | Pipeline|
        |       Instance      | Module|   min   |   max   |    min   |    max   | min | max |   Type  |
        +---------------------+-------+---------+---------+----------+----------+-----+-----+---------+
        |tmp_2_sat8_fu_2251   |sat8   |        0|        0|      0 ns|      0 ns|    1|    1|      yes|
        |tmp_3_sat8_fu_2257   |sat8   |        0|        0|      0 ns|      0 ns|    1|    1|      yes|
        |tmp_4_sat8_fu_2263   |sat8   |        0|        0|      0 ns|      0 ns|    1|    1|      yes|
        |tmp_5_sat8_fu_2269   |sat8   |        0|        0|      0 ns|      0 ns|    1|    1|      yes|
        |tmp_6_sat8_fu_2275   |sat8   |        0|        0|      0 ns|      0 ns|    1|    1|      yes|
        |tmp_7_sat8_fu_2281   |sat8   |        0|        0|      0 ns|      0 ns|    1|    1|      yes|
        |tmp_8_sat8_fu_2287   |sat8   |        0|        0|      0 ns|      0 ns|    1|    1|      yes|
        |tmp_9_sat8_fu_2293   |sat8   |        0|        0|      0 ns|      0 ns|    1|    1|      yes|
        |tmp_s_sat8_fu_2299   |sat8   |        0|        0|      0 ns|      0 ns|    1|    1|      yes|
        |tmp_10_sat8_fu_2305  |sat8   |        0|        0|      0 ns|      0 ns|    1|    1|      yes|
        |tmp_11_sat8_fu_2311  |sat8   |        0|        0|      0 ns|      0 ns|    1|    1|      yes|
        |tmp_12_sat8_fu_2317  |sat8   |        0|        0|      0 ns|      0 ns|    1|    1|      yes|
        |tmp_13_sat8_fu_2323  |sat8   |        0|        0|      0 ns|      0 ns|    1|    1|      yes|
        |tmp_14_sat8_fu_2329  |sat8   |        0|        0|      0 ns|      0 ns|    1|    1|      yes|
        |tmp_15_sat8_fu_2335  |sat8   |        0|        0|      0 ns|      0 ns|    1|    1|      yes|
        |tmp_16_sat8_fu_2341  |sat8   |        0|        0|      0 ns|      0 ns|    1|    1|      yes|
        |tmp_17_sat8_fu_2347  |sat8   |        0|        0|      0 ns|      0 ns|    1|    1|      yes|
        |tmp_18_sat8_fu_2353  |sat8   |        0|        0|      0 ns|      0 ns|    1|    1|      yes|
        |tmp_19_sat8_fu_2359  |sat8   |        0|        0|      0 ns|      0 ns|    1|    1|      yes|
        |tmp_20_sat8_fu_2365  |sat8   |        0|        0|      0 ns|      0 ns|    1|    1|      yes|
        |tmp_21_sat8_fu_2371  |sat8   |        0|        0|      0 ns|      0 ns|    1|    1|      yes|
        |tmp_22_sat8_fu_2377  |sat8   |        0|        0|      0 ns|      0 ns|    1|    1|      yes|
        |tmp_23_sat8_fu_2383  |sat8   |        0|        0|      0 ns|      0 ns|    1|    1|      yes|
        |tmp_24_sat8_fu_2389  |sat8   |        0|        0|      0 ns|      0 ns|    1|    1|      yes|
        |tmp_25_sat8_fu_2395  |sat8   |        0|        0|      0 ns|      0 ns|    1|    1|      yes|
        |tmp_26_sat8_fu_2401  |sat8   |        0|        0|      0 ns|      0 ns|    1|    1|      yes|
        |tmp_27_sat8_fu_2407  |sat8   |        0|        0|      0 ns|      0 ns|    1|    1|      yes|
        |tmp_28_sat8_fu_2413  |sat8   |        0|        0|      0 ns|      0 ns|    1|    1|      yes|
        |tmp_29_sat8_fu_2419  |sat8   |        0|        0|      0 ns|      0 ns|    1|    1|      yes|
        |tmp_30_sat8_fu_2425  |sat8   |        0|        0|      0 ns|      0 ns|    1|    1|      yes|
        |tmp_31_sat8_fu_2431  |sat8   |        0|        0|      0 ns|      0 ns|    1|    1|      yes|
        |tmp_32_sat8_fu_2437  |sat8   |        0|        0|      0 ns|      0 ns|    1|    1|      yes|
        |tmp_33_sat8_fu_2443  |sat8   |        0|        0|      0 ns|      0 ns|    1|    1|      yes|
        |tmp_34_sat8_fu_2449  |sat8   |        0|        0|      0 ns|      0 ns|    1|    1|      yes|
        |tmp_35_sat8_fu_2455  |sat8   |        0|        0|      0 ns|      0 ns|    1|    1|      yes|
        |tmp_36_sat8_fu_2461  |sat8   |        0|        0|      0 ns|      0 ns|    1|    1|      yes|
        |tmp_37_sat8_fu_2467  |sat8   |        0|        0|      0 ns|      0 ns|    1|    1|      yes|
        |tmp_38_sat8_fu_2473  |sat8   |        0|        0|      0 ns|      0 ns|    1|    1|      yes|
        |tmp_39_sat8_fu_2479  |sat8   |        0|        0|      0 ns|      0 ns|    1|    1|      yes|
        |tmp_40_sat8_fu_2485  |sat8   |        0|        0|      0 ns|      0 ns|    1|    1|      yes|
        |tmp_41_sat8_fu_2491  |sat8   |        0|        0|      0 ns|      0 ns|    1|    1|      yes|
        |tmp_42_sat8_fu_2497  |sat8   |        0|        0|      0 ns|      0 ns|    1|    1|      yes|
        |tmp_43_sat8_fu_2503  |sat8   |        0|        0|      0 ns|      0 ns|    1|    1|      yes|
        |tmp_44_sat8_fu_2509  |sat8   |        0|        0|      0 ns|      0 ns|    1|    1|      yes|
        |tmp_45_sat8_fu_2515  |sat8   |        0|        0|      0 ns|      0 ns|    1|    1|      yes|
        |tmp_46_sat8_fu_2521  |sat8   |        0|        0|      0 ns|      0 ns|    1|    1|      yes|
        |tmp_47_sat8_fu_2527  |sat8   |        0|        0|      0 ns|      0 ns|    1|    1|      yes|
        |tmp_48_sat8_fu_2533  |sat8   |        0|        0|      0 ns|      0 ns|    1|    1|      yes|
        |tmp_49_sat8_fu_2539  |sat8   |        0|        0|      0 ns|      0 ns|    1|    1|      yes|
        |tmp_50_sat8_fu_2545  |sat8   |        0|        0|      0 ns|      0 ns|    1|    1|      yes|
        |tmp_51_sat8_fu_2551  |sat8   |        0|        0|      0 ns|      0 ns|    1|    1|      yes|
        |tmp_52_sat8_fu_2557  |sat8   |        0|        0|      0 ns|      0 ns|    1|    1|      yes|
        |tmp_53_sat8_fu_2563  |sat8   |        0|        0|      0 ns|      0 ns|    1|    1|      yes|
        |tmp_54_sat8_fu_2569  |sat8   |        0|        0|      0 ns|      0 ns|    1|    1|      yes|
        |tmp_55_sat8_fu_2575  |sat8   |        0|        0|      0 ns|      0 ns|    1|    1|      yes|
        |tmp_56_sat8_fu_2581  |sat8   |        0|        0|      0 ns|      0 ns|    1|    1|      yes|
        |tmp_57_sat8_fu_2587  |sat8   |        0|        0|      0 ns|      0 ns|    1|    1|      yes|
        |tmp_58_sat8_fu_2593  |sat8   |        0|        0|      0 ns|      0 ns|    1|    1|      yes|
        |tmp_59_sat8_fu_2599  |sat8   |        0|        0|      0 ns|      0 ns|    1|    1|      yes|
        |tmp_60_sat8_fu_2605  |sat8   |        0|        0|      0 ns|      0 ns|    1|    1|      yes|
        |tmp_61_sat8_fu_2611  |sat8   |        0|        0|      0 ns|      0 ns|    1|    1|      yes|
        |tmp_62_sat8_fu_2617  |sat8   |        0|        0|      0 ns|      0 ns|    1|    1|      yes|
        |tmp_63_sat8_fu_2623  |sat8   |        0|        0|      0 ns|      0 ns|    1|    1|      yes|
        |tmp_64_sat8_fu_2629  |sat8   |        0|        0|      0 ns|      0 ns|    1|    1|      yes|
        +---------------------+-------+---------+---------+----------+----------+-----+-----+---------+

        * Loop: 
        +-----------------------------+---------+---------+----------+-----------+-----------+------+----------+
        |                             |  Latency (cycles) | Iteration|  Initiation Interval  | Trip |          |
        |          Loop Name          |   min   |   max   |  Latency |  achieved |   target  | Count| Pipelined|
        +-----------------------------+---------+---------+----------+-----------+-----------+------+----------+
        |- ATTN_O_TILE_ATTN_O_N_LOOP  |     1027|     1027|         5|          1|          1|  1024|       yes|
        +-----------------------------+---------+---------+----------+-----------+-----------+------+----------+



================================================================
== Utilization Estimates
================================================================
* Summary: 
+-----------------+---------+------+---------+--------+-----+
|       Name      | BRAM_18K|  DSP |    FF   |   LUT  | URAM|
+-----------------+---------+------+---------+--------+-----+
|DSP              |        -|    64|        -|       -|    -|
|Expression       |        -|     -|        0|    1980|    -|
|FIFO             |        -|     -|        -|       -|    -|
|Instance         |        -|     -|        0|    2016|    -|
|Memory           |        -|     -|        -|       -|    -|
|Multiplexer      |        -|     -|        0|    4208|    -|
|Register         |        -|     -|     2103|       8|    -|
+-----------------+---------+------+---------+--------+-----+
|Total            |        0|    64|     2103|    8212|    0|
+-----------------+---------+------+---------+--------+-----+
|Available        |     1934|  1968|  1799680|  899840|  463|
+-----------------+---------+------+---------+--------+-----+
|Utilization (%)  |        0|     3|       ~0|      ~0|    0|
+-----------------+---------+------+---------+--------+-----+

+ Detail: 
    * Instance: 
    +---------------------+-------+---------+----+---+----+-----+
    |       Instance      | Module| BRAM_18K| DSP| FF| LUT| URAM|
    +---------------------+-------+---------+----+---+----+-----+
    |tmp_2_sat8_fu_2251   |sat8   |        0|   0|  0|  32|    0|
    |tmp_3_sat8_fu_2257   |sat8   |        0|   0|  0|  32|    0|
    |tmp_4_sat8_fu_2263   |sat8   |        0|   0|  0|  32|    0|
    |tmp_5_sat8_fu_2269   |sat8   |        0|   0|  0|  32|    0|
    |tmp_6_sat8_fu_2275   |sat8   |        0|   0|  0|  32|    0|
    |tmp_7_sat8_fu_2281   |sat8   |        0|   0|  0|  32|    0|
    |tmp_8_sat8_fu_2287   |sat8   |        0|   0|  0|  32|    0|
    |tmp_9_sat8_fu_2293   |sat8   |        0|   0|  0|  32|    0|
    |tmp_s_sat8_fu_2299   |sat8   |        0|   0|  0|  32|    0|
    |tmp_11_sat8_fu_2311  |sat8   |        0|   0|  0|  32|    0|
    |tmp_12_sat8_fu_2317  |sat8   |        0|   0|  0|  32|    0|
    |tmp_13_sat8_fu_2323  |sat8   |        0|   0|  0|  32|    0|
    |tmp_14_sat8_fu_2329  |sat8   |        0|   0|  0|  32|    0|
    |tmp_15_sat8_fu_2335  |sat8   |        0|   0|  0|  32|    0|
    |tmp_16_sat8_fu_2341  |sat8   |        0|   0|  0|  32|    0|
    |tmp_17_sat8_fu_2347  |sat8   |        0|   0|  0|  32|    0|
    |tmp_18_sat8_fu_2353  |sat8   |        0|   0|  0|  32|    0|
    |tmp_19_sat8_fu_2359  |sat8   |        0|   0|  0|  32|    0|
    |tmp_20_sat8_fu_2365  |sat8   |        0|   0|  0|  32|    0|
    |tmp_21_sat8_fu_2371  |sat8   |        0|   0|  0|  32|    0|
    |tmp_22_sat8_fu_2377  |sat8   |        0|   0|  0|  32|    0|
    |tmp_23_sat8_fu_2383  |sat8   |        0|   0|  0|  32|    0|
    |tmp_24_sat8_fu_2389  |sat8   |        0|   0|  0|  32|    0|
    |tmp_25_sat8_fu_2395  |sat8   |        0|   0|  0|  32|    0|
    |tmp_26_sat8_fu_2401  |sat8   |        0|   0|  0|  32|    0|
    |tmp_27_sat8_fu_2407  |sat8   |        0|   0|  0|  32|    0|
    |tmp_28_sat8_fu_2413  |sat8   |        0|   0|  0|  32|    0|
    |tmp_29_sat8_fu_2419  |sat8   |        0|   0|  0|  32|    0|
    |tmp_30_sat8_fu_2425  |sat8   |        0|   0|  0|  32|    0|
    |tmp_31_sat8_fu_2431  |sat8   |        0|   0|  0|  32|    0|
    |tmp_32_sat8_fu_2437  |sat8   |        0|   0|  0|  32|    0|
    |tmp_33_sat8_fu_2443  |sat8   |        0|   0|  0|  32|    0|
    |tmp_34_sat8_fu_2449  |sat8   |        0|   0|  0|  32|    0|
    |tmp_35_sat8_fu_2455  |sat8   |        0|   0|  0|  32|    0|
    |tmp_36_sat8_fu_2461  |sat8   |        0|   0|  0|  32|    0|
    |tmp_37_sat8_fu_2467  |sat8   |        0|   0|  0|  32|    0|
    |tmp_38_sat8_fu_2473  |sat8   |        0|   0|  0|  32|    0|
    |tmp_39_sat8_fu_2479  |sat8   |        0|   0|  0|  32|    0|
    |tmp_40_sat8_fu_2485  |sat8   |        0|   0|  0|  32|    0|
    |tmp_41_sat8_fu_2491  |sat8   |        0|   0|  0|  32|    0|
    |tmp_42_sat8_fu_2497  |sat8   |        0|   0|  0|  32|    0|
    |tmp_43_sat8_fu_2503  |sat8   |        0|   0|  0|  32|    0|
    |tmp_44_sat8_fu_2509  |sat8   |        0|   0|  0|  32|    0|
    |tmp_45_sat8_fu_2515  |sat8   |        0|   0|  0|  32|    0|
    |tmp_46_sat8_fu_2521  |sat8   |        0|   0|  0|  32|    0|
    |tmp_47_sat8_fu_2527  |sat8   |        0|   0|  0|  32|    0|
    |tmp_48_sat8_fu_2533  |sat8   |        0|   0|  0|  32|    0|
    |tmp_49_sat8_fu_2539  |sat8   |        0|   0|  0|  32|    0|
    |tmp_50_sat8_fu_2545  |sat8   |        0|   0|  0|  32|    0|
    |tmp_51_sat8_fu_2551  |sat8   |        0|   0|  0|  32|    0|
    |tmp_52_sat8_fu_2557  |sat8   |        0|   0|  0|  32|    0|
    |tmp_53_sat8_fu_2563  |sat8   |        0|   0|  0|  32|    0|
    |tmp_54_sat8_fu_2569  |sat8   |        0|   0|  0|  32|    0|
    |tmp_55_sat8_fu_2575  |sat8   |        0|   0|  0|  32|    0|
    |tmp_56_sat8_fu_2581  |sat8   |        0|   0|  0|  32|    0|
    |tmp_57_sat8_fu_2587  |sat8   |        0|   0|  0|  32|    0|
    |tmp_58_sat8_fu_2593  |sat8   |        0|   0|  0|  32|    0|
    |tmp_59_sat8_fu_2599  |sat8   |        0|   0|  0|  32|    0|
    |tmp_60_sat8_fu_2605  |sat8   |        0|   0|  0|  32|    0|
    |tmp_61_sat8_fu_2611  |sat8   |        0|   0|  0|  32|    0|
    |tmp_62_sat8_fu_2617  |sat8   |        0|   0|  0|  32|    0|
    |tmp_63_sat8_fu_2623  |sat8   |        0|   0|  0|  32|    0|
    |tmp_64_sat8_fu_2629  |sat8   |        0|   0|  0|  32|    0|
    +---------------------+-------+---------+----+---+----+-----+
    |Total                |       |        0|   0|  0|2016|    0|
    +---------------------+-------+---------+----+---+----+-----+

    * DSP: 
    +------------------------------------+------------------------------+--------------+
    |              Instance              |            Module            |  Expression  |
    +------------------------------------+------------------------------+--------------+
    |mac_muladd_16s_8s_32s_32_4_1_U1222  |mac_muladd_16s_8s_32s_32_4_1  |  i0 * i1 + i2|
    |mac_muladd_16s_8s_32s_32_4_1_U1223  |mac_muladd_16s_8s_32s_32_4_1  |  i0 * i1 + i2|
    |mac_muladd_16s_8s_32s_32_4_1_U1224  |mac_muladd_16s_8s_32s_32_4_1  |  i0 * i1 + i2|
    |mac_muladd_16s_8s_32s_32_4_1_U1225  |mac_muladd_16s_8s_32s_32_4_1  |  i0 * i1 + i2|
    |mac_muladd_16s_8s_32s_32_4_1_U1226  |mac_muladd_16s_8s_32s_32_4_1  |  i0 * i1 + i2|
    |mac_muladd_16s_8s_32s_32_4_1_U1227  |mac_muladd_16s_8s_32s_32_4_1  |  i0 * i1 + i2|
    |mac_muladd_16s_8s_32s_32_4_1_U1228  |mac_muladd_16s_8s_32s_32_4_1  |  i0 * i1 + i2|
    |mac_muladd_16s_8s_32s_32_4_1_U1229  |mac_muladd_16s_8s_32s_32_4_1  |  i0 * i1 + i2|
    |mac_muladd_16s_8s_32s_32_4_1_U1230  |mac_muladd_16s_8s_32s_32_4_1  |  i0 * i1 + i2|
    |mac_muladd_16s_8s_32s_32_4_1_U1231  |mac_muladd_16s_8s_32s_32_4_1  |  i0 * i1 + i2|
    |mac_muladd_16s_8s_32s_32_4_1_U1232  |mac_muladd_16s_8s_32s_32_4_1  |  i0 * i1 + i2|
    |mac_muladd_16s_8s_32s_32_4_1_U1233  |mac_muladd_16s_8s_32s_32_4_1  |  i0 * i1 + i2|
    |mac_muladd_16s_8s_32s_32_4_1_U1234  |mac_muladd_16s_8s_32s_32_4_1  |  i0 * i1 + i2|
    |mac_muladd_16s_8s_32s_32_4_1_U1235  |mac_muladd_16s_8s_32s_32_4_1  |  i0 * i1 + i2|
    |mac_muladd_16s_8s_32s_32_4_1_U1236  |mac_muladd_16s_8s_32s_32_4_1  |  i0 * i1 + i2|
    |mac_muladd_16s_8s_32s_32_4_1_U1237  |mac_muladd_16s_8s_32s_32_4_1  |  i0 * i1 + i2|
    |mac_muladd_16s_8s_32s_32_4_1_U1238  |mac_muladd_16s_8s_32s_32_4_1  |  i0 * i1 + i2|
    |mac_muladd_16s_8s_32s_32_4_1_U1239  |mac_muladd_16s_8s_32s_32_4_1  |  i0 * i1 + i2|
    |mac_muladd_16s_8s_32s_32_4_1_U1240  |mac_muladd_16s_8s_32s_32_4_1  |  i0 * i1 + i2|
    |mac_muladd_16s_8s_32s_32_4_1_U1241  |mac_muladd_16s_8s_32s_32_4_1  |  i0 * i1 + i2|
    |mac_muladd_16s_8s_32s_32_4_1_U1242  |mac_muladd_16s_8s_32s_32_4_1  |  i0 * i1 + i2|
    |mac_muladd_16s_8s_32s_32_4_1_U1243  |mac_muladd_16s_8s_32s_32_4_1  |  i0 * i1 + i2|
    |mac_muladd_16s_8s_32s_32_4_1_U1244  |mac_muladd_16s_8s_32s_32_4_1  |  i0 * i1 + i2|
    |mac_muladd_16s_8s_32s_32_4_1_U1245  |mac_muladd_16s_8s_32s_32_4_1  |  i0 * i1 + i2|
    |mac_muladd_16s_8s_32s_32_4_1_U1246  |mac_muladd_16s_8s_32s_32_4_1  |  i0 * i1 + i2|
    |mac_muladd_16s_8s_32s_32_4_1_U1247  |mac_muladd_16s_8s_32s_32_4_1  |  i0 * i1 + i2|
    |mac_muladd_16s_8s_32s_32_4_1_U1248  |mac_muladd_16s_8s_32s_32_4_1  |  i0 * i1 + i2|
    |mac_muladd_16s_8s_32s_32_4_1_U1249  |mac_muladd_16s_8s_32s_32_4_1  |  i0 * i1 + i2|
    |mac_muladd_16s_8s_32s_32_4_1_U1250  |mac_muladd_16s_8s_32s_32_4_1  |  i0 * i1 + i2|
    |mac_muladd_16s_8s_32s_32_4_1_U1251  |mac_muladd_16s_8s_32s_32_4_1  |  i0 * i1 + i2|
    |mac_muladd_16s_8s_32s_32_4_1_U1252  |mac_muladd_16s_8s_32s_32_4_1  |  i0 * i1 + i2|
    |mac_muladd_16s_8s_32s_32_4_1_U1253  |mac_muladd_16s_8s_32s_32_4_1  |  i0 * i1 + i2|
    |mac_muladd_16s_8s_32s_32_4_1_U1254  |mac_muladd_16s_8s_32s_32_4_1  |  i0 * i1 + i2|
    |mac_muladd_16s_8s_32s_32_4_1_U1255  |mac_muladd_16s_8s_32s_32_4_1  |  i0 * i1 + i2|
    |mac_muladd_16s_8s_32s_32_4_1_U1256  |mac_muladd_16s_8s_32s_32_4_1  |  i0 * i1 + i2|
    |mac_muladd_16s_8s_32s_32_4_1_U1257  |mac_muladd_16s_8s_32s_32_4_1  |  i0 * i1 + i2|
    |mac_muladd_16s_8s_32s_32_4_1_U1258  |mac_muladd_16s_8s_32s_32_4_1  |  i0 * i1 + i2|
    |mac_muladd_16s_8s_32s_32_4_1_U1259  |mac_muladd_16s_8s_32s_32_4_1  |  i0 * i1 + i2|
    |mac_muladd_16s_8s_32s_32_4_1_U1260  |mac_muladd_16s_8s_32s_32_4_1  |  i0 * i1 + i2|
    |mac_muladd_16s_8s_32s_32_4_1_U1261  |mac_muladd_16s_8s_32s_32_4_1  |  i0 * i1 + i2|
    |mac_muladd_16s_8s_32s_32_4_1_U1262  |mac_muladd_16s_8s_32s_32_4_1  |  i0 * i1 + i2|
    |mac_muladd_16s_8s_32s_32_4_1_U1263  |mac_muladd_16s_8s_32s_32_4_1  |  i0 * i1 + i2|
    |mac_muladd_16s_8s_32s_32_4_1_U1264  |mac_muladd_16s_8s_32s_32_4_1  |  i0 * i1 + i2|
    |mac_muladd_16s_8s_32s_32_4_1_U1265  |mac_muladd_16s_8s_32s_32_4_1  |  i0 * i1 + i2|
    |mac_muladd_16s_8s_32s_32_4_1_U1266  |mac_muladd_16s_8s_32s_32_4_1  |  i0 * i1 + i2|
    |mac_muladd_16s_8s_32s_32_4_1_U1267  |mac_muladd_16s_8s_32s_32_4_1  |  i0 * i1 + i2|
    |mac_muladd_16s_8s_32s_32_4_1_U1268  |mac_muladd_16s_8s_32s_32_4_1  |  i0 * i1 + i2|
    |mac_muladd_16s_8s_32s_32_4_1_U1269  |mac_muladd_16s_8s_32s_32_4_1  |  i0 * i1 + i2|
    |mac_muladd_16s_8s_32s_32_4_1_U1270  |mac_muladd_16s_8s_32s_32_4_1  |  i0 * i1 + i2|
    |mac_muladd_16s_8s_32s_32_4_1_U1271  |mac_muladd_16s_8s_32s_32_4_1  |  i0 * i1 + i2|
    |mac_muladd_16s_8s_32s_32_4_1_U1272  |mac_muladd_16s_8s_32s_32_4_1  |  i0 * i1 + i2|
    |mac_muladd_16s_8s_32s_32_4_1_U1273  |mac_muladd_16s_8s_32s_32_4_1  |  i0 * i1 + i2|
    |mac_muladd_16s_8s_32s_32_4_1_U1274  |mac_muladd_16s_8s_32s_32_4_1  |  i0 * i1 + i2|
    |mac_muladd_16s_8s_32s_32_4_1_U1275  |mac_muladd_16s_8s_32s_32_4_1  |  i0 * i1 + i2|
    |mac_muladd_16s_8s_32s_32_4_1_U1276  |mac_muladd_16s_8s_32s_32_4_1  |  i0 * i1 + i2|
    |mac_muladd_16s_8s_32s_32_4_1_U1277  |mac_muladd_16s_8s_32s_32_4_1  |  i0 * i1 + i2|
    |mac_muladd_16s_8s_32s_32_4_1_U1278  |mac_muladd_16s_8s_32s_32_4_1  |  i0 * i1 + i2|
    |mac_muladd_16s_8s_32s_32_4_1_U1279  |mac_muladd_16s_8s_32s_32_4_1  |  i0 * i1 + i2|
    |mac_muladd_16s_8s_32s_32_4_1_U1280  |mac_muladd_16s_8s_32s_32_4_1  |  i0 * i1 + i2|
    |mac_muladd_16s_8s_32s_32_4_1_U1281  |mac_muladd_16s_8s_32s_32_4_1  |  i0 * i1 + i2|
    |mac_muladd_16s_8s_32s_32_4_1_U1282  |mac_muladd_16s_8s_32s_32_4_1  |  i0 * i1 + i2|
    |mac_muladd_16s_8s_32s_32_4_1_U1283  |mac_muladd_16s_8s_32s_32_4_1  |  i0 * i1 + i2|
    |mac_muladd_16s_8s_32s_32_4_1_U1284  |mac_muladd_16s_8s_32s_32_4_1  |  i0 * i1 + i2|
    |mac_muladd_16s_8s_32s_32_4_1_U1285  |mac_muladd_16s_8s_32s_32_4_1  |  i0 * i1 + i2|
    +------------------------------------+------------------------------+--------------+

    * Memory: 
    N/A

    * FIFO: 
    N/A

    * Expression: 
    +----------------------------+----------+----+---+----+------------+------------+
    |        Variable Name       | Operation| DSP| FF| LUT| Bitwidth P0| Bitwidth P1|
    +----------------------------+----------+----+---+----+------------+------------+
    |add_ln217_1_fu_3445_p2      |         +|   0|  0|  11|          11|           1|
    |add_ln217_fu_3469_p2        |         +|   0|  0|   9|           9|           7|
    |add_ln224_fu_3852_p2        |         +|   0|  0|   9|           9|           1|
    |icmp_ln217_fu_3451_p2       |      icmp|   0|  0|   5|          11|          12|
    |icmp_ln224_1_fu_3858_p2     |      icmp|   0|  0|   4|           9|          10|
    |icmp_ln224_fu_3475_p2       |      icmp|   0|  0|   4|           9|          10|
    |grp_fu_7619_p2              |    select|   0|  0|  30|           1|           1|
    |grp_fu_7630_p2              |    select|   0|  0|  30|           1|           1|
    |grp_fu_7641_p2              |    select|   0|  0|  30|           1|           1|
    |grp_fu_7652_p2              |    select|   0|  0|  30|           1|           1|
    |grp_fu_7663_p2              |    select|   0|  0|  30|           1|           1|
    |grp_fu_7674_p2              |    select|   0|  0|  30|           1|           1|
    |grp_fu_7685_p2              |    select|   0|  0|  30|           1|           1|
    |grp_fu_7696_p2              |    select|   0|  0|  30|           1|           1|
    |grp_fu_7707_p2              |    select|   0|  0|  30|           1|           1|
    |grp_fu_7718_p2              |    select|   0|  0|  30|           1|           1|
    |grp_fu_7729_p2              |    select|   0|  0|  30|           1|           1|
    |grp_fu_7740_p2              |    select|   0|  0|  30|           1|           1|
    |grp_fu_7751_p2              |    select|   0|  0|  30|           1|           1|
    |grp_fu_7762_p2              |    select|   0|  0|  30|           1|           1|
    |grp_fu_7773_p2              |    select|   0|  0|  30|           1|           1|
    |grp_fu_7784_p2              |    select|   0|  0|  30|           1|           1|
    |grp_fu_7795_p2              |    select|   0|  0|  30|           1|           1|
    |grp_fu_7806_p2              |    select|   0|  0|  30|           1|           1|
    |grp_fu_7817_p2              |    select|   0|  0|  30|           1|           1|
    |grp_fu_7828_p2              |    select|   0|  0|  30|           1|           1|
    |grp_fu_7839_p2              |    select|   0|  0|  30|           1|           1|
    |grp_fu_7850_p2              |    select|   0|  0|  30|           1|           1|
    |grp_fu_7861_p2              |    select|   0|  0|  30|           1|           1|
    |grp_fu_7872_p2              |    select|   0|  0|  30|           1|           1|
    |grp_fu_7883_p2              |    select|   0|  0|  30|           1|           1|
    |grp_fu_7894_p2              |    select|   0|  0|  30|           1|           1|
    |grp_fu_7905_p2              |    select|   0|  0|  30|           1|           1|
    |grp_fu_7916_p2              |    select|   0|  0|  30|           1|           1|
    |grp_fu_7927_p2              |    select|   0|  0|  30|           1|           1|
    |grp_fu_7938_p2              |    select|   0|  0|  30|           1|           1|
    |grp_fu_7949_p2              |    select|   0|  0|  30|           1|           1|
    |grp_fu_7960_p2              |    select|   0|  0|  30|           1|           1|
    |grp_fu_7971_p2              |    select|   0|  0|  30|           1|           1|
    |grp_fu_7982_p2              |    select|   0|  0|  30|           1|           1|
    |grp_fu_7993_p2              |    select|   0|  0|  30|           1|           1|
    |grp_fu_8004_p2              |    select|   0|  0|  30|           1|           1|
    |grp_fu_8015_p2              |    select|   0|  0|  30|           1|           1|
    |grp_fu_8026_p2              |    select|   0|  0|  30|           1|           1|
    |grp_fu_8037_p2              |    select|   0|  0|  30|           1|           1|
    |grp_fu_8048_p2              |    select|   0|  0|  30|           1|           1|
    |grp_fu_8059_p2              |    select|   0|  0|  30|           1|           1|
    |grp_fu_8070_p2              |    select|   0|  0|  30|           1|           1|
    |grp_fu_8081_p2              |    select|   0|  0|  30|           1|           1|
    |grp_fu_8092_p2              |    select|   0|  0|  30|           1|           1|
    |grp_fu_8103_p2              |    select|   0|  0|  30|           1|           1|
    |grp_fu_8114_p2              |    select|   0|  0|  30|           1|           1|
    |grp_fu_8125_p2              |    select|   0|  0|  30|           1|           1|
    |grp_fu_8136_p2              |    select|   0|  0|  30|           1|           1|
    |grp_fu_8147_p2              |    select|   0|  0|  30|           1|           1|
    |grp_fu_8158_p2              |    select|   0|  0|  30|           1|           1|
    |grp_fu_8169_p2              |    select|   0|  0|  30|           1|           1|
    |grp_fu_8180_p2              |    select|   0|  0|  30|           1|           1|
    |grp_fu_8191_p2              |    select|   0|  0|  30|           1|           1|
    |grp_fu_8202_p2              |    select|   0|  0|  30|           1|           1|
    |grp_fu_8213_p2              |    select|   0|  0|  30|           1|           1|
    |grp_fu_8224_p2              |    select|   0|  0|  30|           1|           1|
    |grp_fu_8235_p2              |    select|   0|  0|  30|           1|           1|
    |grp_fu_8246_p2              |    select|   0|  0|  30|           1|           1|
    |grp_fu_8257_p2              |    select|   0|  0|  30|           1|           1|
    |grp_fu_8268_p2              |    select|   0|  0|  30|           1|           1|
    |grp_fu_8279_p2              |    select|   0|  0|  30|           1|           1|
    |grp_fu_8290_p2              |    select|   0|  0|  30|           1|           1|
    |grp_fu_8301_p2              |    select|   0|  0|  30|           1|           1|
    |grp_fu_8312_p2              |    select|   0|  0|  30|           1|           1|
    |select_ln217_65_fu_3493_p3  |    select|   0|  0|   8|           1|           9|
    |select_ln217_fu_3481_p3     |    select|   0|  0|   8|           1|           1|
    |ap_enable_pp0               |       xor|   0|  0|   2|           1|           2|
    +----------------------------+----------+----+---+----+------------+------------+
    |Total                       |          |   0|  0|1980|         125|         117|
    +----------------------------+----------+----+---+----+------------+------------+

    * Multiplexer: 
    +-----------------------------------------+----+-----------+-----+-----------+
    |                   Name                  | LUT| Input Size| Bits| Total Bits|
    +-----------------------------------------+----+-----------+-----+-----------+
    |ap_done_int                              |   8|          2|    1|          2|
    |ap_enable_reg_pp0_iter1                  |   8|          2|    1|          2|
    |ap_sig_allocacmp_c0_1_load               |  16|          2|    9|         18|
    |ap_sig_allocacmp_indvar_flatten111_load  |  16|          2|   11|         22|
    |ap_sig_allocacmp_n_load                  |  16|          2|    9|         18|
    |ap_sig_allocacmp_p_load                  |  32|          2|   32|         64|
    |ap_sig_allocacmp_p_load100               |  32|          2|   32|         64|
    |ap_sig_allocacmp_p_load101               |  32|          2|   32|         64|
    |ap_sig_allocacmp_p_load102               |  32|          2|   32|         64|
    |ap_sig_allocacmp_p_load103               |  32|          2|   32|         64|
    |ap_sig_allocacmp_p_load104               |  32|          2|   32|         64|
    |ap_sig_allocacmp_p_load105               |  32|          2|   32|         64|
    |ap_sig_allocacmp_p_load106               |  32|          2|   32|         64|
    |ap_sig_allocacmp_p_load107               |  32|          2|   32|         64|
    |ap_sig_allocacmp_p_load108               |  32|          2|   32|         64|
    |ap_sig_allocacmp_p_load109               |  32|          2|   32|         64|
    |ap_sig_allocacmp_p_load110               |  32|          2|   32|         64|
    |ap_sig_allocacmp_p_load111               |  32|          2|   32|         64|
    |ap_sig_allocacmp_p_load112               |  32|          2|   32|         64|
    |ap_sig_allocacmp_p_load113               |  32|          2|   32|         64|
    |ap_sig_allocacmp_p_load114               |  32|          2|   32|         64|
    |ap_sig_allocacmp_p_load115               |  32|          2|   32|         64|
    |ap_sig_allocacmp_p_load116               |  32|          2|   32|         64|
    |ap_sig_allocacmp_p_load117               |  32|          2|   32|         64|
    |ap_sig_allocacmp_p_load118               |  32|          2|   32|         64|
    |ap_sig_allocacmp_p_load119               |  32|          2|   32|         64|
    |ap_sig_allocacmp_p_load120               |  32|          2|   32|         64|
    |ap_sig_allocacmp_p_load121               |  32|          2|   32|         64|
    |ap_sig_allocacmp_p_load122               |  32|          2|   32|         64|
    |ap_sig_allocacmp_p_load123               |  32|          2|   32|         64|
    |ap_sig_allocacmp_p_load124               |  32|          2|   32|         64|
    |ap_sig_allocacmp_p_load125               |  32|          2|   32|         64|
    |ap_sig_allocacmp_p_load126               |  32|          2|   32|         64|
    |ap_sig_allocacmp_p_load127               |  32|          2|   32|         64|
    |ap_sig_allocacmp_p_load128               |  32|          2|   32|         64|
    |ap_sig_allocacmp_p_load129               |  32|          2|   32|         64|
    |ap_sig_allocacmp_p_load130               |  32|          2|   32|         64|
    |ap_sig_allocacmp_p_load68                |  32|          2|   32|         64|
    |ap_sig_allocacmp_p_load69                |  32|          2|   32|         64|
    |ap_sig_allocacmp_p_load70                |  32|          2|   32|         64|
    |ap_sig_allocacmp_p_load71                |  32|          2|   32|         64|
    |ap_sig_allocacmp_p_load72                |  32|          2|   32|         64|
    |ap_sig_allocacmp_p_load73                |  32|          2|   32|         64|
    |ap_sig_allocacmp_p_load74                |  32|          2|   32|         64|
    |ap_sig_allocacmp_p_load75                |  32|          2|   32|         64|
    |ap_sig_allocacmp_p_load76                |  32|          2|   32|         64|
    |ap_sig_allocacmp_p_load77                |  32|          2|   32|         64|
    |ap_sig_allocacmp_p_load78                |  32|          2|   32|         64|
    |ap_sig_allocacmp_p_load79                |  32|          2|   32|         64|
    |ap_sig_allocacmp_p_load80                |  32|          2|   32|         64|
    |ap_sig_allocacmp_p_load81                |  32|          2|   32|         64|
    |ap_sig_allocacmp_p_load82                |  32|          2|   32|         64|
    |ap_sig_allocacmp_p_load83                |  32|          2|   32|         64|
    |ap_sig_allocacmp_p_load84                |  32|          2|   32|         64|
    |ap_sig_allocacmp_p_load85                |  32|          2|   32|         64|
    |ap_sig_allocacmp_p_load86                |  32|          2|   32|         64|
    |ap_sig_allocacmp_p_load87                |  32|          2|   32|         64|
    |ap_sig_allocacmp_p_load88                |  32|          2|   32|         64|
    |ap_sig_allocacmp_p_load89                |  32|          2|   32|         64|
    |ap_sig_allocacmp_p_load90                |  32|          2|   32|         64|
    |ap_sig_allocacmp_p_load91                |  32|          2|   32|         64|
    |ap_sig_allocacmp_p_load92                |  32|          2|   32|         64|
    |ap_sig_allocacmp_p_load93                |  32|          2|   32|         64|
    |ap_sig_allocacmp_p_load94                |  32|          2|   32|         64|
    |ap_sig_allocacmp_p_load95                |  32|          2|   32|         64|
    |ap_sig_allocacmp_p_load96                |  32|          2|   32|         64|
    |ap_sig_allocacmp_p_load97                |  32|          2|   32|         64|
    |ap_sig_allocacmp_p_load98                |  32|          2|   32|         64|
    |ap_sig_allocacmp_p_load99                |  32|          2|   32|         64|
    |c0_1_fu_566                              |  16|          2|    9|         18|
    |empty_184_fu_310                         |  32|          2|   32|         64|
    |empty_185_fu_314                         |  32|          2|   32|         64|
    |empty_186_fu_318                         |  32|          2|   32|         64|
    |empty_187_fu_322                         |  32|          2|   32|         64|
    |empty_188_fu_326                         |  32|          2|   32|         64|
    |empty_189_fu_330                         |  32|          2|   32|         64|
    |empty_190_fu_334                         |  32|          2|   32|         64|
    |empty_191_fu_338                         |  32|          2|   32|         64|
    |empty_192_fu_342                         |  32|          2|   32|         64|
    |empty_193_fu_346                         |  32|          2|   32|         64|
    |empty_194_fu_350                         |  32|          2|   32|         64|
    |empty_195_fu_354                         |  32|          2|   32|         64|
    |empty_196_fu_358                         |  32|          2|   32|         64|
    |empty_197_fu_362                         |  32|          2|   32|         64|
    |empty_198_fu_366                         |  32|          2|   32|         64|
    |empty_199_fu_370                         |  32|          2|   32|         64|
    |empty_200_fu_374                         |  32|          2|   32|         64|
    |empty_201_fu_378                         |  32|          2|   32|         64|
    |empty_202_fu_382                         |  32|          2|   32|         64|
    |empty_203_fu_386                         |  32|          2|   32|         64|
    |empty_204_fu_390                         |  32|          2|   32|         64|
    |empty_205_fu_394                         |  32|          2|   32|         64|
    |empty_206_fu_398                         |  32|          2|   32|         64|
    |empty_207_fu_402                         |  32|          2|   32|         64|
    |empty_208_fu_406                         |  32|          2|   32|         64|
    |empty_209_fu_410                         |  32|          2|   32|         64|
    |empty_210_fu_414                         |  32|          2|   32|         64|
    |empty_211_fu_418                         |  32|          2|   32|         64|
    |empty_212_fu_422                         |  32|          2|   32|         64|
    |empty_213_fu_426                         |  32|          2|   32|         64|
    |empty_214_fu_430                         |  32|          2|   32|         64|
    |empty_215_fu_434                         |  32|          2|   32|         64|
    |empty_216_fu_438                         |  32|          2|   32|         64|
    |empty_217_fu_442                         |  32|          2|   32|         64|
    |empty_218_fu_446                         |  32|          2|   32|         64|
    |empty_219_fu_450                         |  32|          2|   32|         64|
    |empty_220_fu_454                         |  32|          2|   32|         64|
    |empty_221_fu_458                         |  32|          2|   32|         64|
    |empty_222_fu_462                         |  32|          2|   32|         64|
    |empty_223_fu_466                         |  32|          2|   32|         64|
    |empty_224_fu_470                         |  32|          2|   32|         64|
    |empty_225_fu_474                         |  32|          2|   32|         64|
    |empty_226_fu_478                         |  32|          2|   32|         64|
    |empty_227_fu_482                         |  32|          2|   32|         64|
    |empty_228_fu_486                         |  32|          2|   32|         64|
    |empty_229_fu_490                         |  32|          2|   32|         64|
    |empty_230_fu_494                         |  32|          2|   32|         64|
    |empty_231_fu_498                         |  32|          2|   32|         64|
    |empty_232_fu_502                         |  32|          2|   32|         64|
    |empty_233_fu_506                         |  32|          2|   32|         64|
    |empty_234_fu_510                         |  32|          2|   32|         64|
    |empty_235_fu_514                         |  32|          2|   32|         64|
    |empty_236_fu_518                         |  32|          2|   32|         64|
    |empty_237_fu_522                         |  32|          2|   32|         64|
    |empty_238_fu_526                         |  32|          2|   32|         64|
    |empty_239_fu_530                         |  32|          2|   32|         64|
    |empty_240_fu_534                         |  32|          2|   32|         64|
    |empty_241_fu_538                         |  32|          2|   32|         64|
    |empty_242_fu_542                         |  32|          2|   32|         64|
    |empty_243_fu_546                         |  32|          2|   32|         64|
    |empty_244_fu_550                         |  32|          2|   32|         64|
    |empty_245_fu_554                         |  32|          2|   32|         64|
    |empty_246_fu_558                         |  32|          2|   32|         64|
    |empty_fu_306                             |  32|          2|   32|         64|
    |indvar_flatten111_fu_570                 |  16|          2|   11|         22|
    |n_fu_562                                 |  16|          2|    9|         18|
    +-----------------------------------------+----+-----------+-----+-----------+
    |Total                                    |4208|        272| 4156|       8312|
    +-----------------------------------------+----+-----------+-----+-----------+

    * Register: 
    +----------------------------------+----+----+-----+-----------+
    |               Name               | FF | LUT| Bits| Const Bits|
    +----------------------------------+----+----+-----+-----------+
    |ap_CS_fsm                         |   1|   0|    1|          0|
    |ap_done_reg                       |   1|   0|    1|          0|
    |ap_enable_reg_pp0_iter1           |   1|   0|    1|          0|
    |ap_enable_reg_pp0_iter2           |   1|   0|    1|          0|
    |ap_enable_reg_pp0_iter3           |   1|   0|    1|          0|
    |ap_enable_reg_pp0_iter4           |   1|   0|    1|          0|
    |ap_loop_exit_ready_pp0_iter1_reg  |   1|   0|    1|          0|
    |ap_loop_exit_ready_pp0_iter2_reg  |   1|   0|    1|          0|
    |ap_loop_exit_ready_pp0_iter3_reg  |   1|   0|    1|          0|
    |c0_1_fu_566                       |   9|   0|    9|          0|
    |empty_184_fu_310                  |  32|   0|   32|          0|
    |empty_185_fu_314                  |  32|   0|   32|          0|
    |empty_186_fu_318                  |  32|   0|   32|          0|
    |empty_187_fu_322                  |  32|   0|   32|          0|
    |empty_188_fu_326                  |  32|   0|   32|          0|
    |empty_189_fu_330                  |  32|   0|   32|          0|
    |empty_190_fu_334                  |  32|   0|   32|          0|
    |empty_191_fu_338                  |  32|   0|   32|          0|
    |empty_192_fu_342                  |  32|   0|   32|          0|
    |empty_193_fu_346                  |  32|   0|   32|          0|
    |empty_194_fu_350                  |  32|   0|   32|          0|
    |empty_195_fu_354                  |  32|   0|   32|          0|
    |empty_196_fu_358                  |  32|   0|   32|          0|
    |empty_197_fu_362                  |  32|   0|   32|          0|
    |empty_198_fu_366                  |  32|   0|   32|          0|
    |empty_199_fu_370                  |  32|   0|   32|          0|
    |empty_200_fu_374                  |  32|   0|   32|          0|
    |empty_201_fu_378                  |  32|   0|   32|          0|
    |empty_202_fu_382                  |  32|   0|   32|          0|
    |empty_203_fu_386                  |  32|   0|   32|          0|
    |empty_204_fu_390                  |  32|   0|   32|          0|
    |empty_205_fu_394                  |  32|   0|   32|          0|
    |empty_206_fu_398                  |  32|   0|   32|          0|
    |empty_207_fu_402                  |  32|   0|   32|          0|
    |empty_208_fu_406                  |  32|   0|   32|          0|
    |empty_209_fu_410                  |  32|   0|   32|          0|
    |empty_210_fu_414                  |  32|   0|   32|          0|
    |empty_211_fu_418                  |  32|   0|   32|          0|
    |empty_212_fu_422                  |  32|   0|   32|          0|
    |empty_213_fu_426                  |  32|   0|   32|          0|
    |empty_214_fu_430                  |  32|   0|   32|          0|
    |empty_215_fu_434                  |  32|   0|   32|          0|
    |empty_216_fu_438                  |  32|   0|   32|          0|
    |empty_217_fu_442                  |  32|   0|   32|          0|
    |empty_218_fu_446                  |  32|   0|   32|          0|
    |empty_219_fu_450                  |  32|   0|   32|          0|
    |empty_220_fu_454                  |  32|   0|   32|          0|
    |empty_221_fu_458                  |  32|   0|   32|          0|
    |empty_222_fu_462                  |  32|   0|   32|          0|
    |empty_223_fu_466                  |  32|   0|   32|          0|
    |empty_224_fu_470                  |  32|   0|   32|          0|
    |empty_225_fu_474                  |  32|   0|   32|          0|
    |empty_226_fu_478                  |  32|   0|   32|          0|
    |empty_227_fu_482                  |  32|   0|   32|          0|
    |empty_228_fu_486                  |  32|   0|   32|          0|
    |empty_229_fu_490                  |  32|   0|   32|          0|
    |empty_230_fu_494                  |  32|   0|   32|          0|
    |empty_231_fu_498                  |  32|   0|   32|          0|
    |empty_232_fu_502                  |  32|   0|   32|          0|
    |empty_233_fu_506                  |  32|   0|   32|          0|
    |empty_234_fu_510                  |  32|   0|   32|          0|
    |empty_235_fu_514                  |  32|   0|   32|          0|
    |empty_236_fu_518                  |  32|   0|   32|          0|
    |empty_237_fu_522                  |  32|   0|   32|          0|
    |empty_238_fu_526                  |  32|   0|   32|          0|
    |empty_239_fu_530                  |  32|   0|   32|          0|
    |empty_240_fu_534                  |  32|   0|   32|          0|
    |empty_241_fu_538                  |  32|   0|   32|          0|
    |empty_242_fu_542                  |  32|   0|   32|          0|
    |empty_243_fu_546                  |  32|   0|   32|          0|
    |empty_244_fu_550                  |  32|   0|   32|          0|
    |empty_245_fu_554                  |  32|   0|   32|          0|
    |empty_246_fu_558                  |  32|   0|   32|          0|
    |empty_fu_306                      |  32|   0|   32|          0|
    |icmp_ln217_reg_8993               |   1|   0|    1|          0|
    |icmp_ln224_1_reg_9395             |   1|   0|    1|          0|
    |icmp_ln224_reg_8997               |   1|   0|    1|          0|
    |indvar_flatten111_fu_570          |  11|   0|   11|          0|
    |lshr_ln6_reg_9065                 |   2|   0|    2|          0|
    |n_fu_562                          |   9|   0|    9|          0|
    |icmp_ln217_reg_8993               |   2|   2|    1|          0|
    |icmp_ln224_1_reg_9395             |   2|   2|    1|          0|
    |icmp_ln224_reg_8997               |   6|   2|    1|          0|
    |lshr_ln6_reg_9065                 |   2|   2|    2|          0|
    +----------------------------------+----+----+-----+-----------+
    |Total                             |2103|   8| 2096|          0|
    +----------------------------------+----+----+-----+-----------+



================================================================
== Interface
================================================================
* Summary: 
+--------------------------+-----+-----+------------+-----------------------------------------------------+--------------+
|         RTL Ports        | Dir | Bits|  Protocol  |                    Source Object                    |    C Type    |
+--------------------------+-----+-----+------------+-----------------------------------------------------+--------------+
|ap_clk                    |   in|    1|  ap_ctrl_hs|  action_diff_head_Pipeline_ATTN_O_TILE_ATTN_O_N_LOOP|  return value|
|ap_rst                    |   in|    1|  ap_ctrl_hs|  action_diff_head_Pipeline_ATTN_O_TILE_ATTN_O_N_LOOP|  return value|
|ap_start                  |   in|    1|  ap_ctrl_hs|  action_diff_head_Pipeline_ATTN_O_TILE_ATTN_O_N_LOOP|  return value|
|ap_done                   |  out|    1|  ap_ctrl_hs|  action_diff_head_Pipeline_ATTN_O_TILE_ATTN_O_N_LOOP|  return value|
|ap_idle                   |  out|    1|  ap_ctrl_hs|  action_diff_head_Pipeline_ATTN_O_TILE_ATTN_O_N_LOOP|  return value|
|ap_ready                  |  out|    1|  ap_ctrl_hs|  action_diff_head_Pipeline_ATTN_O_TILE_ATTN_O_N_LOOP|  return value|
|grp_sat8_fu_6595_p_din1   |  out|   18|  ap_ctrl_hs|  action_diff_head_Pipeline_ATTN_O_TILE_ATTN_O_N_LOOP|  return value|
|grp_sat8_fu_6595_p_dout0  |   in|    8|  ap_ctrl_hs|  action_diff_head_Pipeline_ATTN_O_TILE_ATTN_O_N_LOOP|  return value|
|grp_sat8_fu_6595_p_ready  |   in|    1|  ap_ctrl_hs|  action_diff_head_Pipeline_ATTN_O_TILE_ATTN_O_N_LOOP|  return value|
|context_r_address0        |  out|   10|   ap_memory|                                            context_r|         array|
|context_r_ce0             |  out|    1|   ap_memory|                                            context_r|         array|
|context_r_q0              |   in|    8|   ap_memory|                                            context_r|         array|
|context_1_address0        |  out|   10|   ap_memory|                                            context_1|         array|
|context_1_ce0             |  out|    1|   ap_memory|                                            context_1|         array|
|context_1_q0              |   in|    8|   ap_memory|                                            context_1|         array|
|context_2_address0        |  out|   10|   ap_memory|                                            context_2|         array|
|context_2_ce0             |  out|    1|   ap_memory|                                            context_2|         array|
|context_2_q0              |   in|    8|   ap_memory|                                            context_2|         array|
|context_3_address0        |  out|   10|   ap_memory|                                            context_3|         array|
|context_3_ce0             |  out|    1|   ap_memory|                                            context_3|         array|
|context_3_q0              |   in|    8|   ap_memory|                                            context_3|         array|
|context_4_address0        |  out|   10|   ap_memory|                                            context_4|         array|
|context_4_ce0             |  out|    1|   ap_memory|                                            context_4|         array|
|context_4_q0              |   in|    8|   ap_memory|                                            context_4|         array|
|context_5_address0        |  out|   10|   ap_memory|                                            context_5|         array|
|context_5_ce0             |  out|    1|   ap_memory|                                            context_5|         array|
|context_5_q0              |   in|    8|   ap_memory|                                            context_5|         array|
|context_6_address0        |  out|   10|   ap_memory|                                            context_6|         array|
|context_6_ce0             |  out|    1|   ap_memory|                                            context_6|         array|
|context_6_q0              |   in|    8|   ap_memory|                                            context_6|         array|
|context_7_address0        |  out|   10|   ap_memory|                                            context_7|         array|
|context_7_ce0             |  out|    1|   ap_memory|                                            context_7|         array|
|context_7_q0              |   in|    8|   ap_memory|                                            context_7|         array|
|context_8_address0        |  out|   10|   ap_memory|                                            context_8|         array|
|context_8_ce0             |  out|    1|   ap_memory|                                            context_8|         array|
|context_8_q0              |   in|    8|   ap_memory|                                            context_8|         array|
|context_9_address0        |  out|   10|   ap_memory|                                            context_9|         array|
|context_9_ce0             |  out|    1|   ap_memory|                                            context_9|         array|
|context_9_q0              |   in|    8|   ap_memory|                                            context_9|         array|
|context_10_address0       |  out|   10|   ap_memory|                                           context_10|         array|
|context_10_ce0            |  out|    1|   ap_memory|                                           context_10|         array|
|context_10_q0             |   in|    8|   ap_memory|                                           context_10|         array|
|context_11_address0       |  out|   10|   ap_memory|                                           context_11|         array|
|context_11_ce0            |  out|    1|   ap_memory|                                           context_11|         array|
|context_11_q0             |   in|    8|   ap_memory|                                           context_11|         array|
|context_12_address0       |  out|   10|   ap_memory|                                           context_12|         array|
|context_12_ce0            |  out|    1|   ap_memory|                                           context_12|         array|
|context_12_q0             |   in|    8|   ap_memory|                                           context_12|         array|
|context_13_address0       |  out|   10|   ap_memory|                                           context_13|         array|
|context_13_ce0            |  out|    1|   ap_memory|                                           context_13|         array|
|context_13_q0             |   in|    8|   ap_memory|                                           context_13|         array|
|context_14_address0       |  out|   10|   ap_memory|                                           context_14|         array|
|context_14_ce0            |  out|    1|   ap_memory|                                           context_14|         array|
|context_14_q0             |   in|    8|   ap_memory|                                           context_14|         array|
|context_15_address0       |  out|   10|   ap_memory|                                           context_15|         array|
|context_15_ce0            |  out|    1|   ap_memory|                                           context_15|         array|
|context_15_q0             |   in|    8|   ap_memory|                                           context_15|         array|
|context_16_address0       |  out|   10|   ap_memory|                                           context_16|         array|
|context_16_ce0            |  out|    1|   ap_memory|                                           context_16|         array|
|context_16_q0             |   in|    8|   ap_memory|                                           context_16|         array|
|context_17_address0       |  out|   10|   ap_memory|                                           context_17|         array|
|context_17_ce0            |  out|    1|   ap_memory|                                           context_17|         array|
|context_17_q0             |   in|    8|   ap_memory|                                           context_17|         array|
|context_18_address0       |  out|   10|   ap_memory|                                           context_18|         array|
|context_18_ce0            |  out|    1|   ap_memory|                                           context_18|         array|
|context_18_q0             |   in|    8|   ap_memory|                                           context_18|         array|
|context_19_address0       |  out|   10|   ap_memory|                                           context_19|         array|
|context_19_ce0            |  out|    1|   ap_memory|                                           context_19|         array|
|context_19_q0             |   in|    8|   ap_memory|                                           context_19|         array|
|context_20_address0       |  out|   10|   ap_memory|                                           context_20|         array|
|context_20_ce0            |  out|    1|   ap_memory|                                           context_20|         array|
|context_20_q0             |   in|    8|   ap_memory|                                           context_20|         array|
|context_21_address0       |  out|   10|   ap_memory|                                           context_21|         array|
|context_21_ce0            |  out|    1|   ap_memory|                                           context_21|         array|
|context_21_q0             |   in|    8|   ap_memory|                                           context_21|         array|
|context_22_address0       |  out|   10|   ap_memory|                                           context_22|         array|
|context_22_ce0            |  out|    1|   ap_memory|                                           context_22|         array|
|context_22_q0             |   in|    8|   ap_memory|                                           context_22|         array|
|context_23_address0       |  out|   10|   ap_memory|                                           context_23|         array|
|context_23_ce0            |  out|    1|   ap_memory|                                           context_23|         array|
|context_23_q0             |   in|    8|   ap_memory|                                           context_23|         array|
|context_24_address0       |  out|   10|   ap_memory|                                           context_24|         array|
|context_24_ce0            |  out|    1|   ap_memory|                                           context_24|         array|
|context_24_q0             |   in|    8|   ap_memory|                                           context_24|         array|
|context_25_address0       |  out|   10|   ap_memory|                                           context_25|         array|
|context_25_ce0            |  out|    1|   ap_memory|                                           context_25|         array|
|context_25_q0             |   in|    8|   ap_memory|                                           context_25|         array|
|context_26_address0       |  out|   10|   ap_memory|                                           context_26|         array|
|context_26_ce0            |  out|    1|   ap_memory|                                           context_26|         array|
|context_26_q0             |   in|    8|   ap_memory|                                           context_26|         array|
|context_27_address0       |  out|   10|   ap_memory|                                           context_27|         array|
|context_27_ce0            |  out|    1|   ap_memory|                                           context_27|         array|
|context_27_q0             |   in|    8|   ap_memory|                                           context_27|         array|
|context_28_address0       |  out|   10|   ap_memory|                                           context_28|         array|
|context_28_ce0            |  out|    1|   ap_memory|                                           context_28|         array|
|context_28_q0             |   in|    8|   ap_memory|                                           context_28|         array|
|context_29_address0       |  out|   10|   ap_memory|                                           context_29|         array|
|context_29_ce0            |  out|    1|   ap_memory|                                           context_29|         array|
|context_29_q0             |   in|    8|   ap_memory|                                           context_29|         array|
|context_30_address0       |  out|   10|   ap_memory|                                           context_30|         array|
|context_30_ce0            |  out|    1|   ap_memory|                                           context_30|         array|
|context_30_q0             |   in|    8|   ap_memory|                                           context_30|         array|
|context_31_address0       |  out|   10|   ap_memory|                                           context_31|         array|
|context_31_ce0            |  out|    1|   ap_memory|                                           context_31|         array|
|context_31_q0             |   in|    8|   ap_memory|                                           context_31|         array|
|context_32_address0       |  out|   10|   ap_memory|                                           context_32|         array|
|context_32_ce0            |  out|    1|   ap_memory|                                           context_32|         array|
|context_32_q0             |   in|    8|   ap_memory|                                           context_32|         array|
|context_33_address0       |  out|   10|   ap_memory|                                           context_33|         array|
|context_33_ce0            |  out|    1|   ap_memory|                                           context_33|         array|
|context_33_q0             |   in|    8|   ap_memory|                                           context_33|         array|
|context_34_address0       |  out|   10|   ap_memory|                                           context_34|         array|
|context_34_ce0            |  out|    1|   ap_memory|                                           context_34|         array|
|context_34_q0             |   in|    8|   ap_memory|                                           context_34|         array|
|context_35_address0       |  out|   10|   ap_memory|                                           context_35|         array|
|context_35_ce0            |  out|    1|   ap_memory|                                           context_35|         array|
|context_35_q0             |   in|    8|   ap_memory|                                           context_35|         array|
|context_36_address0       |  out|   10|   ap_memory|                                           context_36|         array|
|context_36_ce0            |  out|    1|   ap_memory|                                           context_36|         array|
|context_36_q0             |   in|    8|   ap_memory|                                           context_36|         array|
|context_37_address0       |  out|   10|   ap_memory|                                           context_37|         array|
|context_37_ce0            |  out|    1|   ap_memory|                                           context_37|         array|
|context_37_q0             |   in|    8|   ap_memory|                                           context_37|         array|
|context_38_address0       |  out|   10|   ap_memory|                                           context_38|         array|
|context_38_ce0            |  out|    1|   ap_memory|                                           context_38|         array|
|context_38_q0             |   in|    8|   ap_memory|                                           context_38|         array|
|context_39_address0       |  out|   10|   ap_memory|                                           context_39|         array|
|context_39_ce0            |  out|    1|   ap_memory|                                           context_39|         array|
|context_39_q0             |   in|    8|   ap_memory|                                           context_39|         array|
|context_40_address0       |  out|   10|   ap_memory|                                           context_40|         array|
|context_40_ce0            |  out|    1|   ap_memory|                                           context_40|         array|
|context_40_q0             |   in|    8|   ap_memory|                                           context_40|         array|
|context_41_address0       |  out|   10|   ap_memory|                                           context_41|         array|
|context_41_ce0            |  out|    1|   ap_memory|                                           context_41|         array|
|context_41_q0             |   in|    8|   ap_memory|                                           context_41|         array|
|context_42_address0       |  out|   10|   ap_memory|                                           context_42|         array|
|context_42_ce0            |  out|    1|   ap_memory|                                           context_42|         array|
|context_42_q0             |   in|    8|   ap_memory|                                           context_42|         array|
|context_43_address0       |  out|   10|   ap_memory|                                           context_43|         array|
|context_43_ce0            |  out|    1|   ap_memory|                                           context_43|         array|
|context_43_q0             |   in|    8|   ap_memory|                                           context_43|         array|
|context_44_address0       |  out|   10|   ap_memory|                                           context_44|         array|
|context_44_ce0            |  out|    1|   ap_memory|                                           context_44|         array|
|context_44_q0             |   in|    8|   ap_memory|                                           context_44|         array|
|context_45_address0       |  out|   10|   ap_memory|                                           context_45|         array|
|context_45_ce0            |  out|    1|   ap_memory|                                           context_45|         array|
|context_45_q0             |   in|    8|   ap_memory|                                           context_45|         array|
|context_46_address0       |  out|   10|   ap_memory|                                           context_46|         array|
|context_46_ce0            |  out|    1|   ap_memory|                                           context_46|         array|
|context_46_q0             |   in|    8|   ap_memory|                                           context_46|         array|
|context_47_address0       |  out|   10|   ap_memory|                                           context_47|         array|
|context_47_ce0            |  out|    1|   ap_memory|                                           context_47|         array|
|context_47_q0             |   in|    8|   ap_memory|                                           context_47|         array|
|context_48_address0       |  out|   10|   ap_memory|                                           context_48|         array|
|context_48_ce0            |  out|    1|   ap_memory|                                           context_48|         array|
|context_48_q0             |   in|    8|   ap_memory|                                           context_48|         array|
|context_49_address0       |  out|   10|   ap_memory|                                           context_49|         array|
|context_49_ce0            |  out|    1|   ap_memory|                                           context_49|         array|
|context_49_q0             |   in|    8|   ap_memory|                                           context_49|         array|
|context_50_address0       |  out|   10|   ap_memory|                                           context_50|         array|
|context_50_ce0            |  out|    1|   ap_memory|                                           context_50|         array|
|context_50_q0             |   in|    8|   ap_memory|                                           context_50|         array|
|context_51_address0       |  out|   10|   ap_memory|                                           context_51|         array|
|context_51_ce0            |  out|    1|   ap_memory|                                           context_51|         array|
|context_51_q0             |   in|    8|   ap_memory|                                           context_51|         array|
|context_52_address0       |  out|   10|   ap_memory|                                           context_52|         array|
|context_52_ce0            |  out|    1|   ap_memory|                                           context_52|         array|
|context_52_q0             |   in|    8|   ap_memory|                                           context_52|         array|
|context_53_address0       |  out|   10|   ap_memory|                                           context_53|         array|
|context_53_ce0            |  out|    1|   ap_memory|                                           context_53|         array|
|context_53_q0             |   in|    8|   ap_memory|                                           context_53|         array|
|context_54_address0       |  out|   10|   ap_memory|                                           context_54|         array|
|context_54_ce0            |  out|    1|   ap_memory|                                           context_54|         array|
|context_54_q0             |   in|    8|   ap_memory|                                           context_54|         array|
|context_55_address0       |  out|   10|   ap_memory|                                           context_55|         array|
|context_55_ce0            |  out|    1|   ap_memory|                                           context_55|         array|
|context_55_q0             |   in|    8|   ap_memory|                                           context_55|         array|
|context_56_address0       |  out|   10|   ap_memory|                                           context_56|         array|
|context_56_ce0            |  out|    1|   ap_memory|                                           context_56|         array|
|context_56_q0             |   in|    8|   ap_memory|                                           context_56|         array|
|context_57_address0       |  out|   10|   ap_memory|                                           context_57|         array|
|context_57_ce0            |  out|    1|   ap_memory|                                           context_57|         array|
|context_57_q0             |   in|    8|   ap_memory|                                           context_57|         array|
|context_58_address0       |  out|   10|   ap_memory|                                           context_58|         array|
|context_58_ce0            |  out|    1|   ap_memory|                                           context_58|         array|
|context_58_q0             |   in|    8|   ap_memory|                                           context_58|         array|
|context_59_address0       |  out|   10|   ap_memory|                                           context_59|         array|
|context_59_ce0            |  out|    1|   ap_memory|                                           context_59|         array|
|context_59_q0             |   in|    8|   ap_memory|                                           context_59|         array|
|context_60_address0       |  out|   10|   ap_memory|                                           context_60|         array|
|context_60_ce0            |  out|    1|   ap_memory|                                           context_60|         array|
|context_60_q0             |   in|    8|   ap_memory|                                           context_60|         array|
|context_61_address0       |  out|   10|   ap_memory|                                           context_61|         array|
|context_61_ce0            |  out|    1|   ap_memory|                                           context_61|         array|
|context_61_q0             |   in|    8|   ap_memory|                                           context_61|         array|
|context_62_address0       |  out|   10|   ap_memory|                                           context_62|         array|
|context_62_ce0            |  out|    1|   ap_memory|                                           context_62|         array|
|context_62_q0             |   in|    8|   ap_memory|                                           context_62|         array|
|context_63_address0       |  out|   10|   ap_memory|                                           context_63|         array|
|context_63_ce0            |  out|    1|   ap_memory|                                           context_63|         array|
|context_63_q0             |   in|    8|   ap_memory|                                           context_63|         array|
|attn_w_address0           |  out|    8|   ap_memory|                                               attn_w|         array|
|attn_w_ce0                |  out|    1|   ap_memory|                                               attn_w|         array|
|attn_w_q0                 |   in|   16|   ap_memory|                                               attn_w|         array|
|attn_o_address0           |  out|    2|   ap_memory|                                               attn_o|         array|
|attn_o_ce0                |  out|    1|   ap_memory|                                               attn_o|         array|
|attn_o_we0                |  out|    1|   ap_memory|                                               attn_o|         array|
|attn_o_d0                 |  out|    8|   ap_memory|                                               attn_o|         array|
|attn_o_1_address0         |  out|    2|   ap_memory|                                             attn_o_1|         array|
|attn_o_1_ce0              |  out|    1|   ap_memory|                                             attn_o_1|         array|
|attn_o_1_we0              |  out|    1|   ap_memory|                                             attn_o_1|         array|
|attn_o_1_d0               |  out|    8|   ap_memory|                                             attn_o_1|         array|
|attn_o_2_address0         |  out|    2|   ap_memory|                                             attn_o_2|         array|
|attn_o_2_ce0              |  out|    1|   ap_memory|                                             attn_o_2|         array|
|attn_o_2_we0              |  out|    1|   ap_memory|                                             attn_o_2|         array|
|attn_o_2_d0               |  out|    8|   ap_memory|                                             attn_o_2|         array|
|attn_o_3_address0         |  out|    2|   ap_memory|                                             attn_o_3|         array|
|attn_o_3_ce0              |  out|    1|   ap_memory|                                             attn_o_3|         array|
|attn_o_3_we0              |  out|    1|   ap_memory|                                             attn_o_3|         array|
|attn_o_3_d0               |  out|    8|   ap_memory|                                             attn_o_3|         array|
|attn_o_4_address0         |  out|    2|   ap_memory|                                             attn_o_4|         array|
|attn_o_4_ce0              |  out|    1|   ap_memory|                                             attn_o_4|         array|
|attn_o_4_we0              |  out|    1|   ap_memory|                                             attn_o_4|         array|
|attn_o_4_d0               |  out|    8|   ap_memory|                                             attn_o_4|         array|
|attn_o_5_address0         |  out|    2|   ap_memory|                                             attn_o_5|         array|
|attn_o_5_ce0              |  out|    1|   ap_memory|                                             attn_o_5|         array|
|attn_o_5_we0              |  out|    1|   ap_memory|                                             attn_o_5|         array|
|attn_o_5_d0               |  out|    8|   ap_memory|                                             attn_o_5|         array|
|attn_o_6_address0         |  out|    2|   ap_memory|                                             attn_o_6|         array|
|attn_o_6_ce0              |  out|    1|   ap_memory|                                             attn_o_6|         array|
|attn_o_6_we0              |  out|    1|   ap_memory|                                             attn_o_6|         array|
|attn_o_6_d0               |  out|    8|   ap_memory|                                             attn_o_6|         array|
|attn_o_7_address0         |  out|    2|   ap_memory|                                             attn_o_7|         array|
|attn_o_7_ce0              |  out|    1|   ap_memory|                                             attn_o_7|         array|
|attn_o_7_we0              |  out|    1|   ap_memory|                                             attn_o_7|         array|
|attn_o_7_d0               |  out|    8|   ap_memory|                                             attn_o_7|         array|
|attn_o_8_address0         |  out|    2|   ap_memory|                                             attn_o_8|         array|
|attn_o_8_ce0              |  out|    1|   ap_memory|                                             attn_o_8|         array|
|attn_o_8_we0              |  out|    1|   ap_memory|                                             attn_o_8|         array|
|attn_o_8_d0               |  out|    8|   ap_memory|                                             attn_o_8|         array|
|attn_o_9_address0         |  out|    2|   ap_memory|                                             attn_o_9|         array|
|attn_o_9_ce0              |  out|    1|   ap_memory|                                             attn_o_9|         array|
|attn_o_9_we0              |  out|    1|   ap_memory|                                             attn_o_9|         array|
|attn_o_9_d0               |  out|    8|   ap_memory|                                             attn_o_9|         array|
|attn_o_10_address0        |  out|    2|   ap_memory|                                            attn_o_10|         array|
|attn_o_10_ce0             |  out|    1|   ap_memory|                                            attn_o_10|         array|
|attn_o_10_we0             |  out|    1|   ap_memory|                                            attn_o_10|         array|
|attn_o_10_d0              |  out|    8|   ap_memory|                                            attn_o_10|         array|
|attn_o_11_address0        |  out|    2|   ap_memory|                                            attn_o_11|         array|
|attn_o_11_ce0             |  out|    1|   ap_memory|                                            attn_o_11|         array|
|attn_o_11_we0             |  out|    1|   ap_memory|                                            attn_o_11|         array|
|attn_o_11_d0              |  out|    8|   ap_memory|                                            attn_o_11|         array|
|attn_o_12_address0        |  out|    2|   ap_memory|                                            attn_o_12|         array|
|attn_o_12_ce0             |  out|    1|   ap_memory|                                            attn_o_12|         array|
|attn_o_12_we0             |  out|    1|   ap_memory|                                            attn_o_12|         array|
|attn_o_12_d0              |  out|    8|   ap_memory|                                            attn_o_12|         array|
|attn_o_13_address0        |  out|    2|   ap_memory|                                            attn_o_13|         array|
|attn_o_13_ce0             |  out|    1|   ap_memory|                                            attn_o_13|         array|
|attn_o_13_we0             |  out|    1|   ap_memory|                                            attn_o_13|         array|
|attn_o_13_d0              |  out|    8|   ap_memory|                                            attn_o_13|         array|
|attn_o_14_address0        |  out|    2|   ap_memory|                                            attn_o_14|         array|
|attn_o_14_ce0             |  out|    1|   ap_memory|                                            attn_o_14|         array|
|attn_o_14_we0             |  out|    1|   ap_memory|                                            attn_o_14|         array|
|attn_o_14_d0              |  out|    8|   ap_memory|                                            attn_o_14|         array|
|attn_o_15_address0        |  out|    2|   ap_memory|                                            attn_o_15|         array|
|attn_o_15_ce0             |  out|    1|   ap_memory|                                            attn_o_15|         array|
|attn_o_15_we0             |  out|    1|   ap_memory|                                            attn_o_15|         array|
|attn_o_15_d0              |  out|    8|   ap_memory|                                            attn_o_15|         array|
|attn_o_16_address0        |  out|    2|   ap_memory|                                            attn_o_16|         array|
|attn_o_16_ce0             |  out|    1|   ap_memory|                                            attn_o_16|         array|
|attn_o_16_we0             |  out|    1|   ap_memory|                                            attn_o_16|         array|
|attn_o_16_d0              |  out|    8|   ap_memory|                                            attn_o_16|         array|
|attn_o_17_address0        |  out|    2|   ap_memory|                                            attn_o_17|         array|
|attn_o_17_ce0             |  out|    1|   ap_memory|                                            attn_o_17|         array|
|attn_o_17_we0             |  out|    1|   ap_memory|                                            attn_o_17|         array|
|attn_o_17_d0              |  out|    8|   ap_memory|                                            attn_o_17|         array|
|attn_o_18_address0        |  out|    2|   ap_memory|                                            attn_o_18|         array|
|attn_o_18_ce0             |  out|    1|   ap_memory|                                            attn_o_18|         array|
|attn_o_18_we0             |  out|    1|   ap_memory|                                            attn_o_18|         array|
|attn_o_18_d0              |  out|    8|   ap_memory|                                            attn_o_18|         array|
|attn_o_19_address0        |  out|    2|   ap_memory|                                            attn_o_19|         array|
|attn_o_19_ce0             |  out|    1|   ap_memory|                                            attn_o_19|         array|
|attn_o_19_we0             |  out|    1|   ap_memory|                                            attn_o_19|         array|
|attn_o_19_d0              |  out|    8|   ap_memory|                                            attn_o_19|         array|
|attn_o_20_address0        |  out|    2|   ap_memory|                                            attn_o_20|         array|
|attn_o_20_ce0             |  out|    1|   ap_memory|                                            attn_o_20|         array|
|attn_o_20_we0             |  out|    1|   ap_memory|                                            attn_o_20|         array|
|attn_o_20_d0              |  out|    8|   ap_memory|                                            attn_o_20|         array|
|attn_o_21_address0        |  out|    2|   ap_memory|                                            attn_o_21|         array|
|attn_o_21_ce0             |  out|    1|   ap_memory|                                            attn_o_21|         array|
|attn_o_21_we0             |  out|    1|   ap_memory|                                            attn_o_21|         array|
|attn_o_21_d0              |  out|    8|   ap_memory|                                            attn_o_21|         array|
|attn_o_22_address0        |  out|    2|   ap_memory|                                            attn_o_22|         array|
|attn_o_22_ce0             |  out|    1|   ap_memory|                                            attn_o_22|         array|
|attn_o_22_we0             |  out|    1|   ap_memory|                                            attn_o_22|         array|
|attn_o_22_d0              |  out|    8|   ap_memory|                                            attn_o_22|         array|
|attn_o_23_address0        |  out|    2|   ap_memory|                                            attn_o_23|         array|
|attn_o_23_ce0             |  out|    1|   ap_memory|                                            attn_o_23|         array|
|attn_o_23_we0             |  out|    1|   ap_memory|                                            attn_o_23|         array|
|attn_o_23_d0              |  out|    8|   ap_memory|                                            attn_o_23|         array|
|attn_o_24_address0        |  out|    2|   ap_memory|                                            attn_o_24|         array|
|attn_o_24_ce0             |  out|    1|   ap_memory|                                            attn_o_24|         array|
|attn_o_24_we0             |  out|    1|   ap_memory|                                            attn_o_24|         array|
|attn_o_24_d0              |  out|    8|   ap_memory|                                            attn_o_24|         array|
|attn_o_25_address0        |  out|    2|   ap_memory|                                            attn_o_25|         array|
|attn_o_25_ce0             |  out|    1|   ap_memory|                                            attn_o_25|         array|
|attn_o_25_we0             |  out|    1|   ap_memory|                                            attn_o_25|         array|
|attn_o_25_d0              |  out|    8|   ap_memory|                                            attn_o_25|         array|
|attn_o_26_address0        |  out|    2|   ap_memory|                                            attn_o_26|         array|
|attn_o_26_ce0             |  out|    1|   ap_memory|                                            attn_o_26|         array|
|attn_o_26_we0             |  out|    1|   ap_memory|                                            attn_o_26|         array|
|attn_o_26_d0              |  out|    8|   ap_memory|                                            attn_o_26|         array|
|attn_o_27_address0        |  out|    2|   ap_memory|                                            attn_o_27|         array|
|attn_o_27_ce0             |  out|    1|   ap_memory|                                            attn_o_27|         array|
|attn_o_27_we0             |  out|    1|   ap_memory|                                            attn_o_27|         array|
|attn_o_27_d0              |  out|    8|   ap_memory|                                            attn_o_27|         array|
|attn_o_28_address0        |  out|    2|   ap_memory|                                            attn_o_28|         array|
|attn_o_28_ce0             |  out|    1|   ap_memory|                                            attn_o_28|         array|
|attn_o_28_we0             |  out|    1|   ap_memory|                                            attn_o_28|         array|
|attn_o_28_d0              |  out|    8|   ap_memory|                                            attn_o_28|         array|
|attn_o_29_address0        |  out|    2|   ap_memory|                                            attn_o_29|         array|
|attn_o_29_ce0             |  out|    1|   ap_memory|                                            attn_o_29|         array|
|attn_o_29_we0             |  out|    1|   ap_memory|                                            attn_o_29|         array|
|attn_o_29_d0              |  out|    8|   ap_memory|                                            attn_o_29|         array|
|attn_o_30_address0        |  out|    2|   ap_memory|                                            attn_o_30|         array|
|attn_o_30_ce0             |  out|    1|   ap_memory|                                            attn_o_30|         array|
|attn_o_30_we0             |  out|    1|   ap_memory|                                            attn_o_30|         array|
|attn_o_30_d0              |  out|    8|   ap_memory|                                            attn_o_30|         array|
|attn_o_31_address0        |  out|    2|   ap_memory|                                            attn_o_31|         array|
|attn_o_31_ce0             |  out|    1|   ap_memory|                                            attn_o_31|         array|
|attn_o_31_we0             |  out|    1|   ap_memory|                                            attn_o_31|         array|
|attn_o_31_d0              |  out|    8|   ap_memory|                                            attn_o_31|         array|
|attn_o_32_address0        |  out|    2|   ap_memory|                                            attn_o_32|         array|
|attn_o_32_ce0             |  out|    1|   ap_memory|                                            attn_o_32|         array|
|attn_o_32_we0             |  out|    1|   ap_memory|                                            attn_o_32|         array|
|attn_o_32_d0              |  out|    8|   ap_memory|                                            attn_o_32|         array|
|attn_o_33_address0        |  out|    2|   ap_memory|                                            attn_o_33|         array|
|attn_o_33_ce0             |  out|    1|   ap_memory|                                            attn_o_33|         array|
|attn_o_33_we0             |  out|    1|   ap_memory|                                            attn_o_33|         array|
|attn_o_33_d0              |  out|    8|   ap_memory|                                            attn_o_33|         array|
|attn_o_34_address0        |  out|    2|   ap_memory|                                            attn_o_34|         array|
|attn_o_34_ce0             |  out|    1|   ap_memory|                                            attn_o_34|         array|
|attn_o_34_we0             |  out|    1|   ap_memory|                                            attn_o_34|         array|
|attn_o_34_d0              |  out|    8|   ap_memory|                                            attn_o_34|         array|
|attn_o_35_address0        |  out|    2|   ap_memory|                                            attn_o_35|         array|
|attn_o_35_ce0             |  out|    1|   ap_memory|                                            attn_o_35|         array|
|attn_o_35_we0             |  out|    1|   ap_memory|                                            attn_o_35|         array|
|attn_o_35_d0              |  out|    8|   ap_memory|                                            attn_o_35|         array|
|attn_o_36_address0        |  out|    2|   ap_memory|                                            attn_o_36|         array|
|attn_o_36_ce0             |  out|    1|   ap_memory|                                            attn_o_36|         array|
|attn_o_36_we0             |  out|    1|   ap_memory|                                            attn_o_36|         array|
|attn_o_36_d0              |  out|    8|   ap_memory|                                            attn_o_36|         array|
|attn_o_37_address0        |  out|    2|   ap_memory|                                            attn_o_37|         array|
|attn_o_37_ce0             |  out|    1|   ap_memory|                                            attn_o_37|         array|
|attn_o_37_we0             |  out|    1|   ap_memory|                                            attn_o_37|         array|
|attn_o_37_d0              |  out|    8|   ap_memory|                                            attn_o_37|         array|
|attn_o_38_address0        |  out|    2|   ap_memory|                                            attn_o_38|         array|
|attn_o_38_ce0             |  out|    1|   ap_memory|                                            attn_o_38|         array|
|attn_o_38_we0             |  out|    1|   ap_memory|                                            attn_o_38|         array|
|attn_o_38_d0              |  out|    8|   ap_memory|                                            attn_o_38|         array|
|attn_o_39_address0        |  out|    2|   ap_memory|                                            attn_o_39|         array|
|attn_o_39_ce0             |  out|    1|   ap_memory|                                            attn_o_39|         array|
|attn_o_39_we0             |  out|    1|   ap_memory|                                            attn_o_39|         array|
|attn_o_39_d0              |  out|    8|   ap_memory|                                            attn_o_39|         array|
|attn_o_40_address0        |  out|    2|   ap_memory|                                            attn_o_40|         array|
|attn_o_40_ce0             |  out|    1|   ap_memory|                                            attn_o_40|         array|
|attn_o_40_we0             |  out|    1|   ap_memory|                                            attn_o_40|         array|
|attn_o_40_d0              |  out|    8|   ap_memory|                                            attn_o_40|         array|
|attn_o_41_address0        |  out|    2|   ap_memory|                                            attn_o_41|         array|
|attn_o_41_ce0             |  out|    1|   ap_memory|                                            attn_o_41|         array|
|attn_o_41_we0             |  out|    1|   ap_memory|                                            attn_o_41|         array|
|attn_o_41_d0              |  out|    8|   ap_memory|                                            attn_o_41|         array|
|attn_o_42_address0        |  out|    2|   ap_memory|                                            attn_o_42|         array|
|attn_o_42_ce0             |  out|    1|   ap_memory|                                            attn_o_42|         array|
|attn_o_42_we0             |  out|    1|   ap_memory|                                            attn_o_42|         array|
|attn_o_42_d0              |  out|    8|   ap_memory|                                            attn_o_42|         array|
|attn_o_43_address0        |  out|    2|   ap_memory|                                            attn_o_43|         array|
|attn_o_43_ce0             |  out|    1|   ap_memory|                                            attn_o_43|         array|
|attn_o_43_we0             |  out|    1|   ap_memory|                                            attn_o_43|         array|
|attn_o_43_d0              |  out|    8|   ap_memory|                                            attn_o_43|         array|
|attn_o_44_address0        |  out|    2|   ap_memory|                                            attn_o_44|         array|
|attn_o_44_ce0             |  out|    1|   ap_memory|                                            attn_o_44|         array|
|attn_o_44_we0             |  out|    1|   ap_memory|                                            attn_o_44|         array|
|attn_o_44_d0              |  out|    8|   ap_memory|                                            attn_o_44|         array|
|attn_o_45_address0        |  out|    2|   ap_memory|                                            attn_o_45|         array|
|attn_o_45_ce0             |  out|    1|   ap_memory|                                            attn_o_45|         array|
|attn_o_45_we0             |  out|    1|   ap_memory|                                            attn_o_45|         array|
|attn_o_45_d0              |  out|    8|   ap_memory|                                            attn_o_45|         array|
|attn_o_46_address0        |  out|    2|   ap_memory|                                            attn_o_46|         array|
|attn_o_46_ce0             |  out|    1|   ap_memory|                                            attn_o_46|         array|
|attn_o_46_we0             |  out|    1|   ap_memory|                                            attn_o_46|         array|
|attn_o_46_d0              |  out|    8|   ap_memory|                                            attn_o_46|         array|
|attn_o_47_address0        |  out|    2|   ap_memory|                                            attn_o_47|         array|
|attn_o_47_ce0             |  out|    1|   ap_memory|                                            attn_o_47|         array|
|attn_o_47_we0             |  out|    1|   ap_memory|                                            attn_o_47|         array|
|attn_o_47_d0              |  out|    8|   ap_memory|                                            attn_o_47|         array|
|attn_o_48_address0        |  out|    2|   ap_memory|                                            attn_o_48|         array|
|attn_o_48_ce0             |  out|    1|   ap_memory|                                            attn_o_48|         array|
|attn_o_48_we0             |  out|    1|   ap_memory|                                            attn_o_48|         array|
|attn_o_48_d0              |  out|    8|   ap_memory|                                            attn_o_48|         array|
|attn_o_49_address0        |  out|    2|   ap_memory|                                            attn_o_49|         array|
|attn_o_49_ce0             |  out|    1|   ap_memory|                                            attn_o_49|         array|
|attn_o_49_we0             |  out|    1|   ap_memory|                                            attn_o_49|         array|
|attn_o_49_d0              |  out|    8|   ap_memory|                                            attn_o_49|         array|
|attn_o_50_address0        |  out|    2|   ap_memory|                                            attn_o_50|         array|
|attn_o_50_ce0             |  out|    1|   ap_memory|                                            attn_o_50|         array|
|attn_o_50_we0             |  out|    1|   ap_memory|                                            attn_o_50|         array|
|attn_o_50_d0              |  out|    8|   ap_memory|                                            attn_o_50|         array|
|attn_o_51_address0        |  out|    2|   ap_memory|                                            attn_o_51|         array|
|attn_o_51_ce0             |  out|    1|   ap_memory|                                            attn_o_51|         array|
|attn_o_51_we0             |  out|    1|   ap_memory|                                            attn_o_51|         array|
|attn_o_51_d0              |  out|    8|   ap_memory|                                            attn_o_51|         array|
|attn_o_52_address0        |  out|    2|   ap_memory|                                            attn_o_52|         array|
|attn_o_52_ce0             |  out|    1|   ap_memory|                                            attn_o_52|         array|
|attn_o_52_we0             |  out|    1|   ap_memory|                                            attn_o_52|         array|
|attn_o_52_d0              |  out|    8|   ap_memory|                                            attn_o_52|         array|
|attn_o_53_address0        |  out|    2|   ap_memory|                                            attn_o_53|         array|
|attn_o_53_ce0             |  out|    1|   ap_memory|                                            attn_o_53|         array|
|attn_o_53_we0             |  out|    1|   ap_memory|                                            attn_o_53|         array|
|attn_o_53_d0              |  out|    8|   ap_memory|                                            attn_o_53|         array|
|attn_o_54_address0        |  out|    2|   ap_memory|                                            attn_o_54|         array|
|attn_o_54_ce0             |  out|    1|   ap_memory|                                            attn_o_54|         array|
|attn_o_54_we0             |  out|    1|   ap_memory|                                            attn_o_54|         array|
|attn_o_54_d0              |  out|    8|   ap_memory|                                            attn_o_54|         array|
|attn_o_55_address0        |  out|    2|   ap_memory|                                            attn_o_55|         array|
|attn_o_55_ce0             |  out|    1|   ap_memory|                                            attn_o_55|         array|
|attn_o_55_we0             |  out|    1|   ap_memory|                                            attn_o_55|         array|
|attn_o_55_d0              |  out|    8|   ap_memory|                                            attn_o_55|         array|
|attn_o_56_address0        |  out|    2|   ap_memory|                                            attn_o_56|         array|
|attn_o_56_ce0             |  out|    1|   ap_memory|                                            attn_o_56|         array|
|attn_o_56_we0             |  out|    1|   ap_memory|                                            attn_o_56|         array|
|attn_o_56_d0              |  out|    8|   ap_memory|                                            attn_o_56|         array|
|attn_o_57_address0        |  out|    2|   ap_memory|                                            attn_o_57|         array|
|attn_o_57_ce0             |  out|    1|   ap_memory|                                            attn_o_57|         array|
|attn_o_57_we0             |  out|    1|   ap_memory|                                            attn_o_57|         array|
|attn_o_57_d0              |  out|    8|   ap_memory|                                            attn_o_57|         array|
|attn_o_58_address0        |  out|    2|   ap_memory|                                            attn_o_58|         array|
|attn_o_58_ce0             |  out|    1|   ap_memory|                                            attn_o_58|         array|
|attn_o_58_we0             |  out|    1|   ap_memory|                                            attn_o_58|         array|
|attn_o_58_d0              |  out|    8|   ap_memory|                                            attn_o_58|         array|
|attn_o_59_address0        |  out|    2|   ap_memory|                                            attn_o_59|         array|
|attn_o_59_ce0             |  out|    1|   ap_memory|                                            attn_o_59|         array|
|attn_o_59_we0             |  out|    1|   ap_memory|                                            attn_o_59|         array|
|attn_o_59_d0              |  out|    8|   ap_memory|                                            attn_o_59|         array|
|attn_o_60_address0        |  out|    2|   ap_memory|                                            attn_o_60|         array|
|attn_o_60_ce0             |  out|    1|   ap_memory|                                            attn_o_60|         array|
|attn_o_60_we0             |  out|    1|   ap_memory|                                            attn_o_60|         array|
|attn_o_60_d0              |  out|    8|   ap_memory|                                            attn_o_60|         array|
|attn_o_61_address0        |  out|    2|   ap_memory|                                            attn_o_61|         array|
|attn_o_61_ce0             |  out|    1|   ap_memory|                                            attn_o_61|         array|
|attn_o_61_we0             |  out|    1|   ap_memory|                                            attn_o_61|         array|
|attn_o_61_d0              |  out|    8|   ap_memory|                                            attn_o_61|         array|
|attn_o_62_address0        |  out|    2|   ap_memory|                                            attn_o_62|         array|
|attn_o_62_ce0             |  out|    1|   ap_memory|                                            attn_o_62|         array|
|attn_o_62_we0             |  out|    1|   ap_memory|                                            attn_o_62|         array|
|attn_o_62_d0              |  out|    8|   ap_memory|                                            attn_o_62|         array|
|attn_o_63_address0        |  out|    2|   ap_memory|                                            attn_o_63|         array|
|attn_o_63_ce0             |  out|    1|   ap_memory|                                            attn_o_63|         array|
|attn_o_63_we0             |  out|    1|   ap_memory|                                            attn_o_63|         array|
|attn_o_63_d0              |  out|    8|   ap_memory|                                            attn_o_63|         array|
+--------------------------+-----+-----+------------+-----------------------------------------------------+--------------+

