

================================================================
== Vitis HLS Report for 'action_diff_head'
================================================================
* Date:           Tue May 19 22:49:17 2026

* Version:        2024.1 (Build 5069499 on May 21 2024)
* Project:        action_diff_hls
* Solution:       sol1 (Vivado IP Flow Target)
* Product family: versalaicore
* Target device:  xcvc1902-vsva2197-2MP-e-S


================================================================
== Performance Estimates
================================================================
+ Timing: 
    * Summary: 
    +--------+---------+----------+------------+
    |  Clock |  Target | Estimated| Uncertainty|
    +--------+---------+----------+------------+
    |ap_clk  |  4.00 ns|  2.858 ns|     1.08 ns|
    +--------+---------+----------+------------+

+ Latency: 
    * Summary: 
    +---------+---------+-----------+-----------+-------+-------+---------+
    |  Latency (cycles) |   Latency (absolute)  |    Interval   | Pipeline|
    |   min   |   max   |    min    |    max    |  min  |  max  |   Type  |
    +---------+---------+-----------+-----------+-------+-------+---------+
    |    14951|    14951|  59.804 us|  59.804 us|  14952|  14952|       no|
    +---------+---------+-----------+-----------+-------+-------+---------+

    + Detail: 
        * Instance: 
        +-----------------------------------------------------------------+-----------------------------------------------------+---------+---------+-----------+-----------+------+------+-----------------------------------------------+
        |                                                                 |                                                     |  Latency (cycles) |   Latency (absolute)  |   Interval  |                    Pipeline                   |
        |                             Instance                            |                        Module                       |   min   |   max   |    min    |    max    |  min |  max |                      Type                     |
        +-----------------------------------------------------------------+-----------------------------------------------------+---------+---------+-----------+-----------+------+------+-----------------------------------------------+
        |grp_action_diff_head_Pipeline_TIME_LOOP_fu_4774                  |action_diff_head_Pipeline_TIME_LOOP                  |      263|      263|   1.052 us|   1.052 us|   257|   257|  loop auto-rewind stp(delay=0 clock cycles(s))|
        |grp_action_diff_head_Pipeline_ACTP_LOOP_fu_5292                  |action_diff_head_Pipeline_ACTP_LOOP                  |      263|      263|   1.052 us|   1.052 us|   257|   257|  loop auto-rewind stp(delay=0 clock cycles(s))|
        |grp_action_diff_head_Pipeline_QKT_LOOP_VITIS_LOOP_98_3_fu_5389   |action_diff_head_Pipeline_QKT_LOOP_VITIS_LOOP_98_3   |     1031|     1031|   4.124 us|   4.124 us|  1025|  1025|  loop auto-rewind stp(delay=0 clock cycles(s))|
        |grp_action_diff_head_Pipeline_MAX_S_fu_5586                      |action_diff_head_Pipeline_MAX_S                      |      257|      257|   1.028 us|   1.028 us|   256|   256|  loop auto-rewind stp(delay=0 clock cycles(s))|
        |grp_action_diff_head_Pipeline_SHIFT_S_fu_5593                    |action_diff_head_Pipeline_SHIFT_S                    |      259|      259|   1.036 us|   1.036 us|   257|   257|  loop auto-rewind stp(delay=0 clock cycles(s))|
        |grp_action_diff_head_Pipeline_NORM_S_fu_5601                     |action_diff_head_Pipeline_NORM_S                     |      276|      276|   1.104 us|   1.104 us|   257|   257|  loop auto-rewind stp(delay=0 clock cycles(s))|
        |grp_action_diff_head_Pipeline_ATTN_O_TILE_ATTN_O_N_LOOP_fu_5609  |action_diff_head_Pipeline_ATTN_O_TILE_ATTN_O_N_LOOP  |     1029|     1029|   4.116 us|   4.116 us|  1025|  1025|  loop auto-rewind stp(delay=0 clock cycles(s))|
        |grp_action_diff_head_Pipeline_VITIS_LOOP_180_5_fu_5806           |action_diff_head_Pipeline_VITIS_LOOP_180_5           |       10|       10|  40.000 ns|  40.000 ns|     5|     5|  loop auto-rewind stp(delay=0 clock cycles(s))|
        |grp_sat8_fu_6004                                                 |sat8                                                 |        0|        0|       0 ns|       0 ns|     1|     1|                                            yes|
        |grp_action_diff_head_Pipeline_VITIS_LOOP_200_7_fu_6074           |action_diff_head_Pipeline_VITIS_LOOP_200_7           |       14|       14|  56.000 ns|  56.000 ns|     9|     9|  loop auto-rewind stp(delay=0 clock cycles(s))|
        |grp_action_diff_head_Pipeline_OUT_LOOP_VITIS_LOOP_219_9_fu_6272  |action_diff_head_Pipeline_OUT_LOOP_VITIS_LOOP_219_9  |       35|       35|   0.140 us|   0.140 us|    29|    29|  loop auto-rewind stp(delay=0 clock cycles(s))|
        +-----------------------------------------------------------------+-----------------------------------------------------+---------+---------+-----------+-----------+------+------+-----------------------------------------------+

        * Loop: 
        +-------------+---------+---------+----------+-----------+-----------+------+----------+
        |             |  Latency (cycles) | Iteration|  Initiation Interval  | Trip |          |
        |  Loop Name  |   min   |   max   |  Latency |  achieved |   target  | Count| Pipelined|
        +-------------+---------+---------+----------+-----------+-----------+------+----------+
        |- FFN1_LOOP  |     7168|     7168|        14|          -|          -|   512|        no|
        |- FFN2_LOOP  |     4352|     4352|        17|          -|          -|   256|        no|
        +-------------+---------+---------+----------+-----------+-----------+------+----------+



================================================================
== Utilization Estimates
================================================================
* Summary: 
+-----------------+---------+------+---------+--------+-----+
|       Name      | BRAM_18K|  DSP |    FF   |   LUT  | URAM|
+-----------------+---------+------+---------+--------+-----+
|DSP              |        -|     -|        -|       -|    -|
|Expression       |        -|     -|        0|      51|    -|
|FIFO             |        -|     -|        -|       -|    -|
|Instance         |        -|   259|     8099|   30826|    -|
|Memory           |        3|     -|     2056|    1324|    0|
|Multiplexer      |        -|     -|        0|    6983|    -|
|Register         |        -|     -|      278|       -|    -|
+-----------------+---------+------+---------+--------+-----+
|Total            |        3|   259|    10433|   39184|    0|
+-----------------+---------+------+---------+--------+-----+
|Available        |     1934|  1968|  1799680|  899840|  463|
+-----------------+---------+------+---------+--------+-----+
|Utilization (%)  |       ~0|    13|       ~0|       4|    0|
+-----------------+---------+------+---------+--------+-----+

+ Detail: 
    * Instance: 
    +-----------------------------------------------------------------+-----------------------------------------------------+---------+----+------+------+-----+
    |                             Instance                            |                        Module                       | BRAM_18K| DSP|  FF  |  LUT | URAM|
    +-----------------------------------------------------------------+-----------------------------------------------------+---------+----+------+------+-----+
    |grp_action_diff_head_Pipeline_ACTP_LOOP_fu_5292                  |action_diff_head_Pipeline_ACTP_LOOP                  |        0|   3|   241|   284|    0|
    |grp_action_diff_head_Pipeline_ATTN_O_TILE_ATTN_O_N_LOOP_fu_5609  |action_diff_head_Pipeline_ATTN_O_TILE_ATTN_O_N_LOOP  |        0|  64|  2103|  8212|    0|
    |grp_action_diff_head_Pipeline_MAX_S_fu_5586                      |action_diff_head_Pipeline_MAX_S                      |        0|   0|    28|   103|    0|
    |grp_action_diff_head_Pipeline_NORM_S_fu_5601                     |action_diff_head_Pipeline_NORM_S                     |        0|   0|  1895|  1285|    0|
    |grp_action_diff_head_Pipeline_OUT_LOOP_VITIS_LOOP_219_9_fu_6272  |action_diff_head_Pipeline_OUT_LOOP_VITIS_LOOP_219_9  |        0|  32|   179|  3537|    0|
    |grp_action_diff_head_Pipeline_QKT_LOOP_VITIS_LOOP_98_3_fu_5389   |action_diff_head_Pipeline_QKT_LOOP_VITIS_LOOP_98_3   |        0|  32|   460|  3605|    0|
    |grp_action_diff_head_Pipeline_SHIFT_S_fu_5593                    |action_diff_head_Pipeline_SHIFT_S                    |        0|   0|    90|   179|    0|
    |grp_action_diff_head_Pipeline_TIME_LOOP_fu_4774                  |action_diff_head_Pipeline_TIME_LOOP                  |        0|  64|  2303|  6745|    0|
    |grp_action_diff_head_Pipeline_VITIS_LOOP_180_5_fu_5806           |action_diff_head_Pipeline_VITIS_LOOP_180_5           |        0|  32|   398|  3421|    0|
    |grp_action_diff_head_Pipeline_VITIS_LOOP_200_7_fu_6074           |action_diff_head_Pipeline_VITIS_LOOP_200_7           |        0|  32|   402|  3423|    0|
    |grp_sat8_fu_6004                                                 |sat8                                                 |        0|   0|     0|    32|    0|
    +-----------------------------------------------------------------+-----------------------------------------------------+---------+----+------+------+-----+
    |Total                                                            |                                                     |        0| 259|  8099| 30826|    0|
    +-----------------------------------------------------------------+-----------------------------------------------------+---------+----+------+------+-----+

    * DSP: 
    N/A

    * Memory: 
    +--------------+-------------------------+---------+----+----+-----+------+-----+------+-------------+
    |    Memory    |          Module         | BRAM_18K| FF | LUT| URAM| Words| Bits| Banks| W*Bits*Banks|
    +--------------+-------------------------+---------+----+----+-----+------+-----+------+-------------+
    |act_q_U       |act_q_RAM_AUTO_1R1W      |        0|   8|   5|    0|     4|    8|     1|           32|
    |act_q_1_U     |act_q_RAM_AUTO_1R1W      |        0|   8|   5|    0|     4|    8|     1|           32|
    |act_q_2_U     |act_q_RAM_AUTO_1R1W      |        0|   8|   5|    0|     4|    8|     1|           32|
    |act_q_3_U     |act_q_RAM_AUTO_1R1W      |        0|   8|   5|    0|     4|    8|     1|           32|
    |act_q_4_U     |act_q_RAM_AUTO_1R1W      |        0|   8|   5|    0|     4|    8|     1|           32|
    |act_q_5_U     |act_q_RAM_AUTO_1R1W      |        0|   8|   5|    0|     4|    8|     1|           32|
    |act_q_6_U     |act_q_RAM_AUTO_1R1W      |        0|   8|   5|    0|     4|    8|     1|           32|
    |act_q_7_U     |act_q_RAM_AUTO_1R1W      |        0|   8|   5|    0|     4|    8|     1|           32|
    |act_q_8_U     |act_q_RAM_AUTO_1R1W      |        0|   8|   5|    0|     4|    8|     1|           32|
    |act_q_9_U     |act_q_RAM_AUTO_1R1W      |        0|   8|   5|    0|     4|    8|     1|           32|
    |act_q_10_U    |act_q_RAM_AUTO_1R1W      |        0|   8|   5|    0|     4|    8|     1|           32|
    |act_q_11_U    |act_q_RAM_AUTO_1R1W      |        0|   8|   5|    0|     4|    8|     1|           32|
    |act_q_12_U    |act_q_RAM_AUTO_1R1W      |        0|   8|   5|    0|     4|    8|     1|           32|
    |act_q_13_U    |act_q_RAM_AUTO_1R1W      |        0|   8|   5|    0|     4|    8|     1|           32|
    |act_q_14_U    |act_q_RAM_AUTO_1R1W      |        0|   8|   5|    0|     4|    8|     1|           32|
    |act_q_15_U    |act_q_RAM_AUTO_1R1W      |        0|   8|   5|    0|     4|    8|     1|           32|
    |act_q_16_U    |act_q_RAM_AUTO_1R1W      |        0|   8|   5|    0|     4|    8|     1|           32|
    |act_q_17_U    |act_q_RAM_AUTO_1R1W      |        0|   8|   5|    0|     4|    8|     1|           32|
    |act_q_18_U    |act_q_RAM_AUTO_1R1W      |        0|   8|   5|    0|     4|    8|     1|           32|
    |act_q_19_U    |act_q_RAM_AUTO_1R1W      |        0|   8|   5|    0|     4|    8|     1|           32|
    |act_q_20_U    |act_q_RAM_AUTO_1R1W      |        0|   8|   5|    0|     4|    8|     1|           32|
    |act_q_21_U    |act_q_RAM_AUTO_1R1W      |        0|   8|   5|    0|     4|    8|     1|           32|
    |act_q_22_U    |act_q_RAM_AUTO_1R1W      |        0|   8|   5|    0|     4|    8|     1|           32|
    |act_q_23_U    |act_q_RAM_AUTO_1R1W      |        0|   8|   5|    0|     4|    8|     1|           32|
    |act_q_24_U    |act_q_RAM_AUTO_1R1W      |        0|   8|   5|    0|     4|    8|     1|           32|
    |act_q_25_U    |act_q_RAM_AUTO_1R1W      |        0|   8|   5|    0|     4|    8|     1|           32|
    |act_q_26_U    |act_q_RAM_AUTO_1R1W      |        0|   8|   5|    0|     4|    8|     1|           32|
    |act_q_27_U    |act_q_RAM_AUTO_1R1W      |        0|   8|   5|    0|     4|    8|     1|           32|
    |act_q_28_U    |act_q_RAM_AUTO_1R1W      |        0|   8|   5|    0|     4|    8|     1|           32|
    |act_q_29_U    |act_q_RAM_AUTO_1R1W      |        0|   8|   5|    0|     4|    8|     1|           32|
    |act_q_30_U    |act_q_RAM_AUTO_1R1W      |        0|   8|   5|    0|     4|    8|     1|           32|
    |act_q_31_U    |act_q_RAM_AUTO_1R1W      |        0|   8|   5|    0|     4|    8|     1|           32|
    |act_q_32_U    |act_q_RAM_AUTO_1R1W      |        0|   8|   5|    0|     4|    8|     1|           32|
    |act_q_33_U    |act_q_RAM_AUTO_1R1W      |        0|   8|   5|    0|     4|    8|     1|           32|
    |act_q_34_U    |act_q_RAM_AUTO_1R1W      |        0|   8|   5|    0|     4|    8|     1|           32|
    |act_q_35_U    |act_q_RAM_AUTO_1R1W      |        0|   8|   5|    0|     4|    8|     1|           32|
    |act_q_36_U    |act_q_RAM_AUTO_1R1W      |        0|   8|   5|    0|     4|    8|     1|           32|
    |act_q_37_U    |act_q_RAM_AUTO_1R1W      |        0|   8|   5|    0|     4|    8|     1|           32|
    |act_q_38_U    |act_q_RAM_AUTO_1R1W      |        0|   8|   5|    0|     4|    8|     1|           32|
    |act_q_39_U    |act_q_RAM_AUTO_1R1W      |        0|   8|   5|    0|     4|    8|     1|           32|
    |act_q_40_U    |act_q_RAM_AUTO_1R1W      |        0|   8|   5|    0|     4|    8|     1|           32|
    |act_q_41_U    |act_q_RAM_AUTO_1R1W      |        0|   8|   5|    0|     4|    8|     1|           32|
    |act_q_42_U    |act_q_RAM_AUTO_1R1W      |        0|   8|   5|    0|     4|    8|     1|           32|
    |act_q_43_U    |act_q_RAM_AUTO_1R1W      |        0|   8|   5|    0|     4|    8|     1|           32|
    |act_q_44_U    |act_q_RAM_AUTO_1R1W      |        0|   8|   5|    0|     4|    8|     1|           32|
    |act_q_45_U    |act_q_RAM_AUTO_1R1W      |        0|   8|   5|    0|     4|    8|     1|           32|
    |act_q_46_U    |act_q_RAM_AUTO_1R1W      |        0|   8|   5|    0|     4|    8|     1|           32|
    |act_q_47_U    |act_q_RAM_AUTO_1R1W      |        0|   8|   5|    0|     4|    8|     1|           32|
    |act_q_48_U    |act_q_RAM_AUTO_1R1W      |        0|   8|   5|    0|     4|    8|     1|           32|
    |act_q_49_U    |act_q_RAM_AUTO_1R1W      |        0|   8|   5|    0|     4|    8|     1|           32|
    |act_q_50_U    |act_q_RAM_AUTO_1R1W      |        0|   8|   5|    0|     4|    8|     1|           32|
    |act_q_51_U    |act_q_RAM_AUTO_1R1W      |        0|   8|   5|    0|     4|    8|     1|           32|
    |act_q_52_U    |act_q_RAM_AUTO_1R1W      |        0|   8|   5|    0|     4|    8|     1|           32|
    |act_q_53_U    |act_q_RAM_AUTO_1R1W      |        0|   8|   5|    0|     4|    8|     1|           32|
    |act_q_54_U    |act_q_RAM_AUTO_1R1W      |        0|   8|   5|    0|     4|    8|     1|           32|
    |act_q_55_U    |act_q_RAM_AUTO_1R1W      |        0|   8|   5|    0|     4|    8|     1|           32|
    |act_q_56_U    |act_q_RAM_AUTO_1R1W      |        0|   8|   5|    0|     4|    8|     1|           32|
    |act_q_57_U    |act_q_RAM_AUTO_1R1W      |        0|   8|   5|    0|     4|    8|     1|           32|
    |act_q_58_U    |act_q_RAM_AUTO_1R1W      |        0|   8|   5|    0|     4|    8|     1|           32|
    |act_q_59_U    |act_q_RAM_AUTO_1R1W      |        0|   8|   5|    0|     4|    8|     1|           32|
    |act_q_60_U    |act_q_RAM_AUTO_1R1W      |        0|   8|   5|    0|     4|    8|     1|           32|
    |act_q_61_U    |act_q_RAM_AUTO_1R1W      |        0|   8|   5|    0|     4|    8|     1|           32|
    |act_q_62_U    |act_q_RAM_AUTO_1R1W      |        0|   8|   5|    0|     4|    8|     1|           32|
    |act_q_63_U    |act_q_RAM_AUTO_1R1W      |        0|   8|   5|    0|     4|    8|     1|           32|
    |attn_o_U      |act_q_RAM_AUTO_1R1W      |        0|   8|   5|    0|     4|    8|     1|           32|
    |attn_o_1_U    |act_q_RAM_AUTO_1R1W      |        0|   8|   5|    0|     4|    8|     1|           32|
    |attn_o_2_U    |act_q_RAM_AUTO_1R1W      |        0|   8|   5|    0|     4|    8|     1|           32|
    |attn_o_3_U    |act_q_RAM_AUTO_1R1W      |        0|   8|   5|    0|     4|    8|     1|           32|
    |attn_o_4_U    |act_q_RAM_AUTO_1R1W      |        0|   8|   5|    0|     4|    8|     1|           32|
    |attn_o_5_U    |act_q_RAM_AUTO_1R1W      |        0|   8|   5|    0|     4|    8|     1|           32|
    |attn_o_6_U    |act_q_RAM_AUTO_1R1W      |        0|   8|   5|    0|     4|    8|     1|           32|
    |attn_o_7_U    |act_q_RAM_AUTO_1R1W      |        0|   8|   5|    0|     4|    8|     1|           32|
    |attn_o_8_U    |act_q_RAM_AUTO_1R1W      |        0|   8|   5|    0|     4|    8|     1|           32|
    |attn_o_9_U    |act_q_RAM_AUTO_1R1W      |        0|   8|   5|    0|     4|    8|     1|           32|
    |attn_o_10_U   |act_q_RAM_AUTO_1R1W      |        0|   8|   5|    0|     4|    8|     1|           32|
    |attn_o_11_U   |act_q_RAM_AUTO_1R1W      |        0|   8|   5|    0|     4|    8|     1|           32|
    |attn_o_12_U   |act_q_RAM_AUTO_1R1W      |        0|   8|   5|    0|     4|    8|     1|           32|
    |attn_o_13_U   |act_q_RAM_AUTO_1R1W      |        0|   8|   5|    0|     4|    8|     1|           32|
    |attn_o_14_U   |act_q_RAM_AUTO_1R1W      |        0|   8|   5|    0|     4|    8|     1|           32|
    |attn_o_15_U   |act_q_RAM_AUTO_1R1W      |        0|   8|   5|    0|     4|    8|     1|           32|
    |attn_o_16_U   |act_q_RAM_AUTO_1R1W      |        0|   8|   5|    0|     4|    8|     1|           32|
    |attn_o_17_U   |act_q_RAM_AUTO_1R1W      |        0|   8|   5|    0|     4|    8|     1|           32|
    |attn_o_18_U   |act_q_RAM_AUTO_1R1W      |        0|   8|   5|    0|     4|    8|     1|           32|
    |attn_o_19_U   |act_q_RAM_AUTO_1R1W      |        0|   8|   5|    0|     4|    8|     1|           32|
    |attn_o_20_U   |act_q_RAM_AUTO_1R1W      |        0|   8|   5|    0|     4|    8|     1|           32|
    |attn_o_21_U   |act_q_RAM_AUTO_1R1W      |        0|   8|   5|    0|     4|    8|     1|           32|
    |attn_o_22_U   |act_q_RAM_AUTO_1R1W      |        0|   8|   5|    0|     4|    8|     1|           32|
    |attn_o_23_U   |act_q_RAM_AUTO_1R1W      |        0|   8|   5|    0|     4|    8|     1|           32|
    |attn_o_24_U   |act_q_RAM_AUTO_1R1W      |        0|   8|   5|    0|     4|    8|     1|           32|
    |attn_o_25_U   |act_q_RAM_AUTO_1R1W      |        0|   8|   5|    0|     4|    8|     1|           32|
    |attn_o_26_U   |act_q_RAM_AUTO_1R1W      |        0|   8|   5|    0|     4|    8|     1|           32|
    |attn_o_27_U   |act_q_RAM_AUTO_1R1W      |        0|   8|   5|    0|     4|    8|     1|           32|
    |attn_o_28_U   |act_q_RAM_AUTO_1R1W      |        0|   8|   5|    0|     4|    8|     1|           32|
    |attn_o_29_U   |act_q_RAM_AUTO_1R1W      |        0|   8|   5|    0|     4|    8|     1|           32|
    |attn_o_30_U   |act_q_RAM_AUTO_1R1W      |        0|   8|   5|    0|     4|    8|     1|           32|
    |attn_o_31_U   |act_q_RAM_AUTO_1R1W      |        0|   8|   5|    0|     4|    8|     1|           32|
    |attn_o_32_U   |act_q_RAM_AUTO_1R1W      |        0|   8|   5|    0|     4|    8|     1|           32|
    |attn_o_33_U   |act_q_RAM_AUTO_1R1W      |        0|   8|   5|    0|     4|    8|     1|           32|
    |attn_o_34_U   |act_q_RAM_AUTO_1R1W      |        0|   8|   5|    0|     4|    8|     1|           32|
    |attn_o_35_U   |act_q_RAM_AUTO_1R1W      |        0|   8|   5|    0|     4|    8|     1|           32|
    |attn_o_36_U   |act_q_RAM_AUTO_1R1W      |        0|   8|   5|    0|     4|    8|     1|           32|
    |attn_o_37_U   |act_q_RAM_AUTO_1R1W      |        0|   8|   5|    0|     4|    8|     1|           32|
    |attn_o_38_U   |act_q_RAM_AUTO_1R1W      |        0|   8|   5|    0|     4|    8|     1|           32|
    |attn_o_39_U   |act_q_RAM_AUTO_1R1W      |        0|   8|   5|    0|     4|    8|     1|           32|
    |attn_o_40_U   |act_q_RAM_AUTO_1R1W      |        0|   8|   5|    0|     4|    8|     1|           32|
    |attn_o_41_U   |act_q_RAM_AUTO_1R1W      |        0|   8|   5|    0|     4|    8|     1|           32|
    |attn_o_42_U   |act_q_RAM_AUTO_1R1W      |        0|   8|   5|    0|     4|    8|     1|           32|
    |attn_o_43_U   |act_q_RAM_AUTO_1R1W      |        0|   8|   5|    0|     4|    8|     1|           32|
    |attn_o_44_U   |act_q_RAM_AUTO_1R1W      |        0|   8|   5|    0|     4|    8|     1|           32|
    |attn_o_45_U   |act_q_RAM_AUTO_1R1W      |        0|   8|   5|    0|     4|    8|     1|           32|
    |attn_o_46_U   |act_q_RAM_AUTO_1R1W      |        0|   8|   5|    0|     4|    8|     1|           32|
    |attn_o_47_U   |act_q_RAM_AUTO_1R1W      |        0|   8|   5|    0|     4|    8|     1|           32|
    |attn_o_48_U   |act_q_RAM_AUTO_1R1W      |        0|   8|   5|    0|     4|    8|     1|           32|
    |attn_o_49_U   |act_q_RAM_AUTO_1R1W      |        0|   8|   5|    0|     4|    8|     1|           32|
    |attn_o_50_U   |act_q_RAM_AUTO_1R1W      |        0|   8|   5|    0|     4|    8|     1|           32|
    |attn_o_51_U   |act_q_RAM_AUTO_1R1W      |        0|   8|   5|    0|     4|    8|     1|           32|
    |attn_o_52_U   |act_q_RAM_AUTO_1R1W      |        0|   8|   5|    0|     4|    8|     1|           32|
    |attn_o_53_U   |act_q_RAM_AUTO_1R1W      |        0|   8|   5|    0|     4|    8|     1|           32|
    |attn_o_54_U   |act_q_RAM_AUTO_1R1W      |        0|   8|   5|    0|     4|    8|     1|           32|
    |attn_o_55_U   |act_q_RAM_AUTO_1R1W      |        0|   8|   5|    0|     4|    8|     1|           32|
    |attn_o_56_U   |act_q_RAM_AUTO_1R1W      |        0|   8|   5|    0|     4|    8|     1|           32|
    |attn_o_57_U   |act_q_RAM_AUTO_1R1W      |        0|   8|   5|    0|     4|    8|     1|           32|
    |attn_o_58_U   |act_q_RAM_AUTO_1R1W      |        0|   8|   5|    0|     4|    8|     1|           32|
    |attn_o_59_U   |act_q_RAM_AUTO_1R1W      |        0|   8|   5|    0|     4|    8|     1|           32|
    |attn_o_60_U   |act_q_RAM_AUTO_1R1W      |        0|   8|   5|    0|     4|    8|     1|           32|
    |attn_o_61_U   |act_q_RAM_AUTO_1R1W      |        0|   8|   5|    0|     4|    8|     1|           32|
    |attn_o_62_U   |act_q_RAM_AUTO_1R1W      |        0|   8|   5|    0|     4|    8|     1|           32|
    |attn_o_63_U   |act_q_RAM_AUTO_1R1W      |        0|   8|   5|    0|     4|    8|     1|           32|
    |ffn_out_U     |act_q_RAM_AUTO_1R1W      |        0|   8|   5|    0|     4|    8|     1|           32|
    |ffn_out_1_U   |act_q_RAM_AUTO_1R1W      |        0|   8|   5|    0|     4|    8|     1|           32|
    |ffn_out_2_U   |act_q_RAM_AUTO_1R1W      |        0|   8|   5|    0|     4|    8|     1|           32|
    |ffn_out_3_U   |act_q_RAM_AUTO_1R1W      |        0|   8|   5|    0|     4|    8|     1|           32|
    |ffn_out_4_U   |act_q_RAM_AUTO_1R1W      |        0|   8|   5|    0|     4|    8|     1|           32|
    |ffn_out_5_U   |act_q_RAM_AUTO_1R1W      |        0|   8|   5|    0|     4|    8|     1|           32|
    |ffn_out_6_U   |act_q_RAM_AUTO_1R1W      |        0|   8|   5|    0|     4|    8|     1|           32|
    |ffn_out_7_U   |act_q_RAM_AUTO_1R1W      |        0|   8|   5|    0|     4|    8|     1|           32|
    |ffn_out_8_U   |act_q_RAM_AUTO_1R1W      |        0|   8|   5|    0|     4|    8|     1|           32|
    |ffn_out_9_U   |act_q_RAM_AUTO_1R1W      |        0|   8|   5|    0|     4|    8|     1|           32|
    |ffn_out_10_U  |act_q_RAM_AUTO_1R1W      |        0|   8|   5|    0|     4|    8|     1|           32|
    |ffn_out_11_U  |act_q_RAM_AUTO_1R1W      |        0|   8|   5|    0|     4|    8|     1|           32|
    |ffn_out_12_U  |act_q_RAM_AUTO_1R1W      |        0|   8|   5|    0|     4|    8|     1|           32|
    |ffn_out_13_U  |act_q_RAM_AUTO_1R1W      |        0|   8|   5|    0|     4|    8|     1|           32|
    |ffn_out_14_U  |act_q_RAM_AUTO_1R1W      |        0|   8|   5|    0|     4|    8|     1|           32|
    |ffn_out_15_U  |act_q_RAM_AUTO_1R1W      |        0|   8|   5|    0|     4|    8|     1|           32|
    |ffn_out_16_U  |act_q_RAM_AUTO_1R1W      |        0|   8|   5|    0|     4|    8|     1|           32|
    |ffn_out_17_U  |act_q_RAM_AUTO_1R1W      |        0|   8|   5|    0|     4|    8|     1|           32|
    |ffn_out_18_U  |act_q_RAM_AUTO_1R1W      |        0|   8|   5|    0|     4|    8|     1|           32|
    |ffn_out_19_U  |act_q_RAM_AUTO_1R1W      |        0|   8|   5|    0|     4|    8|     1|           32|
    |ffn_out_20_U  |act_q_RAM_AUTO_1R1W      |        0|   8|   5|    0|     4|    8|     1|           32|
    |ffn_out_21_U  |act_q_RAM_AUTO_1R1W      |        0|   8|   5|    0|     4|    8|     1|           32|
    |ffn_out_22_U  |act_q_RAM_AUTO_1R1W      |        0|   8|   5|    0|     4|    8|     1|           32|
    |ffn_out_23_U  |act_q_RAM_AUTO_1R1W      |        0|   8|   5|    0|     4|    8|     1|           32|
    |ffn_out_24_U  |act_q_RAM_AUTO_1R1W      |        0|   8|   5|    0|     4|    8|     1|           32|
    |ffn_out_25_U  |act_q_RAM_AUTO_1R1W      |        0|   8|   5|    0|     4|    8|     1|           32|
    |ffn_out_26_U  |act_q_RAM_AUTO_1R1W      |        0|   8|   5|    0|     4|    8|     1|           32|
    |ffn_out_27_U  |act_q_RAM_AUTO_1R1W      |        0|   8|   5|    0|     4|    8|     1|           32|
    |ffn_out_28_U  |act_q_RAM_AUTO_1R1W      |        0|   8|   5|    0|     4|    8|     1|           32|
    |ffn_out_29_U  |act_q_RAM_AUTO_1R1W      |        0|   8|   5|    0|     4|    8|     1|           32|
    |ffn_out_30_U  |act_q_RAM_AUTO_1R1W      |        0|   8|   5|    0|     4|    8|     1|           32|
    |ffn_out_31_U  |act_q_RAM_AUTO_1R1W      |        0|   8|   5|    0|     4|    8|     1|           32|
    |ffn_out_32_U  |act_q_RAM_AUTO_1R1W      |        0|   8|   5|    0|     4|    8|     1|           32|
    |ffn_out_33_U  |act_q_RAM_AUTO_1R1W      |        0|   8|   5|    0|     4|    8|     1|           32|
    |ffn_out_34_U  |act_q_RAM_AUTO_1R1W      |        0|   8|   5|    0|     4|    8|     1|           32|
    |ffn_out_35_U  |act_q_RAM_AUTO_1R1W      |        0|   8|   5|    0|     4|    8|     1|           32|
    |ffn_out_36_U  |act_q_RAM_AUTO_1R1W      |        0|   8|   5|    0|     4|    8|     1|           32|
    |ffn_out_37_U  |act_q_RAM_AUTO_1R1W      |        0|   8|   5|    0|     4|    8|     1|           32|
    |ffn_out_38_U  |act_q_RAM_AUTO_1R1W      |        0|   8|   5|    0|     4|    8|     1|           32|
    |ffn_out_39_U  |act_q_RAM_AUTO_1R1W      |        0|   8|   5|    0|     4|    8|     1|           32|
    |ffn_out_40_U  |act_q_RAM_AUTO_1R1W      |        0|   8|   5|    0|     4|    8|     1|           32|
    |ffn_out_41_U  |act_q_RAM_AUTO_1R1W      |        0|   8|   5|    0|     4|    8|     1|           32|
    |ffn_out_42_U  |act_q_RAM_AUTO_1R1W      |        0|   8|   5|    0|     4|    8|     1|           32|
    |ffn_out_43_U  |act_q_RAM_AUTO_1R1W      |        0|   8|   5|    0|     4|    8|     1|           32|
    |ffn_out_44_U  |act_q_RAM_AUTO_1R1W      |        0|   8|   5|    0|     4|    8|     1|           32|
    |ffn_out_45_U  |act_q_RAM_AUTO_1R1W      |        0|   8|   5|    0|     4|    8|     1|           32|
    |ffn_out_46_U  |act_q_RAM_AUTO_1R1W      |        0|   8|   5|    0|     4|    8|     1|           32|
    |ffn_out_47_U  |act_q_RAM_AUTO_1R1W      |        0|   8|   5|    0|     4|    8|     1|           32|
    |ffn_out_48_U  |act_q_RAM_AUTO_1R1W      |        0|   8|   5|    0|     4|    8|     1|           32|
    |ffn_out_49_U  |act_q_RAM_AUTO_1R1W      |        0|   8|   5|    0|     4|    8|     1|           32|
    |ffn_out_50_U  |act_q_RAM_AUTO_1R1W      |        0|   8|   5|    0|     4|    8|     1|           32|
    |ffn_out_51_U  |act_q_RAM_AUTO_1R1W      |        0|   8|   5|    0|     4|    8|     1|           32|
    |ffn_out_52_U  |act_q_RAM_AUTO_1R1W      |        0|   8|   5|    0|     4|    8|     1|           32|
    |ffn_out_53_U  |act_q_RAM_AUTO_1R1W      |        0|   8|   5|    0|     4|    8|     1|           32|
    |ffn_out_54_U  |act_q_RAM_AUTO_1R1W      |        0|   8|   5|    0|     4|    8|     1|           32|
    |ffn_out_55_U  |act_q_RAM_AUTO_1R1W      |        0|   8|   5|    0|     4|    8|     1|           32|
    |ffn_out_56_U  |act_q_RAM_AUTO_1R1W      |        0|   8|   5|    0|     4|    8|     1|           32|
    |ffn_out_57_U  |act_q_RAM_AUTO_1R1W      |        0|   8|   5|    0|     4|    8|     1|           32|
    |ffn_out_58_U  |act_q_RAM_AUTO_1R1W      |        0|   8|   5|    0|     4|    8|     1|           32|
    |ffn_out_59_U  |act_q_RAM_AUTO_1R1W      |        0|   8|   5|    0|     4|    8|     1|           32|
    |ffn_out_60_U  |act_q_RAM_AUTO_1R1W      |        0|   8|   5|    0|     4|    8|     1|           32|
    |ffn_out_61_U  |act_q_RAM_AUTO_1R1W      |        0|   8|   5|    0|     4|    8|     1|           32|
    |ffn_out_62_U  |act_q_RAM_AUTO_1R1W      |        0|   8|   5|    0|     4|    8|     1|           32|
    |ffn_out_63_U  |act_q_RAM_AUTO_1R1W      |        0|   8|   5|    0|     4|    8|     1|           32|
    |h_U           |h_RAM_AUTO_1R1W          |        0|   8|   5|    0|     8|    8|     1|           64|
    |h_1_U         |h_RAM_AUTO_1R1W          |        0|   8|   5|    0|     8|    8|     1|           64|
    |h_2_U         |h_RAM_AUTO_1R1W          |        0|   8|   5|    0|     8|    8|     1|           64|
    |h_3_U         |h_RAM_AUTO_1R1W          |        0|   8|   5|    0|     8|    8|     1|           64|
    |h_4_U         |h_RAM_AUTO_1R1W          |        0|   8|   5|    0|     8|    8|     1|           64|
    |h_5_U         |h_RAM_AUTO_1R1W          |        0|   8|   5|    0|     8|    8|     1|           64|
    |h_6_U         |h_RAM_AUTO_1R1W          |        0|   8|   5|    0|     8|    8|     1|           64|
    |h_7_U         |h_RAM_AUTO_1R1W          |        0|   8|   5|    0|     8|    8|     1|           64|
    |h_8_U         |h_RAM_AUTO_1R1W          |        0|   8|   5|    0|     8|    8|     1|           64|
    |h_9_U         |h_RAM_AUTO_1R1W          |        0|   8|   5|    0|     8|    8|     1|           64|
    |h_10_U        |h_RAM_AUTO_1R1W          |        0|   8|   5|    0|     8|    8|     1|           64|
    |h_11_U        |h_RAM_AUTO_1R1W          |        0|   8|   5|    0|     8|    8|     1|           64|
    |h_12_U        |h_RAM_AUTO_1R1W          |        0|   8|   5|    0|     8|    8|     1|           64|
    |h_13_U        |h_RAM_AUTO_1R1W          |        0|   8|   5|    0|     8|    8|     1|           64|
    |h_14_U        |h_RAM_AUTO_1R1W          |        0|   8|   5|    0|     8|    8|     1|           64|
    |h_15_U        |h_RAM_AUTO_1R1W          |        0|   8|   5|    0|     8|    8|     1|           64|
    |h_16_U        |h_RAM_AUTO_1R1W          |        0|   8|   5|    0|     8|    8|     1|           64|
    |h_17_U        |h_RAM_AUTO_1R1W          |        0|   8|   5|    0|     8|    8|     1|           64|
    |h_18_U        |h_RAM_AUTO_1R1W          |        0|   8|   5|    0|     8|    8|     1|           64|
    |h_19_U        |h_RAM_AUTO_1R1W          |        0|   8|   5|    0|     8|    8|     1|           64|
    |h_20_U        |h_RAM_AUTO_1R1W          |        0|   8|   5|    0|     8|    8|     1|           64|
    |h_21_U        |h_RAM_AUTO_1R1W          |        0|   8|   5|    0|     8|    8|     1|           64|
    |h_22_U        |h_RAM_AUTO_1R1W          |        0|   8|   5|    0|     8|    8|     1|           64|
    |h_23_U        |h_RAM_AUTO_1R1W          |        0|   8|   5|    0|     8|    8|     1|           64|
    |h_24_U        |h_RAM_AUTO_1R1W          |        0|   8|   5|    0|     8|    8|     1|           64|
    |h_25_U        |h_RAM_AUTO_1R1W          |        0|   8|   5|    0|     8|    8|     1|           64|
    |h_26_U        |h_RAM_AUTO_1R1W          |        0|   8|   5|    0|     8|    8|     1|           64|
    |h_27_U        |h_RAM_AUTO_1R1W          |        0|   8|   5|    0|     8|    8|     1|           64|
    |h_28_U        |h_RAM_AUTO_1R1W          |        0|   8|   5|    0|     8|    8|     1|           64|
    |h_29_U        |h_RAM_AUTO_1R1W          |        0|   8|   5|    0|     8|    8|     1|           64|
    |h_30_U        |h_RAM_AUTO_1R1W          |        0|   8|   5|    0|     8|    8|     1|           64|
    |h_31_U        |h_RAM_AUTO_1R1W          |        0|   8|   5|    0|     8|    8|     1|           64|
    |h_32_U        |h_RAM_AUTO_1R1W          |        0|   8|   5|    0|     8|    8|     1|           64|
    |h_33_U        |h_RAM_AUTO_1R1W          |        0|   8|   5|    0|     8|    8|     1|           64|
    |h_34_U        |h_RAM_AUTO_1R1W          |        0|   8|   5|    0|     8|    8|     1|           64|
    |h_35_U        |h_RAM_AUTO_1R1W          |        0|   8|   5|    0|     8|    8|     1|           64|
    |h_36_U        |h_RAM_AUTO_1R1W          |        0|   8|   5|    0|     8|    8|     1|           64|
    |h_37_U        |h_RAM_AUTO_1R1W          |        0|   8|   5|    0|     8|    8|     1|           64|
    |h_38_U        |h_RAM_AUTO_1R1W          |        0|   8|   5|    0|     8|    8|     1|           64|
    |h_39_U        |h_RAM_AUTO_1R1W          |        0|   8|   5|    0|     8|    8|     1|           64|
    |h_40_U        |h_RAM_AUTO_1R1W          |        0|   8|   5|    0|     8|    8|     1|           64|
    |h_41_U        |h_RAM_AUTO_1R1W          |        0|   8|   5|    0|     8|    8|     1|           64|
    |h_42_U        |h_RAM_AUTO_1R1W          |        0|   8|   5|    0|     8|    8|     1|           64|
    |h_43_U        |h_RAM_AUTO_1R1W          |        0|   8|   5|    0|     8|    8|     1|           64|
    |h_44_U        |h_RAM_AUTO_1R1W          |        0|   8|   5|    0|     8|    8|     1|           64|
    |h_45_U        |h_RAM_AUTO_1R1W          |        0|   8|   5|    0|     8|    8|     1|           64|
    |h_46_U        |h_RAM_AUTO_1R1W          |        0|   8|   5|    0|     8|    8|     1|           64|
    |h_47_U        |h_RAM_AUTO_1R1W          |        0|   8|   5|    0|     8|    8|     1|           64|
    |h_48_U        |h_RAM_AUTO_1R1W          |        0|   8|   5|    0|     8|    8|     1|           64|
    |h_49_U        |h_RAM_AUTO_1R1W          |        0|   8|   5|    0|     8|    8|     1|           64|
    |h_50_U        |h_RAM_AUTO_1R1W          |        0|   8|   5|    0|     8|    8|     1|           64|
    |h_51_U        |h_RAM_AUTO_1R1W          |        0|   8|   5|    0|     8|    8|     1|           64|
    |h_52_U        |h_RAM_AUTO_1R1W          |        0|   8|   5|    0|     8|    8|     1|           64|
    |h_53_U        |h_RAM_AUTO_1R1W          |        0|   8|   5|    0|     8|    8|     1|           64|
    |h_54_U        |h_RAM_AUTO_1R1W          |        0|   8|   5|    0|     8|    8|     1|           64|
    |h_55_U        |h_RAM_AUTO_1R1W          |        0|   8|   5|    0|     8|    8|     1|           64|
    |h_56_U        |h_RAM_AUTO_1R1W          |        0|   8|   5|    0|     8|    8|     1|           64|
    |h_57_U        |h_RAM_AUTO_1R1W          |        0|   8|   5|    0|     8|    8|     1|           64|
    |h_58_U        |h_RAM_AUTO_1R1W          |        0|   8|   5|    0|     8|    8|     1|           64|
    |h_59_U        |h_RAM_AUTO_1R1W          |        0|   8|   5|    0|     8|    8|     1|           64|
    |h_60_U        |h_RAM_AUTO_1R1W          |        0|   8|   5|    0|     8|    8|     1|           64|
    |h_61_U        |h_RAM_AUTO_1R1W          |        0|   8|   5|    0|     8|    8|     1|           64|
    |h_62_U        |h_RAM_AUTO_1R1W          |        0|   8|   5|    0|     8|    8|     1|           64|
    |h_63_U        |h_RAM_AUTO_1R1W          |        0|   8|   5|    0|     8|    8|     1|           64|
    |scores_U      |scores_RAM_AUTO_1R1W     |        1|   0|   0|    0|   256|   16|     1|         4096|
    |attn_w_U      |scores_RAM_AUTO_1R1W     |        1|   0|   0|    0|   256|   16|     1|         4096|
    |shifted_U     |scores_RAM_AUTO_1R1W     |        1|   0|   0|    0|   256|   16|     1|         4096|
    |time_proj_U   |time_proj_RAM_AUTO_1R1W  |        0|   8|  44|    0|   256|    8|     1|         2048|
    +--------------+-------------------------+---------+----+----+-----+------+-----+------+-------------+
    |Total         |                         |        3|2056|1324|    0|  2304| 2104|   260|        24576|
    +--------------+-------------------------+---------+----+----+-----+------+-----+------+-------------+

    * FIFO: 
    N/A

    * Expression: 
    +-----------------------+----------+----+---+----+------------+------------+
    |     Variable Name     | Operation| DSP| FF| LUT| Bitwidth P0| Bitwidth P1|
    +-----------------------+----------+----+---+----+------------+------------+
    |add_ln178_fu_6780_p2   |         +|   0|  0|  10|          10|           1|
    |add_ln198_fu_7118_p2   |         +|   0|  0|   9|           9|           1|
    |cmp133_fu_6770_p2      |      icmp|   0|  0|  12|          24|           1|
    |icmp_ln178_fu_6786_p2  |      icmp|   0|  0|   4|          10|          11|
    |icmp_ln189_fu_6832_p2  |      icmp|   0|  0|  12|          24|           1|
    |icmp_ln198_fu_7124_p2  |      icmp|   0|  0|   4|           9|          10|
    +-----------------------+----------+----+---+----+------------+------------+
    |Total                  |          |   0|  0|  51|          86|          25|
    +-----------------------+----------+----+---+----+------------+------------+

    * Multiplexer: 
    +-----------------------------------+----+-----------+-----+-----------+
    |                Name               | LUT| Input Size| Bits| Total Bits|
    +-----------------------------------+----+-----------+-----+-----------+
    |act_q_10_address0                  |   8|          3|    2|          6|
    |act_q_10_ce0                       |   8|          3|    1|          3|
    |act_q_10_we0                       |   8|          2|    1|          2|
    |act_q_11_address0                  |   8|          3|    2|          6|
    |act_q_11_ce0                       |   8|          3|    1|          3|
    |act_q_11_we0                       |   8|          2|    1|          2|
    |act_q_12_address0                  |   8|          3|    2|          6|
    |act_q_12_ce0                       |   8|          3|    1|          3|
    |act_q_12_we0                       |   8|          2|    1|          2|
    |act_q_13_address0                  |   8|          3|    2|          6|
    |act_q_13_ce0                       |   8|          3|    1|          3|
    |act_q_13_we0                       |   8|          2|    1|          2|
    |act_q_14_address0                  |   8|          3|    2|          6|
    |act_q_14_ce0                       |   8|          3|    1|          3|
    |act_q_14_we0                       |   8|          2|    1|          2|
    |act_q_15_address0                  |   8|          3|    2|          6|
    |act_q_15_ce0                       |   8|          3|    1|          3|
    |act_q_15_we0                       |   8|          2|    1|          2|
    |act_q_16_address0                  |   8|          3|    2|          6|
    |act_q_16_ce0                       |   8|          3|    1|          3|
    |act_q_16_we0                       |   8|          2|    1|          2|
    |act_q_17_address0                  |   8|          3|    2|          6|
    |act_q_17_ce0                       |   8|          3|    1|          3|
    |act_q_17_we0                       |   8|          2|    1|          2|
    |act_q_18_address0                  |   8|          3|    2|          6|
    |act_q_18_ce0                       |   8|          3|    1|          3|
    |act_q_18_we0                       |   8|          2|    1|          2|
    |act_q_19_address0                  |   8|          3|    2|          6|
    |act_q_19_ce0                       |   8|          3|    1|          3|
    |act_q_19_we0                       |   8|          2|    1|          2|
    |act_q_1_address0                   |   8|          3|    2|          6|
    |act_q_1_ce0                        |   8|          3|    1|          3|
    |act_q_1_we0                        |   8|          2|    1|          2|
    |act_q_20_address0                  |   8|          3|    2|          6|
    |act_q_20_ce0                       |   8|          3|    1|          3|
    |act_q_20_we0                       |   8|          2|    1|          2|
    |act_q_21_address0                  |   8|          3|    2|          6|
    |act_q_21_ce0                       |   8|          3|    1|          3|
    |act_q_21_we0                       |   8|          2|    1|          2|
    |act_q_22_address0                  |   8|          3|    2|          6|
    |act_q_22_ce0                       |   8|          3|    1|          3|
    |act_q_22_we0                       |   8|          2|    1|          2|
    |act_q_23_address0                  |   8|          3|    2|          6|
    |act_q_23_ce0                       |   8|          3|    1|          3|
    |act_q_23_we0                       |   8|          2|    1|          2|
    |act_q_24_address0                  |   8|          3|    2|          6|
    |act_q_24_ce0                       |   8|          3|    1|          3|
    |act_q_24_we0                       |   8|          2|    1|          2|
    |act_q_25_address0                  |   8|          3|    2|          6|
    |act_q_25_ce0                       |   8|          3|    1|          3|
    |act_q_25_we0                       |   8|          2|    1|          2|
    |act_q_26_address0                  |   8|          3|    2|          6|
    |act_q_26_ce0                       |   8|          3|    1|          3|
    |act_q_26_we0                       |   8|          2|    1|          2|
    |act_q_27_address0                  |   8|          3|    2|          6|
    |act_q_27_ce0                       |   8|          3|    1|          3|
    |act_q_27_we0                       |   8|          2|    1|          2|
    |act_q_28_address0                  |   8|          3|    2|          6|
    |act_q_28_ce0                       |   8|          3|    1|          3|
    |act_q_28_we0                       |   8|          2|    1|          2|
    |act_q_29_address0                  |   8|          3|    2|          6|
    |act_q_29_ce0                       |   8|          3|    1|          3|
    |act_q_29_we0                       |   8|          2|    1|          2|
    |act_q_2_address0                   |   8|          3|    2|          6|
    |act_q_2_ce0                        |   8|          3|    1|          3|
    |act_q_2_we0                        |   8|          2|    1|          2|
    |act_q_30_address0                  |   8|          3|    2|          6|
    |act_q_30_ce0                       |   8|          3|    1|          3|
    |act_q_30_we0                       |   8|          2|    1|          2|
    |act_q_31_address0                  |   8|          3|    2|          6|
    |act_q_31_ce0                       |   8|          3|    1|          3|
    |act_q_31_we0                       |   8|          2|    1|          2|
    |act_q_32_address0                  |   8|          3|    2|          6|
    |act_q_32_ce0                       |   8|          3|    1|          3|
    |act_q_32_we0                       |   8|          2|    1|          2|
    |act_q_33_address0                  |   8|          3|    2|          6|
    |act_q_33_ce0                       |   8|          3|    1|          3|
    |act_q_33_we0                       |   8|          2|    1|          2|
    |act_q_34_address0                  |   8|          3|    2|          6|
    |act_q_34_ce0                       |   8|          3|    1|          3|
    |act_q_34_we0                       |   8|          2|    1|          2|
    |act_q_35_address0                  |   8|          3|    2|          6|
    |act_q_35_ce0                       |   8|          3|    1|          3|
    |act_q_35_we0                       |   8|          2|    1|          2|
    |act_q_36_address0                  |   8|          3|    2|          6|
    |act_q_36_ce0                       |   8|          3|    1|          3|
    |act_q_36_we0                       |   8|          2|    1|          2|
    |act_q_37_address0                  |   8|          3|    2|          6|
    |act_q_37_ce0                       |   8|          3|    1|          3|
    |act_q_37_we0                       |   8|          2|    1|          2|
    |act_q_38_address0                  |   8|          3|    2|          6|
    |act_q_38_ce0                       |   8|          3|    1|          3|
    |act_q_38_we0                       |   8|          2|    1|          2|
    |act_q_39_address0                  |   8|          3|    2|          6|
    |act_q_39_ce0                       |   8|          3|    1|          3|
    |act_q_39_we0                       |   8|          2|    1|          2|
    |act_q_3_address0                   |   8|          3|    2|          6|
    |act_q_3_ce0                        |   8|          3|    1|          3|
    |act_q_3_we0                        |   8|          2|    1|          2|
    |act_q_40_address0                  |   8|          3|    2|          6|
    |act_q_40_ce0                       |   8|          3|    1|          3|
    |act_q_40_we0                       |   8|          2|    1|          2|
    |act_q_41_address0                  |   8|          3|    2|          6|
    |act_q_41_ce0                       |   8|          3|    1|          3|
    |act_q_41_we0                       |   8|          2|    1|          2|
    |act_q_42_address0                  |   8|          3|    2|          6|
    |act_q_42_ce0                       |   8|          3|    1|          3|
    |act_q_42_we0                       |   8|          2|    1|          2|
    |act_q_43_address0                  |   8|          3|    2|          6|
    |act_q_43_ce0                       |   8|          3|    1|          3|
    |act_q_43_we0                       |   8|          2|    1|          2|
    |act_q_44_address0                  |   8|          3|    2|          6|
    |act_q_44_ce0                       |   8|          3|    1|          3|
    |act_q_44_we0                       |   8|          2|    1|          2|
    |act_q_45_address0                  |   8|          3|    2|          6|
    |act_q_45_ce0                       |   8|          3|    1|          3|
    |act_q_45_we0                       |   8|          2|    1|          2|
    |act_q_46_address0                  |   8|          3|    2|          6|
    |act_q_46_ce0                       |   8|          3|    1|          3|
    |act_q_46_we0                       |   8|          2|    1|          2|
    |act_q_47_address0                  |   8|          3|    2|          6|
    |act_q_47_ce0                       |   8|          3|    1|          3|
    |act_q_47_we0                       |   8|          2|    1|          2|
    |act_q_48_address0                  |   8|          3|    2|          6|
    |act_q_48_ce0                       |   8|          3|    1|          3|
    |act_q_48_we0                       |   8|          2|    1|          2|
    |act_q_49_address0                  |   8|          3|    2|          6|
    |act_q_49_ce0                       |   8|          3|    1|          3|
    |act_q_49_we0                       |   8|          2|    1|          2|
    |act_q_4_address0                   |   8|          3|    2|          6|
    |act_q_4_ce0                        |   8|          3|    1|          3|
    |act_q_4_we0                        |   8|          2|    1|          2|
    |act_q_50_address0                  |   8|          3|    2|          6|
    |act_q_50_ce0                       |   8|          3|    1|          3|
    |act_q_50_we0                       |   8|          2|    1|          2|
    |act_q_51_address0                  |   8|          3|    2|          6|
    |act_q_51_ce0                       |   8|          3|    1|          3|
    |act_q_51_we0                       |   8|          2|    1|          2|
    |act_q_52_address0                  |   8|          3|    2|          6|
    |act_q_52_ce0                       |   8|          3|    1|          3|
    |act_q_52_we0                       |   8|          2|    1|          2|
    |act_q_53_address0                  |   8|          3|    2|          6|
    |act_q_53_ce0                       |   8|          3|    1|          3|
    |act_q_53_we0                       |   8|          2|    1|          2|
    |act_q_54_address0                  |   8|          3|    2|          6|
    |act_q_54_ce0                       |   8|          3|    1|          3|
    |act_q_54_we0                       |   8|          2|    1|          2|
    |act_q_55_address0                  |   8|          3|    2|          6|
    |act_q_55_ce0                       |   8|          3|    1|          3|
    |act_q_55_we0                       |   8|          2|    1|          2|
    |act_q_56_address0                  |   8|          3|    2|          6|
    |act_q_56_ce0                       |   8|          3|    1|          3|
    |act_q_56_we0                       |   8|          2|    1|          2|
    |act_q_57_address0                  |   8|          3|    2|          6|
    |act_q_57_ce0                       |   8|          3|    1|          3|
    |act_q_57_we0                       |   8|          2|    1|          2|
    |act_q_58_address0                  |   8|          3|    2|          6|
    |act_q_58_ce0                       |   8|          3|    1|          3|
    |act_q_58_we0                       |   8|          2|    1|          2|
    |act_q_59_address0                  |   8|          3|    2|          6|
    |act_q_59_ce0                       |   8|          3|    1|          3|
    |act_q_59_we0                       |   8|          2|    1|          2|
    |act_q_5_address0                   |   8|          3|    2|          6|
    |act_q_5_ce0                        |   8|          3|    1|          3|
    |act_q_5_we0                        |   8|          2|    1|          2|
    |act_q_60_address0                  |   8|          3|    2|          6|
    |act_q_60_ce0                       |   8|          3|    1|          3|
    |act_q_60_we0                       |   8|          2|    1|          2|
    |act_q_61_address0                  |   8|          3|    2|          6|
    |act_q_61_ce0                       |   8|          3|    1|          3|
    |act_q_61_we0                       |   8|          2|    1|          2|
    |act_q_62_address0                  |   8|          3|    2|          6|
    |act_q_62_ce0                       |   8|          3|    1|          3|
    |act_q_62_we0                       |   8|          2|    1|          2|
    |act_q_63_address0                  |   8|          3|    2|          6|
    |act_q_63_ce0                       |   8|          3|    1|          3|
    |act_q_63_we0                       |   8|          2|    1|          2|
    |act_q_6_address0                   |   8|          3|    2|          6|
    |act_q_6_ce0                        |   8|          3|    1|          3|
    |act_q_6_we0                        |   8|          2|    1|          2|
    |act_q_7_address0                   |   8|          3|    2|          6|
    |act_q_7_ce0                        |   8|          3|    1|          3|
    |act_q_7_we0                        |   8|          2|    1|          2|
    |act_q_8_address0                   |   8|          3|    2|          6|
    |act_q_8_ce0                        |   8|          3|    1|          3|
    |act_q_8_we0                        |   8|          2|    1|          2|
    |act_q_9_address0                   |   8|          3|    2|          6|
    |act_q_9_ce0                        |   8|          3|    1|          3|
    |act_q_9_we0                        |   8|          2|    1|          2|
    |act_q_address0                     |   8|          3|    2|          6|
    |act_q_ce0                          |   8|          3|    1|          3|
    |act_q_we0                          |   8|          2|    1|          2|
    |ap_NS_fsm                          |  87|         25|    1|         25|
    |ap_phi_mux_cond250_phi_fu_4703_p4  |   8|          2|    8|         16|
    |attn_o_10_address0                 |   8|          3|    2|          6|
    |attn_o_10_ce0                      |   8|          3|    1|          3|
    |attn_o_10_we0                      |   8|          2|    1|          2|
    |attn_o_11_address0                 |   8|          3|    2|          6|
    |attn_o_11_ce0                      |   8|          3|    1|          3|
    |attn_o_11_we0                      |   8|          2|    1|          2|
    |attn_o_12_address0                 |   8|          3|    2|          6|
    |attn_o_12_ce0                      |   8|          3|    1|          3|
    |attn_o_12_we0                      |   8|          2|    1|          2|
    |attn_o_13_address0                 |   8|          3|    2|          6|
    |attn_o_13_ce0                      |   8|          3|    1|          3|
    |attn_o_13_we0                      |   8|          2|    1|          2|
    |attn_o_14_address0                 |   8|          3|    2|          6|
    |attn_o_14_ce0                      |   8|          3|    1|          3|
    |attn_o_14_we0                      |   8|          2|    1|          2|
    |attn_o_15_address0                 |   8|          3|    2|          6|
    |attn_o_15_ce0                      |   8|          3|    1|          3|
    |attn_o_15_we0                      |   8|          2|    1|          2|
    |attn_o_16_address0                 |   8|          3|    2|          6|
    |attn_o_16_ce0                      |   8|          3|    1|          3|
    |attn_o_16_we0                      |   8|          2|    1|          2|
    |attn_o_17_address0                 |   8|          3|    2|          6|
    |attn_o_17_ce0                      |   8|          3|    1|          3|
    |attn_o_17_we0                      |   8|          2|    1|          2|
    |attn_o_18_address0                 |   8|          3|    2|          6|
    |attn_o_18_ce0                      |   8|          3|    1|          3|
    |attn_o_18_we0                      |   8|          2|    1|          2|
    |attn_o_19_address0                 |   8|          3|    2|          6|
    |attn_o_19_ce0                      |   8|          3|    1|          3|
    |attn_o_19_we0                      |   8|          2|    1|          2|
    |attn_o_1_address0                  |   8|          3|    2|          6|
    |attn_o_1_ce0                       |   8|          3|    1|          3|
    |attn_o_1_we0                       |   8|          2|    1|          2|
    |attn_o_20_address0                 |   8|          3|    2|          6|
    |attn_o_20_ce0                      |   8|          3|    1|          3|
    |attn_o_20_we0                      |   8|          2|    1|          2|
    |attn_o_21_address0                 |   8|          3|    2|          6|
    |attn_o_21_ce0                      |   8|          3|    1|          3|
    |attn_o_21_we0                      |   8|          2|    1|          2|
    |attn_o_22_address0                 |   8|          3|    2|          6|
    |attn_o_22_ce0                      |   8|          3|    1|          3|
    |attn_o_22_we0                      |   8|          2|    1|          2|
    |attn_o_23_address0                 |   8|          3|    2|          6|
    |attn_o_23_ce0                      |   8|          3|    1|          3|
    |attn_o_23_we0                      |   8|          2|    1|          2|
    |attn_o_24_address0                 |   8|          3|    2|          6|
    |attn_o_24_ce0                      |   8|          3|    1|          3|
    |attn_o_24_we0                      |   8|          2|    1|          2|
    |attn_o_25_address0                 |   8|          3|    2|          6|
    |attn_o_25_ce0                      |   8|          3|    1|          3|
    |attn_o_25_we0                      |   8|          2|    1|          2|
    |attn_o_26_address0                 |   8|          3|    2|          6|
    |attn_o_26_ce0                      |   8|          3|    1|          3|
    |attn_o_26_we0                      |   8|          2|    1|          2|
    |attn_o_27_address0                 |   8|          3|    2|          6|
    |attn_o_27_ce0                      |   8|          3|    1|          3|
    |attn_o_27_we0                      |   8|          2|    1|          2|
    |attn_o_28_address0                 |   8|          3|    2|          6|
    |attn_o_28_ce0                      |   8|          3|    1|          3|
    |attn_o_28_we0                      |   8|          2|    1|          2|
    |attn_o_29_address0                 |   8|          3|    2|          6|
    |attn_o_29_ce0                      |   8|          3|    1|          3|
    |attn_o_29_we0                      |   8|          2|    1|          2|
    |attn_o_2_address0                  |   8|          3|    2|          6|
    |attn_o_2_ce0                       |   8|          3|    1|          3|
    |attn_o_2_we0                       |   8|          2|    1|          2|
    |attn_o_30_address0                 |   8|          3|    2|          6|
    |attn_o_30_ce0                      |   8|          3|    1|          3|
    |attn_o_30_we0                      |   8|          2|    1|          2|
    |attn_o_31_address0                 |   8|          3|    2|          6|
    |attn_o_31_ce0                      |   8|          3|    1|          3|
    |attn_o_31_we0                      |   8|          2|    1|          2|
    |attn_o_32_address0                 |   8|          3|    2|          6|
    |attn_o_32_ce0                      |   8|          3|    1|          3|
    |attn_o_32_we0                      |   8|          2|    1|          2|
    |attn_o_33_address0                 |   8|          3|    2|          6|
    |attn_o_33_ce0                      |   8|          3|    1|          3|
    |attn_o_33_we0                      |   8|          2|    1|          2|
    |attn_o_34_address0                 |   8|          3|    2|          6|
    |attn_o_34_ce0                      |   8|          3|    1|          3|
    |attn_o_34_we0                      |   8|          2|    1|          2|
    |attn_o_35_address0                 |   8|          3|    2|          6|
    |attn_o_35_ce0                      |   8|          3|    1|          3|
    |attn_o_35_we0                      |   8|          2|    1|          2|
    |attn_o_36_address0                 |   8|          3|    2|          6|
    |attn_o_36_ce0                      |   8|          3|    1|          3|
    |attn_o_36_we0                      |   8|          2|    1|          2|
    |attn_o_37_address0                 |   8|          3|    2|          6|
    |attn_o_37_ce0                      |   8|          3|    1|          3|
    |attn_o_37_we0                      |   8|          2|    1|          2|
    |attn_o_38_address0                 |   8|          3|    2|          6|
    |attn_o_38_ce0                      |   8|          3|    1|          3|
    |attn_o_38_we0                      |   8|          2|    1|          2|
    |attn_o_39_address0                 |   8|          3|    2|          6|
    |attn_o_39_ce0                      |   8|          3|    1|          3|
    |attn_o_39_we0                      |   8|          2|    1|          2|
    |attn_o_3_address0                  |   8|          3|    2|          6|
    |attn_o_3_ce0                       |   8|          3|    1|          3|
    |attn_o_3_we0                       |   8|          2|    1|          2|
    |attn_o_40_address0                 |   8|          3|    2|          6|
    |attn_o_40_ce0                      |   8|          3|    1|          3|
    |attn_o_40_we0                      |   8|          2|    1|          2|
    |attn_o_41_address0                 |   8|          3|    2|          6|
    |attn_o_41_ce0                      |   8|          3|    1|          3|
    |attn_o_41_we0                      |   8|          2|    1|          2|
    |attn_o_42_address0                 |   8|          3|    2|          6|
    |attn_o_42_ce0                      |   8|          3|    1|          3|
    |attn_o_42_we0                      |   8|          2|    1|          2|
    |attn_o_43_address0                 |   8|          3|    2|          6|
    |attn_o_43_ce0                      |   8|          3|    1|          3|
    |attn_o_43_we0                      |   8|          2|    1|          2|
    |attn_o_44_address0                 |   8|          3|    2|          6|
    |attn_o_44_ce0                      |   8|          3|    1|          3|
    |attn_o_44_we0                      |   8|          2|    1|          2|
    |attn_o_45_address0                 |   8|          3|    2|          6|
    |attn_o_45_ce0                      |   8|          3|    1|          3|
    |attn_o_45_we0                      |   8|          2|    1|          2|
    |attn_o_46_address0                 |   8|          3|    2|          6|
    |attn_o_46_ce0                      |   8|          3|    1|          3|
    |attn_o_46_we0                      |   8|          2|    1|          2|
    |attn_o_47_address0                 |   8|          3|    2|          6|
    |attn_o_47_ce0                      |   8|          3|    1|          3|
    |attn_o_47_we0                      |   8|          2|    1|          2|
    |attn_o_48_address0                 |   8|          3|    2|          6|
    |attn_o_48_ce0                      |   8|          3|    1|          3|
    |attn_o_48_we0                      |   8|          2|    1|          2|
    |attn_o_49_address0                 |   8|          3|    2|          6|
    |attn_o_49_ce0                      |   8|          3|    1|          3|
    |attn_o_49_we0                      |   8|          2|    1|          2|
    |attn_o_4_address0                  |   8|          3|    2|          6|
    |attn_o_4_ce0                       |   8|          3|    1|          3|
    |attn_o_4_we0                       |   8|          2|    1|          2|
    |attn_o_50_address0                 |   8|          3|    2|          6|
    |attn_o_50_ce0                      |   8|          3|    1|          3|
    |attn_o_50_we0                      |   8|          2|    1|          2|
    |attn_o_51_address0                 |   8|          3|    2|          6|
    |attn_o_51_ce0                      |   8|          3|    1|          3|
    |attn_o_51_we0                      |   8|          2|    1|          2|
    |attn_o_52_address0                 |   8|          3|    2|          6|
    |attn_o_52_ce0                      |   8|          3|    1|          3|
    |attn_o_52_we0                      |   8|          2|    1|          2|
    |attn_o_53_address0                 |   8|          3|    2|          6|
    |attn_o_53_ce0                      |   8|          3|    1|          3|
    |attn_o_53_we0                      |   8|          2|    1|          2|
    |attn_o_54_address0                 |   8|          3|    2|          6|
    |attn_o_54_ce0                      |   8|          3|    1|          3|
    |attn_o_54_we0                      |   8|          2|    1|          2|
    |attn_o_55_address0                 |   8|          3|    2|          6|
    |attn_o_55_ce0                      |   8|          3|    1|          3|
    |attn_o_55_we0                      |   8|          2|    1|          2|
    |attn_o_56_address0                 |   8|          3|    2|          6|
    |attn_o_56_ce0                      |   8|          3|    1|          3|
    |attn_o_56_we0                      |   8|          2|    1|          2|
    |attn_o_57_address0                 |   8|          3|    2|          6|
    |attn_o_57_ce0                      |   8|          3|    1|          3|
    |attn_o_57_we0                      |   8|          2|    1|          2|
    |attn_o_58_address0                 |   8|          3|    2|          6|
    |attn_o_58_ce0                      |   8|          3|    1|          3|
    |attn_o_58_we0                      |   8|          2|    1|          2|
    |attn_o_59_address0                 |   8|          3|    2|          6|
    |attn_o_59_ce0                      |   8|          3|    1|          3|
    |attn_o_59_we0                      |   8|          2|    1|          2|
    |attn_o_5_address0                  |   8|          3|    2|          6|
    |attn_o_5_ce0                       |   8|          3|    1|          3|
    |attn_o_5_we0                       |   8|          2|    1|          2|
    |attn_o_60_address0                 |   8|          3|    2|          6|
    |attn_o_60_ce0                      |   8|          3|    1|          3|
    |attn_o_60_we0                      |   8|          2|    1|          2|
    |attn_o_61_address0                 |   8|          3|    2|          6|
    |attn_o_61_ce0                      |   8|          3|    1|          3|
    |attn_o_61_we0                      |   8|          2|    1|          2|
    |attn_o_62_address0                 |   8|          3|    2|          6|
    |attn_o_62_ce0                      |   8|          3|    1|          3|
    |attn_o_62_we0                      |   8|          2|    1|          2|
    |attn_o_63_address0                 |   8|          3|    2|          6|
    |attn_o_63_ce0                      |   8|          3|    1|          3|
    |attn_o_63_we0                      |   8|          2|    1|          2|
    |attn_o_6_address0                  |   8|          3|    2|          6|
    |attn_o_6_ce0                       |   8|          3|    1|          3|
    |attn_o_6_we0                       |   8|          2|    1|          2|
    |attn_o_7_address0                  |   8|          3|    2|          6|
    |attn_o_7_ce0                       |   8|          3|    1|          3|
    |attn_o_7_we0                       |   8|          2|    1|          2|
    |attn_o_8_address0                  |   8|          3|    2|          6|
    |attn_o_8_ce0                       |   8|          3|    1|          3|
    |attn_o_8_we0                       |   8|          2|    1|          2|
    |attn_o_9_address0                  |   8|          3|    2|          6|
    |attn_o_9_ce0                       |   8|          3|    1|          3|
    |attn_o_9_we0                       |   8|          2|    1|          2|
    |attn_o_address0                    |   8|          3|    2|          6|
    |attn_o_ce0                         |   8|          3|    1|          3|
    |attn_o_we0                         |   8|          2|    1|          2|
    |attn_w_address0                    |   8|          3|    8|         24|
    |attn_w_ce0                         |   8|          3|    1|          3|
    |attn_w_we0                         |   8|          2|    1|          2|
    |c_fu_2336                          |  16|          2|    9|         18|
    |cond250_reg_4699                   |   8|          2|    8|         16|
    |context_0_address0                 |  16|          3|   10|         30|
    |context_0_ce0                      |   8|          3|    1|          3|
    |context_10_address0                |  16|          3|   10|         30|
    |context_10_ce0                     |   8|          3|    1|          3|
    |context_11_address0                |  16|          3|   10|         30|
    |context_11_ce0                     |   8|          3|    1|          3|
    |context_12_address0                |  16|          3|   10|         30|
    |context_12_ce0                     |   8|          3|    1|          3|
    |context_13_address0                |  16|          3|   10|         30|
    |context_13_ce0                     |   8|          3|    1|          3|
    |context_14_address0                |  16|          3|   10|         30|
    |context_14_ce0                     |   8|          3|    1|          3|
    |context_15_address0                |  16|          3|   10|         30|
    |context_15_ce0                     |   8|          3|    1|          3|
    |context_16_address0                |  16|          3|   10|         30|
    |context_16_ce0                     |   8|          3|    1|          3|
    |context_17_address0                |  16|          3|   10|         30|
    |context_17_ce0                     |   8|          3|    1|          3|
    |context_18_address0                |  16|          3|   10|         30|
    |context_18_ce0                     |   8|          3|    1|          3|
    |context_19_address0                |  16|          3|   10|         30|
    |context_19_ce0                     |   8|          3|    1|          3|
    |context_1_address0                 |  16|          3|   10|         30|
    |context_1_ce0                      |   8|          3|    1|          3|
    |context_20_address0                |  16|          3|   10|         30|
    |context_20_ce0                     |   8|          3|    1|          3|
    |context_21_address0                |  16|          3|   10|         30|
    |context_21_ce0                     |   8|          3|    1|          3|
    |context_22_address0                |  16|          3|   10|         30|
    |context_22_ce0                     |   8|          3|    1|          3|
    |context_23_address0                |  16|          3|   10|         30|
    |context_23_ce0                     |   8|          3|    1|          3|
    |context_24_address0                |  16|          3|   10|         30|
    |context_24_ce0                     |   8|          3|    1|          3|
    |context_25_address0                |  16|          3|   10|         30|
    |context_25_ce0                     |   8|          3|    1|          3|
    |context_26_address0                |  16|          3|   10|         30|
    |context_26_ce0                     |   8|          3|    1|          3|
    |context_27_address0                |  16|          3|   10|         30|
    |context_27_ce0                     |   8|          3|    1|          3|
    |context_28_address0                |  16|          3|   10|         30|
    |context_28_ce0                     |   8|          3|    1|          3|
    |context_29_address0                |  16|          3|   10|         30|
    |context_29_ce0                     |   8|          3|    1|          3|
    |context_2_address0                 |  16|          3|   10|         30|
    |context_2_ce0                      |   8|          3|    1|          3|
    |context_30_address0                |  16|          3|   10|         30|
    |context_30_ce0                     |   8|          3|    1|          3|
    |context_31_address0                |  16|          3|   10|         30|
    |context_31_ce0                     |   8|          3|    1|          3|
    |context_32_address0                |  16|          3|   10|         30|
    |context_32_ce0                     |   8|          3|    1|          3|
    |context_33_address0                |  16|          3|   10|         30|
    |context_33_ce0                     |   8|          3|    1|          3|
    |context_34_address0                |  16|          3|   10|         30|
    |context_34_ce0                     |   8|          3|    1|          3|
    |context_35_address0                |  16|          3|   10|         30|
    |context_35_ce0                     |   8|          3|    1|          3|
    |context_36_address0                |  16|          3|   10|         30|
    |context_36_ce0                     |   8|          3|    1|          3|
    |context_37_address0                |  16|          3|   10|         30|
    |context_37_ce0                     |   8|          3|    1|          3|
    |context_38_address0                |  16|          3|   10|         30|
    |context_38_ce0                     |   8|          3|    1|          3|
    |context_39_address0                |  16|          3|   10|         30|
    |context_39_ce0                     |   8|          3|    1|          3|
    |context_3_address0                 |  16|          3|   10|         30|
    |context_3_ce0                      |   8|          3|    1|          3|
    |context_40_address0                |  16|          3|   10|         30|
    |context_40_ce0                     |   8|          3|    1|          3|
    |context_41_address0                |  16|          3|   10|         30|
    |context_41_ce0                     |   8|          3|    1|          3|
    |context_42_address0                |  16|          3|   10|         30|
    |context_42_ce0                     |   8|          3|    1|          3|
    |context_43_address0                |  16|          3|   10|         30|
    |context_43_ce0                     |   8|          3|    1|          3|
    |context_44_address0                |  16|          3|   10|         30|
    |context_44_ce0                     |   8|          3|    1|          3|
    |context_45_address0                |  16|          3|   10|         30|
    |context_45_ce0                     |   8|          3|    1|          3|
    |context_46_address0                |  16|          3|   10|         30|
    |context_46_ce0                     |   8|          3|    1|          3|
    |context_47_address0                |  16|          3|   10|         30|
    |context_47_ce0                     |   8|          3|    1|          3|
    |context_48_address0                |  16|          3|   10|         30|
    |context_48_ce0                     |   8|          3|    1|          3|
    |context_49_address0                |  16|          3|   10|         30|
    |context_49_ce0                     |   8|          3|    1|          3|
    |context_4_address0                 |  16|          3|   10|         30|
    |context_4_ce0                      |   8|          3|    1|          3|
    |context_50_address0                |  16|          3|   10|         30|
    |context_50_ce0                     |   8|          3|    1|          3|
    |context_51_address0                |  16|          3|   10|         30|
    |context_51_ce0                     |   8|          3|    1|          3|
    |context_52_address0                |  16|          3|   10|         30|
    |context_52_ce0                     |   8|          3|    1|          3|
    |context_53_address0                |  16|          3|   10|         30|
    |context_53_ce0                     |   8|          3|    1|          3|
    |context_54_address0                |  16|          3|   10|         30|
    |context_54_ce0                     |   8|          3|    1|          3|
    |context_55_address0                |  16|          3|   10|         30|
    |context_55_ce0                     |   8|          3|    1|          3|
    |context_56_address0                |  16|          3|   10|         30|
    |context_56_ce0                     |   8|          3|    1|          3|
    |context_57_address0                |  16|          3|   10|         30|
    |context_57_ce0                     |   8|          3|    1|          3|
    |context_58_address0                |  16|          3|   10|         30|
    |context_58_ce0                     |   8|          3|    1|          3|
    |context_59_address0                |  16|          3|   10|         30|
    |context_59_ce0                     |   8|          3|    1|          3|
    |context_5_address0                 |  16|          3|   10|         30|
    |context_5_ce0                      |   8|          3|    1|          3|
    |context_60_address0                |  16|          3|   10|         30|
    |context_60_ce0                     |   8|          3|    1|          3|
    |context_61_address0                |  16|          3|   10|         30|
    |context_61_ce0                     |   8|          3|    1|          3|
    |context_62_address0                |  16|          3|   10|         30|
    |context_62_ce0                     |   8|          3|    1|          3|
    |context_63_address0                |  16|          3|   10|         30|
    |context_63_ce0                     |   8|          3|    1|          3|
    |context_6_address0                 |  16|          3|   10|         30|
    |context_6_ce0                      |   8|          3|    1|          3|
    |context_7_address0                 |  16|          3|   10|         30|
    |context_7_ce0                      |   8|          3|    1|          3|
    |context_8_address0                 |  16|          3|   10|         30|
    |context_8_ce0                      |   8|          3|    1|          3|
    |context_9_address0                 |  16|          3|   10|         30|
    |context_9_ce0                      |   8|          3|    1|          3|
    |f_fu_1276                          |  16|          2|   10|         20|
    |ffn_out_10_address0                |   8|          2|    2|          4|
    |ffn_out_10_ce0                     |   8|          2|    1|          2|
    |ffn_out_11_address0                |   8|          2|    2|          4|
    |ffn_out_11_ce0                     |   8|          2|    1|          2|
    |ffn_out_12_address0                |   8|          2|    2|          4|
    |ffn_out_12_ce0                     |   8|          2|    1|          2|
    |ffn_out_13_address0                |   8|          2|    2|          4|
    |ffn_out_13_ce0                     |   8|          2|    1|          2|
    |ffn_out_14_address0                |   8|          2|    2|          4|
    |ffn_out_14_ce0                     |   8|          2|    1|          2|
    |ffn_out_15_address0                |   8|          2|    2|          4|
    |ffn_out_15_ce0                     |   8|          2|    1|          2|
    |ffn_out_16_address0                |   8|          2|    2|          4|
    |ffn_out_16_ce0                     |   8|          2|    1|          2|
    |ffn_out_17_address0                |   8|          2|    2|          4|
    |ffn_out_17_ce0                     |   8|          2|    1|          2|
    |ffn_out_18_address0                |   8|          2|    2|          4|
    |ffn_out_18_ce0                     |   8|          2|    1|          2|
    |ffn_out_19_address0                |   8|          2|    2|          4|
    |ffn_out_19_ce0                     |   8|          2|    1|          2|
    |ffn_out_1_address0                 |   8|          2|    2|          4|
    |ffn_out_1_ce0                      |   8|          2|    1|          2|
    |ffn_out_20_address0                |   8|          2|    2|          4|
    |ffn_out_20_ce0                     |   8|          2|    1|          2|
    |ffn_out_21_address0                |   8|          2|    2|          4|
    |ffn_out_21_ce0                     |   8|          2|    1|          2|
    |ffn_out_22_address0                |   8|          2|    2|          4|
    |ffn_out_22_ce0                     |   8|          2|    1|          2|
    |ffn_out_23_address0                |   8|          2|    2|          4|
    |ffn_out_23_ce0                     |   8|          2|    1|          2|
    |ffn_out_24_address0                |   8|          2|    2|          4|
    |ffn_out_24_ce0                     |   8|          2|    1|          2|
    |ffn_out_25_address0                |   8|          2|    2|          4|
    |ffn_out_25_ce0                     |   8|          2|    1|          2|
    |ffn_out_26_address0                |   8|          2|    2|          4|
    |ffn_out_26_ce0                     |   8|          2|    1|          2|
    |ffn_out_27_address0                |   8|          2|    2|          4|
    |ffn_out_27_ce0                     |   8|          2|    1|          2|
    |ffn_out_28_address0                |   8|          2|    2|          4|
    |ffn_out_28_ce0                     |   8|          2|    1|          2|
    |ffn_out_29_address0                |   8|          2|    2|          4|
    |ffn_out_29_ce0                     |   8|          2|    1|          2|
    |ffn_out_2_address0                 |   8|          2|    2|          4|
    |ffn_out_2_ce0                      |   8|          2|    1|          2|
    |ffn_out_30_address0                |   8|          2|    2|          4|
    |ffn_out_30_ce0                     |   8|          2|    1|          2|
    |ffn_out_31_address0                |   8|          2|    2|          4|
    |ffn_out_31_ce0                     |   8|          2|    1|          2|
    |ffn_out_32_address0                |   8|          2|    2|          4|
    |ffn_out_32_ce0                     |   8|          2|    1|          2|
    |ffn_out_33_address0                |   8|          2|    2|          4|
    |ffn_out_33_ce0                     |   8|          2|    1|          2|
    |ffn_out_34_address0                |   8|          2|    2|          4|
    |ffn_out_34_ce0                     |   8|          2|    1|          2|
    |ffn_out_35_address0                |   8|          2|    2|          4|
    |ffn_out_35_ce0                     |   8|          2|    1|          2|
    |ffn_out_36_address0                |   8|          2|    2|          4|
    |ffn_out_36_ce0                     |   8|          2|    1|          2|
    |ffn_out_37_address0                |   8|          2|    2|          4|
    |ffn_out_37_ce0                     |   8|          2|    1|          2|
    |ffn_out_38_address0                |   8|          2|    2|          4|
    |ffn_out_38_ce0                     |   8|          2|    1|          2|
    |ffn_out_39_address0                |   8|          2|    2|          4|
    |ffn_out_39_ce0                     |   8|          2|    1|          2|
    |ffn_out_3_address0                 |   8|          2|    2|          4|
    |ffn_out_3_ce0                      |   8|          2|    1|          2|
    |ffn_out_40_address0                |   8|          2|    2|          4|
    |ffn_out_40_ce0                     |   8|          2|    1|          2|
    |ffn_out_41_address0                |   8|          2|    2|          4|
    |ffn_out_41_ce0                     |   8|          2|    1|          2|
    |ffn_out_42_address0                |   8|          2|    2|          4|
    |ffn_out_42_ce0                     |   8|          2|    1|          2|
    |ffn_out_43_address0                |   8|          2|    2|          4|
    |ffn_out_43_ce0                     |   8|          2|    1|          2|
    |ffn_out_44_address0                |   8|          2|    2|          4|
    |ffn_out_44_ce0                     |   8|          2|    1|          2|
    |ffn_out_45_address0                |   8|          2|    2|          4|
    |ffn_out_45_ce0                     |   8|          2|    1|          2|
    |ffn_out_46_address0                |   8|          2|    2|          4|
    |ffn_out_46_ce0                     |   8|          2|    1|          2|
    |ffn_out_47_address0                |   8|          2|    2|          4|
    |ffn_out_47_ce0                     |   8|          2|    1|          2|
    |ffn_out_48_address0                |   8|          2|    2|          4|
    |ffn_out_48_ce0                     |   8|          2|    1|          2|
    |ffn_out_49_address0                |   8|          2|    2|          4|
    |ffn_out_49_ce0                     |   8|          2|    1|          2|
    |ffn_out_4_address0                 |   8|          2|    2|          4|
    |ffn_out_4_ce0                      |   8|          2|    1|          2|
    |ffn_out_50_address0                |   8|          2|    2|          4|
    |ffn_out_50_ce0                     |   8|          2|    1|          2|
    |ffn_out_51_address0                |   8|          2|    2|          4|
    |ffn_out_51_ce0                     |   8|          2|    1|          2|
    |ffn_out_52_address0                |   8|          2|    2|          4|
    |ffn_out_52_ce0                     |   8|          2|    1|          2|
    |ffn_out_53_address0                |   8|          2|    2|          4|
    |ffn_out_53_ce0                     |   8|          2|    1|          2|
    |ffn_out_54_address0                |   8|          2|    2|          4|
    |ffn_out_54_ce0                     |   8|          2|    1|          2|
    |ffn_out_55_address0                |   8|          2|    2|          4|
    |ffn_out_55_ce0                     |   8|          2|    1|          2|
    |ffn_out_56_address0                |   8|          2|    2|          4|
    |ffn_out_56_ce0                     |   8|          2|    1|          2|
    |ffn_out_57_address0                |   8|          2|    2|          4|
    |ffn_out_57_ce0                     |   8|          2|    1|          2|
    |ffn_out_58_address0                |   8|          2|    2|          4|
    |ffn_out_58_ce0                     |   8|          2|    1|          2|
    |ffn_out_59_address0                |   8|          2|    2|          4|
    |ffn_out_59_ce0                     |   8|          2|    1|          2|
    |ffn_out_5_address0                 |   8|          2|    2|          4|
    |ffn_out_5_ce0                      |   8|          2|    1|          2|
    |ffn_out_60_address0                |   8|          2|    2|          4|
    |ffn_out_60_ce0                     |   8|          2|    1|          2|
    |ffn_out_61_address0                |   8|          2|    2|          4|
    |ffn_out_61_ce0                     |   8|          2|    1|          2|
    |ffn_out_62_address0                |   8|          2|    2|          4|
    |ffn_out_62_ce0                     |   8|          2|    1|          2|
    |ffn_out_63_address0                |   8|          2|    2|          4|
    |ffn_out_63_ce0                     |   8|          2|    1|          2|
    |ffn_out_6_address0                 |   8|          2|    2|          4|
    |ffn_out_6_ce0                      |   8|          2|    1|          2|
    |ffn_out_7_address0                 |   8|          2|    2|          4|
    |ffn_out_7_ce0                      |   8|          2|    1|          2|
    |ffn_out_8_address0                 |   8|          2|    2|          4|
    |ffn_out_8_ce0                      |   8|          2|    1|          2|
    |ffn_out_9_address0                 |   8|          2|    2|          4|
    |ffn_out_9_ce0                      |   8|          2|    1|          2|
    |ffn_out_address0                   |   8|          2|    2|          4|
    |ffn_out_ce0                        |   8|          2|    1|          2|
    |grp_sat8_fu_6004_x                 |  96|          7|   18|        126|
    |h_10_address0                      |   8|          2|    3|          6|
    |h_10_ce0                           |   8|          2|    1|          2|
    |h_11_address0                      |   8|          2|    3|          6|
    |h_11_ce0                           |   8|          2|    1|          2|
    |h_12_address0                      |   8|          2|    3|          6|
    |h_12_ce0                           |   8|          2|    1|          2|
    |h_13_address0                      |   8|          2|    3|          6|
    |h_13_ce0                           |   8|          2|    1|          2|
    |h_14_address0                      |   8|          2|    3|          6|
    |h_14_ce0                           |   8|          2|    1|          2|
    |h_15_address0                      |   8|          2|    3|          6|
    |h_15_ce0                           |   8|          2|    1|          2|
    |h_16_address0                      |   8|          2|    3|          6|
    |h_16_ce0                           |   8|          2|    1|          2|
    |h_17_address0                      |   8|          2|    3|          6|
    |h_17_ce0                           |   8|          2|    1|          2|
    |h_18_address0                      |   8|          2|    3|          6|
    |h_18_ce0                           |   8|          2|    1|          2|
    |h_19_address0                      |   8|          2|    3|          6|
    |h_19_ce0                           |   8|          2|    1|          2|
    |h_1_address0                       |   8|          2|    3|          6|
    |h_1_ce0                            |   8|          2|    1|          2|
    |h_20_address0                      |   8|          2|    3|          6|
    |h_20_ce0                           |   8|          2|    1|          2|
    |h_21_address0                      |   8|          2|    3|          6|
    |h_21_ce0                           |   8|          2|    1|          2|
    |h_22_address0                      |   8|          2|    3|          6|
    |h_22_ce0                           |   8|          2|    1|          2|
    |h_23_address0                      |   8|          2|    3|          6|
    |h_23_ce0                           |   8|          2|    1|          2|
    |h_24_address0                      |   8|          2|    3|          6|
    |h_24_ce0                           |   8|          2|    1|          2|
    |h_25_address0                      |   8|          2|    3|          6|
    |h_25_ce0                           |   8|          2|    1|          2|
    |h_26_address0                      |   8|          2|    3|          6|
    |h_26_ce0                           |   8|          2|    1|          2|
    |h_27_address0                      |   8|          2|    3|          6|
    |h_27_ce0                           |   8|          2|    1|          2|
    |h_28_address0                      |   8|          2|    3|          6|
    |h_28_ce0                           |   8|          2|    1|          2|
    |h_29_address0                      |   8|          2|    3|          6|
    |h_29_ce0                           |   8|          2|    1|          2|
    |h_2_address0                       |   8|          2|    3|          6|
    |h_2_ce0                            |   8|          2|    1|          2|
    |h_30_address0                      |   8|          2|    3|          6|
    |h_30_ce0                           |   8|          2|    1|          2|
    |h_31_address0                      |   8|          2|    3|          6|
    |h_31_ce0                           |   8|          2|    1|          2|
    |h_32_address0                      |   8|          2|    3|          6|
    |h_32_ce0                           |   8|          2|    1|          2|
    |h_33_address0                      |   8|          2|    3|          6|
    |h_33_ce0                           |   8|          2|    1|          2|
    |h_34_address0                      |   8|          2|    3|          6|
    |h_34_ce0                           |   8|          2|    1|          2|
    |h_35_address0                      |   8|          2|    3|          6|
    |h_35_ce0                           |   8|          2|    1|          2|
    |h_36_address0                      |   8|          2|    3|          6|
    |h_36_ce0                           |   8|          2|    1|          2|
    |h_37_address0                      |   8|          2|    3|          6|
    |h_37_ce0                           |   8|          2|    1|          2|
    |h_38_address0                      |   8|          2|    3|          6|
    |h_38_ce0                           |   8|          2|    1|          2|
    |h_39_address0                      |   8|          2|    3|          6|
    |h_39_ce0                           |   8|          2|    1|          2|
    |h_3_address0                       |   8|          2|    3|          6|
    |h_3_ce0                            |   8|          2|    1|          2|
    |h_40_address0                      |   8|          2|    3|          6|
    |h_40_ce0                           |   8|          2|    1|          2|
    |h_41_address0                      |   8|          2|    3|          6|
    |h_41_ce0                           |   8|          2|    1|          2|
    |h_42_address0                      |   8|          2|    3|          6|
    |h_42_ce0                           |   8|          2|    1|          2|
    |h_43_address0                      |   8|          2|    3|          6|
    |h_43_ce0                           |   8|          2|    1|          2|
    |h_44_address0                      |   8|          2|    3|          6|
    |h_44_ce0                           |   8|          2|    1|          2|
    |h_45_address0                      |   8|          2|    3|          6|
    |h_45_ce0                           |   8|          2|    1|          2|
    |h_46_address0                      |   8|          2|    3|          6|
    |h_46_ce0                           |   8|          2|    1|          2|
    |h_47_address0                      |   8|          2|    3|          6|
    |h_47_ce0                           |   8|          2|    1|          2|
    |h_48_address0                      |   8|          2|    3|          6|
    |h_48_ce0                           |   8|          2|    1|          2|
    |h_49_address0                      |   8|          2|    3|          6|
    |h_49_ce0                           |   8|          2|    1|          2|
    |h_4_address0                       |   8|          2|    3|          6|
    |h_4_ce0                            |   8|          2|    1|          2|
    |h_50_address0                      |   8|          2|    3|          6|
    |h_50_ce0                           |   8|          2|    1|          2|
    |h_51_address0                      |   8|          2|    3|          6|
    |h_51_ce0                           |   8|          2|    1|          2|
    |h_52_address0                      |   8|          2|    3|          6|
    |h_52_ce0                           |   8|          2|    1|          2|
    |h_53_address0                      |   8|          2|    3|          6|
    |h_53_ce0                           |   8|          2|    1|          2|
    |h_54_address0                      |   8|          2|    3|          6|
    |h_54_ce0                           |   8|          2|    1|          2|
    |h_55_address0                      |   8|          2|    3|          6|
    |h_55_ce0                           |   8|          2|    1|          2|
    |h_56_address0                      |   8|          2|    3|          6|
    |h_56_ce0                           |   8|          2|    1|          2|
    |h_57_address0                      |   8|          2|    3|          6|
    |h_57_ce0                           |   8|          2|    1|          2|
    |h_58_address0                      |   8|          2|    3|          6|
    |h_58_ce0                           |   8|          2|    1|          2|
    |h_59_address0                      |   8|          2|    3|          6|
    |h_59_ce0                           |   8|          2|    1|          2|
    |h_5_address0                       |   8|          2|    3|          6|
    |h_5_ce0                            |   8|          2|    1|          2|
    |h_60_address0                      |   8|          2|    3|          6|
    |h_60_ce0                           |   8|          2|    1|          2|
    |h_61_address0                      |   8|          2|    3|          6|
    |h_61_ce0                           |   8|          2|    1|          2|
    |h_62_address0                      |   8|          2|    3|          6|
    |h_62_ce0                           |   8|          2|    1|          2|
    |h_63_address0                      |   8|          2|    3|          6|
    |h_63_ce0                           |   8|          2|    1|          2|
    |h_6_address0                       |   8|          2|    3|          6|
    |h_6_ce0                            |   8|          2|    1|          2|
    |h_7_address0                       |   8|          2|    3|          6|
    |h_7_ce0                            |   8|          2|    1|          2|
    |h_8_address0                       |   8|          2|    3|          6|
    |h_8_ce0                            |   8|          2|    1|          2|
    |h_9_address0                       |   8|          2|    3|          6|
    |h_9_ce0                            |   8|          2|    1|          2|
    |h_address0                         |   8|          2|    3|          6|
    |h_ce0                              |   8|          2|    1|          2|
    |scores_address0                    |   8|          4|    8|         32|
    |scores_ce0                         |   8|          4|    1|          4|
    |scores_we0                         |   8|          2|    1|          2|
    |shifted_address0                   |   8|          3|    8|         24|
    |shifted_ce0                        |   8|          3|    1|          3|
    |shifted_we0                        |   8|          2|    1|          2|
    |time_proj_address0                 |   8|          3|    8|         24|
    |time_proj_ce0                      |   8|          3|    1|          3|
    |time_proj_we0                      |   8|          2|    1|          2|
    +-----------------------------------+----+-----------+-----+-----------+
    |Total                              |6983|       1994| 1758|       4762|
    +-----------------------------------+----+-----------+-----+-----------+

    * Register: 
    +------------------------------------------------------------------------------+----+----+-----+-----------+
    |                                     Name                                     | FF | LUT| Bits| Const Bits|
    +------------------------------------------------------------------------------+----+----+-----+-----------+
    |add_ln178_reg_8233                                                            |  10|   0|   10|          0|
    |add_ln198_reg_8342                                                            |   9|   0|    9|          0|
    |ap_CS_fsm                                                                     |  24|   0|   24|          0|
    |ap_predicate_pred8400_state20                                                 |   1|   0|    1|          0|
    |ap_predicate_pred8409_state20                                                 |   1|   0|    1|          0|
    |ap_predicate_pred8418_state20                                                 |   1|   0|    1|          0|
    |ap_predicate_pred8427_state20                                                 |   1|   0|    1|          0|
    |ap_predicate_pred8436_state20                                                 |   1|   0|    1|          0|
    |ap_predicate_pred8445_state20                                                 |   1|   0|    1|          0|
    |ap_predicate_pred8454_state20                                                 |   1|   0|    1|          0|
    |ap_predicate_pred8463_state20                                                 |   1|   0|    1|          0|
    |ap_predicate_pred8472_state20                                                 |   1|   0|    1|          0|
    |ap_predicate_pred8481_state20                                                 |   1|   0|    1|          0|
    |ap_predicate_pred8490_state20                                                 |   1|   0|    1|          0|
    |ap_predicate_pred8499_state20                                                 |   1|   0|    1|          0|
    |ap_predicate_pred8508_state20                                                 |   1|   0|    1|          0|
    |ap_predicate_pred8517_state20                                                 |   1|   0|    1|          0|
    |ap_predicate_pred8526_state20                                                 |   1|   0|    1|          0|
    |ap_predicate_pred8535_state20                                                 |   1|   0|    1|          0|
    |ap_predicate_pred8544_state20                                                 |   1|   0|    1|          0|
    |ap_predicate_pred8553_state20                                                 |   1|   0|    1|          0|
    |ap_predicate_pred8562_state20                                                 |   1|   0|    1|          0|
    |ap_predicate_pred8571_state20                                                 |   1|   0|    1|          0|
    |ap_predicate_pred8580_state20                                                 |   1|   0|    1|          0|
    |ap_predicate_pred8589_state20                                                 |   1|   0|    1|          0|
    |ap_predicate_pred8598_state20                                                 |   1|   0|    1|          0|
    |ap_predicate_pred8607_state20                                                 |   1|   0|    1|          0|
    |ap_predicate_pred8616_state20                                                 |   1|   0|    1|          0|
    |ap_predicate_pred8625_state20                                                 |   1|   0|    1|          0|
    |ap_predicate_pred8634_state20                                                 |   1|   0|    1|          0|
    |ap_predicate_pred8643_state20                                                 |   1|   0|    1|          0|
    |ap_predicate_pred8652_state20                                                 |   1|   0|    1|          0|
    |ap_predicate_pred8661_state20                                                 |   1|   0|    1|          0|
    |ap_predicate_pred8670_state20                                                 |   1|   0|    1|          0|
    |ap_predicate_pred8679_state20                                                 |   1|   0|    1|          0|
    |ap_predicate_pred8688_state20                                                 |   1|   0|    1|          0|
    |ap_predicate_pred8697_state20                                                 |   1|   0|    1|          0|
    |ap_predicate_pred8706_state20                                                 |   1|   0|    1|          0|
    |ap_predicate_pred8715_state20                                                 |   1|   0|    1|          0|
    |ap_predicate_pred8724_state20                                                 |   1|   0|    1|          0|
    |ap_predicate_pred8733_state20                                                 |   1|   0|    1|          0|
    |ap_predicate_pred8742_state20                                                 |   1|   0|    1|          0|
    |ap_predicate_pred8751_state20                                                 |   1|   0|    1|          0|
    |ap_predicate_pred8760_state20                                                 |   1|   0|    1|          0|
    |ap_predicate_pred8769_state20                                                 |   1|   0|    1|          0|
    |ap_predicate_pred8778_state20                                                 |   1|   0|    1|          0|
    |ap_predicate_pred8787_state20                                                 |   1|   0|    1|          0|
    |ap_predicate_pred8796_state20                                                 |   1|   0|    1|          0|
    |ap_predicate_pred8805_state20                                                 |   1|   0|    1|          0|
    |ap_predicate_pred8814_state20                                                 |   1|   0|    1|          0|
    |ap_predicate_pred8823_state20                                                 |   1|   0|    1|          0|
    |ap_predicate_pred8832_state20                                                 |   1|   0|    1|          0|
    |ap_predicate_pred8841_state20                                                 |   1|   0|    1|          0|
    |ap_predicate_pred8850_state20                                                 |   1|   0|    1|          0|
    |ap_predicate_pred8859_state20                                                 |   1|   0|    1|          0|
    |ap_predicate_pred8868_state20                                                 |   1|   0|    1|          0|
    |ap_predicate_pred8877_state20                                                 |   1|   0|    1|          0|
    |ap_predicate_pred8886_state20                                                 |   1|   0|    1|          0|
    |ap_predicate_pred8895_state20                                                 |   1|   0|    1|          0|
    |ap_predicate_pred8904_state20                                                 |   1|   0|    1|          0|
    |ap_predicate_pred8913_state20                                                 |   1|   0|    1|          0|
    |ap_predicate_pred8922_state20                                                 |   1|   0|    1|          0|
    |ap_predicate_pred8931_state20                                                 |   1|   0|    1|          0|
    |ap_predicate_pred8940_state20                                                 |   1|   0|    1|          0|
    |ap_predicate_pred8949_state20                                                 |   1|   0|    1|          0|
    |ap_predicate_pred8958_state20                                                 |   1|   0|    1|          0|
    |ap_predicate_pred8967_state20                                                 |   1|   0|    1|          0|
    |ap_predicate_pred8975_state23                                                 |   1|   0|    1|          0|
    |ap_predicate_pred8986_state23                                                 |   1|   0|    1|          0|
    |ap_predicate_pred8994_state23                                                 |   1|   0|    1|          0|
    |ap_predicate_pred9002_state23                                                 |   1|   0|    1|          0|
    |ap_predicate_pred9010_state23                                                 |   1|   0|    1|          0|
    |ap_predicate_pred9018_state23                                                 |   1|   0|    1|          0|
    |ap_predicate_pred9026_state23                                                 |   1|   0|    1|          0|
    |ap_predicate_pred9034_state23                                                 |   1|   0|    1|          0|
    |ap_predicate_pred9042_state23                                                 |   1|   0|    1|          0|
    |ap_predicate_pred9050_state23                                                 |   1|   0|    1|          0|
    |ap_predicate_pred9058_state23                                                 |   1|   0|    1|          0|
    |ap_predicate_pred9066_state23                                                 |   1|   0|    1|          0|
    |ap_predicate_pred9074_state23                                                 |   1|   0|    1|          0|
    |ap_predicate_pred9082_state23                                                 |   1|   0|    1|          0|
    |ap_predicate_pred9090_state23                                                 |   1|   0|    1|          0|
    |ap_predicate_pred9098_state23                                                 |   1|   0|    1|          0|
    |ap_predicate_pred9106_state23                                                 |   1|   0|    1|          0|
    |ap_predicate_pred9114_state23                                                 |   1|   0|    1|          0|
    |ap_predicate_pred9122_state23                                                 |   1|   0|    1|          0|
    |ap_predicate_pred9130_state23                                                 |   1|   0|    1|          0|
    |ap_predicate_pred9138_state23                                                 |   1|   0|    1|          0|
    |ap_predicate_pred9146_state23                                                 |   1|   0|    1|          0|
    |ap_predicate_pred9154_state23                                                 |   1|   0|    1|          0|
    |ap_predicate_pred9162_state23                                                 |   1|   0|    1|          0|
    |ap_predicate_pred9170_state23                                                 |   1|   0|    1|          0|
    |ap_predicate_pred9178_state23                                                 |   1|   0|    1|          0|
    |ap_predicate_pred9186_state23                                                 |   1|   0|    1|          0|
    |ap_predicate_pred9194_state23                                                 |   1|   0|    1|          0|
    |ap_predicate_pred9202_state23                                                 |   1|   0|    1|          0|
    |ap_predicate_pred9210_state23                                                 |   1|   0|    1|          0|
    |ap_predicate_pred9218_state23                                                 |   1|   0|    1|          0|
    |ap_predicate_pred9226_state23                                                 |   1|   0|    1|          0|
    |ap_predicate_pred9234_state23                                                 |   1|   0|    1|          0|
    |ap_predicate_pred9242_state23                                                 |   1|   0|    1|          0|
    |ap_predicate_pred9250_state23                                                 |   1|   0|    1|          0|
    |ap_predicate_pred9258_state23                                                 |   1|   0|    1|          0|
    |ap_predicate_pred9266_state23                                                 |   1|   0|    1|          0|
    |ap_predicate_pred9274_state23                                                 |   1|   0|    1|          0|
    |ap_predicate_pred9282_state23                                                 |   1|   0|    1|          0|
    |ap_predicate_pred9290_state23                                                 |   1|   0|    1|          0|
    |ap_predicate_pred9298_state23                                                 |   1|   0|    1|          0|
    |ap_predicate_pred9306_state23                                                 |   1|   0|    1|          0|
    |ap_predicate_pred9314_state23                                                 |   1|   0|    1|          0|
    |ap_predicate_pred9322_state23                                                 |   1|   0|    1|          0|
    |ap_predicate_pred9330_state23                                                 |   1|   0|    1|          0|
    |ap_predicate_pred9338_state23                                                 |   1|   0|    1|          0|
    |ap_predicate_pred9346_state23                                                 |   1|   0|    1|          0|
    |ap_predicate_pred9354_state23                                                 |   1|   0|    1|          0|
    |ap_predicate_pred9362_state23                                                 |   1|   0|    1|          0|
    |ap_predicate_pred9370_state23                                                 |   1|   0|    1|          0|
    |ap_predicate_pred9378_state23                                                 |   1|   0|    1|          0|
    |ap_predicate_pred9386_state23                                                 |   1|   0|    1|          0|
    |ap_predicate_pred9394_state23                                                 |   1|   0|    1|          0|
    |ap_predicate_pred9402_state23                                                 |   1|   0|    1|          0|
    |ap_predicate_pred9410_state23                                                 |   1|   0|    1|          0|
    |ap_predicate_pred9418_state23                                                 |   1|   0|    1|          0|
    |ap_predicate_pred9426_state23                                                 |   1|   0|    1|          0|
    |ap_predicate_pred9434_state23                                                 |   1|   0|    1|          0|
    |ap_predicate_pred9442_state23                                                 |   1|   0|    1|          0|
    |ap_predicate_pred9450_state23                                                 |   1|   0|    1|          0|
    |ap_predicate_pred9458_state23                                                 |   1|   0|    1|          0|
    |ap_predicate_pred9466_state23                                                 |   1|   0|    1|          0|
    |ap_predicate_pred9474_state23                                                 |   1|   0|    1|          0|
    |ap_predicate_pred9482_state23                                                 |   1|   0|    1|          0|
    |c_fu_2336                                                                     |   9|   0|    9|          0|
    |cmp133_reg_8228                                                               |   1|   0|    1|          0|
    |cond250_reg_4699                                                              |   8|   0|    8|          0|
    |f_fu_1276                                                                     |  10|   0|   10|          0|
    |grp_action_diff_head_Pipeline_ACTP_LOOP_fu_5292_ap_start_reg                  |   1|   0|    1|          0|
    |grp_action_diff_head_Pipeline_ATTN_O_TILE_ATTN_O_N_LOOP_fu_5609_ap_start_reg  |   1|   0|    1|          0|
    |grp_action_diff_head_Pipeline_MAX_S_fu_5586_ap_start_reg                      |   1|   0|    1|          0|
    |grp_action_diff_head_Pipeline_NORM_S_fu_5601_ap_start_reg                     |   1|   0|    1|          0|
    |grp_action_diff_head_Pipeline_OUT_LOOP_VITIS_LOOP_219_9_fu_6272_ap_start_reg  |   1|   0|    1|          0|
    |grp_action_diff_head_Pipeline_QKT_LOOP_VITIS_LOOP_98_3_fu_5389_ap_start_reg   |   1|   0|    1|          0|
    |grp_action_diff_head_Pipeline_SHIFT_S_fu_5593_ap_start_reg                    |   1|   0|    1|          0|
    |grp_action_diff_head_Pipeline_TIME_LOOP_fu_4774_ap_start_reg                  |   1|   0|    1|          0|
    |grp_action_diff_head_Pipeline_VITIS_LOOP_180_5_fu_5806_ap_start_reg           |   1|   0|    1|          0|
    |grp_action_diff_head_Pipeline_VITIS_LOOP_200_7_fu_6074_ap_start_reg           |   1|   0|    1|          0|
    |icmp_ln189_reg_8333                                                           |   1|   0|    1|          0|
    |lshr_ln4_reg_8251                                                             |   3|   0|    3|          0|
    |lshr_ln7_reg_8360                                                             |   2|   0|    2|          0|
    |m_reg_8217                                                                    |  16|   0|   16|          0|
    |shr1_reg_8337                                                                 |  15|   0|   15|          0|
    |trunc_ln178_1_reg_8247                                                        |   6|   0|    6|          0|
    |trunc_ln178_reg_8242                                                          |   9|   0|    9|          0|
    |trunc_ln198_1_reg_8356                                                        |   6|   0|    6|          0|
    |trunc_ln198_reg_8351                                                          |   8|   0|    8|          0|
    |zext_ln178_reg_8265                                                           |   3|   0|   64|         61|
    +------------------------------------------------------------------------------+----+----+-----+-----------+
    |Total                                                                         | 278|   0|  339|         61|
    +------------------------------------------------------------------------------+----+----+-----+-----------+



================================================================
== Interface
================================================================
* Summary: 
+-----------------------+-----+-----+------------+------------------+--------------+
|       RTL Ports       | Dir | Bits|  Protocol  |   Source Object  |    C Type    |
+-----------------------+-----+-----+------------+------------------+--------------+
|ap_clk                 |   in|    1|  ap_ctrl_hs|  action_diff_head|  return value|
|ap_rst                 |   in|    1|  ap_ctrl_hs|  action_diff_head|  return value|
|ap_start               |   in|    1|  ap_ctrl_hs|  action_diff_head|  return value|
|ap_done                |  out|    1|  ap_ctrl_hs|  action_diff_head|  return value|
|ap_idle                |  out|    1|  ap_ctrl_hs|  action_diff_head|  return value|
|ap_ready               |  out|    1|  ap_ctrl_hs|  action_diff_head|  return value|
|context_0_address0     |  out|   10|   ap_memory|         context_0|         array|
|context_0_ce0          |  out|    1|   ap_memory|         context_0|         array|
|context_0_q0           |   in|    8|   ap_memory|         context_0|         array|
|context_1_address0     |  out|   10|   ap_memory|         context_1|         array|
|context_1_ce0          |  out|    1|   ap_memory|         context_1|         array|
|context_1_q0           |   in|    8|   ap_memory|         context_1|         array|
|context_2_address0     |  out|   10|   ap_memory|         context_2|         array|
|context_2_ce0          |  out|    1|   ap_memory|         context_2|         array|
|context_2_q0           |   in|    8|   ap_memory|         context_2|         array|
|context_3_address0     |  out|   10|   ap_memory|         context_3|         array|
|context_3_ce0          |  out|    1|   ap_memory|         context_3|         array|
|context_3_q0           |   in|    8|   ap_memory|         context_3|         array|
|context_4_address0     |  out|   10|   ap_memory|         context_4|         array|
|context_4_ce0          |  out|    1|   ap_memory|         context_4|         array|
|context_4_q0           |   in|    8|   ap_memory|         context_4|         array|
|context_5_address0     |  out|   10|   ap_memory|         context_5|         array|
|context_5_ce0          |  out|    1|   ap_memory|         context_5|         array|
|context_5_q0           |   in|    8|   ap_memory|         context_5|         array|
|context_6_address0     |  out|   10|   ap_memory|         context_6|         array|
|context_6_ce0          |  out|    1|   ap_memory|         context_6|         array|
|context_6_q0           |   in|    8|   ap_memory|         context_6|         array|
|context_7_address0     |  out|   10|   ap_memory|         context_7|         array|
|context_7_ce0          |  out|    1|   ap_memory|         context_7|         array|
|context_7_q0           |   in|    8|   ap_memory|         context_7|         array|
|context_8_address0     |  out|   10|   ap_memory|         context_8|         array|
|context_8_ce0          |  out|    1|   ap_memory|         context_8|         array|
|context_8_q0           |   in|    8|   ap_memory|         context_8|         array|
|context_9_address0     |  out|   10|   ap_memory|         context_9|         array|
|context_9_ce0          |  out|    1|   ap_memory|         context_9|         array|
|context_9_q0           |   in|    8|   ap_memory|         context_9|         array|
|context_10_address0    |  out|   10|   ap_memory|        context_10|         array|
|context_10_ce0         |  out|    1|   ap_memory|        context_10|         array|
|context_10_q0          |   in|    8|   ap_memory|        context_10|         array|
|context_11_address0    |  out|   10|   ap_memory|        context_11|         array|
|context_11_ce0         |  out|    1|   ap_memory|        context_11|         array|
|context_11_q0          |   in|    8|   ap_memory|        context_11|         array|
|context_12_address0    |  out|   10|   ap_memory|        context_12|         array|
|context_12_ce0         |  out|    1|   ap_memory|        context_12|         array|
|context_12_q0          |   in|    8|   ap_memory|        context_12|         array|
|context_13_address0    |  out|   10|   ap_memory|        context_13|         array|
|context_13_ce0         |  out|    1|   ap_memory|        context_13|         array|
|context_13_q0          |   in|    8|   ap_memory|        context_13|         array|
|context_14_address0    |  out|   10|   ap_memory|        context_14|         array|
|context_14_ce0         |  out|    1|   ap_memory|        context_14|         array|
|context_14_q0          |   in|    8|   ap_memory|        context_14|         array|
|context_15_address0    |  out|   10|   ap_memory|        context_15|         array|
|context_15_ce0         |  out|    1|   ap_memory|        context_15|         array|
|context_15_q0          |   in|    8|   ap_memory|        context_15|         array|
|context_16_address0    |  out|   10|   ap_memory|        context_16|         array|
|context_16_ce0         |  out|    1|   ap_memory|        context_16|         array|
|context_16_q0          |   in|    8|   ap_memory|        context_16|         array|
|context_17_address0    |  out|   10|   ap_memory|        context_17|         array|
|context_17_ce0         |  out|    1|   ap_memory|        context_17|         array|
|context_17_q0          |   in|    8|   ap_memory|        context_17|         array|
|context_18_address0    |  out|   10|   ap_memory|        context_18|         array|
|context_18_ce0         |  out|    1|   ap_memory|        context_18|         array|
|context_18_q0          |   in|    8|   ap_memory|        context_18|         array|
|context_19_address0    |  out|   10|   ap_memory|        context_19|         array|
|context_19_ce0         |  out|    1|   ap_memory|        context_19|         array|
|context_19_q0          |   in|    8|   ap_memory|        context_19|         array|
|context_20_address0    |  out|   10|   ap_memory|        context_20|         array|
|context_20_ce0         |  out|    1|   ap_memory|        context_20|         array|
|context_20_q0          |   in|    8|   ap_memory|        context_20|         array|
|context_21_address0    |  out|   10|   ap_memory|        context_21|         array|
|context_21_ce0         |  out|    1|   ap_memory|        context_21|         array|
|context_21_q0          |   in|    8|   ap_memory|        context_21|         array|
|context_22_address0    |  out|   10|   ap_memory|        context_22|         array|
|context_22_ce0         |  out|    1|   ap_memory|        context_22|         array|
|context_22_q0          |   in|    8|   ap_memory|        context_22|         array|
|context_23_address0    |  out|   10|   ap_memory|        context_23|         array|
|context_23_ce0         |  out|    1|   ap_memory|        context_23|         array|
|context_23_q0          |   in|    8|   ap_memory|        context_23|         array|
|context_24_address0    |  out|   10|   ap_memory|        context_24|         array|
|context_24_ce0         |  out|    1|   ap_memory|        context_24|         array|
|context_24_q0          |   in|    8|   ap_memory|        context_24|         array|
|context_25_address0    |  out|   10|   ap_memory|        context_25|         array|
|context_25_ce0         |  out|    1|   ap_memory|        context_25|         array|
|context_25_q0          |   in|    8|   ap_memory|        context_25|         array|
|context_26_address0    |  out|   10|   ap_memory|        context_26|         array|
|context_26_ce0         |  out|    1|   ap_memory|        context_26|         array|
|context_26_q0          |   in|    8|   ap_memory|        context_26|         array|
|context_27_address0    |  out|   10|   ap_memory|        context_27|         array|
|context_27_ce0         |  out|    1|   ap_memory|        context_27|         array|
|context_27_q0          |   in|    8|   ap_memory|        context_27|         array|
|context_28_address0    |  out|   10|   ap_memory|        context_28|         array|
|context_28_ce0         |  out|    1|   ap_memory|        context_28|         array|
|context_28_q0          |   in|    8|   ap_memory|        context_28|         array|
|context_29_address0    |  out|   10|   ap_memory|        context_29|         array|
|context_29_ce0         |  out|    1|   ap_memory|        context_29|         array|
|context_29_q0          |   in|    8|   ap_memory|        context_29|         array|
|context_30_address0    |  out|   10|   ap_memory|        context_30|         array|
|context_30_ce0         |  out|    1|   ap_memory|        context_30|         array|
|context_30_q0          |   in|    8|   ap_memory|        context_30|         array|
|context_31_address0    |  out|   10|   ap_memory|        context_31|         array|
|context_31_ce0         |  out|    1|   ap_memory|        context_31|         array|
|context_31_q0          |   in|    8|   ap_memory|        context_31|         array|
|context_32_address0    |  out|   10|   ap_memory|        context_32|         array|
|context_32_ce0         |  out|    1|   ap_memory|        context_32|         array|
|context_32_q0          |   in|    8|   ap_memory|        context_32|         array|
|context_33_address0    |  out|   10|   ap_memory|        context_33|         array|
|context_33_ce0         |  out|    1|   ap_memory|        context_33|         array|
|context_33_q0          |   in|    8|   ap_memory|        context_33|         array|
|context_34_address0    |  out|   10|   ap_memory|        context_34|         array|
|context_34_ce0         |  out|    1|   ap_memory|        context_34|         array|
|context_34_q0          |   in|    8|   ap_memory|        context_34|         array|
|context_35_address0    |  out|   10|   ap_memory|        context_35|         array|
|context_35_ce0         |  out|    1|   ap_memory|        context_35|         array|
|context_35_q0          |   in|    8|   ap_memory|        context_35|         array|
|context_36_address0    |  out|   10|   ap_memory|        context_36|         array|
|context_36_ce0         |  out|    1|   ap_memory|        context_36|         array|
|context_36_q0          |   in|    8|   ap_memory|        context_36|         array|
|context_37_address0    |  out|   10|   ap_memory|        context_37|         array|
|context_37_ce0         |  out|    1|   ap_memory|        context_37|         array|
|context_37_q0          |   in|    8|   ap_memory|        context_37|         array|
|context_38_address0    |  out|   10|   ap_memory|        context_38|         array|
|context_38_ce0         |  out|    1|   ap_memory|        context_38|         array|
|context_38_q0          |   in|    8|   ap_memory|        context_38|         array|
|context_39_address0    |  out|   10|   ap_memory|        context_39|         array|
|context_39_ce0         |  out|    1|   ap_memory|        context_39|         array|
|context_39_q0          |   in|    8|   ap_memory|        context_39|         array|
|context_40_address0    |  out|   10|   ap_memory|        context_40|         array|
|context_40_ce0         |  out|    1|   ap_memory|        context_40|         array|
|context_40_q0          |   in|    8|   ap_memory|        context_40|         array|
|context_41_address0    |  out|   10|   ap_memory|        context_41|         array|
|context_41_ce0         |  out|    1|   ap_memory|        context_41|         array|
|context_41_q0          |   in|    8|   ap_memory|        context_41|         array|
|context_42_address0    |  out|   10|   ap_memory|        context_42|         array|
|context_42_ce0         |  out|    1|   ap_memory|        context_42|         array|
|context_42_q0          |   in|    8|   ap_memory|        context_42|         array|
|context_43_address0    |  out|   10|   ap_memory|        context_43|         array|
|context_43_ce0         |  out|    1|   ap_memory|        context_43|         array|
|context_43_q0          |   in|    8|   ap_memory|        context_43|         array|
|context_44_address0    |  out|   10|   ap_memory|        context_44|         array|
|context_44_ce0         |  out|    1|   ap_memory|        context_44|         array|
|context_44_q0          |   in|    8|   ap_memory|        context_44|         array|
|context_45_address0    |  out|   10|   ap_memory|        context_45|         array|
|context_45_ce0         |  out|    1|   ap_memory|        context_45|         array|
|context_45_q0          |   in|    8|   ap_memory|        context_45|         array|
|context_46_address0    |  out|   10|   ap_memory|        context_46|         array|
|context_46_ce0         |  out|    1|   ap_memory|        context_46|         array|
|context_46_q0          |   in|    8|   ap_memory|        context_46|         array|
|context_47_address0    |  out|   10|   ap_memory|        context_47|         array|
|context_47_ce0         |  out|    1|   ap_memory|        context_47|         array|
|context_47_q0          |   in|    8|   ap_memory|        context_47|         array|
|context_48_address0    |  out|   10|   ap_memory|        context_48|         array|
|context_48_ce0         |  out|    1|   ap_memory|        context_48|         array|
|context_48_q0          |   in|    8|   ap_memory|        context_48|         array|
|context_49_address0    |  out|   10|   ap_memory|        context_49|         array|
|context_49_ce0         |  out|    1|   ap_memory|        context_49|         array|
|context_49_q0          |   in|    8|   ap_memory|        context_49|         array|
|context_50_address0    |  out|   10|   ap_memory|        context_50|         array|
|context_50_ce0         |  out|    1|   ap_memory|        context_50|         array|
|context_50_q0          |   in|    8|   ap_memory|        context_50|         array|
|context_51_address0    |  out|   10|   ap_memory|        context_51|         array|
|context_51_ce0         |  out|    1|   ap_memory|        context_51|         array|
|context_51_q0          |   in|    8|   ap_memory|        context_51|         array|
|context_52_address0    |  out|   10|   ap_memory|        context_52|         array|
|context_52_ce0         |  out|    1|   ap_memory|        context_52|         array|
|context_52_q0          |   in|    8|   ap_memory|        context_52|         array|
|context_53_address0    |  out|   10|   ap_memory|        context_53|         array|
|context_53_ce0         |  out|    1|   ap_memory|        context_53|         array|
|context_53_q0          |   in|    8|   ap_memory|        context_53|         array|
|context_54_address0    |  out|   10|   ap_memory|        context_54|         array|
|context_54_ce0         |  out|    1|   ap_memory|        context_54|         array|
|context_54_q0          |   in|    8|   ap_memory|        context_54|         array|
|context_55_address0    |  out|   10|   ap_memory|        context_55|         array|
|context_55_ce0         |  out|    1|   ap_memory|        context_55|         array|
|context_55_q0          |   in|    8|   ap_memory|        context_55|         array|
|context_56_address0    |  out|   10|   ap_memory|        context_56|         array|
|context_56_ce0         |  out|    1|   ap_memory|        context_56|         array|
|context_56_q0          |   in|    8|   ap_memory|        context_56|         array|
|context_57_address0    |  out|   10|   ap_memory|        context_57|         array|
|context_57_ce0         |  out|    1|   ap_memory|        context_57|         array|
|context_57_q0          |   in|    8|   ap_memory|        context_57|         array|
|context_58_address0    |  out|   10|   ap_memory|        context_58|         array|
|context_58_ce0         |  out|    1|   ap_memory|        context_58|         array|
|context_58_q0          |   in|    8|   ap_memory|        context_58|         array|
|context_59_address0    |  out|   10|   ap_memory|        context_59|         array|
|context_59_ce0         |  out|    1|   ap_memory|        context_59|         array|
|context_59_q0          |   in|    8|   ap_memory|        context_59|         array|
|context_60_address0    |  out|   10|   ap_memory|        context_60|         array|
|context_60_ce0         |  out|    1|   ap_memory|        context_60|         array|
|context_60_q0          |   in|    8|   ap_memory|        context_60|         array|
|context_61_address0    |  out|   10|   ap_memory|        context_61|         array|
|context_61_ce0         |  out|    1|   ap_memory|        context_61|         array|
|context_61_q0          |   in|    8|   ap_memory|        context_61|         array|
|context_62_address0    |  out|   10|   ap_memory|        context_62|         array|
|context_62_ce0         |  out|    1|   ap_memory|        context_62|         array|
|context_62_q0          |   in|    8|   ap_memory|        context_62|         array|
|context_63_address0    |  out|   10|   ap_memory|        context_63|         array|
|context_63_ce0         |  out|    1|   ap_memory|        context_63|         array|
|context_63_q0          |   in|    8|   ap_memory|        context_63|         array|
|noisy_action_0         |   in|    8|     ap_none|    noisy_action_0|       pointer|
|noisy_action_1         |   in|    8|     ap_none|    noisy_action_1|       pointer|
|noisy_action_2         |   in|    8|     ap_none|    noisy_action_2|       pointer|
|noisy_action_3         |   in|    8|     ap_none|    noisy_action_3|       pointer|
|noisy_action_4         |   in|    8|     ap_none|    noisy_action_4|       pointer|
|noisy_action_5         |   in|    8|     ap_none|    noisy_action_5|       pointer|
|noisy_action_6         |   in|    8|     ap_none|    noisy_action_6|       pointer|
|timestep_emb_0         |   in|    8|     ap_none|    timestep_emb_0|       pointer|
|timestep_emb_1         |   in|    8|     ap_none|    timestep_emb_1|       pointer|
|timestep_emb_2         |   in|    8|     ap_none|    timestep_emb_2|       pointer|
|timestep_emb_3         |   in|    8|     ap_none|    timestep_emb_3|       pointer|
|timestep_emb_4         |   in|    8|     ap_none|    timestep_emb_4|       pointer|
|timestep_emb_5         |   in|    8|     ap_none|    timestep_emb_5|       pointer|
|timestep_emb_6         |   in|    8|     ap_none|    timestep_emb_6|       pointer|
|timestep_emb_7         |   in|    8|     ap_none|    timestep_emb_7|       pointer|
|timestep_emb_8         |   in|    8|     ap_none|    timestep_emb_8|       pointer|
|timestep_emb_9         |   in|    8|     ap_none|    timestep_emb_9|       pointer|
|timestep_emb_10        |   in|    8|     ap_none|   timestep_emb_10|       pointer|
|timestep_emb_11        |   in|    8|     ap_none|   timestep_emb_11|       pointer|
|timestep_emb_12        |   in|    8|     ap_none|   timestep_emb_12|       pointer|
|timestep_emb_13        |   in|    8|     ap_none|   timestep_emb_13|       pointer|
|timestep_emb_14        |   in|    8|     ap_none|   timestep_emb_14|       pointer|
|timestep_emb_15        |   in|    8|     ap_none|   timestep_emb_15|       pointer|
|timestep_emb_16        |   in|    8|     ap_none|   timestep_emb_16|       pointer|
|timestep_emb_17        |   in|    8|     ap_none|   timestep_emb_17|       pointer|
|timestep_emb_18        |   in|    8|     ap_none|   timestep_emb_18|       pointer|
|timestep_emb_19        |   in|    8|     ap_none|   timestep_emb_19|       pointer|
|timestep_emb_20        |   in|    8|     ap_none|   timestep_emb_20|       pointer|
|timestep_emb_21        |   in|    8|     ap_none|   timestep_emb_21|       pointer|
|timestep_emb_22        |   in|    8|     ap_none|   timestep_emb_22|       pointer|
|timestep_emb_23        |   in|    8|     ap_none|   timestep_emb_23|       pointer|
|timestep_emb_24        |   in|    8|     ap_none|   timestep_emb_24|       pointer|
|timestep_emb_25        |   in|    8|     ap_none|   timestep_emb_25|       pointer|
|timestep_emb_26        |   in|    8|     ap_none|   timestep_emb_26|       pointer|
|timestep_emb_27        |   in|    8|     ap_none|   timestep_emb_27|       pointer|
|timestep_emb_28        |   in|    8|     ap_none|   timestep_emb_28|       pointer|
|timestep_emb_29        |   in|    8|     ap_none|   timestep_emb_29|       pointer|
|timestep_emb_30        |   in|    8|     ap_none|   timestep_emb_30|       pointer|
|timestep_emb_31        |   in|    8|     ap_none|   timestep_emb_31|       pointer|
|timestep_emb_32        |   in|    8|     ap_none|   timestep_emb_32|       pointer|
|timestep_emb_33        |   in|    8|     ap_none|   timestep_emb_33|       pointer|
|timestep_emb_34        |   in|    8|     ap_none|   timestep_emb_34|       pointer|
|timestep_emb_35        |   in|    8|     ap_none|   timestep_emb_35|       pointer|
|timestep_emb_36        |   in|    8|     ap_none|   timestep_emb_36|       pointer|
|timestep_emb_37        |   in|    8|     ap_none|   timestep_emb_37|       pointer|
|timestep_emb_38        |   in|    8|     ap_none|   timestep_emb_38|       pointer|
|timestep_emb_39        |   in|    8|     ap_none|   timestep_emb_39|       pointer|
|timestep_emb_40        |   in|    8|     ap_none|   timestep_emb_40|       pointer|
|timestep_emb_41        |   in|    8|     ap_none|   timestep_emb_41|       pointer|
|timestep_emb_42        |   in|    8|     ap_none|   timestep_emb_42|       pointer|
|timestep_emb_43        |   in|    8|     ap_none|   timestep_emb_43|       pointer|
|timestep_emb_44        |   in|    8|     ap_none|   timestep_emb_44|       pointer|
|timestep_emb_45        |   in|    8|     ap_none|   timestep_emb_45|       pointer|
|timestep_emb_46        |   in|    8|     ap_none|   timestep_emb_46|       pointer|
|timestep_emb_47        |   in|    8|     ap_none|   timestep_emb_47|       pointer|
|timestep_emb_48        |   in|    8|     ap_none|   timestep_emb_48|       pointer|
|timestep_emb_49        |   in|    8|     ap_none|   timestep_emb_49|       pointer|
|timestep_emb_50        |   in|    8|     ap_none|   timestep_emb_50|       pointer|
|timestep_emb_51        |   in|    8|     ap_none|   timestep_emb_51|       pointer|
|timestep_emb_52        |   in|    8|     ap_none|   timestep_emb_52|       pointer|
|timestep_emb_53        |   in|    8|     ap_none|   timestep_emb_53|       pointer|
|timestep_emb_54        |   in|    8|     ap_none|   timestep_emb_54|       pointer|
|timestep_emb_55        |   in|    8|     ap_none|   timestep_emb_55|       pointer|
|timestep_emb_56        |   in|    8|     ap_none|   timestep_emb_56|       pointer|
|timestep_emb_57        |   in|    8|     ap_none|   timestep_emb_57|       pointer|
|timestep_emb_58        |   in|    8|     ap_none|   timestep_emb_58|       pointer|
|timestep_emb_59        |   in|    8|     ap_none|   timestep_emb_59|       pointer|
|timestep_emb_60        |   in|    8|     ap_none|   timestep_emb_60|       pointer|
|timestep_emb_61        |   in|    8|     ap_none|   timestep_emb_61|       pointer|
|timestep_emb_62        |   in|    8|     ap_none|   timestep_emb_62|       pointer|
|timestep_emb_63        |   in|    8|     ap_none|   timestep_emb_63|       pointer|
|timestep_emb_64        |   in|    8|     ap_none|   timestep_emb_64|       pointer|
|timestep_emb_65        |   in|    8|     ap_none|   timestep_emb_65|       pointer|
|timestep_emb_66        |   in|    8|     ap_none|   timestep_emb_66|       pointer|
|timestep_emb_67        |   in|    8|     ap_none|   timestep_emb_67|       pointer|
|timestep_emb_68        |   in|    8|     ap_none|   timestep_emb_68|       pointer|
|timestep_emb_69        |   in|    8|     ap_none|   timestep_emb_69|       pointer|
|timestep_emb_70        |   in|    8|     ap_none|   timestep_emb_70|       pointer|
|timestep_emb_71        |   in|    8|     ap_none|   timestep_emb_71|       pointer|
|timestep_emb_72        |   in|    8|     ap_none|   timestep_emb_72|       pointer|
|timestep_emb_73        |   in|    8|     ap_none|   timestep_emb_73|       pointer|
|timestep_emb_74        |   in|    8|     ap_none|   timestep_emb_74|       pointer|
|timestep_emb_75        |   in|    8|     ap_none|   timestep_emb_75|       pointer|
|timestep_emb_76        |   in|    8|     ap_none|   timestep_emb_76|       pointer|
|timestep_emb_77        |   in|    8|     ap_none|   timestep_emb_77|       pointer|
|timestep_emb_78        |   in|    8|     ap_none|   timestep_emb_78|       pointer|
|timestep_emb_79        |   in|    8|     ap_none|   timestep_emb_79|       pointer|
|timestep_emb_80        |   in|    8|     ap_none|   timestep_emb_80|       pointer|
|timestep_emb_81        |   in|    8|     ap_none|   timestep_emb_81|       pointer|
|timestep_emb_82        |   in|    8|     ap_none|   timestep_emb_82|       pointer|
|timestep_emb_83        |   in|    8|     ap_none|   timestep_emb_83|       pointer|
|timestep_emb_84        |   in|    8|     ap_none|   timestep_emb_84|       pointer|
|timestep_emb_85        |   in|    8|     ap_none|   timestep_emb_85|       pointer|
|timestep_emb_86        |   in|    8|     ap_none|   timestep_emb_86|       pointer|
|timestep_emb_87        |   in|    8|     ap_none|   timestep_emb_87|       pointer|
|timestep_emb_88        |   in|    8|     ap_none|   timestep_emb_88|       pointer|
|timestep_emb_89        |   in|    8|     ap_none|   timestep_emb_89|       pointer|
|timestep_emb_90        |   in|    8|     ap_none|   timestep_emb_90|       pointer|
|timestep_emb_91        |   in|    8|     ap_none|   timestep_emb_91|       pointer|
|timestep_emb_92        |   in|    8|     ap_none|   timestep_emb_92|       pointer|
|timestep_emb_93        |   in|    8|     ap_none|   timestep_emb_93|       pointer|
|timestep_emb_94        |   in|    8|     ap_none|   timestep_emb_94|       pointer|
|timestep_emb_95        |   in|    8|     ap_none|   timestep_emb_95|       pointer|
|timestep_emb_96        |   in|    8|     ap_none|   timestep_emb_96|       pointer|
|timestep_emb_97        |   in|    8|     ap_none|   timestep_emb_97|       pointer|
|timestep_emb_98        |   in|    8|     ap_none|   timestep_emb_98|       pointer|
|timestep_emb_99        |   in|    8|     ap_none|   timestep_emb_99|       pointer|
|timestep_emb_100       |   in|    8|     ap_none|  timestep_emb_100|       pointer|
|timestep_emb_101       |   in|    8|     ap_none|  timestep_emb_101|       pointer|
|timestep_emb_102       |   in|    8|     ap_none|  timestep_emb_102|       pointer|
|timestep_emb_103       |   in|    8|     ap_none|  timestep_emb_103|       pointer|
|timestep_emb_104       |   in|    8|     ap_none|  timestep_emb_104|       pointer|
|timestep_emb_105       |   in|    8|     ap_none|  timestep_emb_105|       pointer|
|timestep_emb_106       |   in|    8|     ap_none|  timestep_emb_106|       pointer|
|timestep_emb_107       |   in|    8|     ap_none|  timestep_emb_107|       pointer|
|timestep_emb_108       |   in|    8|     ap_none|  timestep_emb_108|       pointer|
|timestep_emb_109       |   in|    8|     ap_none|  timestep_emb_109|       pointer|
|timestep_emb_110       |   in|    8|     ap_none|  timestep_emb_110|       pointer|
|timestep_emb_111       |   in|    8|     ap_none|  timestep_emb_111|       pointer|
|timestep_emb_112       |   in|    8|     ap_none|  timestep_emb_112|       pointer|
|timestep_emb_113       |   in|    8|     ap_none|  timestep_emb_113|       pointer|
|timestep_emb_114       |   in|    8|     ap_none|  timestep_emb_114|       pointer|
|timestep_emb_115       |   in|    8|     ap_none|  timestep_emb_115|       pointer|
|timestep_emb_116       |   in|    8|     ap_none|  timestep_emb_116|       pointer|
|timestep_emb_117       |   in|    8|     ap_none|  timestep_emb_117|       pointer|
|timestep_emb_118       |   in|    8|     ap_none|  timestep_emb_118|       pointer|
|timestep_emb_119       |   in|    8|     ap_none|  timestep_emb_119|       pointer|
|timestep_emb_120       |   in|    8|     ap_none|  timestep_emb_120|       pointer|
|timestep_emb_121       |   in|    8|     ap_none|  timestep_emb_121|       pointer|
|timestep_emb_122       |   in|    8|     ap_none|  timestep_emb_122|       pointer|
|timestep_emb_123       |   in|    8|     ap_none|  timestep_emb_123|       pointer|
|timestep_emb_124       |   in|    8|     ap_none|  timestep_emb_124|       pointer|
|timestep_emb_125       |   in|    8|     ap_none|  timestep_emb_125|       pointer|
|timestep_emb_126       |   in|    8|     ap_none|  timestep_emb_126|       pointer|
|timestep_emb_127       |   in|    8|     ap_none|  timestep_emb_127|       pointer|
|W_time_0_address0      |  out|    8|   ap_memory|          W_time_0|         array|
|W_time_0_ce0           |  out|    1|   ap_memory|          W_time_0|         array|
|W_time_0_q0            |   in|    8|   ap_memory|          W_time_0|         array|
|W_time_1_address0      |  out|    8|   ap_memory|          W_time_1|         array|
|W_time_1_ce0           |  out|    1|   ap_memory|          W_time_1|         array|
|W_time_1_q0            |   in|    8|   ap_memory|          W_time_1|         array|
|W_time_2_address0      |  out|    8|   ap_memory|          W_time_2|         array|
|W_time_2_ce0           |  out|    1|   ap_memory|          W_time_2|         array|
|W_time_2_q0            |   in|    8|   ap_memory|          W_time_2|         array|
|W_time_3_address0      |  out|    8|   ap_memory|          W_time_3|         array|
|W_time_3_ce0           |  out|    1|   ap_memory|          W_time_3|         array|
|W_time_3_q0            |   in|    8|   ap_memory|          W_time_3|         array|
|W_time_4_address0      |  out|    8|   ap_memory|          W_time_4|         array|
|W_time_4_ce0           |  out|    1|   ap_memory|          W_time_4|         array|
|W_time_4_q0            |   in|    8|   ap_memory|          W_time_4|         array|
|W_time_5_address0      |  out|    8|   ap_memory|          W_time_5|         array|
|W_time_5_ce0           |  out|    1|   ap_memory|          W_time_5|         array|
|W_time_5_q0            |   in|    8|   ap_memory|          W_time_5|         array|
|W_time_6_address0      |  out|    8|   ap_memory|          W_time_6|         array|
|W_time_6_ce0           |  out|    1|   ap_memory|          W_time_6|         array|
|W_time_6_q0            |   in|    8|   ap_memory|          W_time_6|         array|
|W_time_7_address0      |  out|    8|   ap_memory|          W_time_7|         array|
|W_time_7_ce0           |  out|    1|   ap_memory|          W_time_7|         array|
|W_time_7_q0            |   in|    8|   ap_memory|          W_time_7|         array|
|W_time_8_address0      |  out|    8|   ap_memory|          W_time_8|         array|
|W_time_8_ce0           |  out|    1|   ap_memory|          W_time_8|         array|
|W_time_8_q0            |   in|    8|   ap_memory|          W_time_8|         array|
|W_time_9_address0      |  out|    8|   ap_memory|          W_time_9|         array|
|W_time_9_ce0           |  out|    1|   ap_memory|          W_time_9|         array|
|W_time_9_q0            |   in|    8|   ap_memory|          W_time_9|         array|
|W_time_10_address0     |  out|    8|   ap_memory|         W_time_10|         array|
|W_time_10_ce0          |  out|    1|   ap_memory|         W_time_10|         array|
|W_time_10_q0           |   in|    8|   ap_memory|         W_time_10|         array|
|W_time_11_address0     |  out|    8|   ap_memory|         W_time_11|         array|
|W_time_11_ce0          |  out|    1|   ap_memory|         W_time_11|         array|
|W_time_11_q0           |   in|    8|   ap_memory|         W_time_11|         array|
|W_time_12_address0     |  out|    8|   ap_memory|         W_time_12|         array|
|W_time_12_ce0          |  out|    1|   ap_memory|         W_time_12|         array|
|W_time_12_q0           |   in|    8|   ap_memory|         W_time_12|         array|
|W_time_13_address0     |  out|    8|   ap_memory|         W_time_13|         array|
|W_time_13_ce0          |  out|    1|   ap_memory|         W_time_13|         array|
|W_time_13_q0           |   in|    8|   ap_memory|         W_time_13|         array|
|W_time_14_address0     |  out|    8|   ap_memory|         W_time_14|         array|
|W_time_14_ce0          |  out|    1|   ap_memory|         W_time_14|         array|
|W_time_14_q0           |   in|    8|   ap_memory|         W_time_14|         array|
|W_time_15_address0     |  out|    8|   ap_memory|         W_time_15|         array|
|W_time_15_ce0          |  out|    1|   ap_memory|         W_time_15|         array|
|W_time_15_q0           |   in|    8|   ap_memory|         W_time_15|         array|
|W_time_16_address0     |  out|    8|   ap_memory|         W_time_16|         array|
|W_time_16_ce0          |  out|    1|   ap_memory|         W_time_16|         array|
|W_time_16_q0           |   in|    8|   ap_memory|         W_time_16|         array|
|W_time_17_address0     |  out|    8|   ap_memory|         W_time_17|         array|
|W_time_17_ce0          |  out|    1|   ap_memory|         W_time_17|         array|
|W_time_17_q0           |   in|    8|   ap_memory|         W_time_17|         array|
|W_time_18_address0     |  out|    8|   ap_memory|         W_time_18|         array|
|W_time_18_ce0          |  out|    1|   ap_memory|         W_time_18|         array|
|W_time_18_q0           |   in|    8|   ap_memory|         W_time_18|         array|
|W_time_19_address0     |  out|    8|   ap_memory|         W_time_19|         array|
|W_time_19_ce0          |  out|    1|   ap_memory|         W_time_19|         array|
|W_time_19_q0           |   in|    8|   ap_memory|         W_time_19|         array|
|W_time_20_address0     |  out|    8|   ap_memory|         W_time_20|         array|
|W_time_20_ce0          |  out|    1|   ap_memory|         W_time_20|         array|
|W_time_20_q0           |   in|    8|   ap_memory|         W_time_20|         array|
|W_time_21_address0     |  out|    8|   ap_memory|         W_time_21|         array|
|W_time_21_ce0          |  out|    1|   ap_memory|         W_time_21|         array|
|W_time_21_q0           |   in|    8|   ap_memory|         W_time_21|         array|
|W_time_22_address0     |  out|    8|   ap_memory|         W_time_22|         array|
|W_time_22_ce0          |  out|    1|   ap_memory|         W_time_22|         array|
|W_time_22_q0           |   in|    8|   ap_memory|         W_time_22|         array|
|W_time_23_address0     |  out|    8|   ap_memory|         W_time_23|         array|
|W_time_23_ce0          |  out|    1|   ap_memory|         W_time_23|         array|
|W_time_23_q0           |   in|    8|   ap_memory|         W_time_23|         array|
|W_time_24_address0     |  out|    8|   ap_memory|         W_time_24|         array|
|W_time_24_ce0          |  out|    1|   ap_memory|         W_time_24|         array|
|W_time_24_q0           |   in|    8|   ap_memory|         W_time_24|         array|
|W_time_25_address0     |  out|    8|   ap_memory|         W_time_25|         array|
|W_time_25_ce0          |  out|    1|   ap_memory|         W_time_25|         array|
|W_time_25_q0           |   in|    8|   ap_memory|         W_time_25|         array|
|W_time_26_address0     |  out|    8|   ap_memory|         W_time_26|         array|
|W_time_26_ce0          |  out|    1|   ap_memory|         W_time_26|         array|
|W_time_26_q0           |   in|    8|   ap_memory|         W_time_26|         array|
|W_time_27_address0     |  out|    8|   ap_memory|         W_time_27|         array|
|W_time_27_ce0          |  out|    1|   ap_memory|         W_time_27|         array|
|W_time_27_q0           |   in|    8|   ap_memory|         W_time_27|         array|
|W_time_28_address0     |  out|    8|   ap_memory|         W_time_28|         array|
|W_time_28_ce0          |  out|    1|   ap_memory|         W_time_28|         array|
|W_time_28_q0           |   in|    8|   ap_memory|         W_time_28|         array|
|W_time_29_address0     |  out|    8|   ap_memory|         W_time_29|         array|
|W_time_29_ce0          |  out|    1|   ap_memory|         W_time_29|         array|
|W_time_29_q0           |   in|    8|   ap_memory|         W_time_29|         array|
|W_time_30_address0     |  out|    8|   ap_memory|         W_time_30|         array|
|W_time_30_ce0          |  out|    1|   ap_memory|         W_time_30|         array|
|W_time_30_q0           |   in|    8|   ap_memory|         W_time_30|         array|
|W_time_31_address0     |  out|    8|   ap_memory|         W_time_31|         array|
|W_time_31_ce0          |  out|    1|   ap_memory|         W_time_31|         array|
|W_time_31_q0           |   in|    8|   ap_memory|         W_time_31|         array|
|W_time_32_address0     |  out|    8|   ap_memory|         W_time_32|         array|
|W_time_32_ce0          |  out|    1|   ap_memory|         W_time_32|         array|
|W_time_32_q0           |   in|    8|   ap_memory|         W_time_32|         array|
|W_time_33_address0     |  out|    8|   ap_memory|         W_time_33|         array|
|W_time_33_ce0          |  out|    1|   ap_memory|         W_time_33|         array|
|W_time_33_q0           |   in|    8|   ap_memory|         W_time_33|         array|
|W_time_34_address0     |  out|    8|   ap_memory|         W_time_34|         array|
|W_time_34_ce0          |  out|    1|   ap_memory|         W_time_34|         array|
|W_time_34_q0           |   in|    8|   ap_memory|         W_time_34|         array|
|W_time_35_address0     |  out|    8|   ap_memory|         W_time_35|         array|
|W_time_35_ce0          |  out|    1|   ap_memory|         W_time_35|         array|
|W_time_35_q0           |   in|    8|   ap_memory|         W_time_35|         array|
|W_time_36_address0     |  out|    8|   ap_memory|         W_time_36|         array|
|W_time_36_ce0          |  out|    1|   ap_memory|         W_time_36|         array|
|W_time_36_q0           |   in|    8|   ap_memory|         W_time_36|         array|
|W_time_37_address0     |  out|    8|   ap_memory|         W_time_37|         array|
|W_time_37_ce0          |  out|    1|   ap_memory|         W_time_37|         array|
|W_time_37_q0           |   in|    8|   ap_memory|         W_time_37|         array|
|W_time_38_address0     |  out|    8|   ap_memory|         W_time_38|         array|
|W_time_38_ce0          |  out|    1|   ap_memory|         W_time_38|         array|
|W_time_38_q0           |   in|    8|   ap_memory|         W_time_38|         array|
|W_time_39_address0     |  out|    8|   ap_memory|         W_time_39|         array|
|W_time_39_ce0          |  out|    1|   ap_memory|         W_time_39|         array|
|W_time_39_q0           |   in|    8|   ap_memory|         W_time_39|         array|
|W_time_40_address0     |  out|    8|   ap_memory|         W_time_40|         array|
|W_time_40_ce0          |  out|    1|   ap_memory|         W_time_40|         array|
|W_time_40_q0           |   in|    8|   ap_memory|         W_time_40|         array|
|W_time_41_address0     |  out|    8|   ap_memory|         W_time_41|         array|
|W_time_41_ce0          |  out|    1|   ap_memory|         W_time_41|         array|
|W_time_41_q0           |   in|    8|   ap_memory|         W_time_41|         array|
|W_time_42_address0     |  out|    8|   ap_memory|         W_time_42|         array|
|W_time_42_ce0          |  out|    1|   ap_memory|         W_time_42|         array|
|W_time_42_q0           |   in|    8|   ap_memory|         W_time_42|         array|
|W_time_43_address0     |  out|    8|   ap_memory|         W_time_43|         array|
|W_time_43_ce0          |  out|    1|   ap_memory|         W_time_43|         array|
|W_time_43_q0           |   in|    8|   ap_memory|         W_time_43|         array|
|W_time_44_address0     |  out|    8|   ap_memory|         W_time_44|         array|
|W_time_44_ce0          |  out|    1|   ap_memory|         W_time_44|         array|
|W_time_44_q0           |   in|    8|   ap_memory|         W_time_44|         array|
|W_time_45_address0     |  out|    8|   ap_memory|         W_time_45|         array|
|W_time_45_ce0          |  out|    1|   ap_memory|         W_time_45|         array|
|W_time_45_q0           |   in|    8|   ap_memory|         W_time_45|         array|
|W_time_46_address0     |  out|    8|   ap_memory|         W_time_46|         array|
|W_time_46_ce0          |  out|    1|   ap_memory|         W_time_46|         array|
|W_time_46_q0           |   in|    8|   ap_memory|         W_time_46|         array|
|W_time_47_address0     |  out|    8|   ap_memory|         W_time_47|         array|
|W_time_47_ce0          |  out|    1|   ap_memory|         W_time_47|         array|
|W_time_47_q0           |   in|    8|   ap_memory|         W_time_47|         array|
|W_time_48_address0     |  out|    8|   ap_memory|         W_time_48|         array|
|W_time_48_ce0          |  out|    1|   ap_memory|         W_time_48|         array|
|W_time_48_q0           |   in|    8|   ap_memory|         W_time_48|         array|
|W_time_49_address0     |  out|    8|   ap_memory|         W_time_49|         array|
|W_time_49_ce0          |  out|    1|   ap_memory|         W_time_49|         array|
|W_time_49_q0           |   in|    8|   ap_memory|         W_time_49|         array|
|W_time_50_address0     |  out|    8|   ap_memory|         W_time_50|         array|
|W_time_50_ce0          |  out|    1|   ap_memory|         W_time_50|         array|
|W_time_50_q0           |   in|    8|   ap_memory|         W_time_50|         array|
|W_time_51_address0     |  out|    8|   ap_memory|         W_time_51|         array|
|W_time_51_ce0          |  out|    1|   ap_memory|         W_time_51|         array|
|W_time_51_q0           |   in|    8|   ap_memory|         W_time_51|         array|
|W_time_52_address0     |  out|    8|   ap_memory|         W_time_52|         array|
|W_time_52_ce0          |  out|    1|   ap_memory|         W_time_52|         array|
|W_time_52_q0           |   in|    8|   ap_memory|         W_time_52|         array|
|W_time_53_address0     |  out|    8|   ap_memory|         W_time_53|         array|
|W_time_53_ce0          |  out|    1|   ap_memory|         W_time_53|         array|
|W_time_53_q0           |   in|    8|   ap_memory|         W_time_53|         array|
|W_time_54_address0     |  out|    8|   ap_memory|         W_time_54|         array|
|W_time_54_ce0          |  out|    1|   ap_memory|         W_time_54|         array|
|W_time_54_q0           |   in|    8|   ap_memory|         W_time_54|         array|
|W_time_55_address0     |  out|    8|   ap_memory|         W_time_55|         array|
|W_time_55_ce0          |  out|    1|   ap_memory|         W_time_55|         array|
|W_time_55_q0           |   in|    8|   ap_memory|         W_time_55|         array|
|W_time_56_address0     |  out|    8|   ap_memory|         W_time_56|         array|
|W_time_56_ce0          |  out|    1|   ap_memory|         W_time_56|         array|
|W_time_56_q0           |   in|    8|   ap_memory|         W_time_56|         array|
|W_time_57_address0     |  out|    8|   ap_memory|         W_time_57|         array|
|W_time_57_ce0          |  out|    1|   ap_memory|         W_time_57|         array|
|W_time_57_q0           |   in|    8|   ap_memory|         W_time_57|         array|
|W_time_58_address0     |  out|    8|   ap_memory|         W_time_58|         array|
|W_time_58_ce0          |  out|    1|   ap_memory|         W_time_58|         array|
|W_time_58_q0           |   in|    8|   ap_memory|         W_time_58|         array|
|W_time_59_address0     |  out|    8|   ap_memory|         W_time_59|         array|
|W_time_59_ce0          |  out|    1|   ap_memory|         W_time_59|         array|
|W_time_59_q0           |   in|    8|   ap_memory|         W_time_59|         array|
|W_time_60_address0     |  out|    8|   ap_memory|         W_time_60|         array|
|W_time_60_ce0          |  out|    1|   ap_memory|         W_time_60|         array|
|W_time_60_q0           |   in|    8|   ap_memory|         W_time_60|         array|
|W_time_61_address0     |  out|    8|   ap_memory|         W_time_61|         array|
|W_time_61_ce0          |  out|    1|   ap_memory|         W_time_61|         array|
|W_time_61_q0           |   in|    8|   ap_memory|         W_time_61|         array|
|W_time_62_address0     |  out|    8|   ap_memory|         W_time_62|         array|
|W_time_62_ce0          |  out|    1|   ap_memory|         W_time_62|         array|
|W_time_62_q0           |   in|    8|   ap_memory|         W_time_62|         array|
|W_time_63_address0     |  out|    8|   ap_memory|         W_time_63|         array|
|W_time_63_ce0          |  out|    1|   ap_memory|         W_time_63|         array|
|W_time_63_q0           |   in|    8|   ap_memory|         W_time_63|         array|
|W_time_64_address0     |  out|    8|   ap_memory|         W_time_64|         array|
|W_time_64_ce0          |  out|    1|   ap_memory|         W_time_64|         array|
|W_time_64_q0           |   in|    8|   ap_memory|         W_time_64|         array|
|W_time_65_address0     |  out|    8|   ap_memory|         W_time_65|         array|
|W_time_65_ce0          |  out|    1|   ap_memory|         W_time_65|         array|
|W_time_65_q0           |   in|    8|   ap_memory|         W_time_65|         array|
|W_time_66_address0     |  out|    8|   ap_memory|         W_time_66|         array|
|W_time_66_ce0          |  out|    1|   ap_memory|         W_time_66|         array|
|W_time_66_q0           |   in|    8|   ap_memory|         W_time_66|         array|
|W_time_67_address0     |  out|    8|   ap_memory|         W_time_67|         array|
|W_time_67_ce0          |  out|    1|   ap_memory|         W_time_67|         array|
|W_time_67_q0           |   in|    8|   ap_memory|         W_time_67|         array|
|W_time_68_address0     |  out|    8|   ap_memory|         W_time_68|         array|
|W_time_68_ce0          |  out|    1|   ap_memory|         W_time_68|         array|
|W_time_68_q0           |   in|    8|   ap_memory|         W_time_68|         array|
|W_time_69_address0     |  out|    8|   ap_memory|         W_time_69|         array|
|W_time_69_ce0          |  out|    1|   ap_memory|         W_time_69|         array|
|W_time_69_q0           |   in|    8|   ap_memory|         W_time_69|         array|
|W_time_70_address0     |  out|    8|   ap_memory|         W_time_70|         array|
|W_time_70_ce0          |  out|    1|   ap_memory|         W_time_70|         array|
|W_time_70_q0           |   in|    8|   ap_memory|         W_time_70|         array|
|W_time_71_address0     |  out|    8|   ap_memory|         W_time_71|         array|
|W_time_71_ce0          |  out|    1|   ap_memory|         W_time_71|         array|
|W_time_71_q0           |   in|    8|   ap_memory|         W_time_71|         array|
|W_time_72_address0     |  out|    8|   ap_memory|         W_time_72|         array|
|W_time_72_ce0          |  out|    1|   ap_memory|         W_time_72|         array|
|W_time_72_q0           |   in|    8|   ap_memory|         W_time_72|         array|
|W_time_73_address0     |  out|    8|   ap_memory|         W_time_73|         array|
|W_time_73_ce0          |  out|    1|   ap_memory|         W_time_73|         array|
|W_time_73_q0           |   in|    8|   ap_memory|         W_time_73|         array|
|W_time_74_address0     |  out|    8|   ap_memory|         W_time_74|         array|
|W_time_74_ce0          |  out|    1|   ap_memory|         W_time_74|         array|
|W_time_74_q0           |   in|    8|   ap_memory|         W_time_74|         array|
|W_time_75_address0     |  out|    8|   ap_memory|         W_time_75|         array|
|W_time_75_ce0          |  out|    1|   ap_memory|         W_time_75|         array|
|W_time_75_q0           |   in|    8|   ap_memory|         W_time_75|         array|
|W_time_76_address0     |  out|    8|   ap_memory|         W_time_76|         array|
|W_time_76_ce0          |  out|    1|   ap_memory|         W_time_76|         array|
|W_time_76_q0           |   in|    8|   ap_memory|         W_time_76|         array|
|W_time_77_address0     |  out|    8|   ap_memory|         W_time_77|         array|
|W_time_77_ce0          |  out|    1|   ap_memory|         W_time_77|         array|
|W_time_77_q0           |   in|    8|   ap_memory|         W_time_77|         array|
|W_time_78_address0     |  out|    8|   ap_memory|         W_time_78|         array|
|W_time_78_ce0          |  out|    1|   ap_memory|         W_time_78|         array|
|W_time_78_q0           |   in|    8|   ap_memory|         W_time_78|         array|
|W_time_79_address0     |  out|    8|   ap_memory|         W_time_79|         array|
|W_time_79_ce0          |  out|    1|   ap_memory|         W_time_79|         array|
|W_time_79_q0           |   in|    8|   ap_memory|         W_time_79|         array|
|W_time_80_address0     |  out|    8|   ap_memory|         W_time_80|         array|
|W_time_80_ce0          |  out|    1|   ap_memory|         W_time_80|         array|
|W_time_80_q0           |   in|    8|   ap_memory|         W_time_80|         array|
|W_time_81_address0     |  out|    8|   ap_memory|         W_time_81|         array|
|W_time_81_ce0          |  out|    1|   ap_memory|         W_time_81|         array|
|W_time_81_q0           |   in|    8|   ap_memory|         W_time_81|         array|
|W_time_82_address0     |  out|    8|   ap_memory|         W_time_82|         array|
|W_time_82_ce0          |  out|    1|   ap_memory|         W_time_82|         array|
|W_time_82_q0           |   in|    8|   ap_memory|         W_time_82|         array|
|W_time_83_address0     |  out|    8|   ap_memory|         W_time_83|         array|
|W_time_83_ce0          |  out|    1|   ap_memory|         W_time_83|         array|
|W_time_83_q0           |   in|    8|   ap_memory|         W_time_83|         array|
|W_time_84_address0     |  out|    8|   ap_memory|         W_time_84|         array|
|W_time_84_ce0          |  out|    1|   ap_memory|         W_time_84|         array|
|W_time_84_q0           |   in|    8|   ap_memory|         W_time_84|         array|
|W_time_85_address0     |  out|    8|   ap_memory|         W_time_85|         array|
|W_time_85_ce0          |  out|    1|   ap_memory|         W_time_85|         array|
|W_time_85_q0           |   in|    8|   ap_memory|         W_time_85|         array|
|W_time_86_address0     |  out|    8|   ap_memory|         W_time_86|         array|
|W_time_86_ce0          |  out|    1|   ap_memory|         W_time_86|         array|
|W_time_86_q0           |   in|    8|   ap_memory|         W_time_86|         array|
|W_time_87_address0     |  out|    8|   ap_memory|         W_time_87|         array|
|W_time_87_ce0          |  out|    1|   ap_memory|         W_time_87|         array|
|W_time_87_q0           |   in|    8|   ap_memory|         W_time_87|         array|
|W_time_88_address0     |  out|    8|   ap_memory|         W_time_88|         array|
|W_time_88_ce0          |  out|    1|   ap_memory|         W_time_88|         array|
|W_time_88_q0           |   in|    8|   ap_memory|         W_time_88|         array|
|W_time_89_address0     |  out|    8|   ap_memory|         W_time_89|         array|
|W_time_89_ce0          |  out|    1|   ap_memory|         W_time_89|         array|
|W_time_89_q0           |   in|    8|   ap_memory|         W_time_89|         array|
|W_time_90_address0     |  out|    8|   ap_memory|         W_time_90|         array|
|W_time_90_ce0          |  out|    1|   ap_memory|         W_time_90|         array|
|W_time_90_q0           |   in|    8|   ap_memory|         W_time_90|         array|
|W_time_91_address0     |  out|    8|   ap_memory|         W_time_91|         array|
|W_time_91_ce0          |  out|    1|   ap_memory|         W_time_91|         array|
|W_time_91_q0           |   in|    8|   ap_memory|         W_time_91|         array|
|W_time_92_address0     |  out|    8|   ap_memory|         W_time_92|         array|
|W_time_92_ce0          |  out|    1|   ap_memory|         W_time_92|         array|
|W_time_92_q0           |   in|    8|   ap_memory|         W_time_92|         array|
|W_time_93_address0     |  out|    8|   ap_memory|         W_time_93|         array|
|W_time_93_ce0          |  out|    1|   ap_memory|         W_time_93|         array|
|W_time_93_q0           |   in|    8|   ap_memory|         W_time_93|         array|
|W_time_94_address0     |  out|    8|   ap_memory|         W_time_94|         array|
|W_time_94_ce0          |  out|    1|   ap_memory|         W_time_94|         array|
|W_time_94_q0           |   in|    8|   ap_memory|         W_time_94|         array|
|W_time_95_address0     |  out|    8|   ap_memory|         W_time_95|         array|
|W_time_95_ce0          |  out|    1|   ap_memory|         W_time_95|         array|
|W_time_95_q0           |   in|    8|   ap_memory|         W_time_95|         array|
|W_time_96_address0     |  out|    8|   ap_memory|         W_time_96|         array|
|W_time_96_ce0          |  out|    1|   ap_memory|         W_time_96|         array|
|W_time_96_q0           |   in|    8|   ap_memory|         W_time_96|         array|
|W_time_97_address0     |  out|    8|   ap_memory|         W_time_97|         array|
|W_time_97_ce0          |  out|    1|   ap_memory|         W_time_97|         array|
|W_time_97_q0           |   in|    8|   ap_memory|         W_time_97|         array|
|W_time_98_address0     |  out|    8|   ap_memory|         W_time_98|         array|
|W_time_98_ce0          |  out|    1|   ap_memory|         W_time_98|         array|
|W_time_98_q0           |   in|    8|   ap_memory|         W_time_98|         array|
|W_time_99_address0     |  out|    8|   ap_memory|         W_time_99|         array|
|W_time_99_ce0          |  out|    1|   ap_memory|         W_time_99|         array|
|W_time_99_q0           |   in|    8|   ap_memory|         W_time_99|         array|
|W_time_100_address0    |  out|    8|   ap_memory|        W_time_100|         array|
|W_time_100_ce0         |  out|    1|   ap_memory|        W_time_100|         array|
|W_time_100_q0          |   in|    8|   ap_memory|        W_time_100|         array|
|W_time_101_address0    |  out|    8|   ap_memory|        W_time_101|         array|
|W_time_101_ce0         |  out|    1|   ap_memory|        W_time_101|         array|
|W_time_101_q0          |   in|    8|   ap_memory|        W_time_101|         array|
|W_time_102_address0    |  out|    8|   ap_memory|        W_time_102|         array|
|W_time_102_ce0         |  out|    1|   ap_memory|        W_time_102|         array|
|W_time_102_q0          |   in|    8|   ap_memory|        W_time_102|         array|
|W_time_103_address0    |  out|    8|   ap_memory|        W_time_103|         array|
|W_time_103_ce0         |  out|    1|   ap_memory|        W_time_103|         array|
|W_time_103_q0          |   in|    8|   ap_memory|        W_time_103|         array|
|W_time_104_address0    |  out|    8|   ap_memory|        W_time_104|         array|
|W_time_104_ce0         |  out|    1|   ap_memory|        W_time_104|         array|
|W_time_104_q0          |   in|    8|   ap_memory|        W_time_104|         array|
|W_time_105_address0    |  out|    8|   ap_memory|        W_time_105|         array|
|W_time_105_ce0         |  out|    1|   ap_memory|        W_time_105|         array|
|W_time_105_q0          |   in|    8|   ap_memory|        W_time_105|         array|
|W_time_106_address0    |  out|    8|   ap_memory|        W_time_106|         array|
|W_time_106_ce0         |  out|    1|   ap_memory|        W_time_106|         array|
|W_time_106_q0          |   in|    8|   ap_memory|        W_time_106|         array|
|W_time_107_address0    |  out|    8|   ap_memory|        W_time_107|         array|
|W_time_107_ce0         |  out|    1|   ap_memory|        W_time_107|         array|
|W_time_107_q0          |   in|    8|   ap_memory|        W_time_107|         array|
|W_time_108_address0    |  out|    8|   ap_memory|        W_time_108|         array|
|W_time_108_ce0         |  out|    1|   ap_memory|        W_time_108|         array|
|W_time_108_q0          |   in|    8|   ap_memory|        W_time_108|         array|
|W_time_109_address0    |  out|    8|   ap_memory|        W_time_109|         array|
|W_time_109_ce0         |  out|    1|   ap_memory|        W_time_109|         array|
|W_time_109_q0          |   in|    8|   ap_memory|        W_time_109|         array|
|W_time_110_address0    |  out|    8|   ap_memory|        W_time_110|         array|
|W_time_110_ce0         |  out|    1|   ap_memory|        W_time_110|         array|
|W_time_110_q0          |   in|    8|   ap_memory|        W_time_110|         array|
|W_time_111_address0    |  out|    8|   ap_memory|        W_time_111|         array|
|W_time_111_ce0         |  out|    1|   ap_memory|        W_time_111|         array|
|W_time_111_q0          |   in|    8|   ap_memory|        W_time_111|         array|
|W_time_112_address0    |  out|    8|   ap_memory|        W_time_112|         array|
|W_time_112_ce0         |  out|    1|   ap_memory|        W_time_112|         array|
|W_time_112_q0          |   in|    8|   ap_memory|        W_time_112|         array|
|W_time_113_address0    |  out|    8|   ap_memory|        W_time_113|         array|
|W_time_113_ce0         |  out|    1|   ap_memory|        W_time_113|         array|
|W_time_113_q0          |   in|    8|   ap_memory|        W_time_113|         array|
|W_time_114_address0    |  out|    8|   ap_memory|        W_time_114|         array|
|W_time_114_ce0         |  out|    1|   ap_memory|        W_time_114|         array|
|W_time_114_q0          |   in|    8|   ap_memory|        W_time_114|         array|
|W_time_115_address0    |  out|    8|   ap_memory|        W_time_115|         array|
|W_time_115_ce0         |  out|    1|   ap_memory|        W_time_115|         array|
|W_time_115_q0          |   in|    8|   ap_memory|        W_time_115|         array|
|W_time_116_address0    |  out|    8|   ap_memory|        W_time_116|         array|
|W_time_116_ce0         |  out|    1|   ap_memory|        W_time_116|         array|
|W_time_116_q0          |   in|    8|   ap_memory|        W_time_116|         array|
|W_time_117_address0    |  out|    8|   ap_memory|        W_time_117|         array|
|W_time_117_ce0         |  out|    1|   ap_memory|        W_time_117|         array|
|W_time_117_q0          |   in|    8|   ap_memory|        W_time_117|         array|
|W_time_118_address0    |  out|    8|   ap_memory|        W_time_118|         array|
|W_time_118_ce0         |  out|    1|   ap_memory|        W_time_118|         array|
|W_time_118_q0          |   in|    8|   ap_memory|        W_time_118|         array|
|W_time_119_address0    |  out|    8|   ap_memory|        W_time_119|         array|
|W_time_119_ce0         |  out|    1|   ap_memory|        W_time_119|         array|
|W_time_119_q0          |   in|    8|   ap_memory|        W_time_119|         array|
|W_time_120_address0    |  out|    8|   ap_memory|        W_time_120|         array|
|W_time_120_ce0         |  out|    1|   ap_memory|        W_time_120|         array|
|W_time_120_q0          |   in|    8|   ap_memory|        W_time_120|         array|
|W_time_121_address0    |  out|    8|   ap_memory|        W_time_121|         array|
|W_time_121_ce0         |  out|    1|   ap_memory|        W_time_121|         array|
|W_time_121_q0          |   in|    8|   ap_memory|        W_time_121|         array|
|W_time_122_address0    |  out|    8|   ap_memory|        W_time_122|         array|
|W_time_122_ce0         |  out|    1|   ap_memory|        W_time_122|         array|
|W_time_122_q0          |   in|    8|   ap_memory|        W_time_122|         array|
|W_time_123_address0    |  out|    8|   ap_memory|        W_time_123|         array|
|W_time_123_ce0         |  out|    1|   ap_memory|        W_time_123|         array|
|W_time_123_q0          |   in|    8|   ap_memory|        W_time_123|         array|
|W_time_124_address0    |  out|    8|   ap_memory|        W_time_124|         array|
|W_time_124_ce0         |  out|    1|   ap_memory|        W_time_124|         array|
|W_time_124_q0          |   in|    8|   ap_memory|        W_time_124|         array|
|W_time_125_address0    |  out|    8|   ap_memory|        W_time_125|         array|
|W_time_125_ce0         |  out|    1|   ap_memory|        W_time_125|         array|
|W_time_125_q0          |   in|    8|   ap_memory|        W_time_125|         array|
|W_time_126_address0    |  out|    8|   ap_memory|        W_time_126|         array|
|W_time_126_ce0         |  out|    1|   ap_memory|        W_time_126|         array|
|W_time_126_q0          |   in|    8|   ap_memory|        W_time_126|         array|
|W_time_127_address0    |  out|    8|   ap_memory|        W_time_127|         array|
|W_time_127_ce0         |  out|    1|   ap_memory|        W_time_127|         array|
|W_time_127_q0          |   in|    8|   ap_memory|        W_time_127|         array|
|W_act_proj_0_address0  |  out|    8|   ap_memory|      W_act_proj_0|         array|
|W_act_proj_0_ce0       |  out|    1|   ap_memory|      W_act_proj_0|         array|
|W_act_proj_0_q0        |   in|    8|   ap_memory|      W_act_proj_0|         array|
|W_act_proj_1_address0  |  out|    8|   ap_memory|      W_act_proj_1|         array|
|W_act_proj_1_ce0       |  out|    1|   ap_memory|      W_act_proj_1|         array|
|W_act_proj_1_q0        |   in|    8|   ap_memory|      W_act_proj_1|         array|
|W_act_proj_2_address0  |  out|    8|   ap_memory|      W_act_proj_2|         array|
|W_act_proj_2_ce0       |  out|    1|   ap_memory|      W_act_proj_2|         array|
|W_act_proj_2_q0        |   in|    8|   ap_memory|      W_act_proj_2|         array|
|W_act_proj_3_address0  |  out|    8|   ap_memory|      W_act_proj_3|         array|
|W_act_proj_3_ce0       |  out|    1|   ap_memory|      W_act_proj_3|         array|
|W_act_proj_3_q0        |   in|    8|   ap_memory|      W_act_proj_3|         array|
|W_act_proj_4_address0  |  out|    8|   ap_memory|      W_act_proj_4|         array|
|W_act_proj_4_ce0       |  out|    1|   ap_memory|      W_act_proj_4|         array|
|W_act_proj_4_q0        |   in|    8|   ap_memory|      W_act_proj_4|         array|
|W_act_proj_5_address0  |  out|    8|   ap_memory|      W_act_proj_5|         array|
|W_act_proj_5_ce0       |  out|    1|   ap_memory|      W_act_proj_5|         array|
|W_act_proj_5_q0        |   in|    8|   ap_memory|      W_act_proj_5|         array|
|W_act_proj_6_address0  |  out|    8|   ap_memory|      W_act_proj_6|         array|
|W_act_proj_6_ce0       |  out|    1|   ap_memory|      W_act_proj_6|         array|
|W_act_proj_6_q0        |   in|    8|   ap_memory|      W_act_proj_6|         array|
|W_ffn1_0_address0      |  out|   11|   ap_memory|          W_ffn1_0|         array|
|W_ffn1_0_ce0           |  out|    1|   ap_memory|          W_ffn1_0|         array|
|W_ffn1_0_q0            |   in|    8|   ap_memory|          W_ffn1_0|         array|
|W_ffn1_1_address0      |  out|   11|   ap_memory|          W_ffn1_1|         array|
|W_ffn1_1_ce0           |  out|    1|   ap_memory|          W_ffn1_1|         array|
|W_ffn1_1_q0            |   in|    8|   ap_memory|          W_ffn1_1|         array|
|W_ffn1_2_address0      |  out|   11|   ap_memory|          W_ffn1_2|         array|
|W_ffn1_2_ce0           |  out|    1|   ap_memory|          W_ffn1_2|         array|
|W_ffn1_2_q0            |   in|    8|   ap_memory|          W_ffn1_2|         array|
|W_ffn1_3_address0      |  out|   11|   ap_memory|          W_ffn1_3|         array|
|W_ffn1_3_ce0           |  out|    1|   ap_memory|          W_ffn1_3|         array|
|W_ffn1_3_q0            |   in|    8|   ap_memory|          W_ffn1_3|         array|
|W_ffn1_4_address0      |  out|   11|   ap_memory|          W_ffn1_4|         array|
|W_ffn1_4_ce0           |  out|    1|   ap_memory|          W_ffn1_4|         array|
|W_ffn1_4_q0            |   in|    8|   ap_memory|          W_ffn1_4|         array|
|W_ffn1_5_address0      |  out|   11|   ap_memory|          W_ffn1_5|         array|
|W_ffn1_5_ce0           |  out|    1|   ap_memory|          W_ffn1_5|         array|
|W_ffn1_5_q0            |   in|    8|   ap_memory|          W_ffn1_5|         array|
|W_ffn1_6_address0      |  out|   11|   ap_memory|          W_ffn1_6|         array|
|W_ffn1_6_ce0           |  out|    1|   ap_memory|          W_ffn1_6|         array|
|W_ffn1_6_q0            |   in|    8|   ap_memory|          W_ffn1_6|         array|
|W_ffn1_7_address0      |  out|   11|   ap_memory|          W_ffn1_7|         array|
|W_ffn1_7_ce0           |  out|    1|   ap_memory|          W_ffn1_7|         array|
|W_ffn1_7_q0            |   in|    8|   ap_memory|          W_ffn1_7|         array|
|W_ffn1_8_address0      |  out|   11|   ap_memory|          W_ffn1_8|         array|
|W_ffn1_8_ce0           |  out|    1|   ap_memory|          W_ffn1_8|         array|
|W_ffn1_8_q0            |   in|    8|   ap_memory|          W_ffn1_8|         array|
|W_ffn1_9_address0      |  out|   11|   ap_memory|          W_ffn1_9|         array|
|W_ffn1_9_ce0           |  out|    1|   ap_memory|          W_ffn1_9|         array|
|W_ffn1_9_q0            |   in|    8|   ap_memory|          W_ffn1_9|         array|
|W_ffn1_10_address0     |  out|   11|   ap_memory|         W_ffn1_10|         array|
|W_ffn1_10_ce0          |  out|    1|   ap_memory|         W_ffn1_10|         array|
|W_ffn1_10_q0           |   in|    8|   ap_memory|         W_ffn1_10|         array|
|W_ffn1_11_address0     |  out|   11|   ap_memory|         W_ffn1_11|         array|
|W_ffn1_11_ce0          |  out|    1|   ap_memory|         W_ffn1_11|         array|
|W_ffn1_11_q0           |   in|    8|   ap_memory|         W_ffn1_11|         array|
|W_ffn1_12_address0     |  out|   11|   ap_memory|         W_ffn1_12|         array|
|W_ffn1_12_ce0          |  out|    1|   ap_memory|         W_ffn1_12|         array|
|W_ffn1_12_q0           |   in|    8|   ap_memory|         W_ffn1_12|         array|
|W_ffn1_13_address0     |  out|   11|   ap_memory|         W_ffn1_13|         array|
|W_ffn1_13_ce0          |  out|    1|   ap_memory|         W_ffn1_13|         array|
|W_ffn1_13_q0           |   in|    8|   ap_memory|         W_ffn1_13|         array|
|W_ffn1_14_address0     |  out|   11|   ap_memory|         W_ffn1_14|         array|
|W_ffn1_14_ce0          |  out|    1|   ap_memory|         W_ffn1_14|         array|
|W_ffn1_14_q0           |   in|    8|   ap_memory|         W_ffn1_14|         array|
|W_ffn1_15_address0     |  out|   11|   ap_memory|         W_ffn1_15|         array|
|W_ffn1_15_ce0          |  out|    1|   ap_memory|         W_ffn1_15|         array|
|W_ffn1_15_q0           |   in|    8|   ap_memory|         W_ffn1_15|         array|
|W_ffn1_16_address0     |  out|   11|   ap_memory|         W_ffn1_16|         array|
|W_ffn1_16_ce0          |  out|    1|   ap_memory|         W_ffn1_16|         array|
|W_ffn1_16_q0           |   in|    8|   ap_memory|         W_ffn1_16|         array|
|W_ffn1_17_address0     |  out|   11|   ap_memory|         W_ffn1_17|         array|
|W_ffn1_17_ce0          |  out|    1|   ap_memory|         W_ffn1_17|         array|
|W_ffn1_17_q0           |   in|    8|   ap_memory|         W_ffn1_17|         array|
|W_ffn1_18_address0     |  out|   11|   ap_memory|         W_ffn1_18|         array|
|W_ffn1_18_ce0          |  out|    1|   ap_memory|         W_ffn1_18|         array|
|W_ffn1_18_q0           |   in|    8|   ap_memory|         W_ffn1_18|         array|
|W_ffn1_19_address0     |  out|   11|   ap_memory|         W_ffn1_19|         array|
|W_ffn1_19_ce0          |  out|    1|   ap_memory|         W_ffn1_19|         array|
|W_ffn1_19_q0           |   in|    8|   ap_memory|         W_ffn1_19|         array|
|W_ffn1_20_address0     |  out|   11|   ap_memory|         W_ffn1_20|         array|
|W_ffn1_20_ce0          |  out|    1|   ap_memory|         W_ffn1_20|         array|
|W_ffn1_20_q0           |   in|    8|   ap_memory|         W_ffn1_20|         array|
|W_ffn1_21_address0     |  out|   11|   ap_memory|         W_ffn1_21|         array|
|W_ffn1_21_ce0          |  out|    1|   ap_memory|         W_ffn1_21|         array|
|W_ffn1_21_q0           |   in|    8|   ap_memory|         W_ffn1_21|         array|
|W_ffn1_22_address0     |  out|   11|   ap_memory|         W_ffn1_22|         array|
|W_ffn1_22_ce0          |  out|    1|   ap_memory|         W_ffn1_22|         array|
|W_ffn1_22_q0           |   in|    8|   ap_memory|         W_ffn1_22|         array|
|W_ffn1_23_address0     |  out|   11|   ap_memory|         W_ffn1_23|         array|
|W_ffn1_23_ce0          |  out|    1|   ap_memory|         W_ffn1_23|         array|
|W_ffn1_23_q0           |   in|    8|   ap_memory|         W_ffn1_23|         array|
|W_ffn1_24_address0     |  out|   11|   ap_memory|         W_ffn1_24|         array|
|W_ffn1_24_ce0          |  out|    1|   ap_memory|         W_ffn1_24|         array|
|W_ffn1_24_q0           |   in|    8|   ap_memory|         W_ffn1_24|         array|
|W_ffn1_25_address0     |  out|   11|   ap_memory|         W_ffn1_25|         array|
|W_ffn1_25_ce0          |  out|    1|   ap_memory|         W_ffn1_25|         array|
|W_ffn1_25_q0           |   in|    8|   ap_memory|         W_ffn1_25|         array|
|W_ffn1_26_address0     |  out|   11|   ap_memory|         W_ffn1_26|         array|
|W_ffn1_26_ce0          |  out|    1|   ap_memory|         W_ffn1_26|         array|
|W_ffn1_26_q0           |   in|    8|   ap_memory|         W_ffn1_26|         array|
|W_ffn1_27_address0     |  out|   11|   ap_memory|         W_ffn1_27|         array|
|W_ffn1_27_ce0          |  out|    1|   ap_memory|         W_ffn1_27|         array|
|W_ffn1_27_q0           |   in|    8|   ap_memory|         W_ffn1_27|         array|
|W_ffn1_28_address0     |  out|   11|   ap_memory|         W_ffn1_28|         array|
|W_ffn1_28_ce0          |  out|    1|   ap_memory|         W_ffn1_28|         array|
|W_ffn1_28_q0           |   in|    8|   ap_memory|         W_ffn1_28|         array|
|W_ffn1_29_address0     |  out|   11|   ap_memory|         W_ffn1_29|         array|
|W_ffn1_29_ce0          |  out|    1|   ap_memory|         W_ffn1_29|         array|
|W_ffn1_29_q0           |   in|    8|   ap_memory|         W_ffn1_29|         array|
|W_ffn1_30_address0     |  out|   11|   ap_memory|         W_ffn1_30|         array|
|W_ffn1_30_ce0          |  out|    1|   ap_memory|         W_ffn1_30|         array|
|W_ffn1_30_q0           |   in|    8|   ap_memory|         W_ffn1_30|         array|
|W_ffn1_31_address0     |  out|   11|   ap_memory|         W_ffn1_31|         array|
|W_ffn1_31_ce0          |  out|    1|   ap_memory|         W_ffn1_31|         array|
|W_ffn1_31_q0           |   in|    8|   ap_memory|         W_ffn1_31|         array|
|W_ffn1_32_address0     |  out|   11|   ap_memory|         W_ffn1_32|         array|
|W_ffn1_32_ce0          |  out|    1|   ap_memory|         W_ffn1_32|         array|
|W_ffn1_32_q0           |   in|    8|   ap_memory|         W_ffn1_32|         array|
|W_ffn1_33_address0     |  out|   11|   ap_memory|         W_ffn1_33|         array|
|W_ffn1_33_ce0          |  out|    1|   ap_memory|         W_ffn1_33|         array|
|W_ffn1_33_q0           |   in|    8|   ap_memory|         W_ffn1_33|         array|
|W_ffn1_34_address0     |  out|   11|   ap_memory|         W_ffn1_34|         array|
|W_ffn1_34_ce0          |  out|    1|   ap_memory|         W_ffn1_34|         array|
|W_ffn1_34_q0           |   in|    8|   ap_memory|         W_ffn1_34|         array|
|W_ffn1_35_address0     |  out|   11|   ap_memory|         W_ffn1_35|         array|
|W_ffn1_35_ce0          |  out|    1|   ap_memory|         W_ffn1_35|         array|
|W_ffn1_35_q0           |   in|    8|   ap_memory|         W_ffn1_35|         array|
|W_ffn1_36_address0     |  out|   11|   ap_memory|         W_ffn1_36|         array|
|W_ffn1_36_ce0          |  out|    1|   ap_memory|         W_ffn1_36|         array|
|W_ffn1_36_q0           |   in|    8|   ap_memory|         W_ffn1_36|         array|
|W_ffn1_37_address0     |  out|   11|   ap_memory|         W_ffn1_37|         array|
|W_ffn1_37_ce0          |  out|    1|   ap_memory|         W_ffn1_37|         array|
|W_ffn1_37_q0           |   in|    8|   ap_memory|         W_ffn1_37|         array|
|W_ffn1_38_address0     |  out|   11|   ap_memory|         W_ffn1_38|         array|
|W_ffn1_38_ce0          |  out|    1|   ap_memory|         W_ffn1_38|         array|
|W_ffn1_38_q0           |   in|    8|   ap_memory|         W_ffn1_38|         array|
|W_ffn1_39_address0     |  out|   11|   ap_memory|         W_ffn1_39|         array|
|W_ffn1_39_ce0          |  out|    1|   ap_memory|         W_ffn1_39|         array|
|W_ffn1_39_q0           |   in|    8|   ap_memory|         W_ffn1_39|         array|
|W_ffn1_40_address0     |  out|   11|   ap_memory|         W_ffn1_40|         array|
|W_ffn1_40_ce0          |  out|    1|   ap_memory|         W_ffn1_40|         array|
|W_ffn1_40_q0           |   in|    8|   ap_memory|         W_ffn1_40|         array|
|W_ffn1_41_address0     |  out|   11|   ap_memory|         W_ffn1_41|         array|
|W_ffn1_41_ce0          |  out|    1|   ap_memory|         W_ffn1_41|         array|
|W_ffn1_41_q0           |   in|    8|   ap_memory|         W_ffn1_41|         array|
|W_ffn1_42_address0     |  out|   11|   ap_memory|         W_ffn1_42|         array|
|W_ffn1_42_ce0          |  out|    1|   ap_memory|         W_ffn1_42|         array|
|W_ffn1_42_q0           |   in|    8|   ap_memory|         W_ffn1_42|         array|
|W_ffn1_43_address0     |  out|   11|   ap_memory|         W_ffn1_43|         array|
|W_ffn1_43_ce0          |  out|    1|   ap_memory|         W_ffn1_43|         array|
|W_ffn1_43_q0           |   in|    8|   ap_memory|         W_ffn1_43|         array|
|W_ffn1_44_address0     |  out|   11|   ap_memory|         W_ffn1_44|         array|
|W_ffn1_44_ce0          |  out|    1|   ap_memory|         W_ffn1_44|         array|
|W_ffn1_44_q0           |   in|    8|   ap_memory|         W_ffn1_44|         array|
|W_ffn1_45_address0     |  out|   11|   ap_memory|         W_ffn1_45|         array|
|W_ffn1_45_ce0          |  out|    1|   ap_memory|         W_ffn1_45|         array|
|W_ffn1_45_q0           |   in|    8|   ap_memory|         W_ffn1_45|         array|
|W_ffn1_46_address0     |  out|   11|   ap_memory|         W_ffn1_46|         array|
|W_ffn1_46_ce0          |  out|    1|   ap_memory|         W_ffn1_46|         array|
|W_ffn1_46_q0           |   in|    8|   ap_memory|         W_ffn1_46|         array|
|W_ffn1_47_address0     |  out|   11|   ap_memory|         W_ffn1_47|         array|
|W_ffn1_47_ce0          |  out|    1|   ap_memory|         W_ffn1_47|         array|
|W_ffn1_47_q0           |   in|    8|   ap_memory|         W_ffn1_47|         array|
|W_ffn1_48_address0     |  out|   11|   ap_memory|         W_ffn1_48|         array|
|W_ffn1_48_ce0          |  out|    1|   ap_memory|         W_ffn1_48|         array|
|W_ffn1_48_q0           |   in|    8|   ap_memory|         W_ffn1_48|         array|
|W_ffn1_49_address0     |  out|   11|   ap_memory|         W_ffn1_49|         array|
|W_ffn1_49_ce0          |  out|    1|   ap_memory|         W_ffn1_49|         array|
|W_ffn1_49_q0           |   in|    8|   ap_memory|         W_ffn1_49|         array|
|W_ffn1_50_address0     |  out|   11|   ap_memory|         W_ffn1_50|         array|
|W_ffn1_50_ce0          |  out|    1|   ap_memory|         W_ffn1_50|         array|
|W_ffn1_50_q0           |   in|    8|   ap_memory|         W_ffn1_50|         array|
|W_ffn1_51_address0     |  out|   11|   ap_memory|         W_ffn1_51|         array|
|W_ffn1_51_ce0          |  out|    1|   ap_memory|         W_ffn1_51|         array|
|W_ffn1_51_q0           |   in|    8|   ap_memory|         W_ffn1_51|         array|
|W_ffn1_52_address0     |  out|   11|   ap_memory|         W_ffn1_52|         array|
|W_ffn1_52_ce0          |  out|    1|   ap_memory|         W_ffn1_52|         array|
|W_ffn1_52_q0           |   in|    8|   ap_memory|         W_ffn1_52|         array|
|W_ffn1_53_address0     |  out|   11|   ap_memory|         W_ffn1_53|         array|
|W_ffn1_53_ce0          |  out|    1|   ap_memory|         W_ffn1_53|         array|
|W_ffn1_53_q0           |   in|    8|   ap_memory|         W_ffn1_53|         array|
|W_ffn1_54_address0     |  out|   11|   ap_memory|         W_ffn1_54|         array|
|W_ffn1_54_ce0          |  out|    1|   ap_memory|         W_ffn1_54|         array|
|W_ffn1_54_q0           |   in|    8|   ap_memory|         W_ffn1_54|         array|
|W_ffn1_55_address0     |  out|   11|   ap_memory|         W_ffn1_55|         array|
|W_ffn1_55_ce0          |  out|    1|   ap_memory|         W_ffn1_55|         array|
|W_ffn1_55_q0           |   in|    8|   ap_memory|         W_ffn1_55|         array|
|W_ffn1_56_address0     |  out|   11|   ap_memory|         W_ffn1_56|         array|
|W_ffn1_56_ce0          |  out|    1|   ap_memory|         W_ffn1_56|         array|
|W_ffn1_56_q0           |   in|    8|   ap_memory|         W_ffn1_56|         array|
|W_ffn1_57_address0     |  out|   11|   ap_memory|         W_ffn1_57|         array|
|W_ffn1_57_ce0          |  out|    1|   ap_memory|         W_ffn1_57|         array|
|W_ffn1_57_q0           |   in|    8|   ap_memory|         W_ffn1_57|         array|
|W_ffn1_58_address0     |  out|   11|   ap_memory|         W_ffn1_58|         array|
|W_ffn1_58_ce0          |  out|    1|   ap_memory|         W_ffn1_58|         array|
|W_ffn1_58_q0           |   in|    8|   ap_memory|         W_ffn1_58|         array|
|W_ffn1_59_address0     |  out|   11|   ap_memory|         W_ffn1_59|         array|
|W_ffn1_59_ce0          |  out|    1|   ap_memory|         W_ffn1_59|         array|
|W_ffn1_59_q0           |   in|    8|   ap_memory|         W_ffn1_59|         array|
|W_ffn1_60_address0     |  out|   11|   ap_memory|         W_ffn1_60|         array|
|W_ffn1_60_ce0          |  out|    1|   ap_memory|         W_ffn1_60|         array|
|W_ffn1_60_q0           |   in|    8|   ap_memory|         W_ffn1_60|         array|
|W_ffn1_61_address0     |  out|   11|   ap_memory|         W_ffn1_61|         array|
|W_ffn1_61_ce0          |  out|    1|   ap_memory|         W_ffn1_61|         array|
|W_ffn1_61_q0           |   in|    8|   ap_memory|         W_ffn1_61|         array|
|W_ffn1_62_address0     |  out|   11|   ap_memory|         W_ffn1_62|         array|
|W_ffn1_62_ce0          |  out|    1|   ap_memory|         W_ffn1_62|         array|
|W_ffn1_62_q0           |   in|    8|   ap_memory|         W_ffn1_62|         array|
|W_ffn1_63_address0     |  out|   11|   ap_memory|         W_ffn1_63|         array|
|W_ffn1_63_ce0          |  out|    1|   ap_memory|         W_ffn1_63|         array|
|W_ffn1_63_q0           |   in|    8|   ap_memory|         W_ffn1_63|         array|
|W_ffn2_0_address0      |  out|   11|   ap_memory|          W_ffn2_0|         array|
|W_ffn2_0_ce0           |  out|    1|   ap_memory|          W_ffn2_0|         array|
|W_ffn2_0_q0            |   in|    8|   ap_memory|          W_ffn2_0|         array|
|W_ffn2_1_address0      |  out|   11|   ap_memory|          W_ffn2_1|         array|
|W_ffn2_1_ce0           |  out|    1|   ap_memory|          W_ffn2_1|         array|
|W_ffn2_1_q0            |   in|    8|   ap_memory|          W_ffn2_1|         array|
|W_ffn2_2_address0      |  out|   11|   ap_memory|          W_ffn2_2|         array|
|W_ffn2_2_ce0           |  out|    1|   ap_memory|          W_ffn2_2|         array|
|W_ffn2_2_q0            |   in|    8|   ap_memory|          W_ffn2_2|         array|
|W_ffn2_3_address0      |  out|   11|   ap_memory|          W_ffn2_3|         array|
|W_ffn2_3_ce0           |  out|    1|   ap_memory|          W_ffn2_3|         array|
|W_ffn2_3_q0            |   in|    8|   ap_memory|          W_ffn2_3|         array|
|W_ffn2_4_address0      |  out|   11|   ap_memory|          W_ffn2_4|         array|
|W_ffn2_4_ce0           |  out|    1|   ap_memory|          W_ffn2_4|         array|
|W_ffn2_4_q0            |   in|    8|   ap_memory|          W_ffn2_4|         array|
|W_ffn2_5_address0      |  out|   11|   ap_memory|          W_ffn2_5|         array|
|W_ffn2_5_ce0           |  out|    1|   ap_memory|          W_ffn2_5|         array|
|W_ffn2_5_q0            |   in|    8|   ap_memory|          W_ffn2_5|         array|
|W_ffn2_6_address0      |  out|   11|   ap_memory|          W_ffn2_6|         array|
|W_ffn2_6_ce0           |  out|    1|   ap_memory|          W_ffn2_6|         array|
|W_ffn2_6_q0            |   in|    8|   ap_memory|          W_ffn2_6|         array|
|W_ffn2_7_address0      |  out|   11|   ap_memory|          W_ffn2_7|         array|
|W_ffn2_7_ce0           |  out|    1|   ap_memory|          W_ffn2_7|         array|
|W_ffn2_7_q0            |   in|    8|   ap_memory|          W_ffn2_7|         array|
|W_ffn2_8_address0      |  out|   11|   ap_memory|          W_ffn2_8|         array|
|W_ffn2_8_ce0           |  out|    1|   ap_memory|          W_ffn2_8|         array|
|W_ffn2_8_q0            |   in|    8|   ap_memory|          W_ffn2_8|         array|
|W_ffn2_9_address0      |  out|   11|   ap_memory|          W_ffn2_9|         array|
|W_ffn2_9_ce0           |  out|    1|   ap_memory|          W_ffn2_9|         array|
|W_ffn2_9_q0            |   in|    8|   ap_memory|          W_ffn2_9|         array|
|W_ffn2_10_address0     |  out|   11|   ap_memory|         W_ffn2_10|         array|
|W_ffn2_10_ce0          |  out|    1|   ap_memory|         W_ffn2_10|         array|
|W_ffn2_10_q0           |   in|    8|   ap_memory|         W_ffn2_10|         array|
|W_ffn2_11_address0     |  out|   11|   ap_memory|         W_ffn2_11|         array|
|W_ffn2_11_ce0          |  out|    1|   ap_memory|         W_ffn2_11|         array|
|W_ffn2_11_q0           |   in|    8|   ap_memory|         W_ffn2_11|         array|
|W_ffn2_12_address0     |  out|   11|   ap_memory|         W_ffn2_12|         array|
|W_ffn2_12_ce0          |  out|    1|   ap_memory|         W_ffn2_12|         array|
|W_ffn2_12_q0           |   in|    8|   ap_memory|         W_ffn2_12|         array|
|W_ffn2_13_address0     |  out|   11|   ap_memory|         W_ffn2_13|         array|
|W_ffn2_13_ce0          |  out|    1|   ap_memory|         W_ffn2_13|         array|
|W_ffn2_13_q0           |   in|    8|   ap_memory|         W_ffn2_13|         array|
|W_ffn2_14_address0     |  out|   11|   ap_memory|         W_ffn2_14|         array|
|W_ffn2_14_ce0          |  out|    1|   ap_memory|         W_ffn2_14|         array|
|W_ffn2_14_q0           |   in|    8|   ap_memory|         W_ffn2_14|         array|
|W_ffn2_15_address0     |  out|   11|   ap_memory|         W_ffn2_15|         array|
|W_ffn2_15_ce0          |  out|    1|   ap_memory|         W_ffn2_15|         array|
|W_ffn2_15_q0           |   in|    8|   ap_memory|         W_ffn2_15|         array|
|W_ffn2_16_address0     |  out|   11|   ap_memory|         W_ffn2_16|         array|
|W_ffn2_16_ce0          |  out|    1|   ap_memory|         W_ffn2_16|         array|
|W_ffn2_16_q0           |   in|    8|   ap_memory|         W_ffn2_16|         array|
|W_ffn2_17_address0     |  out|   11|   ap_memory|         W_ffn2_17|         array|
|W_ffn2_17_ce0          |  out|    1|   ap_memory|         W_ffn2_17|         array|
|W_ffn2_17_q0           |   in|    8|   ap_memory|         W_ffn2_17|         array|
|W_ffn2_18_address0     |  out|   11|   ap_memory|         W_ffn2_18|         array|
|W_ffn2_18_ce0          |  out|    1|   ap_memory|         W_ffn2_18|         array|
|W_ffn2_18_q0           |   in|    8|   ap_memory|         W_ffn2_18|         array|
|W_ffn2_19_address0     |  out|   11|   ap_memory|         W_ffn2_19|         array|
|W_ffn2_19_ce0          |  out|    1|   ap_memory|         W_ffn2_19|         array|
|W_ffn2_19_q0           |   in|    8|   ap_memory|         W_ffn2_19|         array|
|W_ffn2_20_address0     |  out|   11|   ap_memory|         W_ffn2_20|         array|
|W_ffn2_20_ce0          |  out|    1|   ap_memory|         W_ffn2_20|         array|
|W_ffn2_20_q0           |   in|    8|   ap_memory|         W_ffn2_20|         array|
|W_ffn2_21_address0     |  out|   11|   ap_memory|         W_ffn2_21|         array|
|W_ffn2_21_ce0          |  out|    1|   ap_memory|         W_ffn2_21|         array|
|W_ffn2_21_q0           |   in|    8|   ap_memory|         W_ffn2_21|         array|
|W_ffn2_22_address0     |  out|   11|   ap_memory|         W_ffn2_22|         array|
|W_ffn2_22_ce0          |  out|    1|   ap_memory|         W_ffn2_22|         array|
|W_ffn2_22_q0           |   in|    8|   ap_memory|         W_ffn2_22|         array|
|W_ffn2_23_address0     |  out|   11|   ap_memory|         W_ffn2_23|         array|
|W_ffn2_23_ce0          |  out|    1|   ap_memory|         W_ffn2_23|         array|
|W_ffn2_23_q0           |   in|    8|   ap_memory|         W_ffn2_23|         array|
|W_ffn2_24_address0     |  out|   11|   ap_memory|         W_ffn2_24|         array|
|W_ffn2_24_ce0          |  out|    1|   ap_memory|         W_ffn2_24|         array|
|W_ffn2_24_q0           |   in|    8|   ap_memory|         W_ffn2_24|         array|
|W_ffn2_25_address0     |  out|   11|   ap_memory|         W_ffn2_25|         array|
|W_ffn2_25_ce0          |  out|    1|   ap_memory|         W_ffn2_25|         array|
|W_ffn2_25_q0           |   in|    8|   ap_memory|         W_ffn2_25|         array|
|W_ffn2_26_address0     |  out|   11|   ap_memory|         W_ffn2_26|         array|
|W_ffn2_26_ce0          |  out|    1|   ap_memory|         W_ffn2_26|         array|
|W_ffn2_26_q0           |   in|    8|   ap_memory|         W_ffn2_26|         array|
|W_ffn2_27_address0     |  out|   11|   ap_memory|         W_ffn2_27|         array|
|W_ffn2_27_ce0          |  out|    1|   ap_memory|         W_ffn2_27|         array|
|W_ffn2_27_q0           |   in|    8|   ap_memory|         W_ffn2_27|         array|
|W_ffn2_28_address0     |  out|   11|   ap_memory|         W_ffn2_28|         array|
|W_ffn2_28_ce0          |  out|    1|   ap_memory|         W_ffn2_28|         array|
|W_ffn2_28_q0           |   in|    8|   ap_memory|         W_ffn2_28|         array|
|W_ffn2_29_address0     |  out|   11|   ap_memory|         W_ffn2_29|         array|
|W_ffn2_29_ce0          |  out|    1|   ap_memory|         W_ffn2_29|         array|
|W_ffn2_29_q0           |   in|    8|   ap_memory|         W_ffn2_29|         array|
|W_ffn2_30_address0     |  out|   11|   ap_memory|         W_ffn2_30|         array|
|W_ffn2_30_ce0          |  out|    1|   ap_memory|         W_ffn2_30|         array|
|W_ffn2_30_q0           |   in|    8|   ap_memory|         W_ffn2_30|         array|
|W_ffn2_31_address0     |  out|   11|   ap_memory|         W_ffn2_31|         array|
|W_ffn2_31_ce0          |  out|    1|   ap_memory|         W_ffn2_31|         array|
|W_ffn2_31_q0           |   in|    8|   ap_memory|         W_ffn2_31|         array|
|W_ffn2_32_address0     |  out|   11|   ap_memory|         W_ffn2_32|         array|
|W_ffn2_32_ce0          |  out|    1|   ap_memory|         W_ffn2_32|         array|
|W_ffn2_32_q0           |   in|    8|   ap_memory|         W_ffn2_32|         array|
|W_ffn2_33_address0     |  out|   11|   ap_memory|         W_ffn2_33|         array|
|W_ffn2_33_ce0          |  out|    1|   ap_memory|         W_ffn2_33|         array|
|W_ffn2_33_q0           |   in|    8|   ap_memory|         W_ffn2_33|         array|
|W_ffn2_34_address0     |  out|   11|   ap_memory|         W_ffn2_34|         array|
|W_ffn2_34_ce0          |  out|    1|   ap_memory|         W_ffn2_34|         array|
|W_ffn2_34_q0           |   in|    8|   ap_memory|         W_ffn2_34|         array|
|W_ffn2_35_address0     |  out|   11|   ap_memory|         W_ffn2_35|         array|
|W_ffn2_35_ce0          |  out|    1|   ap_memory|         W_ffn2_35|         array|
|W_ffn2_35_q0           |   in|    8|   ap_memory|         W_ffn2_35|         array|
|W_ffn2_36_address0     |  out|   11|   ap_memory|         W_ffn2_36|         array|
|W_ffn2_36_ce0          |  out|    1|   ap_memory|         W_ffn2_36|         array|
|W_ffn2_36_q0           |   in|    8|   ap_memory|         W_ffn2_36|         array|
|W_ffn2_37_address0     |  out|   11|   ap_memory|         W_ffn2_37|         array|
|W_ffn2_37_ce0          |  out|    1|   ap_memory|         W_ffn2_37|         array|
|W_ffn2_37_q0           |   in|    8|   ap_memory|         W_ffn2_37|         array|
|W_ffn2_38_address0     |  out|   11|   ap_memory|         W_ffn2_38|         array|
|W_ffn2_38_ce0          |  out|    1|   ap_memory|         W_ffn2_38|         array|
|W_ffn2_38_q0           |   in|    8|   ap_memory|         W_ffn2_38|         array|
|W_ffn2_39_address0     |  out|   11|   ap_memory|         W_ffn2_39|         array|
|W_ffn2_39_ce0          |  out|    1|   ap_memory|         W_ffn2_39|         array|
|W_ffn2_39_q0           |   in|    8|   ap_memory|         W_ffn2_39|         array|
|W_ffn2_40_address0     |  out|   11|   ap_memory|         W_ffn2_40|         array|
|W_ffn2_40_ce0          |  out|    1|   ap_memory|         W_ffn2_40|         array|
|W_ffn2_40_q0           |   in|    8|   ap_memory|         W_ffn2_40|         array|
|W_ffn2_41_address0     |  out|   11|   ap_memory|         W_ffn2_41|         array|
|W_ffn2_41_ce0          |  out|    1|   ap_memory|         W_ffn2_41|         array|
|W_ffn2_41_q0           |   in|    8|   ap_memory|         W_ffn2_41|         array|
|W_ffn2_42_address0     |  out|   11|   ap_memory|         W_ffn2_42|         array|
|W_ffn2_42_ce0          |  out|    1|   ap_memory|         W_ffn2_42|         array|
|W_ffn2_42_q0           |   in|    8|   ap_memory|         W_ffn2_42|         array|
|W_ffn2_43_address0     |  out|   11|   ap_memory|         W_ffn2_43|         array|
|W_ffn2_43_ce0          |  out|    1|   ap_memory|         W_ffn2_43|         array|
|W_ffn2_43_q0           |   in|    8|   ap_memory|         W_ffn2_43|         array|
|W_ffn2_44_address0     |  out|   11|   ap_memory|         W_ffn2_44|         array|
|W_ffn2_44_ce0          |  out|    1|   ap_memory|         W_ffn2_44|         array|
|W_ffn2_44_q0           |   in|    8|   ap_memory|         W_ffn2_44|         array|
|W_ffn2_45_address0     |  out|   11|   ap_memory|         W_ffn2_45|         array|
|W_ffn2_45_ce0          |  out|    1|   ap_memory|         W_ffn2_45|         array|
|W_ffn2_45_q0           |   in|    8|   ap_memory|         W_ffn2_45|         array|
|W_ffn2_46_address0     |  out|   11|   ap_memory|         W_ffn2_46|         array|
|W_ffn2_46_ce0          |  out|    1|   ap_memory|         W_ffn2_46|         array|
|W_ffn2_46_q0           |   in|    8|   ap_memory|         W_ffn2_46|         array|
|W_ffn2_47_address0     |  out|   11|   ap_memory|         W_ffn2_47|         array|
|W_ffn2_47_ce0          |  out|    1|   ap_memory|         W_ffn2_47|         array|
|W_ffn2_47_q0           |   in|    8|   ap_memory|         W_ffn2_47|         array|
|W_ffn2_48_address0     |  out|   11|   ap_memory|         W_ffn2_48|         array|
|W_ffn2_48_ce0          |  out|    1|   ap_memory|         W_ffn2_48|         array|
|W_ffn2_48_q0           |   in|    8|   ap_memory|         W_ffn2_48|         array|
|W_ffn2_49_address0     |  out|   11|   ap_memory|         W_ffn2_49|         array|
|W_ffn2_49_ce0          |  out|    1|   ap_memory|         W_ffn2_49|         array|
|W_ffn2_49_q0           |   in|    8|   ap_memory|         W_ffn2_49|         array|
|W_ffn2_50_address0     |  out|   11|   ap_memory|         W_ffn2_50|         array|
|W_ffn2_50_ce0          |  out|    1|   ap_memory|         W_ffn2_50|         array|
|W_ffn2_50_q0           |   in|    8|   ap_memory|         W_ffn2_50|         array|
|W_ffn2_51_address0     |  out|   11|   ap_memory|         W_ffn2_51|         array|
|W_ffn2_51_ce0          |  out|    1|   ap_memory|         W_ffn2_51|         array|
|W_ffn2_51_q0           |   in|    8|   ap_memory|         W_ffn2_51|         array|
|W_ffn2_52_address0     |  out|   11|   ap_memory|         W_ffn2_52|         array|
|W_ffn2_52_ce0          |  out|    1|   ap_memory|         W_ffn2_52|         array|
|W_ffn2_52_q0           |   in|    8|   ap_memory|         W_ffn2_52|         array|
|W_ffn2_53_address0     |  out|   11|   ap_memory|         W_ffn2_53|         array|
|W_ffn2_53_ce0          |  out|    1|   ap_memory|         W_ffn2_53|         array|
|W_ffn2_53_q0           |   in|    8|   ap_memory|         W_ffn2_53|         array|
|W_ffn2_54_address0     |  out|   11|   ap_memory|         W_ffn2_54|         array|
|W_ffn2_54_ce0          |  out|    1|   ap_memory|         W_ffn2_54|         array|
|W_ffn2_54_q0           |   in|    8|   ap_memory|         W_ffn2_54|         array|
|W_ffn2_55_address0     |  out|   11|   ap_memory|         W_ffn2_55|         array|
|W_ffn2_55_ce0          |  out|    1|   ap_memory|         W_ffn2_55|         array|
|W_ffn2_55_q0           |   in|    8|   ap_memory|         W_ffn2_55|         array|
|W_ffn2_56_address0     |  out|   11|   ap_memory|         W_ffn2_56|         array|
|W_ffn2_56_ce0          |  out|    1|   ap_memory|         W_ffn2_56|         array|
|W_ffn2_56_q0           |   in|    8|   ap_memory|         W_ffn2_56|         array|
|W_ffn2_57_address0     |  out|   11|   ap_memory|         W_ffn2_57|         array|
|W_ffn2_57_ce0          |  out|    1|   ap_memory|         W_ffn2_57|         array|
|W_ffn2_57_q0           |   in|    8|   ap_memory|         W_ffn2_57|         array|
|W_ffn2_58_address0     |  out|   11|   ap_memory|         W_ffn2_58|         array|
|W_ffn2_58_ce0          |  out|    1|   ap_memory|         W_ffn2_58|         array|
|W_ffn2_58_q0           |   in|    8|   ap_memory|         W_ffn2_58|         array|
|W_ffn2_59_address0     |  out|   11|   ap_memory|         W_ffn2_59|         array|
|W_ffn2_59_ce0          |  out|    1|   ap_memory|         W_ffn2_59|         array|
|W_ffn2_59_q0           |   in|    8|   ap_memory|         W_ffn2_59|         array|
|W_ffn2_60_address0     |  out|   11|   ap_memory|         W_ffn2_60|         array|
|W_ffn2_60_ce0          |  out|    1|   ap_memory|         W_ffn2_60|         array|
|W_ffn2_60_q0           |   in|    8|   ap_memory|         W_ffn2_60|         array|
|W_ffn2_61_address0     |  out|   11|   ap_memory|         W_ffn2_61|         array|
|W_ffn2_61_ce0          |  out|    1|   ap_memory|         W_ffn2_61|         array|
|W_ffn2_61_q0           |   in|    8|   ap_memory|         W_ffn2_61|         array|
|W_ffn2_62_address0     |  out|   11|   ap_memory|         W_ffn2_62|         array|
|W_ffn2_62_ce0          |  out|    1|   ap_memory|         W_ffn2_62|         array|
|W_ffn2_62_q0           |   in|    8|   ap_memory|         W_ffn2_62|         array|
|W_ffn2_63_address0     |  out|   11|   ap_memory|         W_ffn2_63|         array|
|W_ffn2_63_ce0          |  out|    1|   ap_memory|         W_ffn2_63|         array|
|W_ffn2_63_q0           |   in|    8|   ap_memory|         W_ffn2_63|         array|
|W_out_0_address0       |  out|    5|   ap_memory|           W_out_0|         array|
|W_out_0_ce0            |  out|    1|   ap_memory|           W_out_0|         array|
|W_out_0_q0             |   in|    8|   ap_memory|           W_out_0|         array|
|W_out_1_address0       |  out|    5|   ap_memory|           W_out_1|         array|
|W_out_1_ce0            |  out|    1|   ap_memory|           W_out_1|         array|
|W_out_1_q0             |   in|    8|   ap_memory|           W_out_1|         array|
|W_out_2_address0       |  out|    5|   ap_memory|           W_out_2|         array|
|W_out_2_ce0            |  out|    1|   ap_memory|           W_out_2|         array|
|W_out_2_q0             |   in|    8|   ap_memory|           W_out_2|         array|
|W_out_3_address0       |  out|    5|   ap_memory|           W_out_3|         array|
|W_out_3_ce0            |  out|    1|   ap_memory|           W_out_3|         array|
|W_out_3_q0             |   in|    8|   ap_memory|           W_out_3|         array|
|W_out_4_address0       |  out|    5|   ap_memory|           W_out_4|         array|
|W_out_4_ce0            |  out|    1|   ap_memory|           W_out_4|         array|
|W_out_4_q0             |   in|    8|   ap_memory|           W_out_4|         array|
|W_out_5_address0       |  out|    5|   ap_memory|           W_out_5|         array|
|W_out_5_ce0            |  out|    1|   ap_memory|           W_out_5|         array|
|W_out_5_q0             |   in|    8|   ap_memory|           W_out_5|         array|
|W_out_6_address0       |  out|    5|   ap_memory|           W_out_6|         array|
|W_out_6_ce0            |  out|    1|   ap_memory|           W_out_6|         array|
|W_out_6_q0             |   in|    8|   ap_memory|           W_out_6|         array|
|W_out_7_address0       |  out|    5|   ap_memory|           W_out_7|         array|
|W_out_7_ce0            |  out|    1|   ap_memory|           W_out_7|         array|
|W_out_7_q0             |   in|    8|   ap_memory|           W_out_7|         array|
|W_out_8_address0       |  out|    5|   ap_memory|           W_out_8|         array|
|W_out_8_ce0            |  out|    1|   ap_memory|           W_out_8|         array|
|W_out_8_q0             |   in|    8|   ap_memory|           W_out_8|         array|
|W_out_9_address0       |  out|    5|   ap_memory|           W_out_9|         array|
|W_out_9_ce0            |  out|    1|   ap_memory|           W_out_9|         array|
|W_out_9_q0             |   in|    8|   ap_memory|           W_out_9|         array|
|W_out_10_address0      |  out|    5|   ap_memory|          W_out_10|         array|
|W_out_10_ce0           |  out|    1|   ap_memory|          W_out_10|         array|
|W_out_10_q0            |   in|    8|   ap_memory|          W_out_10|         array|
|W_out_11_address0      |  out|    5|   ap_memory|          W_out_11|         array|
|W_out_11_ce0           |  out|    1|   ap_memory|          W_out_11|         array|
|W_out_11_q0            |   in|    8|   ap_memory|          W_out_11|         array|
|W_out_12_address0      |  out|    5|   ap_memory|          W_out_12|         array|
|W_out_12_ce0           |  out|    1|   ap_memory|          W_out_12|         array|
|W_out_12_q0            |   in|    8|   ap_memory|          W_out_12|         array|
|W_out_13_address0      |  out|    5|   ap_memory|          W_out_13|         array|
|W_out_13_ce0           |  out|    1|   ap_memory|          W_out_13|         array|
|W_out_13_q0            |   in|    8|   ap_memory|          W_out_13|         array|
|W_out_14_address0      |  out|    5|   ap_memory|          W_out_14|         array|
|W_out_14_ce0           |  out|    1|   ap_memory|          W_out_14|         array|
|W_out_14_q0            |   in|    8|   ap_memory|          W_out_14|         array|
|W_out_15_address0      |  out|    5|   ap_memory|          W_out_15|         array|
|W_out_15_ce0           |  out|    1|   ap_memory|          W_out_15|         array|
|W_out_15_q0            |   in|    8|   ap_memory|          W_out_15|         array|
|W_out_16_address0      |  out|    5|   ap_memory|          W_out_16|         array|
|W_out_16_ce0           |  out|    1|   ap_memory|          W_out_16|         array|
|W_out_16_q0            |   in|    8|   ap_memory|          W_out_16|         array|
|W_out_17_address0      |  out|    5|   ap_memory|          W_out_17|         array|
|W_out_17_ce0           |  out|    1|   ap_memory|          W_out_17|         array|
|W_out_17_q0            |   in|    8|   ap_memory|          W_out_17|         array|
|W_out_18_address0      |  out|    5|   ap_memory|          W_out_18|         array|
|W_out_18_ce0           |  out|    1|   ap_memory|          W_out_18|         array|
|W_out_18_q0            |   in|    8|   ap_memory|          W_out_18|         array|
|W_out_19_address0      |  out|    5|   ap_memory|          W_out_19|         array|
|W_out_19_ce0           |  out|    1|   ap_memory|          W_out_19|         array|
|W_out_19_q0            |   in|    8|   ap_memory|          W_out_19|         array|
|W_out_20_address0      |  out|    5|   ap_memory|          W_out_20|         array|
|W_out_20_ce0           |  out|    1|   ap_memory|          W_out_20|         array|
|W_out_20_q0            |   in|    8|   ap_memory|          W_out_20|         array|
|W_out_21_address0      |  out|    5|   ap_memory|          W_out_21|         array|
|W_out_21_ce0           |  out|    1|   ap_memory|          W_out_21|         array|
|W_out_21_q0            |   in|    8|   ap_memory|          W_out_21|         array|
|W_out_22_address0      |  out|    5|   ap_memory|          W_out_22|         array|
|W_out_22_ce0           |  out|    1|   ap_memory|          W_out_22|         array|
|W_out_22_q0            |   in|    8|   ap_memory|          W_out_22|         array|
|W_out_23_address0      |  out|    5|   ap_memory|          W_out_23|         array|
|W_out_23_ce0           |  out|    1|   ap_memory|          W_out_23|         array|
|W_out_23_q0            |   in|    8|   ap_memory|          W_out_23|         array|
|W_out_24_address0      |  out|    5|   ap_memory|          W_out_24|         array|
|W_out_24_ce0           |  out|    1|   ap_memory|          W_out_24|         array|
|W_out_24_q0            |   in|    8|   ap_memory|          W_out_24|         array|
|W_out_25_address0      |  out|    5|   ap_memory|          W_out_25|         array|
|W_out_25_ce0           |  out|    1|   ap_memory|          W_out_25|         array|
|W_out_25_q0            |   in|    8|   ap_memory|          W_out_25|         array|
|W_out_26_address0      |  out|    5|   ap_memory|          W_out_26|         array|
|W_out_26_ce0           |  out|    1|   ap_memory|          W_out_26|         array|
|W_out_26_q0            |   in|    8|   ap_memory|          W_out_26|         array|
|W_out_27_address0      |  out|    5|   ap_memory|          W_out_27|         array|
|W_out_27_ce0           |  out|    1|   ap_memory|          W_out_27|         array|
|W_out_27_q0            |   in|    8|   ap_memory|          W_out_27|         array|
|W_out_28_address0      |  out|    5|   ap_memory|          W_out_28|         array|
|W_out_28_ce0           |  out|    1|   ap_memory|          W_out_28|         array|
|W_out_28_q0            |   in|    8|   ap_memory|          W_out_28|         array|
|W_out_29_address0      |  out|    5|   ap_memory|          W_out_29|         array|
|W_out_29_ce0           |  out|    1|   ap_memory|          W_out_29|         array|
|W_out_29_q0            |   in|    8|   ap_memory|          W_out_29|         array|
|W_out_30_address0      |  out|    5|   ap_memory|          W_out_30|         array|
|W_out_30_ce0           |  out|    1|   ap_memory|          W_out_30|         array|
|W_out_30_q0            |   in|    8|   ap_memory|          W_out_30|         array|
|W_out_31_address0      |  out|    5|   ap_memory|          W_out_31|         array|
|W_out_31_ce0           |  out|    1|   ap_memory|          W_out_31|         array|
|W_out_31_q0            |   in|    8|   ap_memory|          W_out_31|         array|
|W_out_32_address0      |  out|    5|   ap_memory|          W_out_32|         array|
|W_out_32_ce0           |  out|    1|   ap_memory|          W_out_32|         array|
|W_out_32_q0            |   in|    8|   ap_memory|          W_out_32|         array|
|W_out_33_address0      |  out|    5|   ap_memory|          W_out_33|         array|
|W_out_33_ce0           |  out|    1|   ap_memory|          W_out_33|         array|
|W_out_33_q0            |   in|    8|   ap_memory|          W_out_33|         array|
|W_out_34_address0      |  out|    5|   ap_memory|          W_out_34|         array|
|W_out_34_ce0           |  out|    1|   ap_memory|          W_out_34|         array|
|W_out_34_q0            |   in|    8|   ap_memory|          W_out_34|         array|
|W_out_35_address0      |  out|    5|   ap_memory|          W_out_35|         array|
|W_out_35_ce0           |  out|    1|   ap_memory|          W_out_35|         array|
|W_out_35_q0            |   in|    8|   ap_memory|          W_out_35|         array|
|W_out_36_address0      |  out|    5|   ap_memory|          W_out_36|         array|
|W_out_36_ce0           |  out|    1|   ap_memory|          W_out_36|         array|
|W_out_36_q0            |   in|    8|   ap_memory|          W_out_36|         array|
|W_out_37_address0      |  out|    5|   ap_memory|          W_out_37|         array|
|W_out_37_ce0           |  out|    1|   ap_memory|          W_out_37|         array|
|W_out_37_q0            |   in|    8|   ap_memory|          W_out_37|         array|
|W_out_38_address0      |  out|    5|   ap_memory|          W_out_38|         array|
|W_out_38_ce0           |  out|    1|   ap_memory|          W_out_38|         array|
|W_out_38_q0            |   in|    8|   ap_memory|          W_out_38|         array|
|W_out_39_address0      |  out|    5|   ap_memory|          W_out_39|         array|
|W_out_39_ce0           |  out|    1|   ap_memory|          W_out_39|         array|
|W_out_39_q0            |   in|    8|   ap_memory|          W_out_39|         array|
|W_out_40_address0      |  out|    5|   ap_memory|          W_out_40|         array|
|W_out_40_ce0           |  out|    1|   ap_memory|          W_out_40|         array|
|W_out_40_q0            |   in|    8|   ap_memory|          W_out_40|         array|
|W_out_41_address0      |  out|    5|   ap_memory|          W_out_41|         array|
|W_out_41_ce0           |  out|    1|   ap_memory|          W_out_41|         array|
|W_out_41_q0            |   in|    8|   ap_memory|          W_out_41|         array|
|W_out_42_address0      |  out|    5|   ap_memory|          W_out_42|         array|
|W_out_42_ce0           |  out|    1|   ap_memory|          W_out_42|         array|
|W_out_42_q0            |   in|    8|   ap_memory|          W_out_42|         array|
|W_out_43_address0      |  out|    5|   ap_memory|          W_out_43|         array|
|W_out_43_ce0           |  out|    1|   ap_memory|          W_out_43|         array|
|W_out_43_q0            |   in|    8|   ap_memory|          W_out_43|         array|
|W_out_44_address0      |  out|    5|   ap_memory|          W_out_44|         array|
|W_out_44_ce0           |  out|    1|   ap_memory|          W_out_44|         array|
|W_out_44_q0            |   in|    8|   ap_memory|          W_out_44|         array|
|W_out_45_address0      |  out|    5|   ap_memory|          W_out_45|         array|
|W_out_45_ce0           |  out|    1|   ap_memory|          W_out_45|         array|
|W_out_45_q0            |   in|    8|   ap_memory|          W_out_45|         array|
|W_out_46_address0      |  out|    5|   ap_memory|          W_out_46|         array|
|W_out_46_ce0           |  out|    1|   ap_memory|          W_out_46|         array|
|W_out_46_q0            |   in|    8|   ap_memory|          W_out_46|         array|
|W_out_47_address0      |  out|    5|   ap_memory|          W_out_47|         array|
|W_out_47_ce0           |  out|    1|   ap_memory|          W_out_47|         array|
|W_out_47_q0            |   in|    8|   ap_memory|          W_out_47|         array|
|W_out_48_address0      |  out|    5|   ap_memory|          W_out_48|         array|
|W_out_48_ce0           |  out|    1|   ap_memory|          W_out_48|         array|
|W_out_48_q0            |   in|    8|   ap_memory|          W_out_48|         array|
|W_out_49_address0      |  out|    5|   ap_memory|          W_out_49|         array|
|W_out_49_ce0           |  out|    1|   ap_memory|          W_out_49|         array|
|W_out_49_q0            |   in|    8|   ap_memory|          W_out_49|         array|
|W_out_50_address0      |  out|    5|   ap_memory|          W_out_50|         array|
|W_out_50_ce0           |  out|    1|   ap_memory|          W_out_50|         array|
|W_out_50_q0            |   in|    8|   ap_memory|          W_out_50|         array|
|W_out_51_address0      |  out|    5|   ap_memory|          W_out_51|         array|
|W_out_51_ce0           |  out|    1|   ap_memory|          W_out_51|         array|
|W_out_51_q0            |   in|    8|   ap_memory|          W_out_51|         array|
|W_out_52_address0      |  out|    5|   ap_memory|          W_out_52|         array|
|W_out_52_ce0           |  out|    1|   ap_memory|          W_out_52|         array|
|W_out_52_q0            |   in|    8|   ap_memory|          W_out_52|         array|
|W_out_53_address0      |  out|    5|   ap_memory|          W_out_53|         array|
|W_out_53_ce0           |  out|    1|   ap_memory|          W_out_53|         array|
|W_out_53_q0            |   in|    8|   ap_memory|          W_out_53|         array|
|W_out_54_address0      |  out|    5|   ap_memory|          W_out_54|         array|
|W_out_54_ce0           |  out|    1|   ap_memory|          W_out_54|         array|
|W_out_54_q0            |   in|    8|   ap_memory|          W_out_54|         array|
|W_out_55_address0      |  out|    5|   ap_memory|          W_out_55|         array|
|W_out_55_ce0           |  out|    1|   ap_memory|          W_out_55|         array|
|W_out_55_q0            |   in|    8|   ap_memory|          W_out_55|         array|
|W_out_56_address0      |  out|    5|   ap_memory|          W_out_56|         array|
|W_out_56_ce0           |  out|    1|   ap_memory|          W_out_56|         array|
|W_out_56_q0            |   in|    8|   ap_memory|          W_out_56|         array|
|W_out_57_address0      |  out|    5|   ap_memory|          W_out_57|         array|
|W_out_57_ce0           |  out|    1|   ap_memory|          W_out_57|         array|
|W_out_57_q0            |   in|    8|   ap_memory|          W_out_57|         array|
|W_out_58_address0      |  out|    5|   ap_memory|          W_out_58|         array|
|W_out_58_ce0           |  out|    1|   ap_memory|          W_out_58|         array|
|W_out_58_q0            |   in|    8|   ap_memory|          W_out_58|         array|
|W_out_59_address0      |  out|    5|   ap_memory|          W_out_59|         array|
|W_out_59_ce0           |  out|    1|   ap_memory|          W_out_59|         array|
|W_out_59_q0            |   in|    8|   ap_memory|          W_out_59|         array|
|W_out_60_address0      |  out|    5|   ap_memory|          W_out_60|         array|
|W_out_60_ce0           |  out|    1|   ap_memory|          W_out_60|         array|
|W_out_60_q0            |   in|    8|   ap_memory|          W_out_60|         array|
|W_out_61_address0      |  out|    5|   ap_memory|          W_out_61|         array|
|W_out_61_ce0           |  out|    1|   ap_memory|          W_out_61|         array|
|W_out_61_q0            |   in|    8|   ap_memory|          W_out_61|         array|
|W_out_62_address0      |  out|    5|   ap_memory|          W_out_62|         array|
|W_out_62_ce0           |  out|    1|   ap_memory|          W_out_62|         array|
|W_out_62_q0            |   in|    8|   ap_memory|          W_out_62|         array|
|W_out_63_address0      |  out|    5|   ap_memory|          W_out_63|         array|
|W_out_63_ce0           |  out|    1|   ap_memory|          W_out_63|         array|
|W_out_63_q0            |   in|    8|   ap_memory|          W_out_63|         array|
|out_r_address0         |  out|    3|   ap_memory|             out_r|         array|
|out_r_ce0              |  out|    1|   ap_memory|             out_r|         array|
|out_r_we0              |  out|    1|   ap_memory|             out_r|         array|
|out_r_d0               |  out|    8|   ap_memory|             out_r|         array|
+-----------------------+-----+-----+------------+------------------+--------------+

