

================================================================
== Synthesis Summary Report of 'action_diff_head'
================================================================
+ General Information: 
    * Date:           Tue May 19 22:56:45 2026
    * Version:        2024.1 (Build 5069499 on May 21 2024)
    * Project:        action_diff_hls
    * Solution:       sol1 (Vivado IP Flow Target)
    * Product family: versalaicore
    * Target device:  xcvc1902-vsva2197-2MP-e-S
    

+ Performance & Resource Estimates: 
    
    PS: '+' for module; 'o' for loop; '*' for dataflow
    +--------------------------------------------------------+------+------+---------+-----------+----------+---------+------+----------+---------+-----------+-------------+------------+-----+
    |                         Modules                        | Issue|      | Latency |  Latency  | Iteration|         | Trip |          |         |           |             |            |     |
    |                         & Loops                        | Type | Slack| (cycles)|    (ns)   |  Latency | Interval| Count| Pipelined|  BRAM   |    DSP    |      FF     |     LUT    | URAM|
    +--------------------------------------------------------+------+------+---------+-----------+----------+---------+------+----------+---------+-----------+-------------+------------+-----+
    |+ action_diff_head                                      |     -|  0.06|    14951|  5.980e+04|         -|    14952|     -|        no|  3 (~0%)|  259 (13%)|  10433 (~0%)|  39184 (4%)|    -|
    | + action_diff_head_Pipeline_TIME_LOOP                  |     -|  0.07|      263|  1.052e+03|         -|      263|     -|        no|        -|    64 (3%)|   2303 (~0%)|  6745 (~0%)|    -|
    |  o TIME_LOOP                                           |     -|  2.92|      261|  1.044e+03|         7|        1|   256|       yes|        -|          -|            -|           -|    -|
    |   + sat8                                               |     -|  1.90|        0|      0.000|         -|        1|     -|       yes|        -|          -|            -|    32 (~0%)|    -|
    | + action_diff_head_Pipeline_ACTP_LOOP                  |     -|  0.44|      263|  1.052e+03|         -|      263|     -|        no|        -|    3 (~0%)|    241 (~0%)|   284 (~0%)|    -|
    |  o ACTP_LOOP                                           |     -|  2.92|      261|  1.044e+03|         7|        1|   256|       yes|        -|          -|            -|           -|    -|
    |   + sat8                                               |     -|  1.90|        0|      0.000|         -|        1|     -|       yes|        -|          -|            -|    32 (~0%)|    -|
    | + action_diff_head_Pipeline_QKT_LOOP_VITIS_LOOP_98_3   |     -|  0.20|     1031|  4.124e+03|         -|     1031|     -|        no|        -|    32 (1%)|    460 (~0%)|  3605 (~0%)|    -|
    |  o QKT_LOOP_VITIS_LOOP_98_3                            |     -|  2.92|     1029|  4.116e+03|         7|        1|  1024|       yes|        -|          -|            -|           -|    -|
    | + action_diff_head_Pipeline_MAX_S                      |     -|  0.70|      257|  1.028e+03|         -|      257|     -|        no|        -|          -|     28 (~0%)|   103 (~0%)|    -|
    |  o MAX_S                                               |     -|  2.92|      255|  1.020e+03|         2|        1|   255|       yes|        -|          -|            -|           -|    -|
    | + action_diff_head_Pipeline_SHIFT_S                    |     -|  0.23|      259|  1.036e+03|         -|      259|     -|        no|        -|          -|     90 (~0%)|   179 (~0%)|    -|
    |  o SHIFT_S                                             |     -|  2.92|      257|  1.028e+03|         3|        1|   256|       yes|        -|          -|            -|           -|    -|
    | + action_diff_head_Pipeline_NORM_S                     |     -|  0.15|      276|  1.104e+03|         -|      276|     -|        no|        -|          -|   1895 (~0%)|  1285 (~0%)|    -|
    |  o NORM_S                                              |     -|  2.92|      274|  1.096e+03|        20|        1|   256|       yes|        -|          -|            -|           -|    -|
    | + action_diff_head_Pipeline_ATTN_O_TILE_ATTN_O_N_LOOP  |     -|  0.35|     1029|  4.116e+03|         -|     1029|     -|        no|        -|    64 (3%)|   2103 (~0%)|  8212 (~0%)|    -|
    |  o ATTN_O_TILE_ATTN_O_N_LOOP                           |     -|  2.92|     1027|  4.108e+03|         5|        1|  1024|       yes|        -|          -|            -|           -|    -|
    |   + sat8                                               |     -|  1.90|        0|      0.000|         -|        1|     -|       yes|        -|          -|            -|    32 (~0%)|    -|
    |   + sat8                                               |     -|  1.90|        0|      0.000|         -|        1|     -|       yes|        -|          -|            -|    32 (~0%)|    -|
    |   + sat8                                               |     -|  1.90|        0|      0.000|         -|        1|     -|       yes|        -|          -|            -|    32 (~0%)|    -|
    |   + sat8                                               |     -|  1.90|        0|      0.000|         -|        1|     -|       yes|        -|          -|            -|    32 (~0%)|    -|
    |   + sat8                                               |     -|  1.90|        0|      0.000|         -|        1|     -|       yes|        -|          -|            -|    32 (~0%)|    -|
    |   + sat8                                               |     -|  1.90|        0|      0.000|         -|        1|     -|       yes|        -|          -|            -|    32 (~0%)|    -|
    |   + sat8                                               |     -|  1.90|        0|      0.000|         -|        1|     -|       yes|        -|          -|            -|    32 (~0%)|    -|
    |   + sat8                                               |     -|  1.90|        0|      0.000|         -|        1|     -|       yes|        -|          -|            -|    32 (~0%)|    -|
    |   + sat8                                               |     -|  1.90|        0|      0.000|         -|        1|     -|       yes|        -|          -|            -|    32 (~0%)|    -|
    |   + sat8                                               |     -|  1.90|        0|      0.000|         -|        1|     -|       yes|        -|          -|            -|    32 (~0%)|    -|
    |   + sat8                                               |     -|  1.90|        0|      0.000|         -|        1|     -|       yes|        -|          -|            -|    32 (~0%)|    -|
    |   + sat8                                               |     -|  1.90|        0|      0.000|         -|        1|     -|       yes|        -|          -|            -|    32 (~0%)|    -|
    |   + sat8                                               |     -|  1.90|        0|      0.000|         -|        1|     -|       yes|        -|          -|            -|    32 (~0%)|    -|
    |   + sat8                                               |     -|  1.90|        0|      0.000|         -|        1|     -|       yes|        -|          -|            -|    32 (~0%)|    -|
    |   + sat8                                               |     -|  1.90|        0|      0.000|         -|        1|     -|       yes|        -|          -|            -|    32 (~0%)|    -|
    |   + sat8                                               |     -|  1.90|        0|      0.000|         -|        1|     -|       yes|        -|          -|            -|    32 (~0%)|    -|
    |   + sat8                                               |     -|  1.90|        0|      0.000|         -|        1|     -|       yes|        -|          -|            -|    32 (~0%)|    -|
    |   + sat8                                               |     -|  1.90|        0|      0.000|         -|        1|     -|       yes|        -|          -|            -|    32 (~0%)|    -|
    |   + sat8                                               |     -|  1.90|        0|      0.000|         -|        1|     -|       yes|        -|          -|            -|    32 (~0%)|    -|
    |   + sat8                                               |     -|  1.90|        0|      0.000|         -|        1|     -|       yes|        -|          -|            -|    32 (~0%)|    -|
    |   + sat8                                               |     -|  1.90|        0|      0.000|         -|        1|     -|       yes|        -|          -|            -|    32 (~0%)|    -|
    |   + sat8                                               |     -|  1.90|        0|      0.000|         -|        1|     -|       yes|        -|          -|            -|    32 (~0%)|    -|
    |   + sat8                                               |     -|  1.90|        0|      0.000|         -|        1|     -|       yes|        -|          -|            -|    32 (~0%)|    -|
    |   + sat8                                               |     -|  1.90|        0|      0.000|         -|        1|     -|       yes|        -|          -|            -|    32 (~0%)|    -|
    |   + sat8                                               |     -|  1.90|        0|      0.000|         -|        1|     -|       yes|        -|          -|            -|    32 (~0%)|    -|
    |   + sat8                                               |     -|  1.90|        0|      0.000|         -|        1|     -|       yes|        -|          -|            -|    32 (~0%)|    -|
    |   + sat8                                               |     -|  1.90|        0|      0.000|         -|        1|     -|       yes|        -|          -|            -|    32 (~0%)|    -|
    |   + sat8                                               |     -|  1.90|        0|      0.000|         -|        1|     -|       yes|        -|          -|            -|    32 (~0%)|    -|
    |   + sat8                                               |     -|  1.90|        0|      0.000|         -|        1|     -|       yes|        -|          -|            -|    32 (~0%)|    -|
    |   + sat8                                               |     -|  1.90|        0|      0.000|         -|        1|     -|       yes|        -|          -|            -|    32 (~0%)|    -|
    |   + sat8                                               |     -|  1.90|        0|      0.000|         -|        1|     -|       yes|        -|          -|            -|    32 (~0%)|    -|
    |   + sat8                                               |     -|  1.90|        0|      0.000|         -|        1|     -|       yes|        -|          -|            -|    32 (~0%)|    -|
    |   + sat8                                               |     -|  1.90|        0|      0.000|         -|        1|     -|       yes|        -|          -|            -|    32 (~0%)|    -|
    |   + sat8                                               |     -|  1.90|        0|      0.000|         -|        1|     -|       yes|        -|          -|            -|    32 (~0%)|    -|
    |   + sat8                                               |     -|  1.90|        0|      0.000|         -|        1|     -|       yes|        -|          -|            -|    32 (~0%)|    -|
    |   + sat8                                               |     -|  1.90|        0|      0.000|         -|        1|     -|       yes|        -|          -|            -|    32 (~0%)|    -|
    |   + sat8                                               |     -|  1.90|        0|      0.000|         -|        1|     -|       yes|        -|          -|            -|    32 (~0%)|    -|
    |   + sat8                                               |     -|  1.90|        0|      0.000|         -|        1|     -|       yes|        -|          -|            -|    32 (~0%)|    -|
    |   + sat8                                               |     -|  1.90|        0|      0.000|         -|        1|     -|       yes|        -|          -|            -|    32 (~0%)|    -|
    |   + sat8                                               |     -|  1.90|        0|      0.000|         -|        1|     -|       yes|        -|          -|            -|    32 (~0%)|    -|
    |   + sat8                                               |     -|  1.90|        0|      0.000|         -|        1|     -|       yes|        -|          -|            -|    32 (~0%)|    -|
    |   + sat8                                               |     -|  1.90|        0|      0.000|         -|        1|     -|       yes|        -|          -|            -|    32 (~0%)|    -|
    |   + sat8                                               |     -|  1.90|        0|      0.000|         -|        1|     -|       yes|        -|          -|            -|    32 (~0%)|    -|
    |   + sat8                                               |     -|  1.90|        0|      0.000|         -|        1|     -|       yes|        -|          -|            -|    32 (~0%)|    -|
    |   + sat8                                               |     -|  1.90|        0|      0.000|         -|        1|     -|       yes|        -|          -|            -|    32 (~0%)|    -|
    |   + sat8                                               |     -|  1.90|        0|      0.000|         -|        1|     -|       yes|        -|          -|            -|    32 (~0%)|    -|
    |   + sat8                                               |     -|  1.90|        0|      0.000|         -|        1|     -|       yes|        -|          -|            -|    32 (~0%)|    -|
    |   + sat8                                               |     -|  1.90|        0|      0.000|         -|        1|     -|       yes|        -|          -|            -|    32 (~0%)|    -|
    |   + sat8                                               |     -|  1.90|        0|      0.000|         -|        1|     -|       yes|        -|          -|            -|    32 (~0%)|    -|
    |   + sat8                                               |     -|  1.90|        0|      0.000|         -|        1|     -|       yes|        -|          -|            -|    32 (~0%)|    -|
    |   + sat8                                               |     -|  1.90|        0|      0.000|         -|        1|     -|       yes|        -|          -|            -|    32 (~0%)|    -|
    |   + sat8                                               |     -|  1.90|        0|      0.000|         -|        1|     -|       yes|        -|          -|            -|    32 (~0%)|    -|
    |   + sat8                                               |     -|  1.90|        0|      0.000|         -|        1|     -|       yes|        -|          -|            -|    32 (~0%)|    -|
    |   + sat8                                               |     -|  1.90|        0|      0.000|         -|        1|     -|       yes|        -|          -|            -|    32 (~0%)|    -|
    |   + sat8                                               |     -|  1.90|        0|      0.000|         -|        1|     -|       yes|        -|          -|            -|    32 (~0%)|    -|
    |   + sat8                                               |     -|  1.90|        0|      0.000|         -|        1|     -|       yes|        -|          -|            -|    32 (~0%)|    -|
    |   + sat8                                               |     -|  1.90|        0|      0.000|         -|        1|     -|       yes|        -|          -|            -|    32 (~0%)|    -|
    |   + sat8                                               |     -|  1.90|        0|      0.000|         -|        1|     -|       yes|        -|          -|            -|    32 (~0%)|    -|
    |   + sat8                                               |     -|  1.90|        0|      0.000|         -|        1|     -|       yes|        -|          -|            -|    32 (~0%)|    -|
    |   + sat8                                               |     -|  1.90|        0|      0.000|         -|        1|     -|       yes|        -|          -|            -|    32 (~0%)|    -|
    |   + sat8                                               |     -|  1.90|        0|      0.000|         -|        1|     -|       yes|        -|          -|            -|    32 (~0%)|    -|
    |   + sat8                                               |     -|  1.90|        0|      0.000|         -|        1|     -|       yes|        -|          -|            -|    32 (~0%)|    -|
    |   + sat8                                               |     -|  1.90|        0|      0.000|         -|        1|     -|       yes|        -|          -|            -|    32 (~0%)|    -|
    |   + sat8                                               |     -|  1.90|        0|      0.000|         -|        1|     -|       yes|        -|          -|            -|    32 (~0%)|    -|
    | + action_diff_head_Pipeline_OUT_LOOP_VITIS_LOOP_219_9  |     -|  0.07|       35|    140.000|         -|       35|     -|        no|        -|    32 (1%)|    179 (~0%)|  3537 (~0%)|    -|
    |  o OUT_LOOP_VITIS_LOOP_219_9                           |     -|  2.92|       33|    132.000|         7|        1|    28|       yes|        -|          -|            -|           -|    -|
    |   + sat8                                               |     -|  1.90|        0|      0.000|         -|        1|     -|       yes|        -|          -|            -|    32 (~0%)|    -|
    | o FFN1_LOOP                                            |     -|  2.92|     7168|  2.867e+04|        14|        -|   512|        no|        -|          -|            -|           -|    -|
    |  + action_diff_head_Pipeline_VITIS_LOOP_180_5          |     -|  0.07|       10|     40.000|         -|       10|     -|        no|        -|    32 (1%)|    398 (~0%)|  3421 (~0%)|    -|
    |   o VITIS_LOOP_180_5                                   |     -|  2.92|        8|     32.000|         6|        1|     4|       yes|        -|          -|            -|           -|    -|
    |  + sat8                                                |     -|  1.90|        0|      0.000|         -|        1|     -|       yes|        -|          -|            -|    32 (~0%)|    -|
    | o FFN2_LOOP                                            |     -|  2.92|     4352|  1.741e+04|        17|        -|   256|        no|        -|          -|            -|           -|    -|
    |  + action_diff_head_Pipeline_VITIS_LOOP_200_7          |     -|  0.06|       14|     56.000|         -|       14|     -|        no|        -|    32 (1%)|    402 (~0%)|  3423 (~0%)|    -|
    |   o VITIS_LOOP_200_7                                   |     -|  2.92|       12|     48.000|         6|        1|     8|       yes|        -|          -|            -|           -|    -|
    +--------------------------------------------------------+------+------+---------+-----------+----------+---------+------+----------+---------+-----------+-------------+------------+-----+


================================================================
== HW Interfaces
================================================================
* AP_MEMORY
+-----------------------+-----------+----------+
| Port                  | Direction | Bitwidth |
+-----------------------+-----------+----------+
| W_act_proj_0_address0 | out       | 8        |
| W_act_proj_0_q0       | in        | 8        |
| W_act_proj_1_address0 | out       | 8        |
| W_act_proj_1_q0       | in        | 8        |
| W_act_proj_2_address0 | out       | 8        |
| W_act_proj_2_q0       | in        | 8        |
| W_act_proj_3_address0 | out       | 8        |
| W_act_proj_3_q0       | in        | 8        |
| W_act_proj_4_address0 | out       | 8        |
| W_act_proj_4_q0       | in        | 8        |
| W_act_proj_5_address0 | out       | 8        |
| W_act_proj_5_q0       | in        | 8        |
| W_act_proj_6_address0 | out       | 8        |
| W_act_proj_6_q0       | in        | 8        |
| W_ffn1_0_address0     | out       | 11       |
| W_ffn1_0_q0           | in        | 8        |
| W_ffn1_10_address0    | out       | 11       |
| W_ffn1_10_q0          | in        | 8        |
| W_ffn1_11_address0    | out       | 11       |
| W_ffn1_11_q0          | in        | 8        |
| W_ffn1_12_address0    | out       | 11       |
| W_ffn1_12_q0          | in        | 8        |
| W_ffn1_13_address0    | out       | 11       |
| W_ffn1_13_q0          | in        | 8        |
| W_ffn1_14_address0    | out       | 11       |
| W_ffn1_14_q0          | in        | 8        |
| W_ffn1_15_address0    | out       | 11       |
| W_ffn1_15_q0          | in        | 8        |
| W_ffn1_16_address0    | out       | 11       |
| W_ffn1_16_q0          | in        | 8        |
| W_ffn1_17_address0    | out       | 11       |
| W_ffn1_17_q0          | in        | 8        |
| W_ffn1_18_address0    | out       | 11       |
| W_ffn1_18_q0          | in        | 8        |
| W_ffn1_19_address0    | out       | 11       |
| W_ffn1_19_q0          | in        | 8        |
| W_ffn1_1_address0     | out       | 11       |
| W_ffn1_1_q0           | in        | 8        |
| W_ffn1_20_address0    | out       | 11       |
| W_ffn1_20_q0          | in        | 8        |
| W_ffn1_21_address0    | out       | 11       |
| W_ffn1_21_q0          | in        | 8        |
| W_ffn1_22_address0    | out       | 11       |
| W_ffn1_22_q0          | in        | 8        |
| W_ffn1_23_address0    | out       | 11       |
| W_ffn1_23_q0          | in        | 8        |
| W_ffn1_24_address0    | out       | 11       |
| W_ffn1_24_q0          | in        | 8        |
| W_ffn1_25_address0    | out       | 11       |
| W_ffn1_25_q0          | in        | 8        |
| W_ffn1_26_address0    | out       | 11       |
| W_ffn1_26_q0          | in        | 8        |
| W_ffn1_27_address0    | out       | 11       |
| W_ffn1_27_q0          | in        | 8        |
| W_ffn1_28_address0    | out       | 11       |
| W_ffn1_28_q0          | in        | 8        |
| W_ffn1_29_address0    | out       | 11       |
| W_ffn1_29_q0          | in        | 8        |
| W_ffn1_2_address0     | out       | 11       |
| W_ffn1_2_q0           | in        | 8        |
| W_ffn1_30_address0    | out       | 11       |
| W_ffn1_30_q0          | in        | 8        |
| W_ffn1_31_address0    | out       | 11       |
| W_ffn1_31_q0          | in        | 8        |
| W_ffn1_32_address0    | out       | 11       |
| W_ffn1_32_q0          | in        | 8        |
| W_ffn1_33_address0    | out       | 11       |
| W_ffn1_33_q0          | in        | 8        |
| W_ffn1_34_address0    | out       | 11       |
| W_ffn1_34_q0          | in        | 8        |
| W_ffn1_35_address0    | out       | 11       |
| W_ffn1_35_q0          | in        | 8        |
| W_ffn1_36_address0    | out       | 11       |
| W_ffn1_36_q0          | in        | 8        |
| W_ffn1_37_address0    | out       | 11       |
| W_ffn1_37_q0          | in        | 8        |
| W_ffn1_38_address0    | out       | 11       |
| W_ffn1_38_q0          | in        | 8        |
| W_ffn1_39_address0    | out       | 11       |
| W_ffn1_39_q0          | in        | 8        |
| W_ffn1_3_address0     | out       | 11       |
| W_ffn1_3_q0           | in        | 8        |
| W_ffn1_40_address0    | out       | 11       |
| W_ffn1_40_q0          | in        | 8        |
| W_ffn1_41_address0    | out       | 11       |
| W_ffn1_41_q0          | in        | 8        |
| W_ffn1_42_address0    | out       | 11       |
| W_ffn1_42_q0          | in        | 8        |
| W_ffn1_43_address0    | out       | 11       |
| W_ffn1_43_q0          | in        | 8        |
| W_ffn1_44_address0    | out       | 11       |
| W_ffn1_44_q0          | in        | 8        |
| W_ffn1_45_address0    | out       | 11       |
| W_ffn1_45_q0          | in        | 8        |
| W_ffn1_46_address0    | out       | 11       |
| W_ffn1_46_q0          | in        | 8        |
| W_ffn1_47_address0    | out       | 11       |
| W_ffn1_47_q0          | in        | 8        |
| W_ffn1_48_address0    | out       | 11       |
| W_ffn1_48_q0          | in        | 8        |
| W_ffn1_49_address0    | out       | 11       |
| W_ffn1_49_q0          | in        | 8        |
| W_ffn1_4_address0     | out       | 11       |
| W_ffn1_4_q0           | in        | 8        |
| W_ffn1_50_address0    | out       | 11       |
| W_ffn1_50_q0          | in        | 8        |
| W_ffn1_51_address0    | out       | 11       |
| W_ffn1_51_q0          | in        | 8        |
| W_ffn1_52_address0    | out       | 11       |
| W_ffn1_52_q0          | in        | 8        |
| W_ffn1_53_address0    | out       | 11       |
| W_ffn1_53_q0          | in        | 8        |
| W_ffn1_54_address0    | out       | 11       |
| W_ffn1_54_q0          | in        | 8        |
| W_ffn1_55_address0    | out       | 11       |
| W_ffn1_55_q0          | in        | 8        |
| W_ffn1_56_address0    | out       | 11       |
| W_ffn1_56_q0          | in        | 8        |
| W_ffn1_57_address0    | out       | 11       |
| W_ffn1_57_q0          | in        | 8        |
| W_ffn1_58_address0    | out       | 11       |
| W_ffn1_58_q0          | in        | 8        |
| W_ffn1_59_address0    | out       | 11       |
| W_ffn1_59_q0          | in        | 8        |
| W_ffn1_5_address0     | out       | 11       |
| W_ffn1_5_q0           | in        | 8        |
| W_ffn1_60_address0    | out       | 11       |
| W_ffn1_60_q0          | in        | 8        |
| W_ffn1_61_address0    | out       | 11       |
| W_ffn1_61_q0          | in        | 8        |
| W_ffn1_62_address0    | out       | 11       |
| W_ffn1_62_q0          | in        | 8        |
| W_ffn1_63_address0    | out       | 11       |
| W_ffn1_63_q0          | in        | 8        |
| W_ffn1_6_address0     | out       | 11       |
| W_ffn1_6_q0           | in        | 8        |
| W_ffn1_7_address0     | out       | 11       |
| W_ffn1_7_q0           | in        | 8        |
| W_ffn1_8_address0     | out       | 11       |
| W_ffn1_8_q0           | in        | 8        |
| W_ffn1_9_address0     | out       | 11       |
| W_ffn1_9_q0           | in        | 8        |
| W_ffn2_0_address0     | out       | 11       |
| W_ffn2_0_q0           | in        | 8        |
| W_ffn2_10_address0    | out       | 11       |
| W_ffn2_10_q0          | in        | 8        |
| W_ffn2_11_address0    | out       | 11       |
| W_ffn2_11_q0          | in        | 8        |
| W_ffn2_12_address0    | out       | 11       |
| W_ffn2_12_q0          | in        | 8        |
| W_ffn2_13_address0    | out       | 11       |
| W_ffn2_13_q0          | in        | 8        |
| W_ffn2_14_address0    | out       | 11       |
| W_ffn2_14_q0          | in        | 8        |
| W_ffn2_15_address0    | out       | 11       |
| W_ffn2_15_q0          | in        | 8        |
| W_ffn2_16_address0    | out       | 11       |
| W_ffn2_16_q0          | in        | 8        |
| W_ffn2_17_address0    | out       | 11       |
| W_ffn2_17_q0          | in        | 8        |
| W_ffn2_18_address0    | out       | 11       |
| W_ffn2_18_q0          | in        | 8        |
| W_ffn2_19_address0    | out       | 11       |
| W_ffn2_19_q0          | in        | 8        |
| W_ffn2_1_address0     | out       | 11       |
| W_ffn2_1_q0           | in        | 8        |
| W_ffn2_20_address0    | out       | 11       |
| W_ffn2_20_q0          | in        | 8        |
| W_ffn2_21_address0    | out       | 11       |
| W_ffn2_21_q0          | in        | 8        |
| W_ffn2_22_address0    | out       | 11       |
| W_ffn2_22_q0          | in        | 8        |
| W_ffn2_23_address0    | out       | 11       |
| W_ffn2_23_q0          | in        | 8        |
| W_ffn2_24_address0    | out       | 11       |
| W_ffn2_24_q0          | in        | 8        |
| W_ffn2_25_address0    | out       | 11       |
| W_ffn2_25_q0          | in        | 8        |
| W_ffn2_26_address0    | out       | 11       |
| W_ffn2_26_q0          | in        | 8        |
| W_ffn2_27_address0    | out       | 11       |
| W_ffn2_27_q0          | in        | 8        |
| W_ffn2_28_address0    | out       | 11       |
| W_ffn2_28_q0          | in        | 8        |
| W_ffn2_29_address0    | out       | 11       |
| W_ffn2_29_q0          | in        | 8        |
| W_ffn2_2_address0     | out       | 11       |
| W_ffn2_2_q0           | in        | 8        |
| W_ffn2_30_address0    | out       | 11       |
| W_ffn2_30_q0          | in        | 8        |
| W_ffn2_31_address0    | out       | 11       |
| W_ffn2_31_q0          | in        | 8        |
| W_ffn2_32_address0    | out       | 11       |
| W_ffn2_32_q0          | in        | 8        |
| W_ffn2_33_address0    | out       | 11       |
| W_ffn2_33_q0          | in        | 8        |
| W_ffn2_34_address0    | out       | 11       |
| W_ffn2_34_q0          | in        | 8        |
| W_ffn2_35_address0    | out       | 11       |
| W_ffn2_35_q0          | in        | 8        |
| W_ffn2_36_address0    | out       | 11       |
| W_ffn2_36_q0          | in        | 8        |
| W_ffn2_37_address0    | out       | 11       |
| W_ffn2_37_q0          | in        | 8        |
| W_ffn2_38_address0    | out       | 11       |
| W_ffn2_38_q0          | in        | 8        |
| W_ffn2_39_address0    | out       | 11       |
| W_ffn2_39_q0          | in        | 8        |
| W_ffn2_3_address0     | out       | 11       |
| W_ffn2_3_q0           | in        | 8        |
| W_ffn2_40_address0    | out       | 11       |
| W_ffn2_40_q0          | in        | 8        |
| W_ffn2_41_address0    | out       | 11       |
| W_ffn2_41_q0          | in        | 8        |
| W_ffn2_42_address0    | out       | 11       |
| W_ffn2_42_q0          | in        | 8        |
| W_ffn2_43_address0    | out       | 11       |
| W_ffn2_43_q0          | in        | 8        |
| W_ffn2_44_address0    | out       | 11       |
| W_ffn2_44_q0          | in        | 8        |
| W_ffn2_45_address0    | out       | 11       |
| W_ffn2_45_q0          | in        | 8        |
| W_ffn2_46_address0    | out       | 11       |
| W_ffn2_46_q0          | in        | 8        |
| W_ffn2_47_address0    | out       | 11       |
| W_ffn2_47_q0          | in        | 8        |
| W_ffn2_48_address0    | out       | 11       |
| W_ffn2_48_q0          | in        | 8        |
| W_ffn2_49_address0    | out       | 11       |
| W_ffn2_49_q0          | in        | 8        |
| W_ffn2_4_address0     | out       | 11       |
| W_ffn2_4_q0           | in        | 8        |
| W_ffn2_50_address0    | out       | 11       |
| W_ffn2_50_q0          | in        | 8        |
| W_ffn2_51_address0    | out       | 11       |
| W_ffn2_51_q0          | in        | 8        |
| W_ffn2_52_address0    | out       | 11       |
| W_ffn2_52_q0          | in        | 8        |
| W_ffn2_53_address0    | out       | 11       |
| W_ffn2_53_q0          | in        | 8        |
| W_ffn2_54_address0    | out       | 11       |
| W_ffn2_54_q0          | in        | 8        |
| W_ffn2_55_address0    | out       | 11       |
| W_ffn2_55_q0          | in        | 8        |
| W_ffn2_56_address0    | out       | 11       |
| W_ffn2_56_q0          | in        | 8        |
| W_ffn2_57_address0    | out       | 11       |
| W_ffn2_57_q0          | in        | 8        |
| W_ffn2_58_address0    | out       | 11       |
| W_ffn2_58_q0          | in        | 8        |
| W_ffn2_59_address0    | out       | 11       |
| W_ffn2_59_q0          | in        | 8        |
| W_ffn2_5_address0     | out       | 11       |
| W_ffn2_5_q0           | in        | 8        |
| W_ffn2_60_address0    | out       | 11       |
| W_ffn2_60_q0          | in        | 8        |
| W_ffn2_61_address0    | out       | 11       |
| W_ffn2_61_q0          | in        | 8        |
| W_ffn2_62_address0    | out       | 11       |
| W_ffn2_62_q0          | in        | 8        |
| W_ffn2_63_address0    | out       | 11       |
| W_ffn2_63_q0          | in        | 8        |
| W_ffn2_6_address0     | out       | 11       |
| W_ffn2_6_q0           | in        | 8        |
| W_ffn2_7_address0     | out       | 11       |
| W_ffn2_7_q0           | in        | 8        |
| W_ffn2_8_address0     | out       | 11       |
| W_ffn2_8_q0           | in        | 8        |
| W_ffn2_9_address0     | out       | 11       |
| W_ffn2_9_q0           | in        | 8        |
| W_out_0_address0      | out       | 5        |
| W_out_0_q0            | in        | 8        |
| W_out_10_address0     | out       | 5        |
| W_out_10_q0           | in        | 8        |
| W_out_11_address0     | out       | 5        |
| W_out_11_q0           | in        | 8        |
| W_out_12_address0     | out       | 5        |
| W_out_12_q0           | in        | 8        |
| W_out_13_address0     | out       | 5        |
| W_out_13_q0           | in        | 8        |
| W_out_14_address0     | out       | 5        |
| W_out_14_q0           | in        | 8        |
| W_out_15_address0     | out       | 5        |
| W_out_15_q0           | in        | 8        |
| W_out_16_address0     | out       | 5        |
| W_out_16_q0           | in        | 8        |
| W_out_17_address0     | out       | 5        |
| W_out_17_q0           | in        | 8        |
| W_out_18_address0     | out       | 5        |
| W_out_18_q0           | in        | 8        |
| W_out_19_address0     | out       | 5        |
| W_out_19_q0           | in        | 8        |
| W_out_1_address0      | out       | 5        |
| W_out_1_q0            | in        | 8        |
| W_out_20_address0     | out       | 5        |
| W_out_20_q0           | in        | 8        |
| W_out_21_address0     | out       | 5        |
| W_out_21_q0           | in        | 8        |
| W_out_22_address0     | out       | 5        |
| W_out_22_q0           | in        | 8        |
| W_out_23_address0     | out       | 5        |
| W_out_23_q0           | in        | 8        |
| W_out_24_address0     | out       | 5        |
| W_out_24_q0           | in        | 8        |
| W_out_25_address0     | out       | 5        |
| W_out_25_q0           | in        | 8        |
| W_out_26_address0     | out       | 5        |
| W_out_26_q0           | in        | 8        |
| W_out_27_address0     | out       | 5        |
| W_out_27_q0           | in        | 8        |
| W_out_28_address0     | out       | 5        |
| W_out_28_q0           | in        | 8        |
| W_out_29_address0     | out       | 5        |
| W_out_29_q0           | in        | 8        |
| W_out_2_address0      | out       | 5        |
| W_out_2_q0            | in        | 8        |
| W_out_30_address0     | out       | 5        |
| W_out_30_q0           | in        | 8        |
| W_out_31_address0     | out       | 5        |
| W_out_31_q0           | in        | 8        |
| W_out_32_address0     | out       | 5        |
| W_out_32_q0           | in        | 8        |
| W_out_33_address0     | out       | 5        |
| W_out_33_q0           | in        | 8        |
| W_out_34_address0     | out       | 5        |
| W_out_34_q0           | in        | 8        |
| W_out_35_address0     | out       | 5        |
| W_out_35_q0           | in        | 8        |
| W_out_36_address0     | out       | 5        |
| W_out_36_q0           | in        | 8        |
| W_out_37_address0     | out       | 5        |
| W_out_37_q0           | in        | 8        |
| W_out_38_address0     | out       | 5        |
| W_out_38_q0           | in        | 8        |
| W_out_39_address0     | out       | 5        |
| W_out_39_q0           | in        | 8        |
| W_out_3_address0      | out       | 5        |
| W_out_3_q0            | in        | 8        |
| W_out_40_address0     | out       | 5        |
| W_out_40_q0           | in        | 8        |
| W_out_41_address0     | out       | 5        |
| W_out_41_q0           | in        | 8        |
| W_out_42_address0     | out       | 5        |
| W_out_42_q0           | in        | 8        |
| W_out_43_address0     | out       | 5        |
| W_out_43_q0           | in        | 8        |
| W_out_44_address0     | out       | 5        |
| W_out_44_q0           | in        | 8        |
| W_out_45_address0     | out       | 5        |
| W_out_45_q0           | in        | 8        |
| W_out_46_address0     | out       | 5        |
| W_out_46_q0           | in        | 8        |
| W_out_47_address0     | out       | 5        |
| W_out_47_q0           | in        | 8        |
| W_out_48_address0     | out       | 5        |
| W_out_48_q0           | in        | 8        |
| W_out_49_address0     | out       | 5        |
| W_out_49_q0           | in        | 8        |
| W_out_4_address0      | out       | 5        |
| W_out_4_q0            | in        | 8        |
| W_out_50_address0     | out       | 5        |
| W_out_50_q0           | in        | 8        |
| W_out_51_address0     | out       | 5        |
| W_out_51_q0           | in        | 8        |
| W_out_52_address0     | out       | 5        |
| W_out_52_q0           | in        | 8        |
| W_out_53_address0     | out       | 5        |
| W_out_53_q0           | in        | 8        |
| W_out_54_address0     | out       | 5        |
| W_out_54_q0           | in        | 8        |
| W_out_55_address0     | out       | 5        |
| W_out_55_q0           | in        | 8        |
| W_out_56_address0     | out       | 5        |
| W_out_56_q0           | in        | 8        |
| W_out_57_address0     | out       | 5        |
| W_out_57_q0           | in        | 8        |
| W_out_58_address0     | out       | 5        |
| W_out_58_q0           | in        | 8        |
| W_out_59_address0     | out       | 5        |
| W_out_59_q0           | in        | 8        |
| W_out_5_address0      | out       | 5        |
| W_out_5_q0            | in        | 8        |
| W_out_60_address0     | out       | 5        |
| W_out_60_q0           | in        | 8        |
| W_out_61_address0     | out       | 5        |
| W_out_61_q0           | in        | 8        |
| W_out_62_address0     | out       | 5        |
| W_out_62_q0           | in        | 8        |
| W_out_63_address0     | out       | 5        |
| W_out_63_q0           | in        | 8        |
| W_out_6_address0      | out       | 5        |
| W_out_6_q0            | in        | 8        |
| W_out_7_address0      | out       | 5        |
| W_out_7_q0            | in        | 8        |
| W_out_8_address0      | out       | 5        |
| W_out_8_q0            | in        | 8        |
| W_out_9_address0      | out       | 5        |
| W_out_9_q0            | in        | 8        |
| W_time_0_address0     | out       | 8        |
| W_time_0_q0           | in        | 8        |
| W_time_100_address0   | out       | 8        |
| W_time_100_q0         | in        | 8        |
| W_time_101_address0   | out       | 8        |
| W_time_101_q0         | in        | 8        |
| W_time_102_address0   | out       | 8        |
| W_time_102_q0         | in        | 8        |
| W_time_103_address0   | out       | 8        |
| W_time_103_q0         | in        | 8        |
| W_time_104_address0   | out       | 8        |
| W_time_104_q0         | in        | 8        |
| W_time_105_address0   | out       | 8        |
| W_time_105_q0         | in        | 8        |
| W_time_106_address0   | out       | 8        |
| W_time_106_q0         | in        | 8        |
| W_time_107_address0   | out       | 8        |
| W_time_107_q0         | in        | 8        |
| W_time_108_address0   | out       | 8        |
| W_time_108_q0         | in        | 8        |
| W_time_109_address0   | out       | 8        |
| W_time_109_q0         | in        | 8        |
| W_time_10_address0    | out       | 8        |
| W_time_10_q0          | in        | 8        |
| W_time_110_address0   | out       | 8        |
| W_time_110_q0         | in        | 8        |
| W_time_111_address0   | out       | 8        |
| W_time_111_q0         | in        | 8        |
| W_time_112_address0   | out       | 8        |
| W_time_112_q0         | in        | 8        |
| W_time_113_address0   | out       | 8        |
| W_time_113_q0         | in        | 8        |
| W_time_114_address0   | out       | 8        |
| W_time_114_q0         | in        | 8        |
| W_time_115_address0   | out       | 8        |
| W_time_115_q0         | in        | 8        |
| W_time_116_address0   | out       | 8        |
| W_time_116_q0         | in        | 8        |
| W_time_117_address0   | out       | 8        |
| W_time_117_q0         | in        | 8        |
| W_time_118_address0   | out       | 8        |
| W_time_118_q0         | in        | 8        |
| W_time_119_address0   | out       | 8        |
| W_time_119_q0         | in        | 8        |
| W_time_11_address0    | out       | 8        |
| W_time_11_q0          | in        | 8        |
| W_time_120_address0   | out       | 8        |
| W_time_120_q0         | in        | 8        |
| W_time_121_address0   | out       | 8        |
| W_time_121_q0         | in        | 8        |
| W_time_122_address0   | out       | 8        |
| W_time_122_q0         | in        | 8        |
| W_time_123_address0   | out       | 8        |
| W_time_123_q0         | in        | 8        |
| W_time_124_address0   | out       | 8        |
| W_time_124_q0         | in        | 8        |
| W_time_125_address0   | out       | 8        |
| W_time_125_q0         | in        | 8        |
| W_time_126_address0   | out       | 8        |
| W_time_126_q0         | in        | 8        |
| W_time_127_address0   | out       | 8        |
| W_time_127_q0         | in        | 8        |
| W_time_12_address0    | out       | 8        |
| W_time_12_q0          | in        | 8        |
| W_time_13_address0    | out       | 8        |
| W_time_13_q0          | in        | 8        |
| W_time_14_address0    | out       | 8        |
| W_time_14_q0          | in        | 8        |
| W_time_15_address0    | out       | 8        |
| W_time_15_q0          | in        | 8        |
| W_time_16_address0    | out       | 8        |
| W_time_16_q0          | in        | 8        |
| W_time_17_address0    | out       | 8        |
| W_time_17_q0          | in        | 8        |
| W_time_18_address0    | out       | 8        |
| W_time_18_q0          | in        | 8        |
| W_time_19_address0    | out       | 8        |
| W_time_19_q0          | in        | 8        |
| W_time_1_address0     | out       | 8        |
| W_time_1_q0           | in        | 8        |
| W_time_20_address0    | out       | 8        |
| W_time_20_q0          | in        | 8        |
| W_time_21_address0    | out       | 8        |
| W_time_21_q0          | in        | 8        |
| W_time_22_address0    | out       | 8        |
| W_time_22_q0          | in        | 8        |
| W_time_23_address0    | out       | 8        |
| W_time_23_q0          | in        | 8        |
| W_time_24_address0    | out       | 8        |
| W_time_24_q0          | in        | 8        |
| W_time_25_address0    | out       | 8        |
| W_time_25_q0          | in        | 8        |
| W_time_26_address0    | out       | 8        |
| W_time_26_q0          | in        | 8        |
| W_time_27_address0    | out       | 8        |
| W_time_27_q0          | in        | 8        |
| W_time_28_address0    | out       | 8        |
| W_time_28_q0          | in        | 8        |
| W_time_29_address0    | out       | 8        |
| W_time_29_q0          | in        | 8        |
| W_time_2_address0     | out       | 8        |
| W_time_2_q0           | in        | 8        |
| W_time_30_address0    | out       | 8        |
| W_time_30_q0          | in        | 8        |
| W_time_31_address0    | out       | 8        |
| W_time_31_q0          | in        | 8        |
| W_time_32_address0    | out       | 8        |
| W_time_32_q0          | in        | 8        |
| W_time_33_address0    | out       | 8        |
| W_time_33_q0          | in        | 8        |
| W_time_34_address0    | out       | 8        |
| W_time_34_q0          | in        | 8        |
| W_time_35_address0    | out       | 8        |
| W_time_35_q0          | in        | 8        |
| W_time_36_address0    | out       | 8        |
| W_time_36_q0          | in        | 8        |
| W_time_37_address0    | out       | 8        |
| W_time_37_q0          | in        | 8        |
| W_time_38_address0    | out       | 8        |
| W_time_38_q0          | in        | 8        |
| W_time_39_address0    | out       | 8        |
| W_time_39_q0          | in        | 8        |
| W_time_3_address0     | out       | 8        |
| W_time_3_q0           | in        | 8        |
| W_time_40_address0    | out       | 8        |
| W_time_40_q0          | in        | 8        |
| W_time_41_address0    | out       | 8        |
| W_time_41_q0          | in        | 8        |
| W_time_42_address0    | out       | 8        |
| W_time_42_q0          | in        | 8        |
| W_time_43_address0    | out       | 8        |
| W_time_43_q0          | in        | 8        |
| W_time_44_address0    | out       | 8        |
| W_time_44_q0          | in        | 8        |
| W_time_45_address0    | out       | 8        |
| W_time_45_q0          | in        | 8        |
| W_time_46_address0    | out       | 8        |
| W_time_46_q0          | in        | 8        |
| W_time_47_address0    | out       | 8        |
| W_time_47_q0          | in        | 8        |
| W_time_48_address0    | out       | 8        |
| W_time_48_q0          | in        | 8        |
| W_time_49_address0    | out       | 8        |
| W_time_49_q0          | in        | 8        |
| W_time_4_address0     | out       | 8        |
| W_time_4_q0           | in        | 8        |
| W_time_50_address0    | out       | 8        |
| W_time_50_q0          | in        | 8        |
| W_time_51_address0    | out       | 8        |
| W_time_51_q0          | in        | 8        |
| W_time_52_address0    | out       | 8        |
| W_time_52_q0          | in        | 8        |
| W_time_53_address0    | out       | 8        |
| W_time_53_q0          | in        | 8        |
| W_time_54_address0    | out       | 8        |
| W_time_54_q0          | in        | 8        |
| W_time_55_address0    | out       | 8        |
| W_time_55_q0          | in        | 8        |
| W_time_56_address0    | out       | 8        |
| W_time_56_q0          | in        | 8        |
| W_time_57_address0    | out       | 8        |
| W_time_57_q0          | in        | 8        |
| W_time_58_address0    | out       | 8        |
| W_time_58_q0          | in        | 8        |
| W_time_59_address0    | out       | 8        |
| W_time_59_q0          | in        | 8        |
| W_time_5_address0     | out       | 8        |
| W_time_5_q0           | in        | 8        |
| W_time_60_address0    | out       | 8        |
| W_time_60_q0          | in        | 8        |
| W_time_61_address0    | out       | 8        |
| W_time_61_q0          | in        | 8        |
| W_time_62_address0    | out       | 8        |
| W_time_62_q0          | in        | 8        |
| W_time_63_address0    | out       | 8        |
| W_time_63_q0          | in        | 8        |
| W_time_64_address0    | out       | 8        |
| W_time_64_q0          | in        | 8        |
| W_time_65_address0    | out       | 8        |
| W_time_65_q0          | in        | 8        |
| W_time_66_address0    | out       | 8        |
| W_time_66_q0          | in        | 8        |
| W_time_67_address0    | out       | 8        |
| W_time_67_q0          | in        | 8        |
| W_time_68_address0    | out       | 8        |
| W_time_68_q0          | in        | 8        |
| W_time_69_address0    | out       | 8        |
| W_time_69_q0          | in        | 8        |
| W_time_6_address0     | out       | 8        |
| W_time_6_q0           | in        | 8        |
| W_time_70_address0    | out       | 8        |
| W_time_70_q0          | in        | 8        |
| W_time_71_address0    | out       | 8        |
| W_time_71_q0          | in        | 8        |
| W_time_72_address0    | out       | 8        |
| W_time_72_q0          | in        | 8        |
| W_time_73_address0    | out       | 8        |
| W_time_73_q0          | in        | 8        |
| W_time_74_address0    | out       | 8        |
| W_time_74_q0          | in        | 8        |
| W_time_75_address0    | out       | 8        |
| W_time_75_q0          | in        | 8        |
| W_time_76_address0    | out       | 8        |
| W_time_76_q0          | in        | 8        |
| W_time_77_address0    | out       | 8        |
| W_time_77_q0          | in        | 8        |
| W_time_78_address0    | out       | 8        |
| W_time_78_q0          | in        | 8        |
| W_time_79_address0    | out       | 8        |
| W_time_79_q0          | in        | 8        |
| W_time_7_address0     | out       | 8        |
| W_time_7_q0           | in        | 8        |
| W_time_80_address0    | out       | 8        |
| W_time_80_q0          | in        | 8        |
| W_time_81_address0    | out       | 8        |
| W_time_81_q0          | in        | 8        |
| W_time_82_address0    | out       | 8        |
| W_time_82_q0          | in        | 8        |
| W_time_83_address0    | out       | 8        |
| W_time_83_q0          | in        | 8        |
| W_time_84_address0    | out       | 8        |
| W_time_84_q0          | in        | 8        |
| W_time_85_address0    | out       | 8        |
| W_time_85_q0          | in        | 8        |
| W_time_86_address0    | out       | 8        |
| W_time_86_q0          | in        | 8        |
| W_time_87_address0    | out       | 8        |
| W_time_87_q0          | in        | 8        |
| W_time_88_address0    | out       | 8        |
| W_time_88_q0          | in        | 8        |
| W_time_89_address0    | out       | 8        |
| W_time_89_q0          | in        | 8        |
| W_time_8_address0     | out       | 8        |
| W_time_8_q0           | in        | 8        |
| W_time_90_address0    | out       | 8        |
| W_time_90_q0          | in        | 8        |
| W_time_91_address0    | out       | 8        |
| W_time_91_q0          | in        | 8        |
| W_time_92_address0    | out       | 8        |
| W_time_92_q0          | in        | 8        |
| W_time_93_address0    | out       | 8        |
| W_time_93_q0          | in        | 8        |
| W_time_94_address0    | out       | 8        |
| W_time_94_q0          | in        | 8        |
| W_time_95_address0    | out       | 8        |
| W_time_95_q0          | in        | 8        |
| W_time_96_address0    | out       | 8        |
| W_time_96_q0          | in        | 8        |
| W_time_97_address0    | out       | 8        |
| W_time_97_q0          | in        | 8        |
| W_time_98_address0    | out       | 8        |
| W_time_98_q0          | in        | 8        |
| W_time_99_address0    | out       | 8        |
| W_time_99_q0          | in        | 8        |
| W_time_9_address0     | out       | 8        |
| W_time_9_q0           | in        | 8        |
| context_0_address0    | out       | 10       |
| context_0_q0          | in        | 8        |
| context_10_address0   | out       | 10       |
| context_10_q0         | in        | 8        |
| context_11_address0   | out       | 10       |
| context_11_q0         | in        | 8        |
| context_12_address0   | out       | 10       |
| context_12_q0         | in        | 8        |
| context_13_address0   | out       | 10       |
| context_13_q0         | in        | 8        |
| context_14_address0   | out       | 10       |
| context_14_q0         | in        | 8        |
| context_15_address0   | out       | 10       |
| context_15_q0         | in        | 8        |
| context_16_address0   | out       | 10       |
| context_16_q0         | in        | 8        |
| context_17_address0   | out       | 10       |
| context_17_q0         | in        | 8        |
| context_18_address0   | out       | 10       |
| context_18_q0         | in        | 8        |
| context_19_address0   | out       | 10       |
| context_19_q0         | in        | 8        |
| context_1_address0    | out       | 10       |
| context_1_q0          | in        | 8        |
| context_20_address0   | out       | 10       |
| context_20_q0         | in        | 8        |
| context_21_address0   | out       | 10       |
| context_21_q0         | in        | 8        |
| context_22_address0   | out       | 10       |
| context_22_q0         | in        | 8        |
| context_23_address0   | out       | 10       |
| context_23_q0         | in        | 8        |
| context_24_address0   | out       | 10       |
| context_24_q0         | in        | 8        |
| context_25_address0   | out       | 10       |
| context_25_q0         | in        | 8        |
| context_26_address0   | out       | 10       |
| context_26_q0         | in        | 8        |
| context_27_address0   | out       | 10       |
| context_27_q0         | in        | 8        |
| context_28_address0   | out       | 10       |
| context_28_q0         | in        | 8        |
| context_29_address0   | out       | 10       |
| context_29_q0         | in        | 8        |
| context_2_address0    | out       | 10       |
| context_2_q0          | in        | 8        |
| context_30_address0   | out       | 10       |
| context_30_q0         | in        | 8        |
| context_31_address0   | out       | 10       |
| context_31_q0         | in        | 8        |
| context_32_address0   | out       | 10       |
| context_32_q0         | in        | 8        |
| context_33_address0   | out       | 10       |
| context_33_q0         | in        | 8        |
| context_34_address0   | out       | 10       |
| context_34_q0         | in        | 8        |
| context_35_address0   | out       | 10       |
| context_35_q0         | in        | 8        |
| context_36_address0   | out       | 10       |
| context_36_q0         | in        | 8        |
| context_37_address0   | out       | 10       |
| context_37_q0         | in        | 8        |
| context_38_address0   | out       | 10       |
| context_38_q0         | in        | 8        |
| context_39_address0   | out       | 10       |
| context_39_q0         | in        | 8        |
| context_3_address0    | out       | 10       |
| context_3_q0          | in        | 8        |
| context_40_address0   | out       | 10       |
| context_40_q0         | in        | 8        |
| context_41_address0   | out       | 10       |
| context_41_q0         | in        | 8        |
| context_42_address0   | out       | 10       |
| context_42_q0         | in        | 8        |
| context_43_address0   | out       | 10       |
| context_43_q0         | in        | 8        |
| context_44_address0   | out       | 10       |
| context_44_q0         | in        | 8        |
| context_45_address0   | out       | 10       |
| context_45_q0         | in        | 8        |
| context_46_address0   | out       | 10       |
| context_46_q0         | in        | 8        |
| context_47_address0   | out       | 10       |
| context_47_q0         | in        | 8        |
| context_48_address0   | out       | 10       |
| context_48_q0         | in        | 8        |
| context_49_address0   | out       | 10       |
| context_49_q0         | in        | 8        |
| context_4_address0    | out       | 10       |
| context_4_q0          | in        | 8        |
| context_50_address0   | out       | 10       |
| context_50_q0         | in        | 8        |
| context_51_address0   | out       | 10       |
| context_51_q0         | in        | 8        |
| context_52_address0   | out       | 10       |
| context_52_q0         | in        | 8        |
| context_53_address0   | out       | 10       |
| context_53_q0         | in        | 8        |
| context_54_address0   | out       | 10       |
| context_54_q0         | in        | 8        |
| context_55_address0   | out       | 10       |
| context_55_q0         | in        | 8        |
| context_56_address0   | out       | 10       |
| context_56_q0         | in        | 8        |
| context_57_address0   | out       | 10       |
| context_57_q0         | in        | 8        |
| context_58_address0   | out       | 10       |
| context_58_q0         | in        | 8        |
| context_59_address0   | out       | 10       |
| context_59_q0         | in        | 8        |
| context_5_address0    | out       | 10       |
| context_5_q0          | in        | 8        |
| context_60_address0   | out       | 10       |
| context_60_q0         | in        | 8        |
| context_61_address0   | out       | 10       |
| context_61_q0         | in        | 8        |
| context_62_address0   | out       | 10       |
| context_62_q0         | in        | 8        |
| context_63_address0   | out       | 10       |
| context_63_q0         | in        | 8        |
| context_6_address0    | out       | 10       |
| context_6_q0          | in        | 8        |
| context_7_address0    | out       | 10       |
| context_7_q0          | in        | 8        |
| context_8_address0    | out       | 10       |
| context_8_q0          | in        | 8        |
| context_9_address0    | out       | 10       |
| context_9_q0          | in        | 8        |
| out_r_address0        | out       | 3        |
| out_r_d0              | out       | 8        |
+-----------------------+-----------+----------+

* Other Ports
+------------------+---------+-----------+----------+
| Port             | Mode    | Direction | Bitwidth |
+------------------+---------+-----------+----------+
| noisy_action_0   | ap_none | in        | 8        |
| noisy_action_1   | ap_none | in        | 8        |
| noisy_action_2   | ap_none | in        | 8        |
| noisy_action_3   | ap_none | in        | 8        |
| noisy_action_4   | ap_none | in        | 8        |
| noisy_action_5   | ap_none | in        | 8        |
| noisy_action_6   | ap_none | in        | 8        |
| timestep_emb_0   | ap_none | in        | 8        |
| timestep_emb_1   | ap_none | in        | 8        |
| timestep_emb_10  | ap_none | in        | 8        |
| timestep_emb_100 | ap_none | in        | 8        |
| timestep_emb_101 | ap_none | in        | 8        |
| timestep_emb_102 | ap_none | in        | 8        |
| timestep_emb_103 | ap_none | in        | 8        |
| timestep_emb_104 | ap_none | in        | 8        |
| timestep_emb_105 | ap_none | in        | 8        |
| timestep_emb_106 | ap_none | in        | 8        |
| timestep_emb_107 | ap_none | in        | 8        |
| timestep_emb_108 | ap_none | in        | 8        |
| timestep_emb_109 | ap_none | in        | 8        |
| timestep_emb_11  | ap_none | in        | 8        |
| timestep_emb_110 | ap_none | in        | 8        |
| timestep_emb_111 | ap_none | in        | 8        |
| timestep_emb_112 | ap_none | in        | 8        |
| timestep_emb_113 | ap_none | in        | 8        |
| timestep_emb_114 | ap_none | in        | 8        |
| timestep_emb_115 | ap_none | in        | 8        |
| timestep_emb_116 | ap_none | in        | 8        |
| timestep_emb_117 | ap_none | in        | 8        |
| timestep_emb_118 | ap_none | in        | 8        |
| timestep_emb_119 | ap_none | in        | 8        |
| timestep_emb_12  | ap_none | in        | 8        |
| timestep_emb_120 | ap_none | in        | 8        |
| timestep_emb_121 | ap_none | in        | 8        |
| timestep_emb_122 | ap_none | in        | 8        |
| timestep_emb_123 | ap_none | in        | 8        |
| timestep_emb_124 | ap_none | in        | 8        |
| timestep_emb_125 | ap_none | in        | 8        |
| timestep_emb_126 | ap_none | in        | 8        |
| timestep_emb_127 | ap_none | in        | 8        |
| timestep_emb_13  | ap_none | in        | 8        |
| timestep_emb_14  | ap_none | in        | 8        |
| timestep_emb_15  | ap_none | in        | 8        |
| timestep_emb_16  | ap_none | in        | 8        |
| timestep_emb_17  | ap_none | in        | 8        |
| timestep_emb_18  | ap_none | in        | 8        |
| timestep_emb_19  | ap_none | in        | 8        |
| timestep_emb_2   | ap_none | in        | 8        |
| timestep_emb_20  | ap_none | in        | 8        |
| timestep_emb_21  | ap_none | in        | 8        |
| timestep_emb_22  | ap_none | in        | 8        |
| timestep_emb_23  | ap_none | in        | 8        |
| timestep_emb_24  | ap_none | in        | 8        |
| timestep_emb_25  | ap_none | in        | 8        |
| timestep_emb_26  | ap_none | in        | 8        |
| timestep_emb_27  | ap_none | in        | 8        |
| timestep_emb_28  | ap_none | in        | 8        |
| timestep_emb_29  | ap_none | in        | 8        |
| timestep_emb_3   | ap_none | in        | 8        |
| timestep_emb_30  | ap_none | in        | 8        |
| timestep_emb_31  | ap_none | in        | 8        |
| timestep_emb_32  | ap_none | in        | 8        |
| timestep_emb_33  | ap_none | in        | 8        |
| timestep_emb_34  | ap_none | in        | 8        |
| timestep_emb_35  | ap_none | in        | 8        |
| timestep_emb_36  | ap_none | in        | 8        |
| timestep_emb_37  | ap_none | in        | 8        |
| timestep_emb_38  | ap_none | in        | 8        |
| timestep_emb_39  | ap_none | in        | 8        |
| timestep_emb_4   | ap_none | in        | 8        |
| timestep_emb_40  | ap_none | in        | 8        |
| timestep_emb_41  | ap_none | in        | 8        |
| timestep_emb_42  | ap_none | in        | 8        |
| timestep_emb_43  | ap_none | in        | 8        |
| timestep_emb_44  | ap_none | in        | 8        |
| timestep_emb_45  | ap_none | in        | 8        |
| timestep_emb_46  | ap_none | in        | 8        |
| timestep_emb_47  | ap_none | in        | 8        |
| timestep_emb_48  | ap_none | in        | 8        |
| timestep_emb_49  | ap_none | in        | 8        |
| timestep_emb_5   | ap_none | in        | 8        |
| timestep_emb_50  | ap_none | in        | 8        |
| timestep_emb_51  | ap_none | in        | 8        |
| timestep_emb_52  | ap_none | in        | 8        |
| timestep_emb_53  | ap_none | in        | 8        |
| timestep_emb_54  | ap_none | in        | 8        |
| timestep_emb_55  | ap_none | in        | 8        |
| timestep_emb_56  | ap_none | in        | 8        |
| timestep_emb_57  | ap_none | in        | 8        |
| timestep_emb_58  | ap_none | in        | 8        |
| timestep_emb_59  | ap_none | in        | 8        |
| timestep_emb_6   | ap_none | in        | 8        |
| timestep_emb_60  | ap_none | in        | 8        |
| timestep_emb_61  | ap_none | in        | 8        |
| timestep_emb_62  | ap_none | in        | 8        |
| timestep_emb_63  | ap_none | in        | 8        |
| timestep_emb_64  | ap_none | in        | 8        |
| timestep_emb_65  | ap_none | in        | 8        |
| timestep_emb_66  | ap_none | in        | 8        |
| timestep_emb_67  | ap_none | in        | 8        |
| timestep_emb_68  | ap_none | in        | 8        |
| timestep_emb_69  | ap_none | in        | 8        |
| timestep_emb_7   | ap_none | in        | 8        |
| timestep_emb_70  | ap_none | in        | 8        |
| timestep_emb_71  | ap_none | in        | 8        |
| timestep_emb_72  | ap_none | in        | 8        |
| timestep_emb_73  | ap_none | in        | 8        |
| timestep_emb_74  | ap_none | in        | 8        |
| timestep_emb_75  | ap_none | in        | 8        |
| timestep_emb_76  | ap_none | in        | 8        |
| timestep_emb_77  | ap_none | in        | 8        |
| timestep_emb_78  | ap_none | in        | 8        |
| timestep_emb_79  | ap_none | in        | 8        |
| timestep_emb_8   | ap_none | in        | 8        |
| timestep_emb_80  | ap_none | in        | 8        |
| timestep_emb_81  | ap_none | in        | 8        |
| timestep_emb_82  | ap_none | in        | 8        |
| timestep_emb_83  | ap_none | in        | 8        |
| timestep_emb_84  | ap_none | in        | 8        |
| timestep_emb_85  | ap_none | in        | 8        |
| timestep_emb_86  | ap_none | in        | 8        |
| timestep_emb_87  | ap_none | in        | 8        |
| timestep_emb_88  | ap_none | in        | 8        |
| timestep_emb_89  | ap_none | in        | 8        |
| timestep_emb_9   | ap_none | in        | 8        |
| timestep_emb_90  | ap_none | in        | 8        |
| timestep_emb_91  | ap_none | in        | 8        |
| timestep_emb_92  | ap_none | in        | 8        |
| timestep_emb_93  | ap_none | in        | 8        |
| timestep_emb_94  | ap_none | in        | 8        |
| timestep_emb_95  | ap_none | in        | 8        |
| timestep_emb_96  | ap_none | in        | 8        |
| timestep_emb_97  | ap_none | in        | 8        |
| timestep_emb_98  | ap_none | in        | 8        |
| timestep_emb_99  | ap_none | in        | 8        |
+------------------+---------+-----------+----------+

* TOP LEVEL CONTROL
+-----------+------------+-----------------------------------+
| Interface | Type       | Ports                             |
+-----------+------------+-----------------------------------+
| ap_clk    | clock      | ap_clk                            |
| ap_rst    | reset      | ap_rst                            |
| ap_ctrl   | ap_ctrl_hs | ap_done ap_idle ap_ready ap_start |
+-----------+------------+-----------------------------------+


================================================================
== SW I/O Information
================================================================
* Top Function Arguments
+--------------+-----------+---------------------+
| Argument     | Direction | Datatype            |
+--------------+-----------+---------------------+
| context      | in        | signed char const * |
| noisy_action | in        | signed char const * |
| timestep_emb | in        | signed char const * |
| W_time       | in        | signed char const * |
| W_act_proj   | in        | signed char const * |
| W_ffn1       | in        | signed char const * |
| W_ffn2       | in        | signed char const * |
| W_out        | in        | signed char const * |
| out          | out       | signed char*        |
+--------------+-----------+---------------------+

* SW-to-HW Mapping
+--------------+-----------------------+---------+----------+
| Argument     | HW Interface          | HW Type | HW Usage |
+--------------+-----------------------+---------+----------+
| context      | context_0_address0    | port    | offset   |
| context      | context_0_ce0         | port    |          |
| context      | context_0_q0          | port    |          |
| context      | context_1_address0    | port    | offset   |
| context      | context_1_ce0         | port    |          |
| context      | context_1_q0          | port    |          |
| context      | context_2_address0    | port    | offset   |
| context      | context_2_ce0         | port    |          |
| context      | context_2_q0          | port    |          |
| context      | context_3_address0    | port    | offset   |
| context      | context_3_ce0         | port    |          |
| context      | context_3_q0          | port    |          |
| context      | context_4_address0    | port    | offset   |
| context      | context_4_ce0         | port    |          |
| context      | context_4_q0          | port    |          |
| context      | context_5_address0    | port    | offset   |
| context      | context_5_ce0         | port    |          |
| context      | context_5_q0          | port    |          |
| context      | context_6_address0    | port    | offset   |
| context      | context_6_ce0         | port    |          |
| context      | context_6_q0          | port    |          |
| context      | context_7_address0    | port    | offset   |
| context      | context_7_ce0         | port    |          |
| context      | context_7_q0          | port    |          |
| context      | context_8_address0    | port    | offset   |
| context      | context_8_ce0         | port    |          |
| context      | context_8_q0          | port    |          |
| context      | context_9_address0    | port    | offset   |
| context      | context_9_ce0         | port    |          |
| context      | context_9_q0          | port    |          |
| context      | context_10_address0   | port    | offset   |
| context      | context_10_ce0        | port    |          |
| context      | context_10_q0         | port    |          |
| context      | context_11_address0   | port    | offset   |
| context      | context_11_ce0        | port    |          |
| context      | context_11_q0         | port    |          |
| context      | context_12_address0   | port    | offset   |
| context      | context_12_ce0        | port    |          |
| context      | context_12_q0         | port    |          |
| context      | context_13_address0   | port    | offset   |
| context      | context_13_ce0        | port    |          |
| context      | context_13_q0         | port    |          |
| context      | context_14_address0   | port    | offset   |
| context      | context_14_ce0        | port    |          |
| context      | context_14_q0         | port    |          |
| context      | context_15_address0   | port    | offset   |
| context      | context_15_ce0        | port    |          |
| context      | context_15_q0         | port    |          |
| context      | context_16_address0   | port    | offset   |
| context      | context_16_ce0        | port    |          |
| context      | context_16_q0         | port    |          |
| context      | context_17_address0   | port    | offset   |
| context      | context_17_ce0        | port    |          |
| context      | context_17_q0         | port    |          |
| context      | context_18_address0   | port    | offset   |
| context      | context_18_ce0        | port    |          |
| context      | context_18_q0         | port    |          |
| context      | context_19_address0   | port    | offset   |
| context      | context_19_ce0        | port    |          |
| context      | context_19_q0         | port    |          |
| context      | context_20_address0   | port    | offset   |
| context      | context_20_ce0        | port    |          |
| context      | context_20_q0         | port    |          |
| context      | context_21_address0   | port    | offset   |
| context      | context_21_ce0        | port    |          |
| context      | context_21_q0         | port    |          |
| context      | context_22_address0   | port    | offset   |
| context      | context_22_ce0        | port    |          |
| context      | context_22_q0         | port    |          |
| context      | context_23_address0   | port    | offset   |
| context      | context_23_ce0        | port    |          |
| context      | context_23_q0         | port    |          |
| context      | context_24_address0   | port    | offset   |
| context      | context_24_ce0        | port    |          |
| context      | context_24_q0         | port    |          |
| context      | context_25_address0   | port    | offset   |
| context      | context_25_ce0        | port    |          |
| context      | context_25_q0         | port    |          |
| context      | context_26_address0   | port    | offset   |
| context      | context_26_ce0        | port    |          |
| context      | context_26_q0         | port    |          |
| context      | context_27_address0   | port    | offset   |
| context      | context_27_ce0        | port    |          |
| context      | context_27_q0         | port    |          |
| context      | context_28_address0   | port    | offset   |
| context      | context_28_ce0        | port    |          |
| context      | context_28_q0         | port    |          |
| context      | context_29_address0   | port    | offset   |
| context      | context_29_ce0        | port    |          |
| context      | context_29_q0         | port    |          |
| context      | context_30_address0   | port    | offset   |
| context      | context_30_ce0        | port    |          |
| context      | context_30_q0         | port    |          |
| context      | context_31_address0   | port    | offset   |
| context      | context_31_ce0        | port    |          |
| context      | context_31_q0         | port    |          |
| context      | context_32_address0   | port    | offset   |
| context      | context_32_ce0        | port    |          |
| context      | context_32_q0         | port    |          |
| context      | context_33_address0   | port    | offset   |
| context      | context_33_ce0        | port    |          |
| context      | context_33_q0         | port    |          |
| context      | context_34_address0   | port    | offset   |
| context      | context_34_ce0        | port    |          |
| context      | context_34_q0         | port    |          |
| context      | context_35_address0   | port    | offset   |
| context      | context_35_ce0        | port    |          |
| context      | context_35_q0         | port    |          |
| context      | context_36_address0   | port    | offset   |
| context      | context_36_ce0        | port    |          |
| context      | context_36_q0         | port    |          |
| context      | context_37_address0   | port    | offset   |
| context      | context_37_ce0        | port    |          |
| context      | context_37_q0         | port    |          |
| context      | context_38_address0   | port    | offset   |
| context      | context_38_ce0        | port    |          |
| context      | context_38_q0         | port    |          |
| context      | context_39_address0   | port    | offset   |
| context      | context_39_ce0        | port    |          |
| context      | context_39_q0         | port    |          |
| context      | context_40_address0   | port    | offset   |
| context      | context_40_ce0        | port    |          |
| context      | context_40_q0         | port    |          |
| context      | context_41_address0   | port    | offset   |
| context      | context_41_ce0        | port    |          |
| context      | context_41_q0         | port    |          |
| context      | context_42_address0   | port    | offset   |
| context      | context_42_ce0        | port    |          |
| context      | context_42_q0         | port    |          |
| context      | context_43_address0   | port    | offset   |
| context      | context_43_ce0        | port    |          |
| context      | context_43_q0         | port    |          |
| context      | context_44_address0   | port    | offset   |
| context      | context_44_ce0        | port    |          |
| context      | context_44_q0         | port    |          |
| context      | context_45_address0   | port    | offset   |
| context      | context_45_ce0        | port    |          |
| context      | context_45_q0         | port    |          |
| context      | context_46_address0   | port    | offset   |
| context      | context_46_ce0        | port    |          |
| context      | context_46_q0         | port    |          |
| context      | context_47_address0   | port    | offset   |
| context      | context_47_ce0        | port    |          |
| context      | context_47_q0         | port    |          |
| context      | context_48_address0   | port    | offset   |
| context      | context_48_ce0        | port    |          |
| context      | context_48_q0         | port    |          |
| context      | context_49_address0   | port    | offset   |
| context      | context_49_ce0        | port    |          |
| context      | context_49_q0         | port    |          |
| context      | context_50_address0   | port    | offset   |
| context      | context_50_ce0        | port    |          |
| context      | context_50_q0         | port    |          |
| context      | context_51_address0   | port    | offset   |
| context      | context_51_ce0        | port    |          |
| context      | context_51_q0         | port    |          |
| context      | context_52_address0   | port    | offset   |
| context      | context_52_ce0        | port    |          |
| context      | context_52_q0         | port    |          |
| context      | context_53_address0   | port    | offset   |
| context      | context_53_ce0        | port    |          |
| context      | context_53_q0         | port    |          |
| context      | context_54_address0   | port    | offset   |
| context      | context_54_ce0        | port    |          |
| context      | context_54_q0         | port    |          |
| context      | context_55_address0   | port    | offset   |
| context      | context_55_ce0        | port    |          |
| context      | context_55_q0         | port    |          |
| context      | context_56_address0   | port    | offset   |
| context      | context_56_ce0        | port    |          |
| context      | context_56_q0         | port    |          |
| context      | context_57_address0   | port    | offset   |
| context      | context_57_ce0        | port    |          |
| context      | context_57_q0         | port    |          |
| context      | context_58_address0   | port    | offset   |
| context      | context_58_ce0        | port    |          |
| context      | context_58_q0         | port    |          |
| context      | context_59_address0   | port    | offset   |
| context      | context_59_ce0        | port    |          |
| context      | context_59_q0         | port    |          |
| context      | context_60_address0   | port    | offset   |
| context      | context_60_ce0        | port    |          |
| context      | context_60_q0         | port    |          |
| context      | context_61_address0   | port    | offset   |
| context      | context_61_ce0        | port    |          |
| context      | context_61_q0         | port    |          |
| context      | context_62_address0   | port    | offset   |
| context      | context_62_ce0        | port    |          |
| context      | context_62_q0         | port    |          |
| context      | context_63_address0   | port    | offset   |
| context      | context_63_ce0        | port    |          |
| context      | context_63_q0         | port    |          |
| noisy_action | noisy_action_0        | port    |          |
| noisy_action | noisy_action_1        | port    |          |
| noisy_action | noisy_action_2        | port    |          |
| noisy_action | noisy_action_3        | port    |          |
| noisy_action | noisy_action_4        | port    |          |
| noisy_action | noisy_action_5        | port    |          |
| noisy_action | noisy_action_6        | port    |          |
| timestep_emb | timestep_emb_0        | port    |          |
| timestep_emb | timestep_emb_1        | port    |          |
| timestep_emb | timestep_emb_2        | port    |          |
| timestep_emb | timestep_emb_3        | port    |          |
| timestep_emb | timestep_emb_4        | port    |          |
| timestep_emb | timestep_emb_5        | port    |          |
| timestep_emb | timestep_emb_6        | port    |          |
| timestep_emb | timestep_emb_7        | port    |          |
| timestep_emb | timestep_emb_8        | port    |          |
| timestep_emb | timestep_emb_9        | port    |          |
| timestep_emb | timestep_emb_10       | port    |          |
| timestep_emb | timestep_emb_11       | port    |          |
| timestep_emb | timestep_emb_12       | port    |          |
| timestep_emb | timestep_emb_13       | port    |          |
| timestep_emb | timestep_emb_14       | port    |          |
| timestep_emb | timestep_emb_15       | port    |          |
| timestep_emb | timestep_emb_16       | port    |          |
| timestep_emb | timestep_emb_17       | port    |          |
| timestep_emb | timestep_emb_18       | port    |          |
| timestep_emb | timestep_emb_19       | port    |          |
| timestep_emb | timestep_emb_20       | port    |          |
| timestep_emb | timestep_emb_21       | port    |          |
| timestep_emb | timestep_emb_22       | port    |          |
| timestep_emb | timestep_emb_23       | port    |          |
| timestep_emb | timestep_emb_24       | port    |          |
| timestep_emb | timestep_emb_25       | port    |          |
| timestep_emb | timestep_emb_26       | port    |          |
| timestep_emb | timestep_emb_27       | port    |          |
| timestep_emb | timestep_emb_28       | port    |          |
| timestep_emb | timestep_emb_29       | port    |          |
| timestep_emb | timestep_emb_30       | port    |          |
| timestep_emb | timestep_emb_31       | port    |          |
| timestep_emb | timestep_emb_32       | port    |          |
| timestep_emb | timestep_emb_33       | port    |          |
| timestep_emb | timestep_emb_34       | port    |          |
| timestep_emb | timestep_emb_35       | port    |          |
| timestep_emb | timestep_emb_36       | port    |          |
| timestep_emb | timestep_emb_37       | port    |          |
| timestep_emb | timestep_emb_38       | port    |          |
| timestep_emb | timestep_emb_39       | port    |          |
| timestep_emb | timestep_emb_40       | port    |          |
| timestep_emb | timestep_emb_41       | port    |          |
| timestep_emb | timestep_emb_42       | port    |          |
| timestep_emb | timestep_emb_43       | port    |          |
| timestep_emb | timestep_emb_44       | port    |          |
| timestep_emb | timestep_emb_45       | port    |          |
| timestep_emb | timestep_emb_46       | port    |          |
| timestep_emb | timestep_emb_47       | port    |          |
| timestep_emb | timestep_emb_48       | port    |          |
| timestep_emb | timestep_emb_49       | port    |          |
| timestep_emb | timestep_emb_50       | port    |          |
| timestep_emb | timestep_emb_51       | port    |          |
| timestep_emb | timestep_emb_52       | port    |          |
| timestep_emb | timestep_emb_53       | port    |          |
| timestep_emb | timestep_emb_54       | port    |          |
| timestep_emb | timestep_emb_55       | port    |          |
| timestep_emb | timestep_emb_56       | port    |          |
| timestep_emb | timestep_emb_57       | port    |          |
| timestep_emb | timestep_emb_58       | port    |          |
| timestep_emb | timestep_emb_59       | port    |          |
| timestep_emb | timestep_emb_60       | port    |          |
| timestep_emb | timestep_emb_61       | port    |          |
| timestep_emb | timestep_emb_62       | port    |          |
| timestep_emb | timestep_emb_63       | port    |          |
| timestep_emb | timestep_emb_64       | port    |          |
| timestep_emb | timestep_emb_65       | port    |          |
| timestep_emb | timestep_emb_66       | port    |          |
| timestep_emb | timestep_emb_67       | port    |          |
| timestep_emb | timestep_emb_68       | port    |          |
| timestep_emb | timestep_emb_69       | port    |          |
| timestep_emb | timestep_emb_70       | port    |          |
| timestep_emb | timestep_emb_71       | port    |          |
| timestep_emb | timestep_emb_72       | port    |          |
| timestep_emb | timestep_emb_73       | port    |          |
| timestep_emb | timestep_emb_74       | port    |          |
| timestep_emb | timestep_emb_75       | port    |          |
| timestep_emb | timestep_emb_76       | port    |          |
| timestep_emb | timestep_emb_77       | port    |          |
| timestep_emb | timestep_emb_78       | port    |          |
| timestep_emb | timestep_emb_79       | port    |          |
| timestep_emb | timestep_emb_80       | port    |          |
| timestep_emb | timestep_emb_81       | port    |          |
| timestep_emb | timestep_emb_82       | port    |          |
| timestep_emb | timestep_emb_83       | port    |          |
| timestep_emb | timestep_emb_84       | port    |          |
| timestep_emb | timestep_emb_85       | port    |          |
| timestep_emb | timestep_emb_86       | port    |          |
| timestep_emb | timestep_emb_87       | port    |          |
| timestep_emb | timestep_emb_88       | port    |          |
| timestep_emb | timestep_emb_89       | port    |          |
| timestep_emb | timestep_emb_90       | port    |          |
| timestep_emb | timestep_emb_91       | port    |          |
| timestep_emb | timestep_emb_92       | port    |          |
| timestep_emb | timestep_emb_93       | port    |          |
| timestep_emb | timestep_emb_94       | port    |          |
| timestep_emb | timestep_emb_95       | port    |          |
| timestep_emb | timestep_emb_96       | port    |          |
| timestep_emb | timestep_emb_97       | port    |          |
| timestep_emb | timestep_emb_98       | port    |          |
| timestep_emb | timestep_emb_99       | port    |          |
| timestep_emb | timestep_emb_100      | port    |          |
| timestep_emb | timestep_emb_101      | port    |          |
| timestep_emb | timestep_emb_102      | port    |          |
| timestep_emb | timestep_emb_103      | port    |          |
| timestep_emb | timestep_emb_104      | port    |          |
| timestep_emb | timestep_emb_105      | port    |          |
| timestep_emb | timestep_emb_106      | port    |          |
| timestep_emb | timestep_emb_107      | port    |          |
| timestep_emb | timestep_emb_108      | port    |          |
| timestep_emb | timestep_emb_109      | port    |          |
| timestep_emb | timestep_emb_110      | port    |          |
| timestep_emb | timestep_emb_111      | port    |          |
| timestep_emb | timestep_emb_112      | port    |          |
| timestep_emb | timestep_emb_113      | port    |          |
| timestep_emb | timestep_emb_114      | port    |          |
| timestep_emb | timestep_emb_115      | port    |          |
| timestep_emb | timestep_emb_116      | port    |          |
| timestep_emb | timestep_emb_117      | port    |          |
| timestep_emb | timestep_emb_118      | port    |          |
| timestep_emb | timestep_emb_119      | port    |          |
| timestep_emb | timestep_emb_120      | port    |          |
| timestep_emb | timestep_emb_121      | port    |          |
| timestep_emb | timestep_emb_122      | port    |          |
| timestep_emb | timestep_emb_123      | port    |          |
| timestep_emb | timestep_emb_124      | port    |          |
| timestep_emb | timestep_emb_125      | port    |          |
| timestep_emb | timestep_emb_126      | port    |          |
| timestep_emb | timestep_emb_127      | port    |          |
| W_time       | W_time_0_address0     | port    | offset   |
| W_time       | W_time_0_ce0          | port    |          |
| W_time       | W_time_0_q0           | port    |          |
| W_time       | W_time_1_address0     | port    | offset   |
| W_time       | W_time_1_ce0          | port    |          |
| W_time       | W_time_1_q0           | port    |          |
| W_time       | W_time_2_address0     | port    | offset   |
| W_time       | W_time_2_ce0          | port    |          |
| W_time       | W_time_2_q0           | port    |          |
| W_time       | W_time_3_address0     | port    | offset   |
| W_time       | W_time_3_ce0          | port    |          |
| W_time       | W_time_3_q0           | port    |          |
| W_time       | W_time_4_address0     | port    | offset   |
| W_time       | W_time_4_ce0          | port    |          |
| W_time       | W_time_4_q0           | port    |          |
| W_time       | W_time_5_address0     | port    | offset   |
| W_time       | W_time_5_ce0          | port    |          |
| W_time       | W_time_5_q0           | port    |          |
| W_time       | W_time_6_address0     | port    | offset   |
| W_time       | W_time_6_ce0          | port    |          |
| W_time       | W_time_6_q0           | port    |          |
| W_time       | W_time_7_address0     | port    | offset   |
| W_time       | W_time_7_ce0          | port    |          |
| W_time       | W_time_7_q0           | port    |          |
| W_time       | W_time_8_address0     | port    | offset   |
| W_time       | W_time_8_ce0          | port    |          |
| W_time       | W_time_8_q0           | port    |          |
| W_time       | W_time_9_address0     | port    | offset   |
| W_time       | W_time_9_ce0          | port    |          |
| W_time       | W_time_9_q0           | port    |          |
| W_time       | W_time_10_address0    | port    | offset   |
| W_time       | W_time_10_ce0         | port    |          |
| W_time       | W_time_10_q0          | port    |          |
| W_time       | W_time_11_address0    | port    | offset   |
| W_time       | W_time_11_ce0         | port    |          |
| W_time       | W_time_11_q0          | port    |          |
| W_time       | W_time_12_address0    | port    | offset   |
| W_time       | W_time_12_ce0         | port    |          |
| W_time       | W_time_12_q0          | port    |          |
| W_time       | W_time_13_address0    | port    | offset   |
| W_time       | W_time_13_ce0         | port    |          |
| W_time       | W_time_13_q0          | port    |          |
| W_time       | W_time_14_address0    | port    | offset   |
| W_time       | W_time_14_ce0         | port    |          |
| W_time       | W_time_14_q0          | port    |          |
| W_time       | W_time_15_address0    | port    | offset   |
| W_time       | W_time_15_ce0         | port    |          |
| W_time       | W_time_15_q0          | port    |          |
| W_time       | W_time_16_address0    | port    | offset   |
| W_time       | W_time_16_ce0         | port    |          |
| W_time       | W_time_16_q0          | port    |          |
| W_time       | W_time_17_address0    | port    | offset   |
| W_time       | W_time_17_ce0         | port    |          |
| W_time       | W_time_17_q0          | port    |          |
| W_time       | W_time_18_address0    | port    | offset   |
| W_time       | W_time_18_ce0         | port    |          |
| W_time       | W_time_18_q0          | port    |          |
| W_time       | W_time_19_address0    | port    | offset   |
| W_time       | W_time_19_ce0         | port    |          |
| W_time       | W_time_19_q0          | port    |          |
| W_time       | W_time_20_address0    | port    | offset   |
| W_time       | W_time_20_ce0         | port    |          |
| W_time       | W_time_20_q0          | port    |          |
| W_time       | W_time_21_address0    | port    | offset   |
| W_time       | W_time_21_ce0         | port    |          |
| W_time       | W_time_21_q0          | port    |          |
| W_time       | W_time_22_address0    | port    | offset   |
| W_time       | W_time_22_ce0         | port    |          |
| W_time       | W_time_22_q0          | port    |          |
| W_time       | W_time_23_address0    | port    | offset   |
| W_time       | W_time_23_ce0         | port    |          |
| W_time       | W_time_23_q0          | port    |          |
| W_time       | W_time_24_address0    | port    | offset   |
| W_time       | W_time_24_ce0         | port    |          |
| W_time       | W_time_24_q0          | port    |          |
| W_time       | W_time_25_address0    | port    | offset   |
| W_time       | W_time_25_ce0         | port    |          |
| W_time       | W_time_25_q0          | port    |          |
| W_time       | W_time_26_address0    | port    | offset   |
| W_time       | W_time_26_ce0         | port    |          |
| W_time       | W_time_26_q0          | port    |          |
| W_time       | W_time_27_address0    | port    | offset   |
| W_time       | W_time_27_ce0         | port    |          |
| W_time       | W_time_27_q0          | port    |          |
| W_time       | W_time_28_address0    | port    | offset   |
| W_time       | W_time_28_ce0         | port    |          |
| W_time       | W_time_28_q0          | port    |          |
| W_time       | W_time_29_address0    | port    | offset   |
| W_time       | W_time_29_ce0         | port    |          |
| W_time       | W_time_29_q0          | port    |          |
| W_time       | W_time_30_address0    | port    | offset   |
| W_time       | W_time_30_ce0         | port    |          |
| W_time       | W_time_30_q0          | port    |          |
| W_time       | W_time_31_address0    | port    | offset   |
| W_time       | W_time_31_ce0         | port    |          |
| W_time       | W_time_31_q0          | port    |          |
| W_time       | W_time_32_address0    | port    | offset   |
| W_time       | W_time_32_ce0         | port    |          |
| W_time       | W_time_32_q0          | port    |          |
| W_time       | W_time_33_address0    | port    | offset   |
| W_time       | W_time_33_ce0         | port    |          |
| W_time       | W_time_33_q0          | port    |          |
| W_time       | W_time_34_address0    | port    | offset   |
| W_time       | W_time_34_ce0         | port    |          |
| W_time       | W_time_34_q0          | port    |          |
| W_time       | W_time_35_address0    | port    | offset   |
| W_time       | W_time_35_ce0         | port    |          |
| W_time       | W_time_35_q0          | port    |          |
| W_time       | W_time_36_address0    | port    | offset   |
| W_time       | W_time_36_ce0         | port    |          |
| W_time       | W_time_36_q0          | port    |          |
| W_time       | W_time_37_address0    | port    | offset   |
| W_time       | W_time_37_ce0         | port    |          |
| W_time       | W_time_37_q0          | port    |          |
| W_time       | W_time_38_address0    | port    | offset   |
| W_time       | W_time_38_ce0         | port    |          |
| W_time       | W_time_38_q0          | port    |          |
| W_time       | W_time_39_address0    | port    | offset   |
| W_time       | W_time_39_ce0         | port    |          |
| W_time       | W_time_39_q0          | port    |          |
| W_time       | W_time_40_address0    | port    | offset   |
| W_time       | W_time_40_ce0         | port    |          |
| W_time       | W_time_40_q0          | port    |          |
| W_time       | W_time_41_address0    | port    | offset   |
| W_time       | W_time_41_ce0         | port    |          |
| W_time       | W_time_41_q0          | port    |          |
| W_time       | W_time_42_address0    | port    | offset   |
| W_time       | W_time_42_ce0         | port    |          |
| W_time       | W_time_42_q0          | port    |          |
| W_time       | W_time_43_address0    | port    | offset   |
| W_time       | W_time_43_ce0         | port    |          |
| W_time       | W_time_43_q0          | port    |          |
| W_time       | W_time_44_address0    | port    | offset   |
| W_time       | W_time_44_ce0         | port    |          |
| W_time       | W_time_44_q0          | port    |          |
| W_time       | W_time_45_address0    | port    | offset   |
| W_time       | W_time_45_ce0         | port    |          |
| W_time       | W_time_45_q0          | port    |          |
| W_time       | W_time_46_address0    | port    | offset   |
| W_time       | W_time_46_ce0         | port    |          |
| W_time       | W_time_46_q0          | port    |          |
| W_time       | W_time_47_address0    | port    | offset   |
| W_time       | W_time_47_ce0         | port    |          |
| W_time       | W_time_47_q0          | port    |          |
| W_time       | W_time_48_address0    | port    | offset   |
| W_time       | W_time_48_ce0         | port    |          |
| W_time       | W_time_48_q0          | port    |          |
| W_time       | W_time_49_address0    | port    | offset   |
| W_time       | W_time_49_ce0         | port    |          |
| W_time       | W_time_49_q0          | port    |          |
| W_time       | W_time_50_address0    | port    | offset   |
| W_time       | W_time_50_ce0         | port    |          |
| W_time       | W_time_50_q0          | port    |          |
| W_time       | W_time_51_address0    | port    | offset   |
| W_time       | W_time_51_ce0         | port    |          |
| W_time       | W_time_51_q0          | port    |          |
| W_time       | W_time_52_address0    | port    | offset   |
| W_time       | W_time_52_ce0         | port    |          |
| W_time       | W_time_52_q0          | port    |          |
| W_time       | W_time_53_address0    | port    | offset   |
| W_time       | W_time_53_ce0         | port    |          |
| W_time       | W_time_53_q0          | port    |          |
| W_time       | W_time_54_address0    | port    | offset   |
| W_time       | W_time_54_ce0         | port    |          |
| W_time       | W_time_54_q0          | port    |          |
| W_time       | W_time_55_address0    | port    | offset   |
| W_time       | W_time_55_ce0         | port    |          |
| W_time       | W_time_55_q0          | port    |          |
| W_time       | W_time_56_address0    | port    | offset   |
| W_time       | W_time_56_ce0         | port    |          |
| W_time       | W_time_56_q0          | port    |          |
| W_time       | W_time_57_address0    | port    | offset   |
| W_time       | W_time_57_ce0         | port    |          |
| W_time       | W_time_57_q0          | port    |          |
| W_time       | W_time_58_address0    | port    | offset   |
| W_time       | W_time_58_ce0         | port    |          |
| W_time       | W_time_58_q0          | port    |          |
| W_time       | W_time_59_address0    | port    | offset   |
| W_time       | W_time_59_ce0         | port    |          |
| W_time       | W_time_59_q0          | port    |          |
| W_time       | W_time_60_address0    | port    | offset   |
| W_time       | W_time_60_ce0         | port    |          |
| W_time       | W_time_60_q0          | port    |          |
| W_time       | W_time_61_address0    | port    | offset   |
| W_time       | W_time_61_ce0         | port    |          |
| W_time       | W_time_61_q0          | port    |          |
| W_time       | W_time_62_address0    | port    | offset   |
| W_time       | W_time_62_ce0         | port    |          |
| W_time       | W_time_62_q0          | port    |          |
| W_time       | W_time_63_address0    | port    | offset   |
| W_time       | W_time_63_ce0         | port    |          |
| W_time       | W_time_63_q0          | port    |          |
| W_time       | W_time_64_address0    | port    | offset   |
| W_time       | W_time_64_ce0         | port    |          |
| W_time       | W_time_64_q0          | port    |          |
| W_time       | W_time_65_address0    | port    | offset   |
| W_time       | W_time_65_ce0         | port    |          |
| W_time       | W_time_65_q0          | port    |          |
| W_time       | W_time_66_address0    | port    | offset   |
| W_time       | W_time_66_ce0         | port    |          |
| W_time       | W_time_66_q0          | port    |          |
| W_time       | W_time_67_address0    | port    | offset   |
| W_time       | W_time_67_ce0         | port    |          |
| W_time       | W_time_67_q0          | port    |          |
| W_time       | W_time_68_address0    | port    | offset   |
| W_time       | W_time_68_ce0         | port    |          |
| W_time       | W_time_68_q0          | port    |          |
| W_time       | W_time_69_address0    | port    | offset   |
| W_time       | W_time_69_ce0         | port    |          |
| W_time       | W_time_69_q0          | port    |          |
| W_time       | W_time_70_address0    | port    | offset   |
| W_time       | W_time_70_ce0         | port    |          |
| W_time       | W_time_70_q0          | port    |          |
| W_time       | W_time_71_address0    | port    | offset   |
| W_time       | W_time_71_ce0         | port    |          |
| W_time       | W_time_71_q0          | port    |          |
| W_time       | W_time_72_address0    | port    | offset   |
| W_time       | W_time_72_ce0         | port    |          |
| W_time       | W_time_72_q0          | port    |          |
| W_time       | W_time_73_address0    | port    | offset   |
| W_time       | W_time_73_ce0         | port    |          |
| W_time       | W_time_73_q0          | port    |          |
| W_time       | W_time_74_address0    | port    | offset   |
| W_time       | W_time_74_ce0         | port    |          |
| W_time       | W_time_74_q0          | port    |          |
| W_time       | W_time_75_address0    | port    | offset   |
| W_time       | W_time_75_ce0         | port    |          |
| W_time       | W_time_75_q0          | port    |          |
| W_time       | W_time_76_address0    | port    | offset   |
| W_time       | W_time_76_ce0         | port    |          |
| W_time       | W_time_76_q0          | port    |          |
| W_time       | W_time_77_address0    | port    | offset   |
| W_time       | W_time_77_ce0         | port    |          |
| W_time       | W_time_77_q0          | port    |          |
| W_time       | W_time_78_address0    | port    | offset   |
| W_time       | W_time_78_ce0         | port    |          |
| W_time       | W_time_78_q0          | port    |          |
| W_time       | W_time_79_address0    | port    | offset   |
| W_time       | W_time_79_ce0         | port    |          |
| W_time       | W_time_79_q0          | port    |          |
| W_time       | W_time_80_address0    | port    | offset   |
| W_time       | W_time_80_ce0         | port    |          |
| W_time       | W_time_80_q0          | port    |          |
| W_time       | W_time_81_address0    | port    | offset   |
| W_time       | W_time_81_ce0         | port    |          |
| W_time       | W_time_81_q0          | port    |          |
| W_time       | W_time_82_address0    | port    | offset   |
| W_time       | W_time_82_ce0         | port    |          |
| W_time       | W_time_82_q0          | port    |          |
| W_time       | W_time_83_address0    | port    | offset   |
| W_time       | W_time_83_ce0         | port    |          |
| W_time       | W_time_83_q0          | port    |          |
| W_time       | W_time_84_address0    | port    | offset   |
| W_time       | W_time_84_ce0         | port    |          |
| W_time       | W_time_84_q0          | port    |          |
| W_time       | W_time_85_address0    | port    | offset   |
| W_time       | W_time_85_ce0         | port    |          |
| W_time       | W_time_85_q0          | port    |          |
| W_time       | W_time_86_address0    | port    | offset   |
| W_time       | W_time_86_ce0         | port    |          |
| W_time       | W_time_86_q0          | port    |          |
| W_time       | W_time_87_address0    | port    | offset   |
| W_time       | W_time_87_ce0         | port    |          |
| W_time       | W_time_87_q0          | port    |          |
| W_time       | W_time_88_address0    | port    | offset   |
| W_time       | W_time_88_ce0         | port    |          |
| W_time       | W_time_88_q0          | port    |          |
| W_time       | W_time_89_address0    | port    | offset   |
| W_time       | W_time_89_ce0         | port    |          |
| W_time       | W_time_89_q0          | port    |          |
| W_time       | W_time_90_address0    | port    | offset   |
| W_time       | W_time_90_ce0         | port    |          |
| W_time       | W_time_90_q0          | port    |          |
| W_time       | W_time_91_address0    | port    | offset   |
| W_time       | W_time_91_ce0         | port    |          |
| W_time       | W_time_91_q0          | port    |          |
| W_time       | W_time_92_address0    | port    | offset   |
| W_time       | W_time_92_ce0         | port    |          |
| W_time       | W_time_92_q0          | port    |          |
| W_time       | W_time_93_address0    | port    | offset   |
| W_time       | W_time_93_ce0         | port    |          |
| W_time       | W_time_93_q0          | port    |          |
| W_time       | W_time_94_address0    | port    | offset   |
| W_time       | W_time_94_ce0         | port    |          |
| W_time       | W_time_94_q0          | port    |          |
| W_time       | W_time_95_address0    | port    | offset   |
| W_time       | W_time_95_ce0         | port    |          |
| W_time       | W_time_95_q0          | port    |          |
| W_time       | W_time_96_address0    | port    | offset   |
| W_time       | W_time_96_ce0         | port    |          |
| W_time       | W_time_96_q0          | port    |          |
| W_time       | W_time_97_address0    | port    | offset   |
| W_time       | W_time_97_ce0         | port    |          |
| W_time       | W_time_97_q0          | port    |          |
| W_time       | W_time_98_address0    | port    | offset   |
| W_time       | W_time_98_ce0         | port    |          |
| W_time       | W_time_98_q0          | port    |          |
| W_time       | W_time_99_address0    | port    | offset   |
| W_time       | W_time_99_ce0         | port    |          |
| W_time       | W_time_99_q0          | port    |          |
| W_time       | W_time_100_address0   | port    | offset   |
| W_time       | W_time_100_ce0        | port    |          |
| W_time       | W_time_100_q0         | port    |          |
| W_time       | W_time_101_address0   | port    | offset   |
| W_time       | W_time_101_ce0        | port    |          |
| W_time       | W_time_101_q0         | port    |          |
| W_time       | W_time_102_address0   | port    | offset   |
| W_time       | W_time_102_ce0        | port    |          |
| W_time       | W_time_102_q0         | port    |          |
| W_time       | W_time_103_address0   | port    | offset   |
| W_time       | W_time_103_ce0        | port    |          |
| W_time       | W_time_103_q0         | port    |          |
| W_time       | W_time_104_address0   | port    | offset   |
| W_time       | W_time_104_ce0        | port    |          |
| W_time       | W_time_104_q0         | port    |          |
| W_time       | W_time_105_address0   | port    | offset   |
| W_time       | W_time_105_ce0        | port    |          |
| W_time       | W_time_105_q0         | port    |          |
| W_time       | W_time_106_address0   | port    | offset   |
| W_time       | W_time_106_ce0        | port    |          |
| W_time       | W_time_106_q0         | port    |          |
| W_time       | W_time_107_address0   | port    | offset   |
| W_time       | W_time_107_ce0        | port    |          |
| W_time       | W_time_107_q0         | port    |          |
| W_time       | W_time_108_address0   | port    | offset   |
| W_time       | W_time_108_ce0        | port    |          |
| W_time       | W_time_108_q0         | port    |          |
| W_time       | W_time_109_address0   | port    | offset   |
| W_time       | W_time_109_ce0        | port    |          |
| W_time       | W_time_109_q0         | port    |          |
| W_time       | W_time_110_address0   | port    | offset   |
| W_time       | W_time_110_ce0        | port    |          |
| W_time       | W_time_110_q0         | port    |          |
| W_time       | W_time_111_address0   | port    | offset   |
| W_time       | W_time_111_ce0        | port    |          |
| W_time       | W_time_111_q0         | port    |          |
| W_time       | W_time_112_address0   | port    | offset   |
| W_time       | W_time_112_ce0        | port    |          |
| W_time       | W_time_112_q0         | port    |          |
| W_time       | W_time_113_address0   | port    | offset   |
| W_time       | W_time_113_ce0        | port    |          |
| W_time       | W_time_113_q0         | port    |          |
| W_time       | W_time_114_address0   | port    | offset   |
| W_time       | W_time_114_ce0        | port    |          |
| W_time       | W_time_114_q0         | port    |          |
| W_time       | W_time_115_address0   | port    | offset   |
| W_time       | W_time_115_ce0        | port    |          |
| W_time       | W_time_115_q0         | port    |          |
| W_time       | W_time_116_address0   | port    | offset   |
| W_time       | W_time_116_ce0        | port    |          |
| W_time       | W_time_116_q0         | port    |          |
| W_time       | W_time_117_address0   | port    | offset   |
| W_time       | W_time_117_ce0        | port    |          |
| W_time       | W_time_117_q0         | port    |          |
| W_time       | W_time_118_address0   | port    | offset   |
| W_time       | W_time_118_ce0        | port    |          |
| W_time       | W_time_118_q0         | port    |          |
| W_time       | W_time_119_address0   | port    | offset   |
| W_time       | W_time_119_ce0        | port    |          |
| W_time       | W_time_119_q0         | port    |          |
| W_time       | W_time_120_address0   | port    | offset   |
| W_time       | W_time_120_ce0        | port    |          |
| W_time       | W_time_120_q0         | port    |          |
| W_time       | W_time_121_address0   | port    | offset   |
| W_time       | W_time_121_ce0        | port    |          |
| W_time       | W_time_121_q0         | port    |          |
| W_time       | W_time_122_address0   | port    | offset   |
| W_time       | W_time_122_ce0        | port    |          |
| W_time       | W_time_122_q0         | port    |          |
| W_time       | W_time_123_address0   | port    | offset   |
| W_time       | W_time_123_ce0        | port    |          |
| W_time       | W_time_123_q0         | port    |          |
| W_time       | W_time_124_address0   | port    | offset   |
| W_time       | W_time_124_ce0        | port    |          |
| W_time       | W_time_124_q0         | port    |          |
| W_time       | W_time_125_address0   | port    | offset   |
| W_time       | W_time_125_ce0        | port    |          |
| W_time       | W_time_125_q0         | port    |          |
| W_time       | W_time_126_address0   | port    | offset   |
| W_time       | W_time_126_ce0        | port    |          |
| W_time       | W_time_126_q0         | port    |          |
| W_time       | W_time_127_address0   | port    | offset   |
| W_time       | W_time_127_ce0        | port    |          |
| W_time       | W_time_127_q0         | port    |          |
| W_act_proj   | W_act_proj_0_address0 | port    | offset   |
| W_act_proj   | W_act_proj_0_ce0      | port    |          |
| W_act_proj   | W_act_proj_0_q0       | port    |          |
| W_act_proj   | W_act_proj_1_address0 | port    | offset   |
| W_act_proj   | W_act_proj_1_ce0      | port    |          |
| W_act_proj   | W_act_proj_1_q0       | port    |          |
| W_act_proj   | W_act_proj_2_address0 | port    | offset   |
| W_act_proj   | W_act_proj_2_ce0      | port    |          |
| W_act_proj   | W_act_proj_2_q0       | port    |          |
| W_act_proj   | W_act_proj_3_address0 | port    | offset   |
| W_act_proj   | W_act_proj_3_ce0      | port    |          |
| W_act_proj   | W_act_proj_3_q0       | port    |          |
| W_act_proj   | W_act_proj_4_address0 | port    | offset   |
| W_act_proj   | W_act_proj_4_ce0      | port    |          |
| W_act_proj   | W_act_proj_4_q0       | port    |          |
| W_act_proj   | W_act_proj_5_address0 | port    | offset   |
| W_act_proj   | W_act_proj_5_ce0      | port    |          |
| W_act_proj   | W_act_proj_5_q0       | port    |          |
| W_act_proj   | W_act_proj_6_address0 | port    | offset   |
| W_act_proj   | W_act_proj_6_ce0      | port    |          |
| W_act_proj   | W_act_proj_6_q0       | port    |          |
| W_ffn1       | W_ffn1_0_address0     | port    | offset   |
| W_ffn1       | W_ffn1_0_ce0          | port    |          |
| W_ffn1       | W_ffn1_0_q0           | port    |          |
| W_ffn1       | W_ffn1_1_address0     | port    | offset   |
| W_ffn1       | W_ffn1_1_ce0          | port    |          |
| W_ffn1       | W_ffn1_1_q0           | port    |          |
| W_ffn1       | W_ffn1_2_address0     | port    | offset   |
| W_ffn1       | W_ffn1_2_ce0          | port    |          |
| W_ffn1       | W_ffn1_2_q0           | port    |          |
| W_ffn1       | W_ffn1_3_address0     | port    | offset   |
| W_ffn1       | W_ffn1_3_ce0          | port    |          |
| W_ffn1       | W_ffn1_3_q0           | port    |          |
| W_ffn1       | W_ffn1_4_address0     | port    | offset   |
| W_ffn1       | W_ffn1_4_ce0          | port    |          |
| W_ffn1       | W_ffn1_4_q0           | port    |          |
| W_ffn1       | W_ffn1_5_address0     | port    | offset   |
| W_ffn1       | W_ffn1_5_ce0          | port    |          |
| W_ffn1       | W_ffn1_5_q0           | port    |          |
| W_ffn1       | W_ffn1_6_address0     | port    | offset   |
| W_ffn1       | W_ffn1_6_ce0          | port    |          |
| W_ffn1       | W_ffn1_6_q0           | port    |          |
| W_ffn1       | W_ffn1_7_address0     | port    | offset   |
| W_ffn1       | W_ffn1_7_ce0          | port    |          |
| W_ffn1       | W_ffn1_7_q0           | port    |          |
| W_ffn1       | W_ffn1_8_address0     | port    | offset   |
| W_ffn1       | W_ffn1_8_ce0          | port    |          |
| W_ffn1       | W_ffn1_8_q0           | port    |          |
| W_ffn1       | W_ffn1_9_address0     | port    | offset   |
| W_ffn1       | W_ffn1_9_ce0          | port    |          |
| W_ffn1       | W_ffn1_9_q0           | port    |          |
| W_ffn1       | W_ffn1_10_address0    | port    | offset   |
| W_ffn1       | W_ffn1_10_ce0         | port    |          |
| W_ffn1       | W_ffn1_10_q0          | port    |          |
| W_ffn1       | W_ffn1_11_address0    | port    | offset   |
| W_ffn1       | W_ffn1_11_ce0         | port    |          |
| W_ffn1       | W_ffn1_11_q0          | port    |          |
| W_ffn1       | W_ffn1_12_address0    | port    | offset   |
| W_ffn1       | W_ffn1_12_ce0         | port    |          |
| W_ffn1       | W_ffn1_12_q0          | port    |          |
| W_ffn1       | W_ffn1_13_address0    | port    | offset   |
| W_ffn1       | W_ffn1_13_ce0         | port    |          |
| W_ffn1       | W_ffn1_13_q0          | port    |          |
| W_ffn1       | W_ffn1_14_address0    | port    | offset   |
| W_ffn1       | W_ffn1_14_ce0         | port    |          |
| W_ffn1       | W_ffn1_14_q0          | port    |          |
| W_ffn1       | W_ffn1_15_address0    | port    | offset   |
| W_ffn1       | W_ffn1_15_ce0         | port    |          |
| W_ffn1       | W_ffn1_15_q0          | port    |          |
| W_ffn1       | W_ffn1_16_address0    | port    | offset   |
| W_ffn1       | W_ffn1_16_ce0         | port    |          |
| W_ffn1       | W_ffn1_16_q0          | port    |          |
| W_ffn1       | W_ffn1_17_address0    | port    | offset   |
| W_ffn1       | W_ffn1_17_ce0         | port    |          |
| W_ffn1       | W_ffn1_17_q0          | port    |          |
| W_ffn1       | W_ffn1_18_address0    | port    | offset   |
| W_ffn1       | W_ffn1_18_ce0         | port    |          |
| W_ffn1       | W_ffn1_18_q0          | port    |          |
| W_ffn1       | W_ffn1_19_address0    | port    | offset   |
| W_ffn1       | W_ffn1_19_ce0         | port    |          |
| W_ffn1       | W_ffn1_19_q0          | port    |          |
| W_ffn1       | W_ffn1_20_address0    | port    | offset   |
| W_ffn1       | W_ffn1_20_ce0         | port    |          |
| W_ffn1       | W_ffn1_20_q0          | port    |          |
| W_ffn1       | W_ffn1_21_address0    | port    | offset   |
| W_ffn1       | W_ffn1_21_ce0         | port    |          |
| W_ffn1       | W_ffn1_21_q0          | port    |          |
| W_ffn1       | W_ffn1_22_address0    | port    | offset   |
| W_ffn1       | W_ffn1_22_ce0         | port    |          |
| W_ffn1       | W_ffn1_22_q0          | port    |          |
| W_ffn1       | W_ffn1_23_address0    | port    | offset   |
| W_ffn1       | W_ffn1_23_ce0         | port    |          |
| W_ffn1       | W_ffn1_23_q0          | port    |          |
| W_ffn1       | W_ffn1_24_address0    | port    | offset   |
| W_ffn1       | W_ffn1_24_ce0         | port    |          |
| W_ffn1       | W_ffn1_24_q0          | port    |          |
| W_ffn1       | W_ffn1_25_address0    | port    | offset   |
| W_ffn1       | W_ffn1_25_ce0         | port    |          |
| W_ffn1       | W_ffn1_25_q0          | port    |          |
| W_ffn1       | W_ffn1_26_address0    | port    | offset   |
| W_ffn1       | W_ffn1_26_ce0         | port    |          |
| W_ffn1       | W_ffn1_26_q0          | port    |          |
| W_ffn1       | W_ffn1_27_address0    | port    | offset   |
| W_ffn1       | W_ffn1_27_ce0         | port    |          |
| W_ffn1       | W_ffn1_27_q0          | port    |          |
| W_ffn1       | W_ffn1_28_address0    | port    | offset   |
| W_ffn1       | W_ffn1_28_ce0         | port    |          |
| W_ffn1       | W_ffn1_28_q0          | port    |          |
| W_ffn1       | W_ffn1_29_address0    | port    | offset   |
| W_ffn1       | W_ffn1_29_ce0         | port    |          |
| W_ffn1       | W_ffn1_29_q0          | port    |          |
| W_ffn1       | W_ffn1_30_address0    | port    | offset   |
| W_ffn1       | W_ffn1_30_ce0         | port    |          |
| W_ffn1       | W_ffn1_30_q0          | port    |          |
| W_ffn1       | W_ffn1_31_address0    | port    | offset   |
| W_ffn1       | W_ffn1_31_ce0         | port    |          |
| W_ffn1       | W_ffn1_31_q0          | port    |          |
| W_ffn1       | W_ffn1_32_address0    | port    | offset   |
| W_ffn1       | W_ffn1_32_ce0         | port    |          |
| W_ffn1       | W_ffn1_32_q0          | port    |          |
| W_ffn1       | W_ffn1_33_address0    | port    | offset   |
| W_ffn1       | W_ffn1_33_ce0         | port    |          |
| W_ffn1       | W_ffn1_33_q0          | port    |          |
| W_ffn1       | W_ffn1_34_address0    | port    | offset   |
| W_ffn1       | W_ffn1_34_ce0         | port    |          |
| W_ffn1       | W_ffn1_34_q0          | port    |          |
| W_ffn1       | W_ffn1_35_address0    | port    | offset   |
| W_ffn1       | W_ffn1_35_ce0         | port    |          |
| W_ffn1       | W_ffn1_35_q0          | port    |          |
| W_ffn1       | W_ffn1_36_address0    | port    | offset   |
| W_ffn1       | W_ffn1_36_ce0         | port    |          |
| W_ffn1       | W_ffn1_36_q0          | port    |          |
| W_ffn1       | W_ffn1_37_address0    | port    | offset   |
| W_ffn1       | W_ffn1_37_ce0         | port    |          |
| W_ffn1       | W_ffn1_37_q0          | port    |          |
| W_ffn1       | W_ffn1_38_address0    | port    | offset   |
| W_ffn1       | W_ffn1_38_ce0         | port    |          |
| W_ffn1       | W_ffn1_38_q0          | port    |          |
| W_ffn1       | W_ffn1_39_address0    | port    | offset   |
| W_ffn1       | W_ffn1_39_ce0         | port    |          |
| W_ffn1       | W_ffn1_39_q0          | port    |          |
| W_ffn1       | W_ffn1_40_address0    | port    | offset   |
| W_ffn1       | W_ffn1_40_ce0         | port    |          |
| W_ffn1       | W_ffn1_40_q0          | port    |          |
| W_ffn1       | W_ffn1_41_address0    | port    | offset   |
| W_ffn1       | W_ffn1_41_ce0         | port    |          |
| W_ffn1       | W_ffn1_41_q0          | port    |          |
| W_ffn1       | W_ffn1_42_address0    | port    | offset   |
| W_ffn1       | W_ffn1_42_ce0         | port    |          |
| W_ffn1       | W_ffn1_42_q0          | port    |          |
| W_ffn1       | W_ffn1_43_address0    | port    | offset   |
| W_ffn1       | W_ffn1_43_ce0         | port    |          |
| W_ffn1       | W_ffn1_43_q0          | port    |          |
| W_ffn1       | W_ffn1_44_address0    | port    | offset   |
| W_ffn1       | W_ffn1_44_ce0         | port    |          |
| W_ffn1       | W_ffn1_44_q0          | port    |          |
| W_ffn1       | W_ffn1_45_address0    | port    | offset   |
| W_ffn1       | W_ffn1_45_ce0         | port    |          |
| W_ffn1       | W_ffn1_45_q0          | port    |          |
| W_ffn1       | W_ffn1_46_address0    | port    | offset   |
| W_ffn1       | W_ffn1_46_ce0         | port    |          |
| W_ffn1       | W_ffn1_46_q0          | port    |          |
| W_ffn1       | W_ffn1_47_address0    | port    | offset   |
| W_ffn1       | W_ffn1_47_ce0         | port    |          |
| W_ffn1       | W_ffn1_47_q0          | port    |          |
| W_ffn1       | W_ffn1_48_address0    | port    | offset   |
| W_ffn1       | W_ffn1_48_ce0         | port    |          |
| W_ffn1       | W_ffn1_48_q0          | port    |          |
| W_ffn1       | W_ffn1_49_address0    | port    | offset   |
| W_ffn1       | W_ffn1_49_ce0         | port    |          |
| W_ffn1       | W_ffn1_49_q0          | port    |          |
| W_ffn1       | W_ffn1_50_address0    | port    | offset   |
| W_ffn1       | W_ffn1_50_ce0         | port    |          |
| W_ffn1       | W_ffn1_50_q0          | port    |          |
| W_ffn1       | W_ffn1_51_address0    | port    | offset   |
| W_ffn1       | W_ffn1_51_ce0         | port    |          |
| W_ffn1       | W_ffn1_51_q0          | port    |          |
| W_ffn1       | W_ffn1_52_address0    | port    | offset   |
| W_ffn1       | W_ffn1_52_ce0         | port    |          |
| W_ffn1       | W_ffn1_52_q0          | port    |          |
| W_ffn1       | W_ffn1_53_address0    | port    | offset   |
| W_ffn1       | W_ffn1_53_ce0         | port    |          |
| W_ffn1       | W_ffn1_53_q0          | port    |          |
| W_ffn1       | W_ffn1_54_address0    | port    | offset   |
| W_ffn1       | W_ffn1_54_ce0         | port    |          |
| W_ffn1       | W_ffn1_54_q0          | port    |          |
| W_ffn1       | W_ffn1_55_address0    | port    | offset   |
| W_ffn1       | W_ffn1_55_ce0         | port    |          |
| W_ffn1       | W_ffn1_55_q0          | port    |          |
| W_ffn1       | W_ffn1_56_address0    | port    | offset   |
| W_ffn1       | W_ffn1_56_ce0         | port    |          |
| W_ffn1       | W_ffn1_56_q0          | port    |          |
| W_ffn1       | W_ffn1_57_address0    | port    | offset   |
| W_ffn1       | W_ffn1_57_ce0         | port    |          |
| W_ffn1       | W_ffn1_57_q0          | port    |          |
| W_ffn1       | W_ffn1_58_address0    | port    | offset   |
| W_ffn1       | W_ffn1_58_ce0         | port    |          |
| W_ffn1       | W_ffn1_58_q0          | port    |          |
| W_ffn1       | W_ffn1_59_address0    | port    | offset   |
| W_ffn1       | W_ffn1_59_ce0         | port    |          |
| W_ffn1       | W_ffn1_59_q0          | port    |          |
| W_ffn1       | W_ffn1_60_address0    | port    | offset   |
| W_ffn1       | W_ffn1_60_ce0         | port    |          |
| W_ffn1       | W_ffn1_60_q0          | port    |          |
| W_ffn1       | W_ffn1_61_address0    | port    | offset   |
| W_ffn1       | W_ffn1_61_ce0         | port    |          |
| W_ffn1       | W_ffn1_61_q0          | port    |          |
| W_ffn1       | W_ffn1_62_address0    | port    | offset   |
| W_ffn1       | W_ffn1_62_ce0         | port    |          |
| W_ffn1       | W_ffn1_62_q0          | port    |          |
| W_ffn1       | W_ffn1_63_address0    | port    | offset   |
| W_ffn1       | W_ffn1_63_ce0         | port    |          |
| W_ffn1       | W_ffn1_63_q0          | port    |          |
| W_ffn2       | W_ffn2_0_address0     | port    | offset   |
| W_ffn2       | W_ffn2_0_ce0          | port    |          |
| W_ffn2       | W_ffn2_0_q0           | port    |          |
| W_ffn2       | W_ffn2_1_address0     | port    | offset   |
| W_ffn2       | W_ffn2_1_ce0          | port    |          |
| W_ffn2       | W_ffn2_1_q0           | port    |          |
| W_ffn2       | W_ffn2_2_address0     | port    | offset   |
| W_ffn2       | W_ffn2_2_ce0          | port    |          |
| W_ffn2       | W_ffn2_2_q0           | port    |          |
| W_ffn2       | W_ffn2_3_address0     | port    | offset   |
| W_ffn2       | W_ffn2_3_ce0          | port    |          |
| W_ffn2       | W_ffn2_3_q0           | port    |          |
| W_ffn2       | W_ffn2_4_address0     | port    | offset   |
| W_ffn2       | W_ffn2_4_ce0          | port    |          |
| W_ffn2       | W_ffn2_4_q0           | port    |          |
| W_ffn2       | W_ffn2_5_address0     | port    | offset   |
| W_ffn2       | W_ffn2_5_ce0          | port    |          |
| W_ffn2       | W_ffn2_5_q0           | port    |          |
| W_ffn2       | W_ffn2_6_address0     | port    | offset   |
| W_ffn2       | W_ffn2_6_ce0          | port    |          |
| W_ffn2       | W_ffn2_6_q0           | port    |          |
| W_ffn2       | W_ffn2_7_address0     | port    | offset   |
| W_ffn2       | W_ffn2_7_ce0          | port    |          |
| W_ffn2       | W_ffn2_7_q0           | port    |          |
| W_ffn2       | W_ffn2_8_address0     | port    | offset   |
| W_ffn2       | W_ffn2_8_ce0          | port    |          |
| W_ffn2       | W_ffn2_8_q0           | port    |          |
| W_ffn2       | W_ffn2_9_address0     | port    | offset   |
| W_ffn2       | W_ffn2_9_ce0          | port    |          |
| W_ffn2       | W_ffn2_9_q0           | port    |          |
| W_ffn2       | W_ffn2_10_address0    | port    | offset   |
| W_ffn2       | W_ffn2_10_ce0         | port    |          |
| W_ffn2       | W_ffn2_10_q0          | port    |          |
| W_ffn2       | W_ffn2_11_address0    | port    | offset   |
| W_ffn2       | W_ffn2_11_ce0         | port    |          |
| W_ffn2       | W_ffn2_11_q0          | port    |          |
| W_ffn2       | W_ffn2_12_address0    | port    | offset   |
| W_ffn2       | W_ffn2_12_ce0         | port    |          |
| W_ffn2       | W_ffn2_12_q0          | port    |          |
| W_ffn2       | W_ffn2_13_address0    | port    | offset   |
| W_ffn2       | W_ffn2_13_ce0         | port    |          |
| W_ffn2       | W_ffn2_13_q0          | port    |          |
| W_ffn2       | W_ffn2_14_address0    | port    | offset   |
| W_ffn2       | W_ffn2_14_ce0         | port    |          |
| W_ffn2       | W_ffn2_14_q0          | port    |          |
| W_ffn2       | W_ffn2_15_address0    | port    | offset   |
| W_ffn2       | W_ffn2_15_ce0         | port    |          |
| W_ffn2       | W_ffn2_15_q0          | port    |          |
| W_ffn2       | W_ffn2_16_address0    | port    | offset   |
| W_ffn2       | W_ffn2_16_ce0         | port    |          |
| W_ffn2       | W_ffn2_16_q0          | port    |          |
| W_ffn2       | W_ffn2_17_address0    | port    | offset   |
| W_ffn2       | W_ffn2_17_ce0         | port    |          |
| W_ffn2       | W_ffn2_17_q0          | port    |          |
| W_ffn2       | W_ffn2_18_address0    | port    | offset   |
| W_ffn2       | W_ffn2_18_ce0         | port    |          |
| W_ffn2       | W_ffn2_18_q0          | port    |          |
| W_ffn2       | W_ffn2_19_address0    | port    | offset   |
| W_ffn2       | W_ffn2_19_ce0         | port    |          |
| W_ffn2       | W_ffn2_19_q0          | port    |          |
| W_ffn2       | W_ffn2_20_address0    | port    | offset   |
| W_ffn2       | W_ffn2_20_ce0         | port    |          |
| W_ffn2       | W_ffn2_20_q0          | port    |          |
| W_ffn2       | W_ffn2_21_address0    | port    | offset   |
| W_ffn2       | W_ffn2_21_ce0         | port    |          |
| W_ffn2       | W_ffn2_21_q0          | port    |          |
| W_ffn2       | W_ffn2_22_address0    | port    | offset   |
| W_ffn2       | W_ffn2_22_ce0         | port    |          |
| W_ffn2       | W_ffn2_22_q0          | port    |          |
| W_ffn2       | W_ffn2_23_address0    | port    | offset   |
| W_ffn2       | W_ffn2_23_ce0         | port    |          |
| W_ffn2       | W_ffn2_23_q0          | port    |          |
| W_ffn2       | W_ffn2_24_address0    | port    | offset   |
| W_ffn2       | W_ffn2_24_ce0         | port    |          |
| W_ffn2       | W_ffn2_24_q0          | port    |          |
| W_ffn2       | W_ffn2_25_address0    | port    | offset   |
| W_ffn2       | W_ffn2_25_ce0         | port    |          |
| W_ffn2       | W_ffn2_25_q0          | port    |          |
| W_ffn2       | W_ffn2_26_address0    | port    | offset   |
| W_ffn2       | W_ffn2_26_ce0         | port    |          |
| W_ffn2       | W_ffn2_26_q0          | port    |          |
| W_ffn2       | W_ffn2_27_address0    | port    | offset   |
| W_ffn2       | W_ffn2_27_ce0         | port    |          |
| W_ffn2       | W_ffn2_27_q0          | port    |          |
| W_ffn2       | W_ffn2_28_address0    | port    | offset   |
| W_ffn2       | W_ffn2_28_ce0         | port    |          |
| W_ffn2       | W_ffn2_28_q0          | port    |          |
| W_ffn2       | W_ffn2_29_address0    | port    | offset   |
| W_ffn2       | W_ffn2_29_ce0         | port    |          |
| W_ffn2       | W_ffn2_29_q0          | port    |          |
| W_ffn2       | W_ffn2_30_address0    | port    | offset   |
| W_ffn2       | W_ffn2_30_ce0         | port    |          |
| W_ffn2       | W_ffn2_30_q0          | port    |          |
| W_ffn2       | W_ffn2_31_address0    | port    | offset   |
| W_ffn2       | W_ffn2_31_ce0         | port    |          |
| W_ffn2       | W_ffn2_31_q0          | port    |          |
| W_ffn2       | W_ffn2_32_address0    | port    | offset   |
| W_ffn2       | W_ffn2_32_ce0         | port    |          |
| W_ffn2       | W_ffn2_32_q0          | port    |          |
| W_ffn2       | W_ffn2_33_address0    | port    | offset   |
| W_ffn2       | W_ffn2_33_ce0         | port    |          |
| W_ffn2       | W_ffn2_33_q0          | port    |          |
| W_ffn2       | W_ffn2_34_address0    | port    | offset   |
| W_ffn2       | W_ffn2_34_ce0         | port    |          |
| W_ffn2       | W_ffn2_34_q0          | port    |          |
| W_ffn2       | W_ffn2_35_address0    | port    | offset   |
| W_ffn2       | W_ffn2_35_ce0         | port    |          |
| W_ffn2       | W_ffn2_35_q0          | port    |          |
| W_ffn2       | W_ffn2_36_address0    | port    | offset   |
| W_ffn2       | W_ffn2_36_ce0         | port    |          |
| W_ffn2       | W_ffn2_36_q0          | port    |          |
| W_ffn2       | W_ffn2_37_address0    | port    | offset   |
| W_ffn2       | W_ffn2_37_ce0         | port    |          |
| W_ffn2       | W_ffn2_37_q0          | port    |          |
| W_ffn2       | W_ffn2_38_address0    | port    | offset   |
| W_ffn2       | W_ffn2_38_ce0         | port    |          |
| W_ffn2       | W_ffn2_38_q0          | port    |          |
| W_ffn2       | W_ffn2_39_address0    | port    | offset   |
| W_ffn2       | W_ffn2_39_ce0         | port    |          |
| W_ffn2       | W_ffn2_39_q0          | port    |          |
| W_ffn2       | W_ffn2_40_address0    | port    | offset   |
| W_ffn2       | W_ffn2_40_ce0         | port    |          |
| W_ffn2       | W_ffn2_40_q0          | port    |          |
| W_ffn2       | W_ffn2_41_address0    | port    | offset   |
| W_ffn2       | W_ffn2_41_ce0         | port    |          |
| W_ffn2       | W_ffn2_41_q0          | port    |          |
| W_ffn2       | W_ffn2_42_address0    | port    | offset   |
| W_ffn2       | W_ffn2_42_ce0         | port    |          |
| W_ffn2       | W_ffn2_42_q0          | port    |          |
| W_ffn2       | W_ffn2_43_address0    | port    | offset   |
| W_ffn2       | W_ffn2_43_ce0         | port    |          |
| W_ffn2       | W_ffn2_43_q0          | port    |          |
| W_ffn2       | W_ffn2_44_address0    | port    | offset   |
| W_ffn2       | W_ffn2_44_ce0         | port    |          |
| W_ffn2       | W_ffn2_44_q0          | port    |          |
| W_ffn2       | W_ffn2_45_address0    | port    | offset   |
| W_ffn2       | W_ffn2_45_ce0         | port    |          |
| W_ffn2       | W_ffn2_45_q0          | port    |          |
| W_ffn2       | W_ffn2_46_address0    | port    | offset   |
| W_ffn2       | W_ffn2_46_ce0         | port    |          |
| W_ffn2       | W_ffn2_46_q0          | port    |          |
| W_ffn2       | W_ffn2_47_address0    | port    | offset   |
| W_ffn2       | W_ffn2_47_ce0         | port    |          |
| W_ffn2       | W_ffn2_47_q0          | port    |          |
| W_ffn2       | W_ffn2_48_address0    | port    | offset   |
| W_ffn2       | W_ffn2_48_ce0         | port    |          |
| W_ffn2       | W_ffn2_48_q0          | port    |          |
| W_ffn2       | W_ffn2_49_address0    | port    | offset   |
| W_ffn2       | W_ffn2_49_ce0         | port    |          |
| W_ffn2       | W_ffn2_49_q0          | port    |          |
| W_ffn2       | W_ffn2_50_address0    | port    | offset   |
| W_ffn2       | W_ffn2_50_ce0         | port    |          |
| W_ffn2       | W_ffn2_50_q0          | port    |          |
| W_ffn2       | W_ffn2_51_address0    | port    | offset   |
| W_ffn2       | W_ffn2_51_ce0         | port    |          |
| W_ffn2       | W_ffn2_51_q0          | port    |          |
| W_ffn2       | W_ffn2_52_address0    | port    | offset   |
| W_ffn2       | W_ffn2_52_ce0         | port    |          |
| W_ffn2       | W_ffn2_52_q0          | port    |          |
| W_ffn2       | W_ffn2_53_address0    | port    | offset   |
| W_ffn2       | W_ffn2_53_ce0         | port    |          |
| W_ffn2       | W_ffn2_53_q0          | port    |          |
| W_ffn2       | W_ffn2_54_address0    | port    | offset   |
| W_ffn2       | W_ffn2_54_ce0         | port    |          |
| W_ffn2       | W_ffn2_54_q0          | port    |          |
| W_ffn2       | W_ffn2_55_address0    | port    | offset   |
| W_ffn2       | W_ffn2_55_ce0         | port    |          |
| W_ffn2       | W_ffn2_55_q0          | port    |          |
| W_ffn2       | W_ffn2_56_address0    | port    | offset   |
| W_ffn2       | W_ffn2_56_ce0         | port    |          |
| W_ffn2       | W_ffn2_56_q0          | port    |          |
| W_ffn2       | W_ffn2_57_address0    | port    | offset   |
| W_ffn2       | W_ffn2_57_ce0         | port    |          |
| W_ffn2       | W_ffn2_57_q0          | port    |          |
| W_ffn2       | W_ffn2_58_address0    | port    | offset   |
| W_ffn2       | W_ffn2_58_ce0         | port    |          |
| W_ffn2       | W_ffn2_58_q0          | port    |          |
| W_ffn2       | W_ffn2_59_address0    | port    | offset   |
| W_ffn2       | W_ffn2_59_ce0         | port    |          |
| W_ffn2       | W_ffn2_59_q0          | port    |          |
| W_ffn2       | W_ffn2_60_address0    | port    | offset   |
| W_ffn2       | W_ffn2_60_ce0         | port    |          |
| W_ffn2       | W_ffn2_60_q0          | port    |          |
| W_ffn2       | W_ffn2_61_address0    | port    | offset   |
| W_ffn2       | W_ffn2_61_ce0         | port    |          |
| W_ffn2       | W_ffn2_61_q0          | port    |          |
| W_ffn2       | W_ffn2_62_address0    | port    | offset   |
| W_ffn2       | W_ffn2_62_ce0         | port    |          |
| W_ffn2       | W_ffn2_62_q0          | port    |          |
| W_ffn2       | W_ffn2_63_address0    | port    | offset   |
| W_ffn2       | W_ffn2_63_ce0         | port    |          |
| W_ffn2       | W_ffn2_63_q0          | port    |          |
| W_out        | W_out_0_address0      | port    | offset   |
| W_out        | W_out_0_ce0           | port    |          |
| W_out        | W_out_0_q0            | port    |          |
| W_out        | W_out_1_address0      | port    | offset   |
| W_out        | W_out_1_ce0           | port    |          |
| W_out        | W_out_1_q0            | port    |          |
| W_out        | W_out_2_address0      | port    | offset   |
| W_out        | W_out_2_ce0           | port    |          |
| W_out        | W_out_2_q0            | port    |          |
| W_out        | W_out_3_address0      | port    | offset   |
| W_out        | W_out_3_ce0           | port    |          |
| W_out        | W_out_3_q0            | port    |          |
| W_out        | W_out_4_address0      | port    | offset   |
| W_out        | W_out_4_ce0           | port    |          |
| W_out        | W_out_4_q0            | port    |          |
| W_out        | W_out_5_address0      | port    | offset   |
| W_out        | W_out_5_ce0           | port    |          |
| W_out        | W_out_5_q0            | port    |          |
| W_out        | W_out_6_address0      | port    | offset   |
| W_out        | W_out_6_ce0           | port    |          |
| W_out        | W_out_6_q0            | port    |          |
| W_out        | W_out_7_address0      | port    | offset   |
| W_out        | W_out_7_ce0           | port    |          |
| W_out        | W_out_7_q0            | port    |          |
| W_out        | W_out_8_address0      | port    | offset   |
| W_out        | W_out_8_ce0           | port    |          |
| W_out        | W_out_8_q0            | port    |          |
| W_out        | W_out_9_address0      | port    | offset   |
| W_out        | W_out_9_ce0           | port    |          |
| W_out        | W_out_9_q0            | port    |          |
| W_out        | W_out_10_address0     | port    | offset   |
| W_out        | W_out_10_ce0          | port    |          |
| W_out        | W_out_10_q0           | port    |          |
| W_out        | W_out_11_address0     | port    | offset   |
| W_out        | W_out_11_ce0          | port    |          |
| W_out        | W_out_11_q0           | port    |          |
| W_out        | W_out_12_address0     | port    | offset   |
| W_out        | W_out_12_ce0          | port    |          |
| W_out        | W_out_12_q0           | port    |          |
| W_out        | W_out_13_address0     | port    | offset   |
| W_out        | W_out_13_ce0          | port    |          |
| W_out        | W_out_13_q0           | port    |          |
| W_out        | W_out_14_address0     | port    | offset   |
| W_out        | W_out_14_ce0          | port    |          |
| W_out        | W_out_14_q0           | port    |          |
| W_out        | W_out_15_address0     | port    | offset   |
| W_out        | W_out_15_ce0          | port    |          |
| W_out        | W_out_15_q0           | port    |          |
| W_out        | W_out_16_address0     | port    | offset   |
| W_out        | W_out_16_ce0          | port    |          |
| W_out        | W_out_16_q0           | port    |          |
| W_out        | W_out_17_address0     | port    | offset   |
| W_out        | W_out_17_ce0          | port    |          |
| W_out        | W_out_17_q0           | port    |          |
| W_out        | W_out_18_address0     | port    | offset   |
| W_out        | W_out_18_ce0          | port    |          |
| W_out        | W_out_18_q0           | port    |          |
| W_out        | W_out_19_address0     | port    | offset   |
| W_out        | W_out_19_ce0          | port    |          |
| W_out        | W_out_19_q0           | port    |          |
| W_out        | W_out_20_address0     | port    | offset   |
| W_out        | W_out_20_ce0          | port    |          |
| W_out        | W_out_20_q0           | port    |          |
| W_out        | W_out_21_address0     | port    | offset   |
| W_out        | W_out_21_ce0          | port    |          |
| W_out        | W_out_21_q0           | port    |          |
| W_out        | W_out_22_address0     | port    | offset   |
| W_out        | W_out_22_ce0          | port    |          |
| W_out        | W_out_22_q0           | port    |          |
| W_out        | W_out_23_address0     | port    | offset   |
| W_out        | W_out_23_ce0          | port    |          |
| W_out        | W_out_23_q0           | port    |          |
| W_out        | W_out_24_address0     | port    | offset   |
| W_out        | W_out_24_ce0          | port    |          |
| W_out        | W_out_24_q0           | port    |          |
| W_out        | W_out_25_address0     | port    | offset   |
| W_out        | W_out_25_ce0          | port    |          |
| W_out        | W_out_25_q0           | port    |          |
| W_out        | W_out_26_address0     | port    | offset   |
| W_out        | W_out_26_ce0          | port    |          |
| W_out        | W_out_26_q0           | port    |          |
| W_out        | W_out_27_address0     | port    | offset   |
| W_out        | W_out_27_ce0          | port    |          |
| W_out        | W_out_27_q0           | port    |          |
| W_out        | W_out_28_address0     | port    | offset   |
| W_out        | W_out_28_ce0          | port    |          |
| W_out        | W_out_28_q0           | port    |          |
| W_out        | W_out_29_address0     | port    | offset   |
| W_out        | W_out_29_ce0          | port    |          |
| W_out        | W_out_29_q0           | port    |          |
| W_out        | W_out_30_address0     | port    | offset   |
| W_out        | W_out_30_ce0          | port    |          |
| W_out        | W_out_30_q0           | port    |          |
| W_out        | W_out_31_address0     | port    | offset   |
| W_out        | W_out_31_ce0          | port    |          |
| W_out        | W_out_31_q0           | port    |          |
| W_out        | W_out_32_address0     | port    | offset   |
| W_out        | W_out_32_ce0          | port    |          |
| W_out        | W_out_32_q0           | port    |          |
| W_out        | W_out_33_address0     | port    | offset   |
| W_out        | W_out_33_ce0          | port    |          |
| W_out        | W_out_33_q0           | port    |          |
| W_out        | W_out_34_address0     | port    | offset   |
| W_out        | W_out_34_ce0          | port    |          |
| W_out        | W_out_34_q0           | port    |          |
| W_out        | W_out_35_address0     | port    | offset   |
| W_out        | W_out_35_ce0          | port    |          |
| W_out        | W_out_35_q0           | port    |          |
| W_out        | W_out_36_address0     | port    | offset   |
| W_out        | W_out_36_ce0          | port    |          |
| W_out        | W_out_36_q0           | port    |          |
| W_out        | W_out_37_address0     | port    | offset   |
| W_out        | W_out_37_ce0          | port    |          |
| W_out        | W_out_37_q0           | port    |          |
| W_out        | W_out_38_address0     | port    | offset   |
| W_out        | W_out_38_ce0          | port    |          |
| W_out        | W_out_38_q0           | port    |          |
| W_out        | W_out_39_address0     | port    | offset   |
| W_out        | W_out_39_ce0          | port    |          |
| W_out        | W_out_39_q0           | port    |          |
| W_out        | W_out_40_address0     | port    | offset   |
| W_out        | W_out_40_ce0          | port    |          |
| W_out        | W_out_40_q0           | port    |          |
| W_out        | W_out_41_address0     | port    | offset   |
| W_out        | W_out_41_ce0          | port    |          |
| W_out        | W_out_41_q0           | port    |          |
| W_out        | W_out_42_address0     | port    | offset   |
| W_out        | W_out_42_ce0          | port    |          |
| W_out        | W_out_42_q0           | port    |          |
| W_out        | W_out_43_address0     | port    | offset   |
| W_out        | W_out_43_ce0          | port    |          |
| W_out        | W_out_43_q0           | port    |          |
| W_out        | W_out_44_address0     | port    | offset   |
| W_out        | W_out_44_ce0          | port    |          |
| W_out        | W_out_44_q0           | port    |          |
| W_out        | W_out_45_address0     | port    | offset   |
| W_out        | W_out_45_ce0          | port    |          |
| W_out        | W_out_45_q0           | port    |          |
| W_out        | W_out_46_address0     | port    | offset   |
| W_out        | W_out_46_ce0          | port    |          |
| W_out        | W_out_46_q0           | port    |          |
| W_out        | W_out_47_address0     | port    | offset   |
| W_out        | W_out_47_ce0          | port    |          |
| W_out        | W_out_47_q0           | port    |          |
| W_out        | W_out_48_address0     | port    | offset   |
| W_out        | W_out_48_ce0          | port    |          |
| W_out        | W_out_48_q0           | port    |          |
| W_out        | W_out_49_address0     | port    | offset   |
| W_out        | W_out_49_ce0          | port    |          |
| W_out        | W_out_49_q0           | port    |          |
| W_out        | W_out_50_address0     | port    | offset   |
| W_out        | W_out_50_ce0          | port    |          |
| W_out        | W_out_50_q0           | port    |          |
| W_out        | W_out_51_address0     | port    | offset   |
| W_out        | W_out_51_ce0          | port    |          |
| W_out        | W_out_51_q0           | port    |          |
| W_out        | W_out_52_address0     | port    | offset   |
| W_out        | W_out_52_ce0          | port    |          |
| W_out        | W_out_52_q0           | port    |          |
| W_out        | W_out_53_address0     | port    | offset   |
| W_out        | W_out_53_ce0          | port    |          |
| W_out        | W_out_53_q0           | port    |          |
| W_out        | W_out_54_address0     | port    | offset   |
| W_out        | W_out_54_ce0          | port    |          |
| W_out        | W_out_54_q0           | port    |          |
| W_out        | W_out_55_address0     | port    | offset   |
| W_out        | W_out_55_ce0          | port    |          |
| W_out        | W_out_55_q0           | port    |          |
| W_out        | W_out_56_address0     | port    | offset   |
| W_out        | W_out_56_ce0          | port    |          |
| W_out        | W_out_56_q0           | port    |          |
| W_out        | W_out_57_address0     | port    | offset   |
| W_out        | W_out_57_ce0          | port    |          |
| W_out        | W_out_57_q0           | port    |          |
| W_out        | W_out_58_address0     | port    | offset   |
| W_out        | W_out_58_ce0          | port    |          |
| W_out        | W_out_58_q0           | port    |          |
| W_out        | W_out_59_address0     | port    | offset   |
| W_out        | W_out_59_ce0          | port    |          |
| W_out        | W_out_59_q0           | port    |          |
| W_out        | W_out_60_address0     | port    | offset   |
| W_out        | W_out_60_ce0          | port    |          |
| W_out        | W_out_60_q0           | port    |          |
| W_out        | W_out_61_address0     | port    | offset   |
| W_out        | W_out_61_ce0          | port    |          |
| W_out        | W_out_61_q0           | port    |          |
| W_out        | W_out_62_address0     | port    | offset   |
| W_out        | W_out_62_ce0          | port    |          |
| W_out        | W_out_62_q0           | port    |          |
| W_out        | W_out_63_address0     | port    | offset   |
| W_out        | W_out_63_ce0          | port    |          |
| W_out        | W_out_63_q0           | port    |          |
| out          | out_r_address0        | port    | offset   |
| out          | out_r_ce0             | port    |          |
| out          | out_r_we0             | port    |          |
| out          | out_r_d0              | port    |          |
+--------------+-----------------------+---------+----------+


================================================================
== Bind Op Report
================================================================
+--------------------------------------------------------+-----+--------+-----------------+--------+----------------+---------+
| Name                                                   | DSP | Pragma | Variable        | Op     | Impl           | Latency |
+--------------------------------------------------------+-----+--------+-----------------+--------+----------------+---------+
| + action_diff_head                                     | 259 |        |                 |        |                |         |
|   cmp133_fu_6770_p2                                    |     |        | cmp133          | setgt  | auto           | 0       |
|   add_ln178_fu_6780_p2                                 |     |        | add_ln178       | add    | fabric         | 0       |
|   icmp_ln178_fu_6786_p2                                |     |        | icmp_ln178      | seteq  | auto           | 0       |
|   icmp_ln189_fu_6832_p2                                |     |        | icmp_ln189      | setgt  | auto           | 0       |
|   add_ln198_fu_7118_p2                                 |     |        | add_ln198       | add    | fabric         | 0       |
|   icmp_ln198_fu_7124_p2                                |     |        | icmp_ln198      | seteq  | auto           | 0       |
|  + action_diff_head_Pipeline_TIME_LOOP                 | 64  |        |                 |        |                |         |
|    add_ln61_fu_3810_p2                                 |     |        | add_ln61        | add    | fabric         | 0       |
|    icmp_ln61_fu_3816_p2                                |     |        | icmp_ln61       | seteq  | auto           | 0       |
|    mac_muladd_8s_8s_16s_17_4_1_U66                     | 1   |        | mul_ln66        | mul    | dsp_slice      | 3       |
|    mac_muladd_8s_8s_16s_17_4_1_U66                     | 1   |        | sext_ln66_127   | sext   | dsp_slice      | 3       |
|    mac_muladd_8s_8s_16s_17_4_1_U67                     | 1   |        | mul_ln66_1      | mul    | dsp_slice      | 3       |
|    mac_muladd_8s_8s_16s_17_4_1_U67                     | 1   |        | sext_ln66_128   | sext   | dsp_slice      | 3       |
|    mul_8s_8s_16_1_1_U2                                 |     |        | mul_ln66_2      | mul    | auto           | 0       |
|    mul_8s_8s_16_1_1_U3                                 |     |        | mul_ln66_3      | mul    | auto           | 0       |
|    mul_8s_8s_16_1_1_U4                                 |     |        | mul_ln66_4      | mul    | auto           | 0       |
|    mul_8s_8s_16_1_1_U5                                 |     |        | mul_ln66_5      | mul    | auto           | 0       |
|    mul_8s_8s_16_1_1_U6                                 |     |        | mul_ln66_6      | mul    | auto           | 0       |
|    mul_8s_8s_16_1_1_U7                                 |     |        | mul_ln66_7      | mul    | auto           | 0       |
|    mac_muladd_8s_8s_16s_17_4_1_U68                     | 1   |        | mul_ln66_8      | mul    | dsp_slice      | 3       |
|    mac_muladd_8s_8s_16s_17_4_1_U68                     | 1   |        | sext_ln66_135   | sext   | dsp_slice      | 3       |
|    mul_8s_8s_16_1_1_U8                                 |     |        | mul_ln66_9      | mul    | auto           | 0       |
|    mul_8s_8s_16_1_1_U9                                 |     |        | mul_ln66_10     | mul    | auto           | 0       |
|    mac_muladd_8s_8s_16s_17_4_1_U69                     | 1   |        | mul_ln66_11     | mul    | dsp_slice      | 3       |
|    mac_muladd_8s_8s_16s_17_4_1_U69                     | 1   |        | sext_ln66_138   | sext   | dsp_slice      | 3       |
|    mul_8s_8s_16_1_1_U10                                |     |        | mul_ln66_12     | mul    | auto           | 0       |
|    mac_muladd_8s_8s_16s_17_4_1_U70                     | 1   |        | mul_ln66_13     | mul    | dsp_slice      | 3       |
|    mac_muladd_8s_8s_16s_17_4_1_U70                     | 1   |        | sext_ln66_140   | sext   | dsp_slice      | 3       |
|    mul_8s_8s_16_1_1_U11                                |     |        | mul_ln66_14     | mul    | auto           | 0       |
|    mul_8s_8s_16_1_1_U12                                |     |        | mul_ln66_15     | mul    | auto           | 0       |
|    mac_muladd_8s_8s_16s_17_4_1_U71                     | 1   |        | mul_ln66_16     | mul    | dsp_slice      | 3       |
|    mac_muladd_8s_8s_16s_17_4_1_U71                     | 1   |        | sext_ln66_143   | sext   | dsp_slice      | 3       |
|    mul_8s_8s_16_1_1_U13                                |     |        | mul_ln66_17     | mul    | auto           | 0       |
|    mac_muladd_8s_8s_16s_17_4_1_U72                     | 1   |        | mul_ln66_18     | mul    | dsp_slice      | 3       |
|    mac_muladd_8s_8s_16s_17_4_1_U72                     | 1   |        | sext_ln66_145   | sext   | dsp_slice      | 3       |
|    mac_muladd_8s_8s_16s_17_4_1_U73                     | 1   |        | mul_ln66_19     | mul    | dsp_slice      | 3       |
|    mac_muladd_8s_8s_16s_17_4_1_U73                     | 1   |        | sext_ln66_146   | sext   | dsp_slice      | 3       |
|    mul_8s_8s_16_1_1_U14                                |     |        | mul_ln66_20     | mul    | auto           | 0       |
|    mul_8s_8s_16_1_1_U15                                |     |        | mul_ln66_21     | mul    | auto           | 0       |
|    mac_muladd_8s_8s_16s_17_4_1_U74                     | 1   |        | mul_ln66_22     | mul    | dsp_slice      | 3       |
|    mac_muladd_8s_8s_16s_17_4_1_U74                     | 1   |        | sext_ln66_149   | sext   | dsp_slice      | 3       |
|    mul_8s_8s_16_1_1_U16                                |     |        | mul_ln66_23     | mul    | auto           | 0       |
|    mul_8s_8s_16_1_1_U17                                |     |        | mul_ln66_24     | mul    | auto           | 0       |
|    mac_muladd_8s_8s_16s_17_4_1_U75                     | 1   |        | mul_ln66_25     | mul    | dsp_slice      | 3       |
|    mac_muladd_8s_8s_16s_17_4_1_U75                     | 1   |        | sext_ln66_152   | sext   | dsp_slice      | 3       |
|    mac_muladd_8s_8s_16s_17_4_1_U76                     | 1   |        | mul_ln66_26     | mul    | dsp_slice      | 3       |
|    mac_muladd_8s_8s_16s_17_4_1_U76                     | 1   |        | sext_ln66_153   | sext   | dsp_slice      | 3       |
|    mul_8s_8s_16_1_1_U18                                |     |        | mul_ln66_27     | mul    | auto           | 0       |
|    mul_8s_8s_16_1_1_U19                                |     |        | mul_ln66_28     | mul    | auto           | 0       |
|    mul_8s_8s_16_1_1_U20                                |     |        | mul_ln66_29     | mul    | auto           | 0       |
|    mac_muladd_8s_8s_16s_17_4_1_U77                     | 1   |        | mul_ln66_30     | mul    | dsp_slice      | 3       |
|    mac_muladd_8s_8s_16s_17_4_1_U77                     | 1   |        | sext_ln66_157   | sext   | dsp_slice      | 3       |
|    mul_8s_8s_16_1_1_U21                                |     |        | mul_ln66_31     | mul    | auto           | 0       |
|    mul_8s_8s_16_1_1_U22                                |     |        | mul_ln66_32     | mul    | auto           | 0       |
|    mac_muladd_8s_8s_16s_17_4_1_U78                     | 1   |        | mul_ln66_33     | mul    | dsp_slice      | 3       |
|    mac_muladd_8s_8s_16s_17_4_1_U78                     | 1   |        | sext_ln66_160   | sext   | dsp_slice      | 3       |
|    mul_8s_8s_16_1_1_U23                                |     |        | mul_ln66_34     | mul    | auto           | 0       |
|    mac_muladd_8s_8s_16s_17_4_1_U79                     | 1   |        | mul_ln66_35     | mul    | dsp_slice      | 3       |
|    mac_muladd_8s_8s_16s_17_4_1_U79                     | 1   |        | sext_ln66_162   | sext   | dsp_slice      | 3       |
|    mac_muladd_8s_8s_16s_17_4_1_U80                     | 1   |        | mul_ln66_36     | mul    | dsp_slice      | 3       |
|    mac_muladd_8s_8s_16s_17_4_1_U80                     | 1   |        | sext_ln66_163   | sext   | dsp_slice      | 3       |
|    mul_8s_8s_16_1_1_U24                                |     |        | mul_ln66_37     | mul    | auto           | 0       |
|    mac_muladd_8s_8s_16s_17_4_1_U81                     | 1   |        | mul_ln66_38     | mul    | dsp_slice      | 3       |
|    mac_muladd_8s_8s_16s_17_4_1_U81                     | 1   |        | sext_ln66_165   | sext   | dsp_slice      | 3       |
|    mac_muladd_8s_8s_16s_17_4_1_U82                     | 1   |        | mul_ln66_39     | mul    | dsp_slice      | 3       |
|    mac_muladd_8s_8s_16s_17_4_1_U82                     | 1   |        | sext_ln66_166   | sext   | dsp_slice      | 3       |
|    mac_muladd_8s_8s_16s_17_4_1_U83                     | 1   |        | mul_ln66_40     | mul    | dsp_slice      | 3       |
|    mac_muladd_8s_8s_16s_17_4_1_U83                     | 1   |        | sext_ln66_167   | sext   | dsp_slice      | 3       |
|    mac_muladd_8s_8s_16s_17_4_1_U84                     | 1   |        | mul_ln66_41     | mul    | dsp_slice      | 3       |
|    mac_muladd_8s_8s_16s_17_4_1_U84                     | 1   |        | sext_ln66_168   | sext   | dsp_slice      | 3       |
|    mac_muladd_8s_8s_16s_17_4_1_U85                     | 1   |        | mul_ln66_42     | mul    | dsp_slice      | 3       |
|    mac_muladd_8s_8s_16s_17_4_1_U85                     | 1   |        | sext_ln66_169   | sext   | dsp_slice      | 3       |
|    mul_8s_8s_16_1_1_U25                                |     |        | mul_ln66_43     | mul    | auto           | 0       |
|    mul_8s_8s_16_1_1_U26                                |     |        | mul_ln66_44     | mul    | auto           | 0       |
|    mac_muladd_8s_8s_16s_17_4_1_U86                     | 1   |        | mul_ln66_45     | mul    | dsp_slice      | 3       |
|    mac_muladd_8s_8s_16s_17_4_1_U86                     | 1   |        | sext_ln66_172   | sext   | dsp_slice      | 3       |
|    mac_muladd_8s_8s_16s_17_4_1_U87                     | 1   |        | mul_ln66_46     | mul    | dsp_slice      | 3       |
|    mac_muladd_8s_8s_16s_17_4_1_U87                     | 1   |        | sext_ln66_173   | sext   | dsp_slice      | 3       |
|    mul_8s_8s_16_1_1_U27                                |     |        | mul_ln66_47     | mul    | auto           | 0       |
|    mac_muladd_8s_8s_16s_17_4_1_U88                     | 1   |        | mul_ln66_48     | mul    | dsp_slice      | 3       |
|    mac_muladd_8s_8s_16s_17_4_1_U88                     | 1   |        | sext_ln66_175   | sext   | dsp_slice      | 3       |
|    mac_muladd_8s_8s_16s_17_4_1_U89                     | 1   |        | mul_ln66_49     | mul    | dsp_slice      | 3       |
|    mac_muladd_8s_8s_16s_17_4_1_U89                     | 1   |        | sext_ln66_176   | sext   | dsp_slice      | 3       |
|    mul_8s_8s_16_1_1_U28                                |     |        | mul_ln66_50     | mul    | auto           | 0       |
|    mac_muladd_8s_8s_16s_17_4_1_U90                     | 1   |        | mul_ln66_51     | mul    | dsp_slice      | 3       |
|    mac_muladd_8s_8s_16s_17_4_1_U90                     | 1   |        | sext_ln66_178   | sext   | dsp_slice      | 3       |
|    mul_8s_8s_16_1_1_U29                                |     |        | mul_ln66_52     | mul    | auto           | 0       |
|    mac_muladd_8s_8s_16s_17_4_1_U91                     | 1   |        | mul_ln66_53     | mul    | dsp_slice      | 3       |
|    mac_muladd_8s_8s_16s_17_4_1_U91                     | 1   |        | sext_ln66_180   | sext   | dsp_slice      | 3       |
|    mul_8s_8s_16_1_1_U30                                |     |        | mul_ln66_54     | mul    | auto           | 0       |
|    mac_muladd_8s_8s_16s_17_4_1_U92                     | 1   |        | mul_ln66_55     | mul    | dsp_slice      | 3       |
|    mac_muladd_8s_8s_16s_17_4_1_U92                     | 1   |        | sext_ln66_182   | sext   | dsp_slice      | 3       |
|    mac_muladd_8s_8s_16s_17_4_1_U93                     | 1   |        | mul_ln66_56     | mul    | dsp_slice      | 3       |
|    mac_muladd_8s_8s_16s_17_4_1_U93                     | 1   |        | sext_ln66_183   | sext   | dsp_slice      | 3       |
|    mac_muladd_8s_8s_16s_17_4_1_U94                     | 1   |        | mul_ln66_57     | mul    | dsp_slice      | 3       |
|    mac_muladd_8s_8s_16s_17_4_1_U94                     | 1   |        | sext_ln66_184   | sext   | dsp_slice      | 3       |
|    mac_muladd_8s_8s_16s_17_4_1_U95                     | 1   |        | mul_ln66_58     | mul    | dsp_slice      | 3       |
|    mac_muladd_8s_8s_16s_17_4_1_U95                     | 1   |        | sext_ln66_185   | sext   | dsp_slice      | 3       |
|    mul_8s_8s_16_1_1_U31                                |     |        | mul_ln66_59     | mul    | auto           | 0       |
|    mul_8s_8s_16_1_1_U32                                |     |        | mul_ln66_60     | mul    | auto           | 0       |
|    mul_8s_8s_16_1_1_U33                                |     |        | mul_ln66_61     | mul    | auto           | 0       |
|    mac_muladd_8s_8s_16s_17_4_1_U96                     | 1   |        | mul_ln66_62     | mul    | dsp_slice      | 3       |
|    mac_muladd_8s_8s_16s_17_4_1_U96                     | 1   |        | sext_ln66_189   | sext   | dsp_slice      | 3       |
|    mac_muladd_8s_8s_16s_17_4_1_U97                     | 1   |        | mul_ln66_63     | mul    | dsp_slice      | 3       |
|    mac_muladd_8s_8s_16s_17_4_1_U97                     | 1   |        | sext_ln66_190   | sext   | dsp_slice      | 3       |
|    mac_muladd_8s_8s_16s_17_4_1_U98                     | 1   |        | mul_ln66_64     | mul    | dsp_slice      | 3       |
|    mac_muladd_8s_8s_16s_17_4_1_U98                     | 1   |        | sext_ln66_191   | sext   | dsp_slice      | 3       |
|    mac_muladd_8s_8s_16s_17_4_1_U99                     | 1   |        | mul_ln66_65     | mul    | dsp_slice      | 3       |
|    mac_muladd_8s_8s_16s_17_4_1_U99                     | 1   |        | sext_ln66_192   | sext   | dsp_slice      | 3       |
|    mul_8s_8s_16_1_1_U34                                |     |        | mul_ln66_66     | mul    | auto           | 0       |
|    mul_8s_8s_16_1_1_U35                                |     |        | mul_ln66_67     | mul    | auto           | 0       |
|    mul_8s_8s_16_1_1_U36                                |     |        | mul_ln66_68     | mul    | auto           | 0       |
|    mac_muladd_8s_8s_16s_17_4_1_U100                    | 1   |        | mul_ln66_69     | mul    | dsp_slice      | 3       |
|    mac_muladd_8s_8s_16s_17_4_1_U100                    | 1   |        | sext_ln66_196   | sext   | dsp_slice      | 3       |
|    mul_8s_8s_16_1_1_U37                                |     |        | mul_ln66_70     | mul    | auto           | 0       |
|    mac_muladd_8s_8s_16s_17_4_1_U101                    | 1   |        | mul_ln66_71     | mul    | dsp_slice      | 3       |
|    mac_muladd_8s_8s_16s_17_4_1_U101                    | 1   |        | sext_ln66_198   | sext   | dsp_slice      | 3       |
|    mul_8s_8s_16_1_1_U38                                |     |        | mul_ln66_72     | mul    | auto           | 0       |
|    mac_muladd_8s_8s_16s_17_4_1_U102                    | 1   |        | mul_ln66_73     | mul    | dsp_slice      | 3       |
|    mac_muladd_8s_8s_16s_17_4_1_U102                    | 1   |        | sext_ln66_200   | sext   | dsp_slice      | 3       |
|    mul_8s_8s_16_1_1_U39                                |     |        | mul_ln66_74     | mul    | auto           | 0       |
|    mul_8s_8s_16_1_1_U40                                |     |        | mul_ln66_75     | mul    | auto           | 0       |
|    mac_muladd_8s_8s_16s_17_4_1_U103                    | 1   |        | mul_ln66_76     | mul    | dsp_slice      | 3       |
|    mac_muladd_8s_8s_16s_17_4_1_U103                    | 1   |        | sext_ln66_203   | sext   | dsp_slice      | 3       |
|    mul_8s_8s_16_1_1_U41                                |     |        | mul_ln66_77     | mul    | auto           | 0       |
|    mul_8s_8s_16_1_1_U42                                |     |        | mul_ln66_78     | mul    | auto           | 0       |
|    mac_muladd_8s_8s_16s_17_4_1_U104                    | 1   |        | mul_ln66_79     | mul    | dsp_slice      | 3       |
|    mac_muladd_8s_8s_16s_17_4_1_U104                    | 1   |        | sext_ln66_206   | sext   | dsp_slice      | 3       |
|    mul_8s_8s_16_1_1_U43                                |     |        | mul_ln66_80     | mul    | auto           | 0       |
|    mul_8s_8s_16_1_1_U44                                |     |        | mul_ln66_81     | mul    | auto           | 0       |
|    mul_8s_8s_16_1_1_U45                                |     |        | mul_ln66_82     | mul    | auto           | 0       |
|    mul_8s_8s_16_1_1_U46                                |     |        | mul_ln66_83     | mul    | auto           | 0       |
|    mac_muladd_8s_8s_16s_17_4_1_U105                    | 1   |        | mul_ln66_84     | mul    | dsp_slice      | 3       |
|    mac_muladd_8s_8s_16s_17_4_1_U105                    | 1   |        | sext_ln66_211   | sext   | dsp_slice      | 3       |
|    mac_muladd_8s_8s_16s_17_4_1_U106                    | 1   |        | mul_ln66_85     | mul    | dsp_slice      | 3       |
|    mac_muladd_8s_8s_16s_17_4_1_U106                    | 1   |        | sext_ln66_212   | sext   | dsp_slice      | 3       |
|    mac_muladd_8s_8s_16s_17_4_1_U107                    | 1   |        | mul_ln66_86     | mul    | dsp_slice      | 3       |
|    mac_muladd_8s_8s_16s_17_4_1_U107                    | 1   |        | sext_ln66_213   | sext   | dsp_slice      | 3       |
|    mac_muladd_8s_8s_16s_17_4_1_U108                    | 1   |        | mul_ln66_87     | mul    | dsp_slice      | 3       |
|    mac_muladd_8s_8s_16s_17_4_1_U108                    | 1   |        | sext_ln66_214   | sext   | dsp_slice      | 3       |
|    mac_muladd_8s_8s_16s_17_4_1_U109                    | 1   |        | mul_ln66_88     | mul    | dsp_slice      | 3       |
|    mac_muladd_8s_8s_16s_17_4_1_U109                    | 1   |        | sext_ln66_215   | sext   | dsp_slice      | 3       |
|    mac_muladd_8s_8s_16s_17_4_1_U110                    | 1   |        | mul_ln66_89     | mul    | dsp_slice      | 3       |
|    mac_muladd_8s_8s_16s_17_4_1_U110                    | 1   |        | sext_ln66_216   | sext   | dsp_slice      | 3       |
|    mac_muladd_8s_8s_16s_17_4_1_U111                    | 1   |        | mul_ln66_90     | mul    | dsp_slice      | 3       |
|    mac_muladd_8s_8s_16s_17_4_1_U111                    | 1   |        | sext_ln66_217   | sext   | dsp_slice      | 3       |
|    mul_8s_8s_16_1_1_U47                                |     |        | mul_ln66_91     | mul    | auto           | 0       |
|    mac_muladd_8s_8s_16s_17_4_1_U112                    | 1   |        | mul_ln66_92     | mul    | dsp_slice      | 3       |
|    mac_muladd_8s_8s_16s_17_4_1_U112                    | 1   |        | sext_ln66_219   | sext   | dsp_slice      | 3       |
|    mac_muladd_8s_8s_16s_17_4_1_U113                    | 1   |        | mul_ln66_93     | mul    | dsp_slice      | 3       |
|    mac_muladd_8s_8s_16s_17_4_1_U113                    | 1   |        | sext_ln66_220   | sext   | dsp_slice      | 3       |
|    mac_muladd_8s_8s_16s_17_4_1_U114                    | 1   |        | mul_ln66_94     | mul    | dsp_slice      | 3       |
|    mac_muladd_8s_8s_16s_17_4_1_U114                    | 1   |        | sext_ln66_221   | sext   | dsp_slice      | 3       |
|    mul_8s_8s_16_1_1_U48                                |     |        | mul_ln66_95     | mul    | auto           | 0       |
|    mul_8s_8s_16_1_1_U49                                |     |        | mul_ln66_96     | mul    | auto           | 0       |
|    mul_8s_8s_16_1_1_U50                                |     |        | mul_ln66_97     | mul    | auto           | 0       |
|    mac_muladd_8s_8s_16s_17_4_1_U115                    | 1   |        | mul_ln66_98     | mul    | dsp_slice      | 3       |
|    mac_muladd_8s_8s_16s_17_4_1_U115                    | 1   |        | sext_ln66_225   | sext   | dsp_slice      | 3       |
|    mul_8s_8s_16_1_1_U51                                |     |        | mul_ln66_99     | mul    | auto           | 0       |
|    mul_8s_8s_16_1_1_U52                                |     |        | mul_ln66_100    | mul    | auto           | 0       |
|    mul_8s_8s_16_1_1_U53                                |     |        | mul_ln66_101    | mul    | auto           | 0       |
|    mul_8s_8s_16_1_1_U54                                |     |        | mul_ln66_102    | mul    | auto           | 0       |
|    mac_muladd_8s_8s_16s_17_4_1_U116                    | 1   |        | mul_ln66_103    | mul    | dsp_slice      | 3       |
|    mac_muladd_8s_8s_16s_17_4_1_U116                    | 1   |        | sext_ln66_230   | sext   | dsp_slice      | 3       |
|    mul_8s_8s_16_1_1_U55                                |     |        | mul_ln66_104    | mul    | auto           | 0       |
|    mac_muladd_8s_8s_16s_17_4_1_U117                    | 1   |        | mul_ln66_105    | mul    | dsp_slice      | 3       |
|    mac_muladd_8s_8s_16s_17_4_1_U117                    | 1   |        | sext_ln66_232   | sext   | dsp_slice      | 3       |
|    mac_muladd_8s_8s_16s_17_4_1_U118                    | 1   |        | mul_ln66_106    | mul    | dsp_slice      | 3       |
|    mac_muladd_8s_8s_16s_17_4_1_U118                    | 1   |        | sext_ln66_233   | sext   | dsp_slice      | 3       |
|    mul_8s_8s_16_1_1_U56                                |     |        | mul_ln66_107    | mul    | auto           | 0       |
|    mac_muladd_8s_8s_16s_17_4_1_U119                    | 1   |        | mul_ln66_108    | mul    | dsp_slice      | 3       |
|    mac_muladd_8s_8s_16s_17_4_1_U119                    | 1   |        | sext_ln66_235   | sext   | dsp_slice      | 3       |
|    mac_muladd_8s_8s_16s_17_4_1_U120                    | 1   |        | mul_ln66_109    | mul    | dsp_slice      | 3       |
|    mac_muladd_8s_8s_16s_17_4_1_U120                    | 1   |        | sext_ln66_236   | sext   | dsp_slice      | 3       |
|    mac_muladd_8s_8s_16s_17_4_1_U121                    | 1   |        | mul_ln66_110    | mul    | dsp_slice      | 3       |
|    mac_muladd_8s_8s_16s_17_4_1_U121                    | 1   |        | sext_ln66_237   | sext   | dsp_slice      | 3       |
|    mul_8s_8s_16_1_1_U57                                |     |        | mul_ln66_111    | mul    | auto           | 0       |
|    mul_8s_8s_16_1_1_U58                                |     |        | mul_ln66_112    | mul    | auto           | 0       |
|    mac_muladd_8s_8s_16s_17_4_1_U122                    | 1   |        | mul_ln66_113    | mul    | dsp_slice      | 3       |
|    mac_muladd_8s_8s_16s_17_4_1_U122                    | 1   |        | sext_ln66_240   | sext   | dsp_slice      | 3       |
|    mac_muladd_8s_8s_16s_17_4_1_U123                    | 1   |        | mul_ln66_114    | mul    | dsp_slice      | 3       |
|    mac_muladd_8s_8s_16s_17_4_1_U123                    | 1   |        | sext_ln66_241   | sext   | dsp_slice      | 3       |
|    mul_8s_8s_16_1_1_U59                                |     |        | mul_ln66_115    | mul    | auto           | 0       |
|    mac_muladd_8s_8s_16s_17_4_1_U124                    | 1   |        | mul_ln66_116    | mul    | dsp_slice      | 3       |
|    mac_muladd_8s_8s_16s_17_4_1_U124                    | 1   |        | sext_ln66_243   | sext   | dsp_slice      | 3       |
|    mul_8s_8s_16_1_1_U60                                |     |        | mul_ln66_117    | mul    | auto           | 0       |
|    mul_8s_8s_16_1_1_U61                                |     |        | mul_ln66_118    | mul    | auto           | 0       |
|    mac_muladd_8s_8s_16s_17_4_1_U125                    | 1   |        | mul_ln66_119    | mul    | dsp_slice      | 3       |
|    mac_muladd_8s_8s_16s_17_4_1_U125                    | 1   |        | sext_ln66_246   | sext   | dsp_slice      | 3       |
|    mac_muladd_8s_8s_16s_17_4_1_U126                    | 1   |        | mul_ln66_120    | mul    | dsp_slice      | 3       |
|    mac_muladd_8s_8s_16s_17_4_1_U126                    | 1   |        | sext_ln66_247   | sext   | dsp_slice      | 3       |
|    mac_muladd_8s_8s_16s_17_4_1_U127                    | 1   |        | mul_ln66_121    | mul    | dsp_slice      | 3       |
|    mac_muladd_8s_8s_16s_17_4_1_U127                    | 1   |        | sext_ln66_248   | sext   | dsp_slice      | 3       |
|    mul_8s_8s_16_1_1_U62                                |     |        | mul_ln66_122    | mul    | auto           | 0       |
|    mul_8s_8s_16_1_1_U63                                |     |        | mul_ln66_123    | mul    | auto           | 0       |
|    mac_muladd_8s_8s_16s_17_4_1_U128                    | 1   |        | mul_ln66_124    | mul    | dsp_slice      | 3       |
|    mac_muladd_8s_8s_16s_17_4_1_U128                    | 1   |        | sext_ln66_251   | sext   | dsp_slice      | 3       |
|    mul_8s_8s_16_1_1_U64                                |     |        | mul_ln66_125    | mul    | auto           | 0       |
|    mul_8s_8s_16_1_1_U65                                |     |        | mul_ln66_126    | mul    | auto           | 0       |
|    mac_muladd_8s_8s_16s_17_4_1_U129                    | 1   |        | mul_ln66_127    | mul    | dsp_slice      | 3       |
|    mac_muladd_8s_8s_16s_17_4_1_U129                    | 1   |        | sext_ln66_255   | sext   | dsp_slice      | 3       |
|    mac_muladd_8s_8s_16s_17_4_1_U67                     | 1   |        | add_ln66        | add    | dsp_slice      | 3       |
|    mac_muladd_8s_8s_16s_17_4_1_U68                     | 1   |        | add_ln66_1      | add    | dsp_slice      | 3       |
|    add_ln66_2_fu_6404_p2                               |     |        | add_ln66_2      | add    | fabric         | 0       |
|    mac_muladd_8s_8s_16s_17_4_1_U83                     | 1   |        | add_ln66_3      | add    | dsp_slice      | 3       |
|    mac_muladd_8s_8s_16s_17_4_1_U74                     | 1   |        | add_ln66_4      | add    | dsp_slice      | 3       |
|    add_ln66_5_fu_6420_p2                               |     |        | add_ln66_5      | add    | fabric         | 0       |
|    add_ln66_6_fu_6430_p2                               |     |        | add_ln66_6      | add    | fabric         | 0       |
|    mac_muladd_8s_8s_16s_17_4_1_U76                     | 1   |        | add_ln66_7      | add    | dsp_slice      | 3       |
|    mac_muladd_8s_8s_16s_17_4_1_U124                    | 1   |        | add_ln66_8      | add    | dsp_slice      | 3       |
|    add_ln66_9_fu_6446_p2                               |     |        | add_ln66_9      | add    | fabric         | 0       |
|    mac_muladd_8s_8s_16s_17_4_1_U108                    | 1   |        | add_ln66_10     | add    | dsp_slice      | 3       |
|    mac_muladd_8s_8s_16s_17_4_1_U96                     | 1   |        | add_ln66_11     | add    | dsp_slice      | 3       |
|    add_ln66_12_fu_6462_p2                              |     |        | add_ln66_12     | add    | fabric         | 0       |
|    add_ln66_13_fu_6472_p2                              |     |        | add_ln66_13     | add    | fabric         | 0       |
|    add_ln66_14_fu_6482_p2                              |     |        | add_ln66_14     | add    | fabric         | 0       |
|    mac_muladd_8s_8s_16s_17_4_1_U70                     | 1   |        | add_ln66_15     | add    | dsp_slice      | 3       |
|    mac_muladd_8s_8s_16s_17_4_1_U94                     | 1   |        | add_ln66_16     | add    | dsp_slice      | 3       |
|    add_ln66_17_fu_6494_p2                              |     |        | add_ln66_17     | add    | fabric         | 0       |
|    mac_muladd_8s_8s_16s_17_4_1_U118                    | 1   |        | add_ln66_18     | add    | dsp_slice      | 3       |
|    mac_muladd_8s_8s_16s_17_4_1_U80                     | 1   |        | add_ln66_19     | add    | dsp_slice      | 3       |
|    add_ln66_20_fu_6510_p2                              |     |        | add_ln66_20     | add    | fabric         | 0       |
|    add_ln66_21_fu_6520_p2                              |     |        | add_ln66_21     | add    | fabric         | 0       |
|    mac_muladd_8s_8s_16s_17_4_1_U115                    | 1   |        | add_ln66_22     | add    | dsp_slice      | 3       |
|    mac_muladd_8s_8s_16s_17_4_1_U84                     | 1   |        | add_ln66_23     | add    | dsp_slice      | 3       |
|    add_ln66_24_fu_6536_p2                              |     |        | add_ln66_24     | add    | fabric         | 0       |
|    mac_muladd_8s_8s_16s_17_4_1_U122                    | 1   |        | add_ln66_25     | add    | dsp_slice      | 3       |
|    mac_muladd_8s_8s_16s_17_4_1_U100                    | 1   |        | add_ln66_26     | add    | dsp_slice      | 3       |
|    add_ln66_27_fu_6552_p2                              |     |        | add_ln66_27     | add    | fabric         | 0       |
|    add_ln66_28_fu_6562_p2                              |     |        | add_ln66_28     | add    | fabric         | 0       |
|    add_ln66_29_fu_6572_p2                              |     |        | add_ln66_29     | add    | fabric         | 0       |
|    add_ln66_30_fu_7124_p2                              |     |        | add_ln66_30     | add    | fabric         | 0       |
|    mac_muladd_8s_8s_16s_17_4_1_U101                    | 1   |        | add_ln66_31     | add    | dsp_slice      | 3       |
|    mac_muladd_8s_8s_16s_17_4_1_U102                    | 1   |        | add_ln66_32     | add    | dsp_slice      | 3       |
|    add_ln66_33_fu_6584_p2                              |     |        | add_ln66_33     | add    | fabric         | 0       |
|    mac_muladd_8s_8s_16s_17_4_1_U109                    | 1   |        | add_ln66_34     | add    | dsp_slice      | 3       |
|    mac_muladd_8s_8s_16s_17_4_1_U125                    | 1   |        | add_ln66_35     | add    | dsp_slice      | 3       |
|    add_ln66_36_fu_6600_p2                              |     |        | add_ln66_36     | add    | fabric         | 0       |
|    add_ln66_37_fu_6610_p2                              |     |        | add_ln66_37     | add    | fabric         | 0       |
|    mac_muladd_8s_8s_16s_17_4_1_U79                     | 1   |        | add_ln66_38     | add    | dsp_slice      | 3       |
|    mac_muladd_8s_8s_16s_17_4_1_U114                    | 1   |        | add_ln66_39     | add    | dsp_slice      | 3       |
|    add_ln66_40_fu_6626_p2                              |     |        | add_ln66_40     | add    | fabric         | 0       |
|    mac_muladd_8s_8s_16s_17_4_1_U81                     | 1   |        | add_ln66_41     | add    | dsp_slice      | 3       |
|    mac_muladd_8s_8s_16s_17_4_1_U126                    | 1   |        | add_ln66_42     | add    | dsp_slice      | 3       |
|    add_ln66_43_fu_6642_p2                              |     |        | add_ln66_43     | add    | fabric         | 0       |
|    add_ln66_44_fu_6652_p2                              |     |        | add_ln66_44     | add    | fabric         | 0       |
|    add_ln66_45_fu_6662_p2                              |     |        | add_ln66_45     | add    | fabric         | 0       |
|    mac_muladd_8s_8s_16s_17_4_1_U106                    | 1   |        | add_ln66_46     | add    | dsp_slice      | 3       |
|    mac_muladd_8s_8s_16s_17_4_1_U98                     | 1   |        | add_ln66_47     | add    | dsp_slice      | 3       |
|    add_ln66_48_fu_6674_p2                              |     |        | add_ln66_48     | add    | fabric         | 0       |
|    mac_muladd_8s_8s_16s_17_4_1_U88                     | 1   |        | add_ln66_49     | add    | dsp_slice      | 3       |
|    mac_muladd_8s_8s_16s_17_4_1_U85                     | 1   |        | add_ln66_50     | add    | dsp_slice      | 3       |
|    add_ln66_51_fu_6690_p2                              |     |        | add_ln66_51     | add    | fabric         | 0       |
|    add_ln66_52_fu_6700_p2                              |     |        | add_ln66_52     | add    | fabric         | 0       |
|    mac_muladd_8s_8s_16s_17_4_1_U86                     | 1   |        | add_ln66_53     | add    | dsp_slice      | 3       |
|    mac_muladd_8s_8s_16s_17_4_1_U93                     | 1   |        | add_ln66_54     | add    | dsp_slice      | 3       |
|    add_ln66_55_fu_6716_p2                              |     |        | add_ln66_55     | add    | fabric         | 0       |
|    mac_muladd_8s_8s_16s_17_4_1_U104                    | 1   |        | add_ln66_56     | add    | dsp_slice      | 3       |
|    mac_muladd_8s_8s_16s_17_4_1_U117                    | 1   |        | add_ln66_57     | add    | dsp_slice      | 3       |
|    add_ln66_58_fu_6732_p2                              |     |        | add_ln66_58     | add    | fabric         | 0       |
|    add_ln66_59_fu_6742_p2                              |     |        | add_ln66_59     | add    | fabric         | 0       |
|    add_ln66_60_fu_6752_p2                              |     |        | add_ln66_60     | add    | fabric         | 0       |
|    add_ln66_61_fu_7140_p2                              |     |        | add_ln66_61     | add    | fabric         | 0       |
|    add_ln66_62_fu_7150_p2                              |     |        | add_ln66_62     | add    | fabric         | 0       |
|    mac_muladd_8s_8s_16s_17_4_1_U95                     | 1   |        | add_ln66_63     | add    | dsp_slice      | 3       |
|    mac_muladd_8s_8s_16s_17_4_1_U75                     | 1   |        | add_ln66_64     | add    | dsp_slice      | 3       |
|    add_ln66_65_fu_6764_p2                              |     |        | add_ln66_65     | add    | fabric         | 0       |
|    mac_muladd_8s_8s_16s_17_4_1_U73                     | 1   |        | add_ln66_66     | add    | dsp_slice      | 3       |
|    mac_muladd_8s_8s_16s_17_4_1_U97                     | 1   |        | add_ln66_67     | add    | dsp_slice      | 3       |
|    add_ln66_68_fu_6780_p2                              |     |        | add_ln66_68     | add    | fabric         | 0       |
|    add_ln66_69_fu_6790_p2                              |     |        | add_ln66_69     | add    | fabric         | 0       |
|    mac_muladd_8s_8s_16s_17_4_1_U78                     | 1   |        | add_ln66_70     | add    | dsp_slice      | 3       |
|    mac_muladd_8s_8s_16s_17_4_1_U89                     | 1   |        | add_ln66_71     | add    | dsp_slice      | 3       |
|    add_ln66_72_fu_6806_p2                              |     |        | add_ln66_72     | add    | fabric         | 0       |
|    mac_muladd_8s_8s_16s_17_4_1_U66                     | 1   |        | add_ln66_73     | add    | dsp_slice      | 3       |
|    mac_muladd_8s_8s_16s_17_4_1_U112                    | 1   |        | add_ln66_74     | add    | dsp_slice      | 3       |
|    add_ln66_75_fu_6822_p2                              |     |        | add_ln66_75     | add    | fabric         | 0       |
|    add_ln66_76_fu_6832_p2                              |     |        | add_ln66_76     | add    | fabric         | 0       |
|    add_ln66_77_fu_6842_p2                              |     |        | add_ln66_77     | add    | fabric         | 0       |
|    mac_muladd_8s_8s_16s_17_4_1_U72                     | 1   |        | add_ln66_78     | add    | dsp_slice      | 3       |
|    mac_muladd_8s_8s_16s_17_4_1_U111                    | 1   |        | add_ln66_79     | add    | dsp_slice      | 3       |
|    add_ln66_80_fu_6854_p2                              |     |        | add_ln66_80     | add    | fabric         | 0       |
|    mac_muladd_8s_8s_16s_17_4_1_U107                    | 1   |        | add_ln66_81     | add    | dsp_slice      | 3       |
|    mac_muladd_8s_8s_16s_17_4_1_U128                    | 1   |        | add_ln66_82     | add    | dsp_slice      | 3       |
|    add_ln66_83_fu_6870_p2                              |     |        | add_ln66_83     | add    | fabric         | 0       |
|    add_ln66_84_fu_6880_p2                              |     |        | add_ln66_84     | add    | fabric         | 0       |
|    mac_muladd_8s_8s_16s_17_4_1_U87                     | 1   |        | add_ln66_85     | add    | dsp_slice      | 3       |
|    mac_muladd_8s_8s_16s_17_4_1_U71                     | 1   |        | add_ln66_86     | add    | dsp_slice      | 3       |
|    add_ln66_87_fu_6896_p2                              |     |        | add_ln66_87     | add    | fabric         | 0       |
|    mac_muladd_8s_8s_16s_17_4_1_U120                    | 1   |        | add_ln66_88     | add    | dsp_slice      | 3       |
|    mac_muladd_8s_8s_16s_17_4_1_U113                    | 1   |        | add_ln66_89     | add    | dsp_slice      | 3       |
|    add_ln66_90_fu_6912_p2                              |     |        | add_ln66_90     | add    | fabric         | 0       |
|    add_ln66_91_fu_6922_p2                              |     |        | add_ln66_91     | add    | fabric         | 0       |
|    add_ln66_92_fu_6932_p2                              |     |        | add_ln66_92     | add    | fabric         | 0       |
|    add_ln66_93_fu_7166_p2                              |     |        | add_ln66_93     | add    | fabric         | 0       |
|    mac_muladd_8s_8s_16s_17_4_1_U123                    | 1   |        | add_ln66_94     | add    | dsp_slice      | 3       |
|    mac_muladd_8s_8s_16s_17_4_1_U77                     | 1   |        | add_ln66_95     | add    | dsp_slice      | 3       |
|    add_ln66_96_fu_6944_p2                              |     |        | add_ln66_96     | add    | fabric         | 0       |
|    mac_muladd_8s_8s_16s_17_4_1_U116                    | 1   |        | add_ln66_97     | add    | dsp_slice      | 3       |
|    mac_muladd_8s_8s_16s_17_4_1_U99                     | 1   |        | add_ln66_98     | add    | dsp_slice      | 3       |
|    add_ln66_99_fu_6960_p2                              |     |        | add_ln66_99     | add    | fabric         | 0       |
|    add_ln66_100_fu_6970_p2                             |     |        | add_ln66_100    | add    | fabric         | 0       |
|    mac_muladd_8s_8s_16s_17_4_1_U91                     | 1   |        | add_ln66_101    | add    | dsp_slice      | 3       |
|    mac_muladd_8s_8s_16s_17_4_1_U92                     | 1   |        | add_ln66_102    | add    | dsp_slice      | 3       |
|    add_ln66_103_fu_6986_p2                             |     |        | add_ln66_103    | add    | fabric         | 0       |
|    mac_muladd_8s_8s_16s_17_4_1_U105                    | 1   |        | add_ln66_104    | add    | dsp_slice      | 3       |
|    mac_muladd_8s_8s_16s_17_4_1_U127                    | 1   |        | add_ln66_105    | add    | dsp_slice      | 3       |
|    add_ln66_106_fu_7002_p2                             |     |        | add_ln66_106    | add    | fabric         | 0       |
|    add_ln66_107_fu_7012_p2                             |     |        | add_ln66_107    | add    | fabric         | 0       |
|    add_ln66_108_fu_7022_p2                             |     |        | add_ln66_108    | add    | fabric         | 0       |
|    mac_muladd_8s_8s_16s_17_4_1_U82                     | 1   |        | add_ln66_109    | add    | dsp_slice      | 3       |
|    mac_muladd_8s_8s_16s_17_4_1_U119                    | 1   |        | add_ln66_110    | add    | dsp_slice      | 3       |
|    add_ln66_111_fu_7034_p2                             |     |        | add_ln66_111    | add    | fabric         | 0       |
|    mac_muladd_8s_8s_16s_17_4_1_U90                     | 1   |        | add_ln66_112    | add    | dsp_slice      | 3       |
|    mac_muladd_8s_8s_16s_17_4_1_U69                     | 1   |        | add_ln66_113    | add    | dsp_slice      | 3       |
|    add_ln66_114_fu_7050_p2                             |     |        | add_ln66_114    | add    | fabric         | 0       |
|    add_ln66_115_fu_7060_p2                             |     |        | add_ln66_115    | add    | fabric         | 0       |
|    mac_muladd_8s_8s_16s_17_4_1_U121                    | 1   |        | add_ln66_116    | add    | dsp_slice      | 3       |
|    mac_muladd_8s_8s_16s_17_4_1_U110                    | 1   |        | add_ln66_117    | add    | dsp_slice      | 3       |
|    add_ln66_118_fu_7076_p2                             |     |        | add_ln66_118    | add    | fabric         | 0       |
|    mac_muladd_8s_8s_16s_17_4_1_U103                    | 1   |        | add_ln66_119    | add    | dsp_slice      | 3       |
|    mac_muladd_8s_8s_16s_17_4_1_U129                    | 1   |        | add_ln66_120    | add    | dsp_slice      | 3       |
|    add_ln66_121_fu_7092_p2                             |     |        | add_ln66_121    | add    | fabric         | 0       |
|    add_ln66_122_fu_7102_p2                             |     |        | add_ln66_122    | add    | fabric         | 0       |
|    add_ln66_123_fu_7112_p2                             |     |        | add_ln66_123    | add    | fabric         | 0       |
|    add_ln66_124_fu_7182_p2                             |     |        | add_ln66_124    | add    | fabric         | 0       |
|    add_ln66_125_fu_7192_p2                             |     |        | add_ln66_125    | add    | fabric         | 0       |
|    add_ln66_126_fu_7202_p2                             |     |        | add_ln66_126    | add    | fabric         | 0       |
|    acc_fu_7208_p2                                      |     |        | acc             | add    | fabric         | 0       |
|    icmp_ln69_fu_7214_p2                                |     |        | icmp_ln69       | setgt  | auto           | 0       |
|   + sat8 (tmp_sat8_fu_3018)                            | 0   |        |                 |        |                |         |
|     icmp_ln32_fu_36_p2                                 |     |        | icmp_ln32       | setgt  | auto           | 0       |
|     icmp_ln33_fu_42_p2                                 |     |        | icmp_ln33       | setlt  | auto           | 0       |
|     select_ln32_1_fu_52_p3                             |     |        | select_ln32_1   | select | auto_sel       | 0       |
|     or_ln32_fu_60_p2                                   |     |        | or_ln32         | or     | auto           | 0       |
|     ap_return                                          |     |        | select_ln32     | select | auto_sel       | 0       |
|  + action_diff_head_Pipeline_ACTP_LOOP                 | 3   |        |                 |        |                |         |
|    add_ln78_fu_1445_p2                                 |     |        | add_ln78        | add    | fabric         | 0       |
|    icmp_ln78_fu_1451_p2                                |     |        | icmp_ln78       | seteq  | auto           | 0       |
|    dsp_dotpra3add_8s_8s_8s_8s_8s_8s_18s_18_4_1_U393    | 1   |        | mul_ln83        | mul    | dsp58_dp       | 3       |
|    dsp_dotpra3add_8s_8s_8s_8s_8s_8s_18s_18_4_1_U393    | 1   |        | sext_ln83_7     | sext   | dsp58_dp       | 3       |
|    mul_8s_8s_16_1_1_U389                               |     |        | mul_ln83_1      | mul    | auto           | 0       |
|    mul_8s_8s_16_1_1_U390                               |     |        | mul_ln83_2      | mul    | auto           | 0       |
|    dsp_dotpra3add_8s_8s_8s_8s_8s_8s_18s_18_4_1_U393    | 1   |        | mul_ln83_3      | mul    | dsp58_dp       | 3       |
|    dsp_dotpra3add_8s_8s_8s_8s_8s_8s_18s_18_4_1_U393    | 1   |        | sext_ln83_10    | sext   | dsp58_dp       | 3       |
|    dsp_dotpra3add_8s_8s_8s_8s_8s_8s_18s_18_4_1_U393    | 1   |        | mul_ln83_4      | mul    | dsp58_dp       | 3       |
|    dsp_dotpra3add_8s_8s_8s_8s_8s_8s_18s_18_4_1_U393    | 1   |        | sext_ln83_11    | sext   | dsp58_dp       | 3       |
|    mac_muladd_8s_8s_16s_17_4_1_U391                    | 1   |        | mul_ln83_5      | mul    | dsp_slice      | 3       |
|    mac_muladd_8s_8s_16s_17_4_1_U391                    | 1   |        | sext_ln83_12    | sext   | dsp_slice      | 3       |
|    mac_muladd_8s_8s_16s_17_4_1_U392                    | 1   |        | mul_ln83_6      | mul    | dsp_slice      | 3       |
|    mac_muladd_8s_8s_16s_17_4_1_U392                    | 1   |        | sext_ln83_13    | sext   | dsp_slice      | 3       |
|    dsp_dotpra3add_8s_8s_8s_8s_8s_8s_18s_18_4_1_U393    | 1   |        | add_ln83        | add    | dsp58_dp       | 3       |
|    dsp_dotpra3add_8s_8s_8s_8s_8s_8s_18s_18_4_1_U393    | 1   |        | add_ln83_1      | add    | dsp58_dp       | 3       |
|    dsp_dotpra3add_8s_8s_8s_8s_8s_8s_18s_18_4_1_U393    | 1   |        | sext_ln83_14    | sext   | dsp58_dp       | 3       |
|    mac_muladd_8s_8s_16s_17_4_1_U392                    | 1   |        | add_ln83_2      | add    | dsp_slice      | 3       |
|    mac_muladd_8s_8s_16s_17_4_1_U391                    | 1   |        | add_ln83_3      | add    | dsp_slice      | 3       |
|    grp_fu_1995_p6                                      |     |        | add_ln83_4      | add    | fabric         | 0       |
|    dsp_dotpra3add_8s_8s_8s_8s_8s_8s_18s_18_4_1_U393    | 1   |        | acc             | add    | dsp58_dp       | 3       |
|    v_fu_1712_p2                                        |     |        | v               | add    | fabric         | 0       |
|   + sat8 (tmp_1_sat8_fu_1312)                          | 0   |        |                 |        |                |         |
|     icmp_ln32_fu_36_p2                                 |     |        | icmp_ln32       | setgt  | auto           | 0       |
|     icmp_ln33_fu_42_p2                                 |     |        | icmp_ln33       | setlt  | auto           | 0       |
|     select_ln32_1_fu_52_p3                             |     |        | select_ln32_1   | select | auto_sel       | 0       |
|     or_ln32_fu_60_p2                                   |     |        | or_ln32         | or     | auto           | 0       |
|     ap_return                                          |     |        | select_ln32     | select | auto_sel       | 0       |
|  + action_diff_head_Pipeline_QKT_LOOP_VITIS_LOOP_98_3  | 32  |        |                 |        |                |         |
|    add_ln96_1_fu_2072_p2                               |     |        | add_ln96_1      | add    | fabric         | 0       |
|    icmp_ln96_fu_2078_p2                                |     |        | icmp_ln96       | seteq  | auto           | 0       |
|    add_ln96_fu_2096_p2                                 |     |        | add_ln96        | add    | fabric         | 0       |
|    select_ln96_fu_2110_p3                              |     |        | select_ln96     | select | auto_sel       | 0       |
|    select_ln96_1_fu_4503_p3                            |     |        | select_ln96_1   | select | auto_sel       | 0       |
|    select_ln96_2_fu_2118_p3                            |     |        | select_ln96_2   | select | auto_sel       | 0       |
|    mac_muladd_8s_8s_16s_17_4_1_U506                    | 1   |        | mul_ln105       | mul    | dsp_slice      | 3       |
|    mac_muladd_8s_8s_16s_17_4_1_U506                    | 1   |        | sext_ln105_1    | sext   | dsp_slice      | 3       |
|    mac_muladd_8s_8s_16s_17_4_1_U507                    | 1   |        | mul_ln105_1     | mul    | dsp_slice      | 3       |
|    mac_muladd_8s_8s_16s_17_4_1_U507                    | 1   |        | sext_ln105_2    | sext   | dsp_slice      | 3       |
|    mac_muladd_8s_8s_16s_17_4_1_U508                    | 1   |        | mul_ln105_2     | mul    | dsp_slice      | 3       |
|    mac_muladd_8s_8s_16s_17_4_1_U508                    | 1   |        | sext_ln105_3    | sext   | dsp_slice      | 3       |
|    mul_8s_8s_16_1_1_U474                               |     |        | mul_ln105_3     | mul    | auto           | 0       |
|    mac_muladd_8s_8s_16s_17_4_1_U509                    | 1   |        | mul_ln105_4     | mul    | dsp_slice      | 3       |
|    mac_muladd_8s_8s_16s_17_4_1_U509                    | 1   |        | sext_ln105_5    | sext   | dsp_slice      | 3       |
|    mac_muladd_8s_8s_16s_17_4_1_U510                    | 1   |        | mul_ln105_5     | mul    | dsp_slice      | 3       |
|    mac_muladd_8s_8s_16s_17_4_1_U510                    | 1   |        | sext_ln105_6    | sext   | dsp_slice      | 3       |
|    mac_muladd_8s_8s_16s_17_4_1_U511                    | 1   |        | mul_ln105_6     | mul    | dsp_slice      | 3       |
|    mac_muladd_8s_8s_16s_17_4_1_U511                    | 1   |        | sext_ln105_7    | sext   | dsp_slice      | 3       |
|    mac_muladd_8s_8s_16s_17_4_1_U512                    | 1   |        | mul_ln105_7     | mul    | dsp_slice      | 3       |
|    mac_muladd_8s_8s_16s_17_4_1_U512                    | 1   |        | sext_ln105_8    | sext   | dsp_slice      | 3       |
|    mul_8s_8s_16_1_1_U475                               |     |        | mul_ln105_8     | mul    | auto           | 0       |
|    mul_8s_8s_16_1_1_U476                               |     |        | mul_ln105_9     | mul    | auto           | 0       |
|    mul_8s_8s_16_1_1_U477                               |     |        | mul_ln105_10    | mul    | auto           | 0       |
|    mul_8s_8s_16_1_1_U478                               |     |        | mul_ln105_11    | mul    | auto           | 0       |
|    mul_8s_8s_16_1_1_U479                               |     |        | mul_ln105_12    | mul    | auto           | 0       |
|    mul_8s_8s_16_1_1_U480                               |     |        | mul_ln105_13    | mul    | auto           | 0       |
|    mac_muladd_8s_8s_16s_17_4_1_U513                    | 1   |        | mul_ln105_14    | mul    | dsp_slice      | 3       |
|    mac_muladd_8s_8s_16s_17_4_1_U513                    | 1   |        | sext_ln105_15   | sext   | dsp_slice      | 3       |
|    mac_muladd_8s_8s_16s_17_4_1_U514                    | 1   |        | mul_ln105_15    | mul    | dsp_slice      | 3       |
|    mac_muladd_8s_8s_16s_17_4_1_U514                    | 1   |        | sext_ln105_16   | sext   | dsp_slice      | 3       |
|    mac_muladd_8s_8s_16s_17_4_1_U515                    | 1   |        | mul_ln105_16    | mul    | dsp_slice      | 3       |
|    mac_muladd_8s_8s_16s_17_4_1_U515                    | 1   |        | sext_ln105_17   | sext   | dsp_slice      | 3       |
|    mac_muladd_8s_8s_16s_17_4_1_U516                    | 1   |        | mul_ln105_17    | mul    | dsp_slice      | 3       |
|    mac_muladd_8s_8s_16s_17_4_1_U516                    | 1   |        | sext_ln105_18   | sext   | dsp_slice      | 3       |
|    mul_8s_8s_16_1_1_U481                               |     |        | mul_ln105_18    | mul    | auto           | 0       |
|    mul_8s_8s_16_1_1_U482                               |     |        | mul_ln105_19    | mul    | auto           | 0       |
|    mul_8s_8s_16_1_1_U483                               |     |        | mul_ln105_20    | mul    | auto           | 0       |
|    mul_8s_8s_16_1_1_U484                               |     |        | mul_ln105_21    | mul    | auto           | 0       |
|    mac_muladd_8s_8s_16s_17_4_1_U517                    | 1   |        | mul_ln105_22    | mul    | dsp_slice      | 3       |
|    mac_muladd_8s_8s_16s_17_4_1_U517                    | 1   |        | sext_ln105_23   | sext   | dsp_slice      | 3       |
|    mul_8s_8s_16_1_1_U485                               |     |        | mul_ln105_23    | mul    | auto           | 0       |
|    mac_muladd_8s_8s_16s_17_4_1_U518                    | 1   |        | mul_ln105_24    | mul    | dsp_slice      | 3       |
|    mac_muladd_8s_8s_16s_17_4_1_U518                    | 1   |        | sext_ln105_25   | sext   | dsp_slice      | 3       |
|    mac_muladd_8s_8s_16s_17_4_1_U519                    | 1   |        | mul_ln105_25    | mul    | dsp_slice      | 3       |
|    mac_muladd_8s_8s_16s_17_4_1_U519                    | 1   |        | sext_ln105_26   | sext   | dsp_slice      | 3       |
|    mul_8s_8s_16_1_1_U486                               |     |        | mul_ln105_26    | mul    | auto           | 0       |
|    mac_muladd_8s_8s_16s_17_4_1_U520                    | 1   |        | mul_ln105_27    | mul    | dsp_slice      | 3       |
|    mac_muladd_8s_8s_16s_17_4_1_U520                    | 1   |        | sext_ln105_28   | sext   | dsp_slice      | 3       |
|    mac_muladd_8s_8s_16s_17_4_1_U521                    | 1   |        | mul_ln105_28    | mul    | dsp_slice      | 3       |
|    mac_muladd_8s_8s_16s_17_4_1_U521                    | 1   |        | sext_ln105_29   | sext   | dsp_slice      | 3       |
|    mul_8s_8s_16_1_1_U487                               |     |        | mul_ln105_29    | mul    | auto           | 0       |
|    mac_muladd_8s_8s_16s_17_4_1_U522                    | 1   |        | mul_ln105_30    | mul    | dsp_slice      | 3       |
|    mac_muladd_8s_8s_16s_17_4_1_U522                    | 1   |        | sext_ln105_31   | sext   | dsp_slice      | 3       |
|    mul_8s_8s_16_1_1_U488                               |     |        | mul_ln105_31    | mul    | auto           | 0       |
|    mul_8s_8s_16_1_1_U489                               |     |        | mul_ln105_32    | mul    | auto           | 0       |
|    mac_muladd_8s_8s_16s_17_4_1_U523                    | 1   |        | mul_ln105_33    | mul    | dsp_slice      | 3       |
|    mac_muladd_8s_8s_16s_17_4_1_U523                    | 1   |        | sext_ln105_34   | sext   | dsp_slice      | 3       |
|    mul_8s_8s_16_1_1_U490                               |     |        | mul_ln105_34    | mul    | auto           | 0       |
|    mac_muladd_8s_8s_16s_17_4_1_U524                    | 1   |        | mul_ln105_35    | mul    | dsp_slice      | 3       |
|    mac_muladd_8s_8s_16s_17_4_1_U524                    | 1   |        | sext_ln105_36   | sext   | dsp_slice      | 3       |
|    mac_muladd_8s_8s_16s_17_4_1_U525                    | 1   |        | mul_ln105_36    | mul    | dsp_slice      | 3       |
|    mac_muladd_8s_8s_16s_17_4_1_U525                    | 1   |        | sext_ln105_37   | sext   | dsp_slice      | 3       |
|    mul_8s_8s_16_1_1_U491                               |     |        | mul_ln105_37    | mul    | auto           | 0       |
|    mul_8s_8s_16_1_1_U492                               |     |        | mul_ln105_38    | mul    | auto           | 0       |
|    mul_8s_8s_16_1_1_U493                               |     |        | mul_ln105_39    | mul    | auto           | 0       |
|    mul_8s_8s_16_1_1_U494                               |     |        | mul_ln105_40    | mul    | auto           | 0       |
|    mac_muladd_8s_8s_16s_17_4_1_U526                    | 1   |        | mul_ln105_41    | mul    | dsp_slice      | 3       |
|    mac_muladd_8s_8s_16s_17_4_1_U526                    | 1   |        | sext_ln105_42   | sext   | dsp_slice      | 3       |
|    mac_muladd_8s_8s_16s_17_4_1_U527                    | 1   |        | mul_ln105_42    | mul    | dsp_slice      | 3       |
|    mac_muladd_8s_8s_16s_17_4_1_U527                    | 1   |        | sext_ln105_43   | sext   | dsp_slice      | 3       |
|    mac_muladd_8s_8s_16s_17_4_1_U528                    | 1   |        | mul_ln105_43    | mul    | dsp_slice      | 3       |
|    mac_muladd_8s_8s_16s_17_4_1_U528                    | 1   |        | sext_ln105_44   | sext   | dsp_slice      | 3       |
|    mac_muladd_8s_8s_16s_17_4_1_U529                    | 1   |        | mul_ln105_44    | mul    | dsp_slice      | 3       |
|    mac_muladd_8s_8s_16s_17_4_1_U529                    | 1   |        | sext_ln105_45   | sext   | dsp_slice      | 3       |
|    mul_8s_8s_16_1_1_U495                               |     |        | mul_ln105_45    | mul    | auto           | 0       |
|    mac_muladd_8s_8s_16s_17_4_1_U530                    | 1   |        | mul_ln105_46    | mul    | dsp_slice      | 3       |
|    mac_muladd_8s_8s_16s_17_4_1_U530                    | 1   |        | sext_ln105_47   | sext   | dsp_slice      | 3       |
|    mul_8s_8s_16_1_1_U496                               |     |        | mul_ln105_47    | mul    | auto           | 0       |
|    mac_muladd_8s_8s_16s_17_4_1_U531                    | 1   |        | mul_ln105_48    | mul    | dsp_slice      | 3       |
|    mac_muladd_8s_8s_16s_17_4_1_U531                    | 1   |        | sext_ln105_49   | sext   | dsp_slice      | 3       |
|    mul_8s_8s_16_1_1_U497                               |     |        | mul_ln105_49    | mul    | auto           | 0       |
|    mac_muladd_8s_8s_16s_17_4_1_U532                    | 1   |        | mul_ln105_50    | mul    | dsp_slice      | 3       |
|    mac_muladd_8s_8s_16s_17_4_1_U532                    | 1   |        | sext_ln105_51   | sext   | dsp_slice      | 3       |
|    mul_8s_8s_16_1_1_U498                               |     |        | mul_ln105_51    | mul    | auto           | 0       |
|    mul_8s_8s_16_1_1_U499                               |     |        | mul_ln105_52    | mul    | auto           | 0       |
|    mac_muladd_8s_8s_16s_17_4_1_U533                    | 1   |        | mul_ln105_53    | mul    | dsp_slice      | 3       |
|    mac_muladd_8s_8s_16s_17_4_1_U533                    | 1   |        | sext_ln105_54   | sext   | dsp_slice      | 3       |
|    mac_muladd_8s_8s_16s_17_4_1_U534                    | 1   |        | mul_ln105_54    | mul    | dsp_slice      | 3       |
|    mac_muladd_8s_8s_16s_17_4_1_U534                    | 1   |        | sext_ln105_55   | sext   | dsp_slice      | 3       |
|    mul_8s_8s_16_1_1_U500                               |     |        | mul_ln105_55    | mul    | auto           | 0       |
|    mul_8s_8s_16_1_1_U501                               |     |        | mul_ln105_56    | mul    | auto           | 0       |
|    mul_8s_8s_16_1_1_U502                               |     |        | mul_ln105_57    | mul    | auto           | 0       |
|    mac_muladd_8s_8s_16s_17_4_1_U535                    | 1   |        | mul_ln105_58    | mul    | dsp_slice      | 3       |
|    mac_muladd_8s_8s_16s_17_4_1_U535                    | 1   |        | sext_ln105_59   | sext   | dsp_slice      | 3       |
|    mul_8s_8s_16_1_1_U503                               |     |        | mul_ln105_59    | mul    | auto           | 0       |
|    mac_muladd_8s_8s_16s_17_4_1_U536                    | 1   |        | mul_ln105_60    | mul    | dsp_slice      | 3       |
|    mac_muladd_8s_8s_16s_17_4_1_U536                    | 1   |        | sext_ln105_61   | sext   | dsp_slice      | 3       |
|    mac_muladd_8s_8s_16s_17_4_1_U537                    | 1   |        | mul_ln105_61    | mul    | dsp_slice      | 3       |
|    mac_muladd_8s_8s_16s_17_4_1_U537                    | 1   |        | sext_ln105_62   | sext   | dsp_slice      | 3       |
|    mul_8s_8s_16_1_1_U504                               |     |        | mul_ln105_62    | mul    | auto           | 0       |
|    mul_8s_8s_16_1_1_U505                               |     |        | mul_ln105_63    | mul    | auto           | 0       |
|    mac_muladd_8s_8s_16s_17_4_1_U537                    | 1   |        | add_ln105       | add    | dsp_slice      | 3       |
|    mac_muladd_8s_8s_16s_17_4_1_U533                    | 1   |        | add_ln105_1     | add    | dsp_slice      | 3       |
|    add_ln105_2_fu_4105_p2                              |     |        | add_ln105_2     | add    | fabric         | 0       |
|    mac_muladd_8s_8s_16s_17_4_1_U535                    | 1   |        | add_ln105_3     | add    | dsp_slice      | 3       |
|    mac_muladd_8s_8s_16s_17_4_1_U512                    | 1   |        | add_ln105_4     | add    | dsp_slice      | 3       |
|    add_ln105_5_fu_4121_p2                              |     |        | add_ln105_5     | add    | fabric         | 0       |
|    add_ln105_6_fu_4131_p2                              |     |        | add_ln105_6     | add    | fabric         | 0       |
|    mac_muladd_8s_8s_16s_17_4_1_U518                    | 1   |        | add_ln105_7     | add    | dsp_slice      | 3       |
|    mac_muladd_8s_8s_16s_17_4_1_U507                    | 1   |        | add_ln105_8     | add    | dsp_slice      | 3       |
|    add_ln105_9_fu_4147_p2                              |     |        | add_ln105_9     | add    | fabric         | 0       |
|    mac_muladd_8s_8s_16s_17_4_1_U526                    | 1   |        | add_ln105_10    | add    | dsp_slice      | 3       |
|    mac_muladd_8s_8s_16s_17_4_1_U516                    | 1   |        | add_ln105_11    | add    | dsp_slice      | 3       |
|    add_ln105_12_fu_4163_p2                             |     |        | add_ln105_12    | add    | fabric         | 0       |
|    add_ln105_13_fu_4173_p2                             |     |        | add_ln105_13    | add    | fabric         | 0       |
|    add_ln105_14_fu_4183_p2                             |     |        | add_ln105_14    | add    | fabric         | 0       |
|    mac_muladd_8s_8s_16s_17_4_1_U517                    | 1   |        | add_ln105_15    | add    | dsp_slice      | 3       |
|    mac_muladd_8s_8s_16s_17_4_1_U534                    | 1   |        | add_ln105_16    | add    | dsp_slice      | 3       |
|    add_ln105_17_fu_4195_p2                             |     |        | add_ln105_17    | add    | fabric         | 0       |
|    mac_muladd_8s_8s_16s_17_4_1_U528                    | 1   |        | add_ln105_18    | add    | dsp_slice      | 3       |
|    mac_muladd_8s_8s_16s_17_4_1_U532                    | 1   |        | add_ln105_19    | add    | dsp_slice      | 3       |
|    add_ln105_20_fu_4211_p2                             |     |        | add_ln105_20    | add    | fabric         | 0       |
|    add_ln105_21_fu_4221_p2                             |     |        | add_ln105_21    | add    | fabric         | 0       |
|    mac_muladd_8s_8s_16s_17_4_1_U508                    | 1   |        | add_ln105_22    | add    | dsp_slice      | 3       |
|    mac_muladd_8s_8s_16s_17_4_1_U529                    | 1   |        | add_ln105_23    | add    | dsp_slice      | 3       |
|    add_ln105_24_fu_4237_p2                             |     |        | add_ln105_24    | add    | fabric         | 0       |
|    mac_muladd_8s_8s_16s_17_4_1_U519                    | 1   |        | add_ln105_25    | add    | dsp_slice      | 3       |
|    mac_muladd_8s_8s_16s_17_4_1_U513                    | 1   |        | add_ln105_26    | add    | dsp_slice      | 3       |
|    add_ln105_27_fu_4253_p2                             |     |        | add_ln105_27    | add    | fabric         | 0       |
|    add_ln105_28_fu_4263_p2                             |     |        | add_ln105_28    | add    | fabric         | 0       |
|    add_ln105_29_fu_4273_p2                             |     |        | add_ln105_29    | add    | fabric         | 0       |
|    add_ln105_30_fu_4465_p2                             |     |        | add_ln105_30    | add    | fabric         | 0       |
|    mac_muladd_8s_8s_16s_17_4_1_U515                    | 1   |        | add_ln105_31    | add    | dsp_slice      | 3       |
|    mac_muladd_8s_8s_16s_17_4_1_U525                    | 1   |        | add_ln105_32    | add    | dsp_slice      | 3       |
|    add_ln105_33_fu_4285_p2                             |     |        | add_ln105_33    | add    | fabric         | 0       |
|    mac_muladd_8s_8s_16s_17_4_1_U506                    | 1   |        | add_ln105_34    | add    | dsp_slice      | 3       |
|    mac_muladd_8s_8s_16s_17_4_1_U527                    | 1   |        | add_ln105_35    | add    | dsp_slice      | 3       |
|    add_ln105_36_fu_4301_p2                             |     |        | add_ln105_36    | add    | fabric         | 0       |
|    add_ln105_37_fu_4311_p2                             |     |        | add_ln105_37    | add    | fabric         | 0       |
|    mac_muladd_8s_8s_16s_17_4_1_U522                    | 1   |        | add_ln105_38    | add    | dsp_slice      | 3       |
|    mac_muladd_8s_8s_16s_17_4_1_U520                    | 1   |        | add_ln105_39    | add    | dsp_slice      | 3       |
|    add_ln105_40_fu_4327_p2                             |     |        | add_ln105_40    | add    | fabric         | 0       |
|    mac_muladd_8s_8s_16s_17_4_1_U523                    | 1   |        | add_ln105_41    | add    | dsp_slice      | 3       |
|    mac_muladd_8s_8s_16s_17_4_1_U531                    | 1   |        | add_ln105_42    | add    | dsp_slice      | 3       |
|    add_ln105_43_fu_4343_p2                             |     |        | add_ln105_43    | add    | fabric         | 0       |
|    add_ln105_44_fu_4353_p2                             |     |        | add_ln105_44    | add    | fabric         | 0       |
|    add_ln105_45_fu_4363_p2                             |     |        | add_ln105_45    | add    | fabric         | 0       |
|    mac_muladd_8s_8s_16s_17_4_1_U510                    | 1   |        | add_ln105_46    | add    | dsp_slice      | 3       |
|    mac_muladd_8s_8s_16s_17_4_1_U524                    | 1   |        | add_ln105_47    | add    | dsp_slice      | 3       |
|    add_ln105_48_fu_4375_p2                             |     |        | add_ln105_48    | add    | fabric         | 0       |
|    mac_muladd_8s_8s_16s_17_4_1_U509                    | 1   |        | add_ln105_49    | add    | dsp_slice      | 3       |
|    mac_muladd_8s_8s_16s_17_4_1_U530                    | 1   |        | add_ln105_50    | add    | dsp_slice      | 3       |
|    add_ln105_51_fu_4391_p2                             |     |        | add_ln105_51    | add    | fabric         | 0       |
|    add_ln105_52_fu_4401_p2                             |     |        | add_ln105_52    | add    | fabric         | 0       |
|    mac_muladd_8s_8s_16s_17_4_1_U521                    | 1   |        | add_ln105_53    | add    | dsp_slice      | 3       |
|    mac_muladd_8s_8s_16s_17_4_1_U514                    | 1   |        | add_ln105_54    | add    | dsp_slice      | 3       |
|    add_ln105_55_fu_4417_p2                             |     |        | add_ln105_55    | add    | fabric         | 0       |
|    mac_muladd_8s_8s_16s_17_4_1_U511                    | 1   |        | add_ln105_56    | add    | dsp_slice      | 3       |
|    mac_muladd_8s_8s_16s_17_4_1_U536                    | 1   |        | add_ln105_57    | add    | dsp_slice      | 3       |
|    add_ln105_58_fu_4433_p2                             |     |        | add_ln105_58    | add    | fabric         | 0       |
|    add_ln105_59_fu_4443_p2                             |     |        | add_ln105_59    | add    | fabric         | 0       |
|    add_ln105_60_fu_4453_p2                             |     |        | add_ln105_60    | add    | fabric         | 0       |
|    add_ln105_61_fu_4481_p2                             |     |        | add_ln105_61    | add    | fabric         | 0       |
|    add_ln105_62_fu_4491_p2                             |     |        | add_ln105_62    | add    | fabric         | 0       |
|    acc_fu_4513_p2                                      |     |        | acc             | add    | fabric         | 0       |
|    add_ln98_fu_2481_p2                                 |     |        | add_ln98        | add    | fabric         | 0       |
|    icmp_ln37_fu_4539_p2                                |     |        | icmp_ln37       | setgt  | auto           | 0       |
|    icmp_ln38_fu_4545_p2                                |     |        | icmp_ln38       | setlt  | auto           | 0       |
|    select_ln37_1_fu_4561_p3                            |     |        | select_ln37_1   | select | auto_sel       | 0       |
|    or_ln37_fu_4569_p2                                  |     |        | or_ln37         | or     | auto           | 0       |
|    select_ln37_fu_4575_p3                              |     |        | select_ln37     | select | auto_sel       | 0       |
|  + action_diff_head_Pipeline_MAX_S                     | 0   |        |                 |        |                |         |
|    icmp_ln116_fu_98_p2                                 |     |        | icmp_ln116      | seteq  | auto           | 0       |
|    add_ln116_fu_104_p2                                 |     |        | add_ln116       | add    | fabric         | 0       |
|    icmp_ln118_fu_137_p2                                |     |        | icmp_ln118      | setgt  | auto           | 0       |
|    m_2_fu_143_p3                                       |     |        | m_2             | select | auto_sel       | 0       |
|  + action_diff_head_Pipeline_SHIFT_S                   | 0   |        |                 |        |                |         |
|    add_ln122_fu_127_p2                                 |     |        | add_ln122       | add    | fabric         | 0       |
|    icmp_ln122_fu_133_p2                                |     |        | icmp_ln122      | seteq  | auto           | 0       |
|    sub_neg_fu_164_p2                                   |     |        | sub_neg         | sub    | fabric         | 0       |
|    diff_fu_173_p2                                      |     |        | diff            | add    | fabric         | 0       |
|    icmp_ln125_fu_179_p2                                |     |        | icmp_ln125      | setgt  | auto           | 0       |
|    s_fu_189_p3                                         |     |        | s               | select | auto_sel       | 0       |
|    sum_1_fu_213_p2                                     |     |        | sum_1           | add    | fabric         | 0       |
|  + action_diff_head_Pipeline_NORM_S                    | 0   |        |                 |        |                |         |
|    add_ln129_fu_122_p2                                 |     |        | add_ln129       | add    | fabric         | 0       |
|    icmp_ln129_fu_128_p2                                |     |        | icmp_ln129      | seteq  | auto           | 0       |
|    grp_fu_173_p0                                       |     |        | sub_ln131       | sub    | fabric         | 0       |
|    sdiv_31ns_24s_16_19_1_U674                          |     |        | sdiv_ln131      | sdiv   | vivado_divider | 18      |
|  + action_diff_head_Pipeline_ATTN_O_TILE_ATTN_O_N_LOOP | 64  |        |                 |        |                |         |
|    add_ln151_1_fu_3451_p2                              |     |        | add_ln151_1     | add    | fabric         | 0       |
|    icmp_ln151_fu_3457_p2                               |     |        | icmp_ln151      | seteq  | auto           | 0       |
|    add_ln151_fu_3475_p2                                |     |        | add_ln151       | add    | fabric         | 0       |
|    icmp_ln158_fu_3481_p2                               |     |        | icmp_ln158      | seteq  | auto           | 0       |
|    select_ln151_fu_3487_p3                             |     |        | select_ln151    | select | auto_sel       | 0       |
|    grp_fu_8318_p2                                      |     |        | select_ln151_1  | select | auto_sel       | 0       |
|    grp_fu_8307_p2                                      |     |        | select_ln151_2  | select | auto_sel       | 0       |
|    grp_fu_8296_p2                                      |     |        | select_ln151_3  | select | auto_sel       | 0       |
|    grp_fu_8285_p2                                      |     |        | select_ln151_4  | select | auto_sel       | 0       |
|    grp_fu_8274_p2                                      |     |        | select_ln151_5  | select | auto_sel       | 0       |
|    grp_fu_8263_p2                                      |     |        | select_ln151_6  | select | auto_sel       | 0       |
|    grp_fu_8252_p2                                      |     |        | select_ln151_7  | select | auto_sel       | 0       |
|    grp_fu_8241_p2                                      |     |        | select_ln151_8  | select | auto_sel       | 0       |
|    grp_fu_8230_p2                                      |     |        | select_ln151_9  | select | auto_sel       | 0       |
|    grp_fu_8219_p2                                      |     |        | select_ln151_10 | select | auto_sel       | 0       |
|    grp_fu_8208_p2                                      |     |        | select_ln151_11 | select | auto_sel       | 0       |
|    grp_fu_8197_p2                                      |     |        | select_ln151_12 | select | auto_sel       | 0       |
|    grp_fu_8186_p2                                      |     |        | select_ln151_13 | select | auto_sel       | 0       |
|    grp_fu_8175_p2                                      |     |        | select_ln151_14 | select | auto_sel       | 0       |
|    grp_fu_8164_p2                                      |     |        | select_ln151_15 | select | auto_sel       | 0       |
|    grp_fu_8153_p2                                      |     |        | select_ln151_16 | select | auto_sel       | 0       |
|    grp_fu_8142_p2                                      |     |        | select_ln151_17 | select | auto_sel       | 0       |
|    grp_fu_8131_p2                                      |     |        | select_ln151_18 | select | auto_sel       | 0       |
|    grp_fu_8120_p2                                      |     |        | select_ln151_19 | select | auto_sel       | 0       |
|    grp_fu_8109_p2                                      |     |        | select_ln151_20 | select | auto_sel       | 0       |
|    grp_fu_8098_p2                                      |     |        | select_ln151_21 | select | auto_sel       | 0       |
|    grp_fu_8087_p2                                      |     |        | select_ln151_22 | select | auto_sel       | 0       |
|    grp_fu_8076_p2                                      |     |        | select_ln151_23 | select | auto_sel       | 0       |
|    grp_fu_8065_p2                                      |     |        | select_ln151_24 | select | auto_sel       | 0       |
|    grp_fu_8054_p2                                      |     |        | select_ln151_25 | select | auto_sel       | 0       |
|    grp_fu_8043_p2                                      |     |        | select_ln151_26 | select | auto_sel       | 0       |
|    grp_fu_8032_p2                                      |     |        | select_ln151_27 | select | auto_sel       | 0       |
|    grp_fu_8021_p2                                      |     |        | select_ln151_28 | select | auto_sel       | 0       |
|    grp_fu_8010_p2                                      |     |        | select_ln151_29 | select | auto_sel       | 0       |
|    grp_fu_7999_p2                                      |     |        | select_ln151_30 | select | auto_sel       | 0       |
|    grp_fu_7988_p2                                      |     |        | select_ln151_31 | select | auto_sel       | 0       |
|    grp_fu_7977_p2                                      |     |        | select_ln151_32 | select | auto_sel       | 0       |
|    grp_fu_7966_p2                                      |     |        | select_ln151_33 | select | auto_sel       | 0       |
|    grp_fu_7955_p2                                      |     |        | select_ln151_34 | select | auto_sel       | 0       |
|    grp_fu_7944_p2                                      |     |        | select_ln151_35 | select | auto_sel       | 0       |
|    grp_fu_7933_p2                                      |     |        | select_ln151_36 | select | auto_sel       | 0       |
|    grp_fu_7922_p2                                      |     |        | select_ln151_37 | select | auto_sel       | 0       |
|    grp_fu_7911_p2                                      |     |        | select_ln151_38 | select | auto_sel       | 0       |
|    grp_fu_7900_p2                                      |     |        | select_ln151_39 | select | auto_sel       | 0       |
|    grp_fu_7889_p2                                      |     |        | select_ln151_40 | select | auto_sel       | 0       |
|    grp_fu_7878_p2                                      |     |        | select_ln151_41 | select | auto_sel       | 0       |
|    grp_fu_7867_p2                                      |     |        | select_ln151_42 | select | auto_sel       | 0       |
|    grp_fu_7856_p2                                      |     |        | select_ln151_43 | select | auto_sel       | 0       |
|    grp_fu_7845_p2                                      |     |        | select_ln151_44 | select | auto_sel       | 0       |
|    grp_fu_7834_p2                                      |     |        | select_ln151_45 | select | auto_sel       | 0       |
|    grp_fu_7823_p2                                      |     |        | select_ln151_46 | select | auto_sel       | 0       |
|    grp_fu_7812_p2                                      |     |        | select_ln151_47 | select | auto_sel       | 0       |
|    grp_fu_7801_p2                                      |     |        | select_ln151_48 | select | auto_sel       | 0       |
|    grp_fu_7790_p2                                      |     |        | select_ln151_49 | select | auto_sel       | 0       |
|    grp_fu_7779_p2                                      |     |        | select_ln151_50 | select | auto_sel       | 0       |
|    grp_fu_7768_p2                                      |     |        | select_ln151_51 | select | auto_sel       | 0       |
|    grp_fu_7757_p2                                      |     |        | select_ln151_52 | select | auto_sel       | 0       |
|    grp_fu_7746_p2                                      |     |        | select_ln151_53 | select | auto_sel       | 0       |
|    grp_fu_7735_p2                                      |     |        | select_ln151_54 | select | auto_sel       | 0       |
|    grp_fu_7724_p2                                      |     |        | select_ln151_55 | select | auto_sel       | 0       |
|    grp_fu_7713_p2                                      |     |        | select_ln151_56 | select | auto_sel       | 0       |
|    grp_fu_7702_p2                                      |     |        | select_ln151_57 | select | auto_sel       | 0       |
|    grp_fu_7691_p2                                      |     |        | select_ln151_58 | select | auto_sel       | 0       |
|    grp_fu_7680_p2                                      |     |        | select_ln151_59 | select | auto_sel       | 0       |
|    grp_fu_7669_p2                                      |     |        | select_ln151_60 | select | auto_sel       | 0       |
|    grp_fu_7658_p2                                      |     |        | select_ln151_61 | select | auto_sel       | 0       |
|    grp_fu_7647_p2                                      |     |        | select_ln151_62 | select | auto_sel       | 0       |
|    grp_fu_7636_p2                                      |     |        | select_ln151_63 | select | auto_sel       | 0       |
|    grp_fu_7625_p2                                      |     |        | select_ln151_64 | select | auto_sel       | 0       |
|    select_ln151_65_fu_3499_p3                          |     |        | select_ln151_65 | select | auto_sel       | 0       |
|    mac_muladd_16s_8s_32s_32_4_1_U680                   | 1   |        | mul_ln163       | mul    | dsp_slice      | 3       |
|    mac_muladd_16s_8s_32s_32_4_1_U680                   | 1   |        | sext_ln163_2    | sext   | dsp_slice      | 3       |
|    mac_muladd_16s_8s_32s_32_4_1_U680                   | 1   |        | add_ln163       | add    | dsp_slice      | 3       |
|    mac_muladd_16s_8s_32s_32_4_1_U681                   | 1   |        | mul_ln163_1     | mul    | dsp_slice      | 3       |
|    mac_muladd_16s_8s_32s_32_4_1_U681                   | 1   |        | sext_ln163_4    | sext   | dsp_slice      | 3       |
|    mac_muladd_16s_8s_32s_32_4_1_U681                   | 1   |        | add_ln163_1     | add    | dsp_slice      | 3       |
|    mac_muladd_16s_8s_32s_32_4_1_U682                   | 1   |        | mul_ln163_2     | mul    | dsp_slice      | 3       |
|    mac_muladd_16s_8s_32s_32_4_1_U682                   | 1   |        | sext_ln163_6    | sext   | dsp_slice      | 3       |
|    mac_muladd_16s_8s_32s_32_4_1_U682                   | 1   |        | add_ln163_2     | add    | dsp_slice      | 3       |
|    mac_muladd_16s_8s_32s_32_4_1_U683                   | 1   |        | mul_ln163_3     | mul    | dsp_slice      | 3       |
|    mac_muladd_16s_8s_32s_32_4_1_U683                   | 1   |        | sext_ln163_8    | sext   | dsp_slice      | 3       |
|    mac_muladd_16s_8s_32s_32_4_1_U683                   | 1   |        | add_ln163_3     | add    | dsp_slice      | 3       |
|    mac_muladd_16s_8s_32s_32_4_1_U684                   | 1   |        | mul_ln163_4     | mul    | dsp_slice      | 3       |
|    mac_muladd_16s_8s_32s_32_4_1_U684                   | 1   |        | sext_ln163_10   | sext   | dsp_slice      | 3       |
|    mac_muladd_16s_8s_32s_32_4_1_U684                   | 1   |        | add_ln163_4     | add    | dsp_slice      | 3       |
|    mac_muladd_16s_8s_32s_32_4_1_U685                   | 1   |        | mul_ln163_5     | mul    | dsp_slice      | 3       |
|    mac_muladd_16s_8s_32s_32_4_1_U685                   | 1   |        | sext_ln163_12   | sext   | dsp_slice      | 3       |
|    mac_muladd_16s_8s_32s_32_4_1_U685                   | 1   |        | add_ln163_5     | add    | dsp_slice      | 3       |
|    mac_muladd_16s_8s_32s_32_4_1_U686                   | 1   |        | mul_ln163_6     | mul    | dsp_slice      | 3       |
|    mac_muladd_16s_8s_32s_32_4_1_U686                   | 1   |        | sext_ln163_14   | sext   | dsp_slice      | 3       |
|    mac_muladd_16s_8s_32s_32_4_1_U686                   | 1   |        | add_ln163_6     | add    | dsp_slice      | 3       |
|    mac_muladd_16s_8s_32s_32_4_1_U687                   | 1   |        | mul_ln163_7     | mul    | dsp_slice      | 3       |
|    mac_muladd_16s_8s_32s_32_4_1_U687                   | 1   |        | sext_ln163_16   | sext   | dsp_slice      | 3       |
|    mac_muladd_16s_8s_32s_32_4_1_U687                   | 1   |        | add_ln163_7     | add    | dsp_slice      | 3       |
|    mac_muladd_16s_8s_32s_32_4_1_U688                   | 1   |        | mul_ln163_8     | mul    | dsp_slice      | 3       |
|    mac_muladd_16s_8s_32s_32_4_1_U688                   | 1   |        | sext_ln163_18   | sext   | dsp_slice      | 3       |
|    mac_muladd_16s_8s_32s_32_4_1_U688                   | 1   |        | add_ln163_8     | add    | dsp_slice      | 3       |
|    mac_muladd_16s_8s_32s_32_4_1_U689                   | 1   |        | mul_ln163_9     | mul    | dsp_slice      | 3       |
|    mac_muladd_16s_8s_32s_32_4_1_U689                   | 1   |        | sext_ln163_20   | sext   | dsp_slice      | 3       |
|    mac_muladd_16s_8s_32s_32_4_1_U689                   | 1   |        | add_ln163_9     | add    | dsp_slice      | 3       |
|    mac_muladd_16s_8s_32s_32_4_1_U690                   | 1   |        | mul_ln163_10    | mul    | dsp_slice      | 3       |
|    mac_muladd_16s_8s_32s_32_4_1_U690                   | 1   |        | sext_ln163_22   | sext   | dsp_slice      | 3       |
|    mac_muladd_16s_8s_32s_32_4_1_U690                   | 1   |        | add_ln163_10    | add    | dsp_slice      | 3       |
|    mac_muladd_16s_8s_32s_32_4_1_U691                   | 1   |        | mul_ln163_11    | mul    | dsp_slice      | 3       |
|    mac_muladd_16s_8s_32s_32_4_1_U691                   | 1   |        | sext_ln163_24   | sext   | dsp_slice      | 3       |
|    mac_muladd_16s_8s_32s_32_4_1_U691                   | 1   |        | add_ln163_11    | add    | dsp_slice      | 3       |
|    mac_muladd_16s_8s_32s_32_4_1_U692                   | 1   |        | mul_ln163_12    | mul    | dsp_slice      | 3       |
|    mac_muladd_16s_8s_32s_32_4_1_U692                   | 1   |        | sext_ln163_26   | sext   | dsp_slice      | 3       |
|    mac_muladd_16s_8s_32s_32_4_1_U692                   | 1   |        | add_ln163_12    | add    | dsp_slice      | 3       |
|    mac_muladd_16s_8s_32s_32_4_1_U693                   | 1   |        | mul_ln163_13    | mul    | dsp_slice      | 3       |
|    mac_muladd_16s_8s_32s_32_4_1_U693                   | 1   |        | sext_ln163_28   | sext   | dsp_slice      | 3       |
|    mac_muladd_16s_8s_32s_32_4_1_U693                   | 1   |        | add_ln163_13    | add    | dsp_slice      | 3       |
|    mac_muladd_16s_8s_32s_32_4_1_U694                   | 1   |        | mul_ln163_14    | mul    | dsp_slice      | 3       |
|    mac_muladd_16s_8s_32s_32_4_1_U694                   | 1   |        | sext_ln163_30   | sext   | dsp_slice      | 3       |
|    mac_muladd_16s_8s_32s_32_4_1_U694                   | 1   |        | add_ln163_14    | add    | dsp_slice      | 3       |
|    mac_muladd_16s_8s_32s_32_4_1_U695                   | 1   |        | mul_ln163_15    | mul    | dsp_slice      | 3       |
|    mac_muladd_16s_8s_32s_32_4_1_U695                   | 1   |        | sext_ln163_32   | sext   | dsp_slice      | 3       |
|    mac_muladd_16s_8s_32s_32_4_1_U695                   | 1   |        | add_ln163_15    | add    | dsp_slice      | 3       |
|    mac_muladd_16s_8s_32s_32_4_1_U696                   | 1   |        | mul_ln163_16    | mul    | dsp_slice      | 3       |
|    mac_muladd_16s_8s_32s_32_4_1_U696                   | 1   |        | sext_ln163_34   | sext   | dsp_slice      | 3       |
|    mac_muladd_16s_8s_32s_32_4_1_U696                   | 1   |        | add_ln163_16    | add    | dsp_slice      | 3       |
|    mac_muladd_16s_8s_32s_32_4_1_U697                   | 1   |        | mul_ln163_17    | mul    | dsp_slice      | 3       |
|    mac_muladd_16s_8s_32s_32_4_1_U697                   | 1   |        | sext_ln163_36   | sext   | dsp_slice      | 3       |
|    mac_muladd_16s_8s_32s_32_4_1_U697                   | 1   |        | add_ln163_17    | add    | dsp_slice      | 3       |
|    mac_muladd_16s_8s_32s_32_4_1_U698                   | 1   |        | mul_ln163_18    | mul    | dsp_slice      | 3       |
|    mac_muladd_16s_8s_32s_32_4_1_U698                   | 1   |        | sext_ln163_38   | sext   | dsp_slice      | 3       |
|    mac_muladd_16s_8s_32s_32_4_1_U698                   | 1   |        | add_ln163_18    | add    | dsp_slice      | 3       |
|    mac_muladd_16s_8s_32s_32_4_1_U699                   | 1   |        | mul_ln163_19    | mul    | dsp_slice      | 3       |
|    mac_muladd_16s_8s_32s_32_4_1_U699                   | 1   |        | sext_ln163_40   | sext   | dsp_slice      | 3       |
|    mac_muladd_16s_8s_32s_32_4_1_U699                   | 1   |        | add_ln163_19    | add    | dsp_slice      | 3       |
|    mac_muladd_16s_8s_32s_32_4_1_U700                   | 1   |        | mul_ln163_20    | mul    | dsp_slice      | 3       |
|    mac_muladd_16s_8s_32s_32_4_1_U700                   | 1   |        | sext_ln163_42   | sext   | dsp_slice      | 3       |
|    mac_muladd_16s_8s_32s_32_4_1_U700                   | 1   |        | add_ln163_20    | add    | dsp_slice      | 3       |
|    mac_muladd_16s_8s_32s_32_4_1_U701                   | 1   |        | mul_ln163_21    | mul    | dsp_slice      | 3       |
|    mac_muladd_16s_8s_32s_32_4_1_U701                   | 1   |        | sext_ln163_44   | sext   | dsp_slice      | 3       |
|    mac_muladd_16s_8s_32s_32_4_1_U701                   | 1   |        | add_ln163_21    | add    | dsp_slice      | 3       |
|    mac_muladd_16s_8s_32s_32_4_1_U702                   | 1   |        | mul_ln163_22    | mul    | dsp_slice      | 3       |
|    mac_muladd_16s_8s_32s_32_4_1_U702                   | 1   |        | sext_ln163_46   | sext   | dsp_slice      | 3       |
|    mac_muladd_16s_8s_32s_32_4_1_U702                   | 1   |        | add_ln163_22    | add    | dsp_slice      | 3       |
|    mac_muladd_16s_8s_32s_32_4_1_U703                   | 1   |        | mul_ln163_23    | mul    | dsp_slice      | 3       |
|    mac_muladd_16s_8s_32s_32_4_1_U703                   | 1   |        | sext_ln163_48   | sext   | dsp_slice      | 3       |
|    mac_muladd_16s_8s_32s_32_4_1_U703                   | 1   |        | add_ln163_23    | add    | dsp_slice      | 3       |
|    mac_muladd_16s_8s_32s_32_4_1_U704                   | 1   |        | mul_ln163_24    | mul    | dsp_slice      | 3       |
|    mac_muladd_16s_8s_32s_32_4_1_U704                   | 1   |        | sext_ln163_50   | sext   | dsp_slice      | 3       |
|    mac_muladd_16s_8s_32s_32_4_1_U704                   | 1   |        | add_ln163_24    | add    | dsp_slice      | 3       |
|    mac_muladd_16s_8s_32s_32_4_1_U705                   | 1   |        | mul_ln163_25    | mul    | dsp_slice      | 3       |
|    mac_muladd_16s_8s_32s_32_4_1_U705                   | 1   |        | sext_ln163_52   | sext   | dsp_slice      | 3       |
|    mac_muladd_16s_8s_32s_32_4_1_U705                   | 1   |        | add_ln163_25    | add    | dsp_slice      | 3       |
|    mac_muladd_16s_8s_32s_32_4_1_U706                   | 1   |        | mul_ln163_26    | mul    | dsp_slice      | 3       |
|    mac_muladd_16s_8s_32s_32_4_1_U706                   | 1   |        | sext_ln163_54   | sext   | dsp_slice      | 3       |
|    mac_muladd_16s_8s_32s_32_4_1_U706                   | 1   |        | add_ln163_26    | add    | dsp_slice      | 3       |
|    mac_muladd_16s_8s_32s_32_4_1_U707                   | 1   |        | mul_ln163_27    | mul    | dsp_slice      | 3       |
|    mac_muladd_16s_8s_32s_32_4_1_U707                   | 1   |        | sext_ln163_56   | sext   | dsp_slice      | 3       |
|    mac_muladd_16s_8s_32s_32_4_1_U707                   | 1   |        | add_ln163_27    | add    | dsp_slice      | 3       |
|    mac_muladd_16s_8s_32s_32_4_1_U708                   | 1   |        | mul_ln163_28    | mul    | dsp_slice      | 3       |
|    mac_muladd_16s_8s_32s_32_4_1_U708                   | 1   |        | sext_ln163_58   | sext   | dsp_slice      | 3       |
|    mac_muladd_16s_8s_32s_32_4_1_U708                   | 1   |        | add_ln163_28    | add    | dsp_slice      | 3       |
|    mac_muladd_16s_8s_32s_32_4_1_U709                   | 1   |        | mul_ln163_29    | mul    | dsp_slice      | 3       |
|    mac_muladd_16s_8s_32s_32_4_1_U709                   | 1   |        | sext_ln163_60   | sext   | dsp_slice      | 3       |
|    mac_muladd_16s_8s_32s_32_4_1_U709                   | 1   |        | add_ln163_29    | add    | dsp_slice      | 3       |
|    mac_muladd_16s_8s_32s_32_4_1_U710                   | 1   |        | mul_ln163_30    | mul    | dsp_slice      | 3       |
|    mac_muladd_16s_8s_32s_32_4_1_U710                   | 1   |        | sext_ln163_62   | sext   | dsp_slice      | 3       |
|    mac_muladd_16s_8s_32s_32_4_1_U710                   | 1   |        | add_ln163_30    | add    | dsp_slice      | 3       |
|    mac_muladd_16s_8s_32s_32_4_1_U711                   | 1   |        | mul_ln163_31    | mul    | dsp_slice      | 3       |
|    mac_muladd_16s_8s_32s_32_4_1_U711                   | 1   |        | sext_ln163_64   | sext   | dsp_slice      | 3       |
|    mac_muladd_16s_8s_32s_32_4_1_U711                   | 1   |        | add_ln163_31    | add    | dsp_slice      | 3       |
|    mac_muladd_16s_8s_32s_32_4_1_U712                   | 1   |        | mul_ln163_32    | mul    | dsp_slice      | 3       |
|    mac_muladd_16s_8s_32s_32_4_1_U712                   | 1   |        | sext_ln163_66   | sext   | dsp_slice      | 3       |
|    mac_muladd_16s_8s_32s_32_4_1_U712                   | 1   |        | add_ln163_32    | add    | dsp_slice      | 3       |
|    mac_muladd_16s_8s_32s_32_4_1_U713                   | 1   |        | mul_ln163_33    | mul    | dsp_slice      | 3       |
|    mac_muladd_16s_8s_32s_32_4_1_U713                   | 1   |        | sext_ln163_68   | sext   | dsp_slice      | 3       |
|    mac_muladd_16s_8s_32s_32_4_1_U713                   | 1   |        | add_ln163_33    | add    | dsp_slice      | 3       |
|    mac_muladd_16s_8s_32s_32_4_1_U714                   | 1   |        | mul_ln163_34    | mul    | dsp_slice      | 3       |
|    mac_muladd_16s_8s_32s_32_4_1_U714                   | 1   |        | sext_ln163_70   | sext   | dsp_slice      | 3       |
|    mac_muladd_16s_8s_32s_32_4_1_U714                   | 1   |        | add_ln163_34    | add    | dsp_slice      | 3       |
|    mac_muladd_16s_8s_32s_32_4_1_U715                   | 1   |        | mul_ln163_35    | mul    | dsp_slice      | 3       |
|    mac_muladd_16s_8s_32s_32_4_1_U715                   | 1   |        | sext_ln163_72   | sext   | dsp_slice      | 3       |
|    mac_muladd_16s_8s_32s_32_4_1_U715                   | 1   |        | add_ln163_35    | add    | dsp_slice      | 3       |
|    mac_muladd_16s_8s_32s_32_4_1_U716                   | 1   |        | mul_ln163_36    | mul    | dsp_slice      | 3       |
|    mac_muladd_16s_8s_32s_32_4_1_U716                   | 1   |        | sext_ln163_74   | sext   | dsp_slice      | 3       |
|    mac_muladd_16s_8s_32s_32_4_1_U716                   | 1   |        | add_ln163_36    | add    | dsp_slice      | 3       |
|    mac_muladd_16s_8s_32s_32_4_1_U717                   | 1   |        | mul_ln163_37    | mul    | dsp_slice      | 3       |
|    mac_muladd_16s_8s_32s_32_4_1_U717                   | 1   |        | sext_ln163_76   | sext   | dsp_slice      | 3       |
|    mac_muladd_16s_8s_32s_32_4_1_U717                   | 1   |        | add_ln163_37    | add    | dsp_slice      | 3       |
|    mac_muladd_16s_8s_32s_32_4_1_U718                   | 1   |        | mul_ln163_38    | mul    | dsp_slice      | 3       |
|    mac_muladd_16s_8s_32s_32_4_1_U718                   | 1   |        | sext_ln163_78   | sext   | dsp_slice      | 3       |
|    mac_muladd_16s_8s_32s_32_4_1_U718                   | 1   |        | add_ln163_38    | add    | dsp_slice      | 3       |
|    mac_muladd_16s_8s_32s_32_4_1_U719                   | 1   |        | mul_ln163_39    | mul    | dsp_slice      | 3       |
|    mac_muladd_16s_8s_32s_32_4_1_U719                   | 1   |        | sext_ln163_80   | sext   | dsp_slice      | 3       |
|    mac_muladd_16s_8s_32s_32_4_1_U719                   | 1   |        | add_ln163_39    | add    | dsp_slice      | 3       |
|    mac_muladd_16s_8s_32s_32_4_1_U720                   | 1   |        | mul_ln163_40    | mul    | dsp_slice      | 3       |
|    mac_muladd_16s_8s_32s_32_4_1_U720                   | 1   |        | sext_ln163_82   | sext   | dsp_slice      | 3       |
|    mac_muladd_16s_8s_32s_32_4_1_U720                   | 1   |        | add_ln163_40    | add    | dsp_slice      | 3       |
|    mac_muladd_16s_8s_32s_32_4_1_U721                   | 1   |        | mul_ln163_41    | mul    | dsp_slice      | 3       |
|    mac_muladd_16s_8s_32s_32_4_1_U721                   | 1   |        | sext_ln163_84   | sext   | dsp_slice      | 3       |
|    mac_muladd_16s_8s_32s_32_4_1_U721                   | 1   |        | add_ln163_41    | add    | dsp_slice      | 3       |
|    mac_muladd_16s_8s_32s_32_4_1_U722                   | 1   |        | mul_ln163_42    | mul    | dsp_slice      | 3       |
|    mac_muladd_16s_8s_32s_32_4_1_U722                   | 1   |        | sext_ln163_86   | sext   | dsp_slice      | 3       |
|    mac_muladd_16s_8s_32s_32_4_1_U722                   | 1   |        | add_ln163_42    | add    | dsp_slice      | 3       |
|    mac_muladd_16s_8s_32s_32_4_1_U723                   | 1   |        | mul_ln163_43    | mul    | dsp_slice      | 3       |
|    mac_muladd_16s_8s_32s_32_4_1_U723                   | 1   |        | sext_ln163_88   | sext   | dsp_slice      | 3       |
|    mac_muladd_16s_8s_32s_32_4_1_U723                   | 1   |        | add_ln163_43    | add    | dsp_slice      | 3       |
|    mac_muladd_16s_8s_32s_32_4_1_U724                   | 1   |        | mul_ln163_44    | mul    | dsp_slice      | 3       |
|    mac_muladd_16s_8s_32s_32_4_1_U724                   | 1   |        | sext_ln163_90   | sext   | dsp_slice      | 3       |
|    mac_muladd_16s_8s_32s_32_4_1_U724                   | 1   |        | add_ln163_44    | add    | dsp_slice      | 3       |
|    mac_muladd_16s_8s_32s_32_4_1_U725                   | 1   |        | mul_ln163_45    | mul    | dsp_slice      | 3       |
|    mac_muladd_16s_8s_32s_32_4_1_U725                   | 1   |        | sext_ln163_92   | sext   | dsp_slice      | 3       |
|    mac_muladd_16s_8s_32s_32_4_1_U725                   | 1   |        | add_ln163_45    | add    | dsp_slice      | 3       |
|    mac_muladd_16s_8s_32s_32_4_1_U726                   | 1   |        | mul_ln163_46    | mul    | dsp_slice      | 3       |
|    mac_muladd_16s_8s_32s_32_4_1_U726                   | 1   |        | sext_ln163_94   | sext   | dsp_slice      | 3       |
|    mac_muladd_16s_8s_32s_32_4_1_U726                   | 1   |        | add_ln163_46    | add    | dsp_slice      | 3       |
|    mac_muladd_16s_8s_32s_32_4_1_U727                   | 1   |        | mul_ln163_47    | mul    | dsp_slice      | 3       |
|    mac_muladd_16s_8s_32s_32_4_1_U727                   | 1   |        | sext_ln163_96   | sext   | dsp_slice      | 3       |
|    mac_muladd_16s_8s_32s_32_4_1_U727                   | 1   |        | add_ln163_47    | add    | dsp_slice      | 3       |
|    mac_muladd_16s_8s_32s_32_4_1_U728                   | 1   |        | mul_ln163_48    | mul    | dsp_slice      | 3       |
|    mac_muladd_16s_8s_32s_32_4_1_U728                   | 1   |        | sext_ln163_98   | sext   | dsp_slice      | 3       |
|    mac_muladd_16s_8s_32s_32_4_1_U728                   | 1   |        | add_ln163_48    | add    | dsp_slice      | 3       |
|    mac_muladd_16s_8s_32s_32_4_1_U729                   | 1   |        | mul_ln163_49    | mul    | dsp_slice      | 3       |
|    mac_muladd_16s_8s_32s_32_4_1_U729                   | 1   |        | sext_ln163_100  | sext   | dsp_slice      | 3       |
|    mac_muladd_16s_8s_32s_32_4_1_U729                   | 1   |        | add_ln163_49    | add    | dsp_slice      | 3       |
|    mac_muladd_16s_8s_32s_32_4_1_U730                   | 1   |        | mul_ln163_50    | mul    | dsp_slice      | 3       |
|    mac_muladd_16s_8s_32s_32_4_1_U730                   | 1   |        | sext_ln163_102  | sext   | dsp_slice      | 3       |
|    mac_muladd_16s_8s_32s_32_4_1_U730                   | 1   |        | add_ln163_50    | add    | dsp_slice      | 3       |
|    mac_muladd_16s_8s_32s_32_4_1_U731                   | 1   |        | mul_ln163_51    | mul    | dsp_slice      | 3       |
|    mac_muladd_16s_8s_32s_32_4_1_U731                   | 1   |        | sext_ln163_104  | sext   | dsp_slice      | 3       |
|    mac_muladd_16s_8s_32s_32_4_1_U731                   | 1   |        | add_ln163_51    | add    | dsp_slice      | 3       |
|    mac_muladd_16s_8s_32s_32_4_1_U732                   | 1   |        | mul_ln163_52    | mul    | dsp_slice      | 3       |
|    mac_muladd_16s_8s_32s_32_4_1_U732                   | 1   |        | sext_ln163_106  | sext   | dsp_slice      | 3       |
|    mac_muladd_16s_8s_32s_32_4_1_U732                   | 1   |        | add_ln163_52    | add    | dsp_slice      | 3       |
|    mac_muladd_16s_8s_32s_32_4_1_U733                   | 1   |        | mul_ln163_53    | mul    | dsp_slice      | 3       |
|    mac_muladd_16s_8s_32s_32_4_1_U733                   | 1   |        | sext_ln163_108  | sext   | dsp_slice      | 3       |
|    mac_muladd_16s_8s_32s_32_4_1_U733                   | 1   |        | add_ln163_53    | add    | dsp_slice      | 3       |
|    mac_muladd_16s_8s_32s_32_4_1_U734                   | 1   |        | mul_ln163_54    | mul    | dsp_slice      | 3       |
|    mac_muladd_16s_8s_32s_32_4_1_U734                   | 1   |        | sext_ln163_110  | sext   | dsp_slice      | 3       |
|    mac_muladd_16s_8s_32s_32_4_1_U734                   | 1   |        | add_ln163_54    | add    | dsp_slice      | 3       |
|    mac_muladd_16s_8s_32s_32_4_1_U735                   | 1   |        | mul_ln163_55    | mul    | dsp_slice      | 3       |
|    mac_muladd_16s_8s_32s_32_4_1_U735                   | 1   |        | sext_ln163_112  | sext   | dsp_slice      | 3       |
|    mac_muladd_16s_8s_32s_32_4_1_U735                   | 1   |        | add_ln163_55    | add    | dsp_slice      | 3       |
|    mac_muladd_16s_8s_32s_32_4_1_U736                   | 1   |        | mul_ln163_56    | mul    | dsp_slice      | 3       |
|    mac_muladd_16s_8s_32s_32_4_1_U736                   | 1   |        | sext_ln163_114  | sext   | dsp_slice      | 3       |
|    mac_muladd_16s_8s_32s_32_4_1_U736                   | 1   |        | add_ln163_56    | add    | dsp_slice      | 3       |
|    mac_muladd_16s_8s_32s_32_4_1_U737                   | 1   |        | mul_ln163_57    | mul    | dsp_slice      | 3       |
|    mac_muladd_16s_8s_32s_32_4_1_U737                   | 1   |        | sext_ln163_116  | sext   | dsp_slice      | 3       |
|    mac_muladd_16s_8s_32s_32_4_1_U737                   | 1   |        | add_ln163_57    | add    | dsp_slice      | 3       |
|    mac_muladd_16s_8s_32s_32_4_1_U738                   | 1   |        | mul_ln163_58    | mul    | dsp_slice      | 3       |
|    mac_muladd_16s_8s_32s_32_4_1_U738                   | 1   |        | sext_ln163_118  | sext   | dsp_slice      | 3       |
|    mac_muladd_16s_8s_32s_32_4_1_U738                   | 1   |        | add_ln163_58    | add    | dsp_slice      | 3       |
|    mac_muladd_16s_8s_32s_32_4_1_U739                   | 1   |        | mul_ln163_59    | mul    | dsp_slice      | 3       |
|    mac_muladd_16s_8s_32s_32_4_1_U739                   | 1   |        | sext_ln163_120  | sext   | dsp_slice      | 3       |
|    mac_muladd_16s_8s_32s_32_4_1_U739                   | 1   |        | add_ln163_59    | add    | dsp_slice      | 3       |
|    mac_muladd_16s_8s_32s_32_4_1_U740                   | 1   |        | mul_ln163_60    | mul    | dsp_slice      | 3       |
|    mac_muladd_16s_8s_32s_32_4_1_U740                   | 1   |        | sext_ln163_122  | sext   | dsp_slice      | 3       |
|    mac_muladd_16s_8s_32s_32_4_1_U740                   | 1   |        | add_ln163_60    | add    | dsp_slice      | 3       |
|    mac_muladd_16s_8s_32s_32_4_1_U741                   | 1   |        | mul_ln163_61    | mul    | dsp_slice      | 3       |
|    mac_muladd_16s_8s_32s_32_4_1_U741                   | 1   |        | sext_ln163_124  | sext   | dsp_slice      | 3       |
|    mac_muladd_16s_8s_32s_32_4_1_U741                   | 1   |        | add_ln163_61    | add    | dsp_slice      | 3       |
|    mac_muladd_16s_8s_32s_32_4_1_U742                   | 1   |        | mul_ln163_62    | mul    | dsp_slice      | 3       |
|    mac_muladd_16s_8s_32s_32_4_1_U742                   | 1   |        | sext_ln163_126  | sext   | dsp_slice      | 3       |
|    mac_muladd_16s_8s_32s_32_4_1_U742                   | 1   |        | add_ln163_62    | add    | dsp_slice      | 3       |
|    mac_muladd_16s_8s_32s_32_4_1_U743                   | 1   |        | mul_ln163_63    | mul    | dsp_slice      | 3       |
|    mac_muladd_16s_8s_32s_32_4_1_U743                   | 1   |        | sext_ln163_128  | sext   | dsp_slice      | 3       |
|    mac_muladd_16s_8s_32s_32_4_1_U743                   | 1   |        | add_ln163_63    | add    | dsp_slice      | 3       |
|    add_ln158_fu_3858_p2                                |     |        | add_ln158       | add    | fabric         | 0       |
|    icmp_ln158_1_fu_3864_p2                             |     |        | icmp_ln158_1    | seteq  | auto           | 0       |
|   + sat8 (tmp_2_sat8_fu_2257)                          | 0   |        |                 |        |                |         |
|     icmp_ln32_fu_36_p2                                 |     |        | icmp_ln32       | setgt  | auto           | 0       |
|     icmp_ln33_fu_42_p2                                 |     |        | icmp_ln33       | setlt  | auto           | 0       |
|     select_ln32_1_fu_52_p3                             |     |        | select_ln32_1   | select | auto_sel       | 0       |
|     or_ln32_fu_60_p2                                   |     |        | or_ln32         | or     | auto           | 0       |
|     ap_return                                          |     |        | select_ln32     | select | auto_sel       | 0       |
|   + sat8 (tmp_3_sat8_fu_2263)                          | 0   |        |                 |        |                |         |
|     icmp_ln32_fu_36_p2                                 |     |        | icmp_ln32       | setgt  | auto           | 0       |
|     icmp_ln33_fu_42_p2                                 |     |        | icmp_ln33       | setlt  | auto           | 0       |
|     select_ln32_1_fu_52_p3                             |     |        | select_ln32_1   | select | auto_sel       | 0       |
|     or_ln32_fu_60_p2                                   |     |        | or_ln32         | or     | auto           | 0       |
|     ap_return                                          |     |        | select_ln32     | select | auto_sel       | 0       |
|   + sat8 (tmp_4_sat8_fu_2269)                          | 0   |        |                 |        |                |         |
|     icmp_ln32_fu_36_p2                                 |     |        | icmp_ln32       | setgt  | auto           | 0       |
|     icmp_ln33_fu_42_p2                                 |     |        | icmp_ln33       | setlt  | auto           | 0       |
|     select_ln32_1_fu_52_p3                             |     |        | select_ln32_1   | select | auto_sel       | 0       |
|     or_ln32_fu_60_p2                                   |     |        | or_ln32         | or     | auto           | 0       |
|     ap_return                                          |     |        | select_ln32     | select | auto_sel       | 0       |
|   + sat8 (tmp_5_sat8_fu_2275)                          | 0   |        |                 |        |                |         |
|     icmp_ln32_fu_36_p2                                 |     |        | icmp_ln32       | setgt  | auto           | 0       |
|     icmp_ln33_fu_42_p2                                 |     |        | icmp_ln33       | setlt  | auto           | 0       |
|     select_ln32_1_fu_52_p3                             |     |        | select_ln32_1   | select | auto_sel       | 0       |
|     or_ln32_fu_60_p2                                   |     |        | or_ln32         | or     | auto           | 0       |
|     ap_return                                          |     |        | select_ln32     | select | auto_sel       | 0       |
|   + sat8 (tmp_6_sat8_fu_2281)                          | 0   |        |                 |        |                |         |
|     icmp_ln32_fu_36_p2                                 |     |        | icmp_ln32       | setgt  | auto           | 0       |
|     icmp_ln33_fu_42_p2                                 |     |        | icmp_ln33       | setlt  | auto           | 0       |
|     select_ln32_1_fu_52_p3                             |     |        | select_ln32_1   | select | auto_sel       | 0       |
|     or_ln32_fu_60_p2                                   |     |        | or_ln32         | or     | auto           | 0       |
|     ap_return                                          |     |        | select_ln32     | select | auto_sel       | 0       |
|   + sat8 (tmp_7_sat8_fu_2287)                          | 0   |        |                 |        |                |         |
|     icmp_ln32_fu_36_p2                                 |     |        | icmp_ln32       | setgt  | auto           | 0       |
|     icmp_ln33_fu_42_p2                                 |     |        | icmp_ln33       | setlt  | auto           | 0       |
|     select_ln32_1_fu_52_p3                             |     |        | select_ln32_1   | select | auto_sel       | 0       |
|     or_ln32_fu_60_p2                                   |     |        | or_ln32         | or     | auto           | 0       |
|     ap_return                                          |     |        | select_ln32     | select | auto_sel       | 0       |
|   + sat8 (tmp_8_sat8_fu_2293)                          | 0   |        |                 |        |                |         |
|     icmp_ln32_fu_36_p2                                 |     |        | icmp_ln32       | setgt  | auto           | 0       |
|     icmp_ln33_fu_42_p2                                 |     |        | icmp_ln33       | setlt  | auto           | 0       |
|     select_ln32_1_fu_52_p3                             |     |        | select_ln32_1   | select | auto_sel       | 0       |
|     or_ln32_fu_60_p2                                   |     |        | or_ln32         | or     | auto           | 0       |
|     ap_return                                          |     |        | select_ln32     | select | auto_sel       | 0       |
|   + sat8 (tmp_9_sat8_fu_2299)                          | 0   |        |                 |        |                |         |
|     icmp_ln32_fu_36_p2                                 |     |        | icmp_ln32       | setgt  | auto           | 0       |
|     icmp_ln33_fu_42_p2                                 |     |        | icmp_ln33       | setlt  | auto           | 0       |
|     select_ln32_1_fu_52_p3                             |     |        | select_ln32_1   | select | auto_sel       | 0       |
|     or_ln32_fu_60_p2                                   |     |        | or_ln32         | or     | auto           | 0       |
|     ap_return                                          |     |        | select_ln32     | select | auto_sel       | 0       |
|   + sat8 (tmp_s_sat8_fu_2305)                          | 0   |        |                 |        |                |         |
|     icmp_ln32_fu_36_p2                                 |     |        | icmp_ln32       | setgt  | auto           | 0       |
|     icmp_ln33_fu_42_p2                                 |     |        | icmp_ln33       | setlt  | auto           | 0       |
|     select_ln32_1_fu_52_p3                             |     |        | select_ln32_1   | select | auto_sel       | 0       |
|     or_ln32_fu_60_p2                                   |     |        | or_ln32         | or     | auto           | 0       |
|     ap_return                                          |     |        | select_ln32     | select | auto_sel       | 0       |
|   + sat8 (tmp_10_sat8_fu_2311)                         | 0   |        |                 |        |                |         |
|     icmp_ln32_fu_36_p2                                 |     |        | icmp_ln32       | setgt  | auto           | 0       |
|     icmp_ln33_fu_42_p2                                 |     |        | icmp_ln33       | setlt  | auto           | 0       |
|     select_ln32_1_fu_52_p3                             |     |        | select_ln32_1   | select | auto_sel       | 0       |
|     or_ln32_fu_60_p2                                   |     |        | or_ln32         | or     | auto           | 0       |
|     ap_return                                          |     |        | select_ln32     | select | auto_sel       | 0       |
|   + sat8 (tmp_11_sat8_fu_2317)                         | 0   |        |                 |        |                |         |
|     icmp_ln32_fu_36_p2                                 |     |        | icmp_ln32       | setgt  | auto           | 0       |
|     icmp_ln33_fu_42_p2                                 |     |        | icmp_ln33       | setlt  | auto           | 0       |
|     select_ln32_1_fu_52_p3                             |     |        | select_ln32_1   | select | auto_sel       | 0       |
|     or_ln32_fu_60_p2                                   |     |        | or_ln32         | or     | auto           | 0       |
|     ap_return                                          |     |        | select_ln32     | select | auto_sel       | 0       |
|   + sat8 (tmp_12_sat8_fu_2323)                         | 0   |        |                 |        |                |         |
|     icmp_ln32_fu_36_p2                                 |     |        | icmp_ln32       | setgt  | auto           | 0       |
|     icmp_ln33_fu_42_p2                                 |     |        | icmp_ln33       | setlt  | auto           | 0       |
|     select_ln32_1_fu_52_p3                             |     |        | select_ln32_1   | select | auto_sel       | 0       |
|     or_ln32_fu_60_p2                                   |     |        | or_ln32         | or     | auto           | 0       |
|     ap_return                                          |     |        | select_ln32     | select | auto_sel       | 0       |
|   + sat8 (tmp_13_sat8_fu_2329)                         | 0   |        |                 |        |                |         |
|     icmp_ln32_fu_36_p2                                 |     |        | icmp_ln32       | setgt  | auto           | 0       |
|     icmp_ln33_fu_42_p2                                 |     |        | icmp_ln33       | setlt  | auto           | 0       |
|     select_ln32_1_fu_52_p3                             |     |        | select_ln32_1   | select | auto_sel       | 0       |
|     or_ln32_fu_60_p2                                   |     |        | or_ln32         | or     | auto           | 0       |
|     ap_return                                          |     |        | select_ln32     | select | auto_sel       | 0       |
|   + sat8 (tmp_14_sat8_fu_2335)                         | 0   |        |                 |        |                |         |
|     icmp_ln32_fu_36_p2                                 |     |        | icmp_ln32       | setgt  | auto           | 0       |
|     icmp_ln33_fu_42_p2                                 |     |        | icmp_ln33       | setlt  | auto           | 0       |
|     select_ln32_1_fu_52_p3                             |     |        | select_ln32_1   | select | auto_sel       | 0       |
|     or_ln32_fu_60_p2                                   |     |        | or_ln32         | or     | auto           | 0       |
|     ap_return                                          |     |        | select_ln32     | select | auto_sel       | 0       |
|   + sat8 (tmp_15_sat8_fu_2341)                         | 0   |        |                 |        |                |         |
|     icmp_ln32_fu_36_p2                                 |     |        | icmp_ln32       | setgt  | auto           | 0       |
|     icmp_ln33_fu_42_p2                                 |     |        | icmp_ln33       | setlt  | auto           | 0       |
|     select_ln32_1_fu_52_p3                             |     |        | select_ln32_1   | select | auto_sel       | 0       |
|     or_ln32_fu_60_p2                                   |     |        | or_ln32         | or     | auto           | 0       |
|     ap_return                                          |     |        | select_ln32     | select | auto_sel       | 0       |
|   + sat8 (tmp_16_sat8_fu_2347)                         | 0   |        |                 |        |                |         |
|     icmp_ln32_fu_36_p2                                 |     |        | icmp_ln32       | setgt  | auto           | 0       |
|     icmp_ln33_fu_42_p2                                 |     |        | icmp_ln33       | setlt  | auto           | 0       |
|     select_ln32_1_fu_52_p3                             |     |        | select_ln32_1   | select | auto_sel       | 0       |
|     or_ln32_fu_60_p2                                   |     |        | or_ln32         | or     | auto           | 0       |
|     ap_return                                          |     |        | select_ln32     | select | auto_sel       | 0       |
|   + sat8 (tmp_17_sat8_fu_2353)                         | 0   |        |                 |        |                |         |
|     icmp_ln32_fu_36_p2                                 |     |        | icmp_ln32       | setgt  | auto           | 0       |
|     icmp_ln33_fu_42_p2                                 |     |        | icmp_ln33       | setlt  | auto           | 0       |
|     select_ln32_1_fu_52_p3                             |     |        | select_ln32_1   | select | auto_sel       | 0       |
|     or_ln32_fu_60_p2                                   |     |        | or_ln32         | or     | auto           | 0       |
|     ap_return                                          |     |        | select_ln32     | select | auto_sel       | 0       |
|   + sat8 (tmp_18_sat8_fu_2359)                         | 0   |        |                 |        |                |         |
|     icmp_ln32_fu_36_p2                                 |     |        | icmp_ln32       | setgt  | auto           | 0       |
|     icmp_ln33_fu_42_p2                                 |     |        | icmp_ln33       | setlt  | auto           | 0       |
|     select_ln32_1_fu_52_p3                             |     |        | select_ln32_1   | select | auto_sel       | 0       |
|     or_ln32_fu_60_p2                                   |     |        | or_ln32         | or     | auto           | 0       |
|     ap_return                                          |     |        | select_ln32     | select | auto_sel       | 0       |
|   + sat8 (tmp_19_sat8_fu_2365)                         | 0   |        |                 |        |                |         |
|     icmp_ln32_fu_36_p2                                 |     |        | icmp_ln32       | setgt  | auto           | 0       |
|     icmp_ln33_fu_42_p2                                 |     |        | icmp_ln33       | setlt  | auto           | 0       |
|     select_ln32_1_fu_52_p3                             |     |        | select_ln32_1   | select | auto_sel       | 0       |
|     or_ln32_fu_60_p2                                   |     |        | or_ln32         | or     | auto           | 0       |
|     ap_return                                          |     |        | select_ln32     | select | auto_sel       | 0       |
|   + sat8 (tmp_20_sat8_fu_2371)                         | 0   |        |                 |        |                |         |
|     icmp_ln32_fu_36_p2                                 |     |        | icmp_ln32       | setgt  | auto           | 0       |
|     icmp_ln33_fu_42_p2                                 |     |        | icmp_ln33       | setlt  | auto           | 0       |
|     select_ln32_1_fu_52_p3                             |     |        | select_ln32_1   | select | auto_sel       | 0       |
|     or_ln32_fu_60_p2                                   |     |        | or_ln32         | or     | auto           | 0       |
|     ap_return                                          |     |        | select_ln32     | select | auto_sel       | 0       |
|   + sat8 (tmp_21_sat8_fu_2377)                         | 0   |        |                 |        |                |         |
|     icmp_ln32_fu_36_p2                                 |     |        | icmp_ln32       | setgt  | auto           | 0       |
|     icmp_ln33_fu_42_p2                                 |     |        | icmp_ln33       | setlt  | auto           | 0       |
|     select_ln32_1_fu_52_p3                             |     |        | select_ln32_1   | select | auto_sel       | 0       |
|     or_ln32_fu_60_p2                                   |     |        | or_ln32         | or     | auto           | 0       |
|     ap_return                                          |     |        | select_ln32     | select | auto_sel       | 0       |
|   + sat8 (tmp_22_sat8_fu_2383)                         | 0   |        |                 |        |                |         |
|     icmp_ln32_fu_36_p2                                 |     |        | icmp_ln32       | setgt  | auto           | 0       |
|     icmp_ln33_fu_42_p2                                 |     |        | icmp_ln33       | setlt  | auto           | 0       |
|     select_ln32_1_fu_52_p3                             |     |        | select_ln32_1   | select | auto_sel       | 0       |
|     or_ln32_fu_60_p2                                   |     |        | or_ln32         | or     | auto           | 0       |
|     ap_return                                          |     |        | select_ln32     | select | auto_sel       | 0       |
|   + sat8 (tmp_23_sat8_fu_2389)                         | 0   |        |                 |        |                |         |
|     icmp_ln32_fu_36_p2                                 |     |        | icmp_ln32       | setgt  | auto           | 0       |
|     icmp_ln33_fu_42_p2                                 |     |        | icmp_ln33       | setlt  | auto           | 0       |
|     select_ln32_1_fu_52_p3                             |     |        | select_ln32_1   | select | auto_sel       | 0       |
|     or_ln32_fu_60_p2                                   |     |        | or_ln32         | or     | auto           | 0       |
|     ap_return                                          |     |        | select_ln32     | select | auto_sel       | 0       |
|   + sat8 (tmp_24_sat8_fu_2395)                         | 0   |        |                 |        |                |         |
|     icmp_ln32_fu_36_p2                                 |     |        | icmp_ln32       | setgt  | auto           | 0       |
|     icmp_ln33_fu_42_p2                                 |     |        | icmp_ln33       | setlt  | auto           | 0       |
|     select_ln32_1_fu_52_p3                             |     |        | select_ln32_1   | select | auto_sel       | 0       |
|     or_ln32_fu_60_p2                                   |     |        | or_ln32         | or     | auto           | 0       |
|     ap_return                                          |     |        | select_ln32     | select | auto_sel       | 0       |
|   + sat8 (tmp_25_sat8_fu_2401)                         | 0   |        |                 |        |                |         |
|     icmp_ln32_fu_36_p2                                 |     |        | icmp_ln32       | setgt  | auto           | 0       |
|     icmp_ln33_fu_42_p2                                 |     |        | icmp_ln33       | setlt  | auto           | 0       |
|     select_ln32_1_fu_52_p3                             |     |        | select_ln32_1   | select | auto_sel       | 0       |
|     or_ln32_fu_60_p2                                   |     |        | or_ln32         | or     | auto           | 0       |
|     ap_return                                          |     |        | select_ln32     | select | auto_sel       | 0       |
|   + sat8 (tmp_26_sat8_fu_2407)                         | 0   |        |                 |        |                |         |
|     icmp_ln32_fu_36_p2                                 |     |        | icmp_ln32       | setgt  | auto           | 0       |
|     icmp_ln33_fu_42_p2                                 |     |        | icmp_ln33       | setlt  | auto           | 0       |
|     select_ln32_1_fu_52_p3                             |     |        | select_ln32_1   | select | auto_sel       | 0       |
|     or_ln32_fu_60_p2                                   |     |        | or_ln32         | or     | auto           | 0       |
|     ap_return                                          |     |        | select_ln32     | select | auto_sel       | 0       |
|   + sat8 (tmp_27_sat8_fu_2413)                         | 0   |        |                 |        |                |         |
|     icmp_ln32_fu_36_p2                                 |     |        | icmp_ln32       | setgt  | auto           | 0       |
|     icmp_ln33_fu_42_p2                                 |     |        | icmp_ln33       | setlt  | auto           | 0       |
|     select_ln32_1_fu_52_p3                             |     |        | select_ln32_1   | select | auto_sel       | 0       |
|     or_ln32_fu_60_p2                                   |     |        | or_ln32         | or     | auto           | 0       |
|     ap_return                                          |     |        | select_ln32     | select | auto_sel       | 0       |
|   + sat8 (tmp_28_sat8_fu_2419)                         | 0   |        |                 |        |                |         |
|     icmp_ln32_fu_36_p2                                 |     |        | icmp_ln32       | setgt  | auto           | 0       |
|     icmp_ln33_fu_42_p2                                 |     |        | icmp_ln33       | setlt  | auto           | 0       |
|     select_ln32_1_fu_52_p3                             |     |        | select_ln32_1   | select | auto_sel       | 0       |
|     or_ln32_fu_60_p2                                   |     |        | or_ln32         | or     | auto           | 0       |
|     ap_return                                          |     |        | select_ln32     | select | auto_sel       | 0       |
|   + sat8 (tmp_29_sat8_fu_2425)                         | 0   |        |                 |        |                |         |
|     icmp_ln32_fu_36_p2                                 |     |        | icmp_ln32       | setgt  | auto           | 0       |
|     icmp_ln33_fu_42_p2                                 |     |        | icmp_ln33       | setlt  | auto           | 0       |
|     select_ln32_1_fu_52_p3                             |     |        | select_ln32_1   | select | auto_sel       | 0       |
|     or_ln32_fu_60_p2                                   |     |        | or_ln32         | or     | auto           | 0       |
|     ap_return                                          |     |        | select_ln32     | select | auto_sel       | 0       |
|   + sat8 (tmp_30_sat8_fu_2431)                         | 0   |        |                 |        |                |         |
|     icmp_ln32_fu_36_p2                                 |     |        | icmp_ln32       | setgt  | auto           | 0       |
|     icmp_ln33_fu_42_p2                                 |     |        | icmp_ln33       | setlt  | auto           | 0       |
|     select_ln32_1_fu_52_p3                             |     |        | select_ln32_1   | select | auto_sel       | 0       |
|     or_ln32_fu_60_p2                                   |     |        | or_ln32         | or     | auto           | 0       |
|     ap_return                                          |     |        | select_ln32     | select | auto_sel       | 0       |
|   + sat8 (tmp_31_sat8_fu_2437)                         | 0   |        |                 |        |                |         |
|     icmp_ln32_fu_36_p2                                 |     |        | icmp_ln32       | setgt  | auto           | 0       |
|     icmp_ln33_fu_42_p2                                 |     |        | icmp_ln33       | setlt  | auto           | 0       |
|     select_ln32_1_fu_52_p3                             |     |        | select_ln32_1   | select | auto_sel       | 0       |
|     or_ln32_fu_60_p2                                   |     |        | or_ln32         | or     | auto           | 0       |
|     ap_return                                          |     |        | select_ln32     | select | auto_sel       | 0       |
|   + sat8 (tmp_32_sat8_fu_2443)                         | 0   |        |                 |        |                |         |
|     icmp_ln32_fu_36_p2                                 |     |        | icmp_ln32       | setgt  | auto           | 0       |
|     icmp_ln33_fu_42_p2                                 |     |        | icmp_ln33       | setlt  | auto           | 0       |
|     select_ln32_1_fu_52_p3                             |     |        | select_ln32_1   | select | auto_sel       | 0       |
|     or_ln32_fu_60_p2                                   |     |        | or_ln32         | or     | auto           | 0       |
|     ap_return                                          |     |        | select_ln32     | select | auto_sel       | 0       |
|   + sat8 (tmp_33_sat8_fu_2449)                         | 0   |        |                 |        |                |         |
|     icmp_ln32_fu_36_p2                                 |     |        | icmp_ln32       | setgt  | auto           | 0       |
|     icmp_ln33_fu_42_p2                                 |     |        | icmp_ln33       | setlt  | auto           | 0       |
|     select_ln32_1_fu_52_p3                             |     |        | select_ln32_1   | select | auto_sel       | 0       |
|     or_ln32_fu_60_p2                                   |     |        | or_ln32         | or     | auto           | 0       |
|     ap_return                                          |     |        | select_ln32     | select | auto_sel       | 0       |
|   + sat8 (tmp_34_sat8_fu_2455)                         | 0   |        |                 |        |                |         |
|     icmp_ln32_fu_36_p2                                 |     |        | icmp_ln32       | setgt  | auto           | 0       |
|     icmp_ln33_fu_42_p2                                 |     |        | icmp_ln33       | setlt  | auto           | 0       |
|     select_ln32_1_fu_52_p3                             |     |        | select_ln32_1   | select | auto_sel       | 0       |
|     or_ln32_fu_60_p2                                   |     |        | or_ln32         | or     | auto           | 0       |
|     ap_return                                          |     |        | select_ln32     | select | auto_sel       | 0       |
|   + sat8 (tmp_35_sat8_fu_2461)                         | 0   |        |                 |        |                |         |
|     icmp_ln32_fu_36_p2                                 |     |        | icmp_ln32       | setgt  | auto           | 0       |
|     icmp_ln33_fu_42_p2                                 |     |        | icmp_ln33       | setlt  | auto           | 0       |
|     select_ln32_1_fu_52_p3                             |     |        | select_ln32_1   | select | auto_sel       | 0       |
|     or_ln32_fu_60_p2                                   |     |        | or_ln32         | or     | auto           | 0       |
|     ap_return                                          |     |        | select_ln32     | select | auto_sel       | 0       |
|   + sat8 (tmp_36_sat8_fu_2467)                         | 0   |        |                 |        |                |         |
|     icmp_ln32_fu_36_p2                                 |     |        | icmp_ln32       | setgt  | auto           | 0       |
|     icmp_ln33_fu_42_p2                                 |     |        | icmp_ln33       | setlt  | auto           | 0       |
|     select_ln32_1_fu_52_p3                             |     |        | select_ln32_1   | select | auto_sel       | 0       |
|     or_ln32_fu_60_p2                                   |     |        | or_ln32         | or     | auto           | 0       |
|     ap_return                                          |     |        | select_ln32     | select | auto_sel       | 0       |
|   + sat8 (tmp_37_sat8_fu_2473)                         | 0   |        |                 |        |                |         |
|     icmp_ln32_fu_36_p2                                 |     |        | icmp_ln32       | setgt  | auto           | 0       |
|     icmp_ln33_fu_42_p2                                 |     |        | icmp_ln33       | setlt  | auto           | 0       |
|     select_ln32_1_fu_52_p3                             |     |        | select_ln32_1   | select | auto_sel       | 0       |
|     or_ln32_fu_60_p2                                   |     |        | or_ln32         | or     | auto           | 0       |
|     ap_return                                          |     |        | select_ln32     | select | auto_sel       | 0       |
|   + sat8 (tmp_38_sat8_fu_2479)                         | 0   |        |                 |        |                |         |
|     icmp_ln32_fu_36_p2                                 |     |        | icmp_ln32       | setgt  | auto           | 0       |
|     icmp_ln33_fu_42_p2                                 |     |        | icmp_ln33       | setlt  | auto           | 0       |
|     select_ln32_1_fu_52_p3                             |     |        | select_ln32_1   | select | auto_sel       | 0       |
|     or_ln32_fu_60_p2                                   |     |        | or_ln32         | or     | auto           | 0       |
|     ap_return                                          |     |        | select_ln32     | select | auto_sel       | 0       |
|   + sat8 (tmp_39_sat8_fu_2485)                         | 0   |        |                 |        |                |         |
|     icmp_ln32_fu_36_p2                                 |     |        | icmp_ln32       | setgt  | auto           | 0       |
|     icmp_ln33_fu_42_p2                                 |     |        | icmp_ln33       | setlt  | auto           | 0       |
|     select_ln32_1_fu_52_p3                             |     |        | select_ln32_1   | select | auto_sel       | 0       |
|     or_ln32_fu_60_p2                                   |     |        | or_ln32         | or     | auto           | 0       |
|     ap_return                                          |     |        | select_ln32     | select | auto_sel       | 0       |
|   + sat8 (tmp_40_sat8_fu_2491)                         | 0   |        |                 |        |                |         |
|     icmp_ln32_fu_36_p2                                 |     |        | icmp_ln32       | setgt  | auto           | 0       |
|     icmp_ln33_fu_42_p2                                 |     |        | icmp_ln33       | setlt  | auto           | 0       |
|     select_ln32_1_fu_52_p3                             |     |        | select_ln32_1   | select | auto_sel       | 0       |
|     or_ln32_fu_60_p2                                   |     |        | or_ln32         | or     | auto           | 0       |
|     ap_return                                          |     |        | select_ln32     | select | auto_sel       | 0       |
|   + sat8 (tmp_41_sat8_fu_2497)                         | 0   |        |                 |        |                |         |
|     icmp_ln32_fu_36_p2                                 |     |        | icmp_ln32       | setgt  | auto           | 0       |
|     icmp_ln33_fu_42_p2                                 |     |        | icmp_ln33       | setlt  | auto           | 0       |
|     select_ln32_1_fu_52_p3                             |     |        | select_ln32_1   | select | auto_sel       | 0       |
|     or_ln32_fu_60_p2                                   |     |        | or_ln32         | or     | auto           | 0       |
|     ap_return                                          |     |        | select_ln32     | select | auto_sel       | 0       |
|   + sat8 (tmp_42_sat8_fu_2503)                         | 0   |        |                 |        |                |         |
|     icmp_ln32_fu_36_p2                                 |     |        | icmp_ln32       | setgt  | auto           | 0       |
|     icmp_ln33_fu_42_p2                                 |     |        | icmp_ln33       | setlt  | auto           | 0       |
|     select_ln32_1_fu_52_p3                             |     |        | select_ln32_1   | select | auto_sel       | 0       |
|     or_ln32_fu_60_p2                                   |     |        | or_ln32         | or     | auto           | 0       |
|     ap_return                                          |     |        | select_ln32     | select | auto_sel       | 0       |
|   + sat8 (tmp_43_sat8_fu_2509)                         | 0   |        |                 |        |                |         |
|     icmp_ln32_fu_36_p2                                 |     |        | icmp_ln32       | setgt  | auto           | 0       |
|     icmp_ln33_fu_42_p2                                 |     |        | icmp_ln33       | setlt  | auto           | 0       |
|     select_ln32_1_fu_52_p3                             |     |        | select_ln32_1   | select | auto_sel       | 0       |
|     or_ln32_fu_60_p2                                   |     |        | or_ln32         | or     | auto           | 0       |
|     ap_return                                          |     |        | select_ln32     | select | auto_sel       | 0       |
|   + sat8 (tmp_44_sat8_fu_2515)                         | 0   |        |                 |        |                |         |
|     icmp_ln32_fu_36_p2                                 |     |        | icmp_ln32       | setgt  | auto           | 0       |
|     icmp_ln33_fu_42_p2                                 |     |        | icmp_ln33       | setlt  | auto           | 0       |
|     select_ln32_1_fu_52_p3                             |     |        | select_ln32_1   | select | auto_sel       | 0       |
|     or_ln32_fu_60_p2                                   |     |        | or_ln32         | or     | auto           | 0       |
|     ap_return                                          |     |        | select_ln32     | select | auto_sel       | 0       |
|   + sat8 (tmp_45_sat8_fu_2521)                         | 0   |        |                 |        |                |         |
|     icmp_ln32_fu_36_p2                                 |     |        | icmp_ln32       | setgt  | auto           | 0       |
|     icmp_ln33_fu_42_p2                                 |     |        | icmp_ln33       | setlt  | auto           | 0       |
|     select_ln32_1_fu_52_p3                             |     |        | select_ln32_1   | select | auto_sel       | 0       |
|     or_ln32_fu_60_p2                                   |     |        | or_ln32         | or     | auto           | 0       |
|     ap_return                                          |     |        | select_ln32     | select | auto_sel       | 0       |
|   + sat8 (tmp_46_sat8_fu_2527)                         | 0   |        |                 |        |                |         |
|     icmp_ln32_fu_36_p2                                 |     |        | icmp_ln32       | setgt  | auto           | 0       |
|     icmp_ln33_fu_42_p2                                 |     |        | icmp_ln33       | setlt  | auto           | 0       |
|     select_ln32_1_fu_52_p3                             |     |        | select_ln32_1   | select | auto_sel       | 0       |
|     or_ln32_fu_60_p2                                   |     |        | or_ln32         | or     | auto           | 0       |
|     ap_return                                          |     |        | select_ln32     | select | auto_sel       | 0       |
|   + sat8 (tmp_47_sat8_fu_2533)                         | 0   |        |                 |        |                |         |
|     icmp_ln32_fu_36_p2                                 |     |        | icmp_ln32       | setgt  | auto           | 0       |
|     icmp_ln33_fu_42_p2                                 |     |        | icmp_ln33       | setlt  | auto           | 0       |
|     select_ln32_1_fu_52_p3                             |     |        | select_ln32_1   | select | auto_sel       | 0       |
|     or_ln32_fu_60_p2                                   |     |        | or_ln32         | or     | auto           | 0       |
|     ap_return                                          |     |        | select_ln32     | select | auto_sel       | 0       |
|   + sat8 (tmp_48_sat8_fu_2539)                         | 0   |        |                 |        |                |         |
|     icmp_ln32_fu_36_p2                                 |     |        | icmp_ln32       | setgt  | auto           | 0       |
|     icmp_ln33_fu_42_p2                                 |     |        | icmp_ln33       | setlt  | auto           | 0       |
|     select_ln32_1_fu_52_p3                             |     |        | select_ln32_1   | select | auto_sel       | 0       |
|     or_ln32_fu_60_p2                                   |     |        | or_ln32         | or     | auto           | 0       |
|     ap_return                                          |     |        | select_ln32     | select | auto_sel       | 0       |
|   + sat8 (tmp_49_sat8_fu_2545)                         | 0   |        |                 |        |                |         |
|     icmp_ln32_fu_36_p2                                 |     |        | icmp_ln32       | setgt  | auto           | 0       |
|     icmp_ln33_fu_42_p2                                 |     |        | icmp_ln33       | setlt  | auto           | 0       |
|     select_ln32_1_fu_52_p3                             |     |        | select_ln32_1   | select | auto_sel       | 0       |
|     or_ln32_fu_60_p2                                   |     |        | or_ln32         | or     | auto           | 0       |
|     ap_return                                          |     |        | select_ln32     | select | auto_sel       | 0       |
|   + sat8 (tmp_50_sat8_fu_2551)                         | 0   |        |                 |        |                |         |
|     icmp_ln32_fu_36_p2                                 |     |        | icmp_ln32       | setgt  | auto           | 0       |
|     icmp_ln33_fu_42_p2                                 |     |        | icmp_ln33       | setlt  | auto           | 0       |
|     select_ln32_1_fu_52_p3                             |     |        | select_ln32_1   | select | auto_sel       | 0       |
|     or_ln32_fu_60_p2                                   |     |        | or_ln32         | or     | auto           | 0       |
|     ap_return                                          |     |        | select_ln32     | select | auto_sel       | 0       |
|   + sat8 (tmp_51_sat8_fu_2557)                         | 0   |        |                 |        |                |         |
|     icmp_ln32_fu_36_p2                                 |     |        | icmp_ln32       | setgt  | auto           | 0       |
|     icmp_ln33_fu_42_p2                                 |     |        | icmp_ln33       | setlt  | auto           | 0       |
|     select_ln32_1_fu_52_p3                             |     |        | select_ln32_1   | select | auto_sel       | 0       |
|     or_ln32_fu_60_p2                                   |     |        | or_ln32         | or     | auto           | 0       |
|     ap_return                                          |     |        | select_ln32     | select | auto_sel       | 0       |
|   + sat8 (tmp_52_sat8_fu_2563)                         | 0   |        |                 |        |                |         |
|     icmp_ln32_fu_36_p2                                 |     |        | icmp_ln32       | setgt  | auto           | 0       |
|     icmp_ln33_fu_42_p2                                 |     |        | icmp_ln33       | setlt  | auto           | 0       |
|     select_ln32_1_fu_52_p3                             |     |        | select_ln32_1   | select | auto_sel       | 0       |
|     or_ln32_fu_60_p2                                   |     |        | or_ln32         | or     | auto           | 0       |
|     ap_return                                          |     |        | select_ln32     | select | auto_sel       | 0       |
|   + sat8 (tmp_53_sat8_fu_2569)                         | 0   |        |                 |        |                |         |
|     icmp_ln32_fu_36_p2                                 |     |        | icmp_ln32       | setgt  | auto           | 0       |
|     icmp_ln33_fu_42_p2                                 |     |        | icmp_ln33       | setlt  | auto           | 0       |
|     select_ln32_1_fu_52_p3                             |     |        | select_ln32_1   | select | auto_sel       | 0       |
|     or_ln32_fu_60_p2                                   |     |        | or_ln32         | or     | auto           | 0       |
|     ap_return                                          |     |        | select_ln32     | select | auto_sel       | 0       |
|   + sat8 (tmp_54_sat8_fu_2575)                         | 0   |        |                 |        |                |         |
|     icmp_ln32_fu_36_p2                                 |     |        | icmp_ln32       | setgt  | auto           | 0       |
|     icmp_ln33_fu_42_p2                                 |     |        | icmp_ln33       | setlt  | auto           | 0       |
|     select_ln32_1_fu_52_p3                             |     |        | select_ln32_1   | select | auto_sel       | 0       |
|     or_ln32_fu_60_p2                                   |     |        | or_ln32         | or     | auto           | 0       |
|     ap_return                                          |     |        | select_ln32     | select | auto_sel       | 0       |
|   + sat8 (tmp_55_sat8_fu_2581)                         | 0   |        |                 |        |                |         |
|     icmp_ln32_fu_36_p2                                 |     |        | icmp_ln32       | setgt  | auto           | 0       |
|     icmp_ln33_fu_42_p2                                 |     |        | icmp_ln33       | setlt  | auto           | 0       |
|     select_ln32_1_fu_52_p3                             |     |        | select_ln32_1   | select | auto_sel       | 0       |
|     or_ln32_fu_60_p2                                   |     |        | or_ln32         | or     | auto           | 0       |
|     ap_return                                          |     |        | select_ln32     | select | auto_sel       | 0       |
|   + sat8 (tmp_56_sat8_fu_2587)                         | 0   |        |                 |        |                |         |
|     icmp_ln32_fu_36_p2                                 |     |        | icmp_ln32       | setgt  | auto           | 0       |
|     icmp_ln33_fu_42_p2                                 |     |        | icmp_ln33       | setlt  | auto           | 0       |
|     select_ln32_1_fu_52_p3                             |     |        | select_ln32_1   | select | auto_sel       | 0       |
|     or_ln32_fu_60_p2                                   |     |        | or_ln32         | or     | auto           | 0       |
|     ap_return                                          |     |        | select_ln32     | select | auto_sel       | 0       |
|   + sat8 (tmp_57_sat8_fu_2593)                         | 0   |        |                 |        |                |         |
|     icmp_ln32_fu_36_p2                                 |     |        | icmp_ln32       | setgt  | auto           | 0       |
|     icmp_ln33_fu_42_p2                                 |     |        | icmp_ln33       | setlt  | auto           | 0       |
|     select_ln32_1_fu_52_p3                             |     |        | select_ln32_1   | select | auto_sel       | 0       |
|     or_ln32_fu_60_p2                                   |     |        | or_ln32         | or     | auto           | 0       |
|     ap_return                                          |     |        | select_ln32     | select | auto_sel       | 0       |
|   + sat8 (tmp_58_sat8_fu_2599)                         | 0   |        |                 |        |                |         |
|     icmp_ln32_fu_36_p2                                 |     |        | icmp_ln32       | setgt  | auto           | 0       |
|     icmp_ln33_fu_42_p2                                 |     |        | icmp_ln33       | setlt  | auto           | 0       |
|     select_ln32_1_fu_52_p3                             |     |        | select_ln32_1   | select | auto_sel       | 0       |
|     or_ln32_fu_60_p2                                   |     |        | or_ln32         | or     | auto           | 0       |
|     ap_return                                          |     |        | select_ln32     | select | auto_sel       | 0       |
|   + sat8 (tmp_59_sat8_fu_2605)                         | 0   |        |                 |        |                |         |
|     icmp_ln32_fu_36_p2                                 |     |        | icmp_ln32       | setgt  | auto           | 0       |
|     icmp_ln33_fu_42_p2                                 |     |        | icmp_ln33       | setlt  | auto           | 0       |
|     select_ln32_1_fu_52_p3                             |     |        | select_ln32_1   | select | auto_sel       | 0       |
|     or_ln32_fu_60_p2                                   |     |        | or_ln32         | or     | auto           | 0       |
|     ap_return                                          |     |        | select_ln32     | select | auto_sel       | 0       |
|   + sat8 (tmp_60_sat8_fu_2611)                         | 0   |        |                 |        |                |         |
|     icmp_ln32_fu_36_p2                                 |     |        | icmp_ln32       | setgt  | auto           | 0       |
|     icmp_ln33_fu_42_p2                                 |     |        | icmp_ln33       | setlt  | auto           | 0       |
|     select_ln32_1_fu_52_p3                             |     |        | select_ln32_1   | select | auto_sel       | 0       |
|     or_ln32_fu_60_p2                                   |     |        | or_ln32         | or     | auto           | 0       |
|     ap_return                                          |     |        | select_ln32     | select | auto_sel       | 0       |
|   + sat8 (tmp_61_sat8_fu_2617)                         | 0   |        |                 |        |                |         |
|     icmp_ln32_fu_36_p2                                 |     |        | icmp_ln32       | setgt  | auto           | 0       |
|     icmp_ln33_fu_42_p2                                 |     |        | icmp_ln33       | setlt  | auto           | 0       |
|     select_ln32_1_fu_52_p3                             |     |        | select_ln32_1   | select | auto_sel       | 0       |
|     or_ln32_fu_60_p2                                   |     |        | or_ln32         | or     | auto           | 0       |
|     ap_return                                          |     |        | select_ln32     | select | auto_sel       | 0       |
|   + sat8 (tmp_62_sat8_fu_2623)                         | 0   |        |                 |        |                |         |
|     icmp_ln32_fu_36_p2                                 |     |        | icmp_ln32       | setgt  | auto           | 0       |
|     icmp_ln33_fu_42_p2                                 |     |        | icmp_ln33       | setlt  | auto           | 0       |
|     select_ln32_1_fu_52_p3                             |     |        | select_ln32_1   | select | auto_sel       | 0       |
|     or_ln32_fu_60_p2                                   |     |        | or_ln32         | or     | auto           | 0       |
|     ap_return                                          |     |        | select_ln32     | select | auto_sel       | 0       |
|   + sat8 (tmp_63_sat8_fu_2629)                         | 0   |        |                 |        |                |         |
|     icmp_ln32_fu_36_p2                                 |     |        | icmp_ln32       | setgt  | auto           | 0       |
|     icmp_ln33_fu_42_p2                                 |     |        | icmp_ln33       | setlt  | auto           | 0       |
|     select_ln32_1_fu_52_p3                             |     |        | select_ln32_1   | select | auto_sel       | 0       |
|     or_ln32_fu_60_p2                                   |     |        | or_ln32         | or     | auto           | 0       |
|     ap_return                                          |     |        | select_ln32     | select | auto_sel       | 0       |
|   + sat8 (tmp_64_sat8_fu_2635)                         | 0   |        |                 |        |                |         |
|     icmp_ln32_fu_36_p2                                 |     |        | icmp_ln32       | setgt  | auto           | 0       |
|     icmp_ln33_fu_42_p2                                 |     |        | icmp_ln33       | setlt  | auto           | 0       |
|     select_ln32_1_fu_52_p3                             |     |        | select_ln32_1   | select | auto_sel       | 0       |
|     or_ln32_fu_60_p2                                   |     |        | or_ln32         | or     | auto           | 0       |
|     ap_return                                          |     |        | select_ln32     | select | auto_sel       | 0       |
|  + action_diff_head_Pipeline_VITIS_LOOP_180_5          | 32  |        |                 |        |                |         |
|    add_ln180_fu_2031_p2                                |     |        | add_ln180       | add    | fabric         | 0       |
|    mac_muladd_8s_8s_16s_17_4_1_U906                    | 1   |        | mul_ln185       | mul    | dsp_slice      | 3       |
|    mac_muladd_8s_8s_16s_17_4_1_U906                    | 1   |        | sext_ln185_128  | sext   | dsp_slice      | 3       |
|    mac_muladd_8s_8s_16s_17_4_1_U907                    | 1   |        | mul_ln185_1     | mul    | dsp_slice      | 3       |
|    mac_muladd_8s_8s_16s_17_4_1_U907                    | 1   |        | sext_ln185_129  | sext   | dsp_slice      | 3       |
|    mul_8s_8s_16_1_1_U874                               |     |        | mul_ln185_2     | mul    | auto           | 0       |
|    mac_muladd_8s_8s_16s_17_4_1_U908                    | 1   |        | mul_ln185_3     | mul    | dsp_slice      | 3       |
|    mac_muladd_8s_8s_16s_17_4_1_U908                    | 1   |        | sext_ln185_131  | sext   | dsp_slice      | 3       |
|    mac_muladd_8s_8s_16s_17_4_1_U909                    | 1   |        | mul_ln185_4     | mul    | dsp_slice      | 3       |
|    mac_muladd_8s_8s_16s_17_4_1_U909                    | 1   |        | sext_ln185_132  | sext   | dsp_slice      | 3       |
|    mac_muladd_8s_8s_16s_17_4_1_U910                    | 1   |        | mul_ln185_5     | mul    | dsp_slice      | 3       |
|    mac_muladd_8s_8s_16s_17_4_1_U910                    | 1   |        | sext_ln185_133  | sext   | dsp_slice      | 3       |
|    mac_muladd_8s_8s_16s_17_4_1_U911                    | 1   |        | mul_ln185_6     | mul    | dsp_slice      | 3       |
|    mac_muladd_8s_8s_16s_17_4_1_U911                    | 1   |        | sext_ln185_134  | sext   | dsp_slice      | 3       |
|    mul_8s_8s_16_1_1_U875                               |     |        | mul_ln185_7     | mul    | auto           | 0       |
|    mul_8s_8s_16_1_1_U876                               |     |        | mul_ln185_8     | mul    | auto           | 0       |
|    mul_8s_8s_16_1_1_U877                               |     |        | mul_ln185_9     | mul    | auto           | 0       |
|    mul_8s_8s_16_1_1_U878                               |     |        | mul_ln185_10    | mul    | auto           | 0       |
|    mul_8s_8s_16_1_1_U879                               |     |        | mul_ln185_11    | mul    | auto           | 0       |
|    mul_8s_8s_16_1_1_U880                               |     |        | mul_ln185_12    | mul    | auto           | 0       |
|    mac_muladd_8s_8s_16s_17_4_1_U912                    | 1   |        | mul_ln185_13    | mul    | dsp_slice      | 3       |
|    mac_muladd_8s_8s_16s_17_4_1_U912                    | 1   |        | sext_ln185_141  | sext   | dsp_slice      | 3       |
|    mac_muladd_8s_8s_16s_17_4_1_U913                    | 1   |        | mul_ln185_14    | mul    | dsp_slice      | 3       |
|    mac_muladd_8s_8s_16s_17_4_1_U913                    | 1   |        | sext_ln185_142  | sext   | dsp_slice      | 3       |
|    mac_muladd_8s_8s_16s_17_4_1_U914                    | 1   |        | mul_ln185_15    | mul    | dsp_slice      | 3       |
|    mac_muladd_8s_8s_16s_17_4_1_U914                    | 1   |        | sext_ln185_143  | sext   | dsp_slice      | 3       |
|    mac_muladd_8s_8s_16s_17_4_1_U915                    | 1   |        | mul_ln185_16    | mul    | dsp_slice      | 3       |
|    mac_muladd_8s_8s_16s_17_4_1_U915                    | 1   |        | sext_ln185_144  | sext   | dsp_slice      | 3       |
|    mul_8s_8s_16_1_1_U881                               |     |        | mul_ln185_17    | mul    | auto           | 0       |
|    mul_8s_8s_16_1_1_U882                               |     |        | mul_ln185_18    | mul    | auto           | 0       |
|    mul_8s_8s_16_1_1_U883                               |     |        | mul_ln185_19    | mul    | auto           | 0       |
|    mul_8s_8s_16_1_1_U884                               |     |        | mul_ln185_20    | mul    | auto           | 0       |
|    mac_muladd_8s_8s_16s_17_4_1_U916                    | 1   |        | mul_ln185_21    | mul    | dsp_slice      | 3       |
|    mac_muladd_8s_8s_16s_17_4_1_U916                    | 1   |        | sext_ln185_149  | sext   | dsp_slice      | 3       |
|    mul_8s_8s_16_1_1_U885                               |     |        | mul_ln185_22    | mul    | auto           | 0       |
|    mac_muladd_8s_8s_16s_17_4_1_U917                    | 1   |        | mul_ln185_23    | mul    | dsp_slice      | 3       |
|    mac_muladd_8s_8s_16s_17_4_1_U917                    | 1   |        | sext_ln185_151  | sext   | dsp_slice      | 3       |
|    mac_muladd_8s_8s_16s_17_4_1_U918                    | 1   |        | mul_ln185_24    | mul    | dsp_slice      | 3       |
|    mac_muladd_8s_8s_16s_17_4_1_U918                    | 1   |        | sext_ln185_152  | sext   | dsp_slice      | 3       |
|    mul_8s_8s_16_1_1_U886                               |     |        | mul_ln185_25    | mul    | auto           | 0       |
|    mac_muladd_8s_8s_16s_17_4_1_U919                    | 1   |        | mul_ln185_26    | mul    | dsp_slice      | 3       |
|    mac_muladd_8s_8s_16s_17_4_1_U919                    | 1   |        | sext_ln185_154  | sext   | dsp_slice      | 3       |
|    mac_muladd_8s_8s_16s_17_4_1_U920                    | 1   |        | mul_ln185_27    | mul    | dsp_slice      | 3       |
|    mac_muladd_8s_8s_16s_17_4_1_U920                    | 1   |        | sext_ln185_155  | sext   | dsp_slice      | 3       |
|    mul_8s_8s_16_1_1_U887                               |     |        | mul_ln185_28    | mul    | auto           | 0       |
|    mac_muladd_8s_8s_16s_17_4_1_U921                    | 1   |        | mul_ln185_29    | mul    | dsp_slice      | 3       |
|    mac_muladd_8s_8s_16s_17_4_1_U921                    | 1   |        | sext_ln185_157  | sext   | dsp_slice      | 3       |
|    mul_8s_8s_16_1_1_U888                               |     |        | mul_ln185_30    | mul    | auto           | 0       |
|    mul_8s_8s_16_1_1_U889                               |     |        | mul_ln185_31    | mul    | auto           | 0       |
|    mac_muladd_8s_8s_16s_17_4_1_U922                    | 1   |        | mul_ln185_32    | mul    | dsp_slice      | 3       |
|    mac_muladd_8s_8s_16s_17_4_1_U922                    | 1   |        | sext_ln185_160  | sext   | dsp_slice      | 3       |
|    mac_muladd_8s_8s_16s_17_4_1_U923                    | 1   |        | mul_ln185_33    | mul    | dsp_slice      | 3       |
|    mac_muladd_8s_8s_16s_17_4_1_U923                    | 1   |        | sext_ln185_161  | sext   | dsp_slice      | 3       |
|    mac_muladd_8s_8s_16s_17_4_1_U924                    | 1   |        | mul_ln185_34    | mul    | dsp_slice      | 3       |
|    mac_muladd_8s_8s_16s_17_4_1_U924                    | 1   |        | sext_ln185_162  | sext   | dsp_slice      | 3       |
|    mul_8s_8s_16_1_1_U890                               |     |        | mul_ln185_35    | mul    | auto           | 0       |
|    mul_8s_8s_16_1_1_U891                               |     |        | mul_ln185_36    | mul    | auto           | 0       |
|    mul_8s_8s_16_1_1_U892                               |     |        | mul_ln185_37    | mul    | auto           | 0       |
|    mul_8s_8s_16_1_1_U893                               |     |        | mul_ln185_38    | mul    | auto           | 0       |
|    mac_muladd_8s_8s_16s_17_4_1_U925                    | 1   |        | mul_ln185_39    | mul    | dsp_slice      | 3       |
|    mac_muladd_8s_8s_16s_17_4_1_U925                    | 1   |        | sext_ln185_167  | sext   | dsp_slice      | 3       |
|    mac_muladd_8s_8s_16s_17_4_1_U926                    | 1   |        | mul_ln185_40    | mul    | dsp_slice      | 3       |
|    mac_muladd_8s_8s_16s_17_4_1_U926                    | 1   |        | sext_ln185_168  | sext   | dsp_slice      | 3       |
|    mac_muladd_8s_8s_16s_17_4_1_U927                    | 1   |        | mul_ln185_41    | mul    | dsp_slice      | 3       |
|    mac_muladd_8s_8s_16s_17_4_1_U927                    | 1   |        | sext_ln185_169  | sext   | dsp_slice      | 3       |
|    mac_muladd_8s_8s_16s_17_4_1_U928                    | 1   |        | mul_ln185_42    | mul    | dsp_slice      | 3       |
|    mac_muladd_8s_8s_16s_17_4_1_U928                    | 1   |        | sext_ln185_170  | sext   | dsp_slice      | 3       |
|    mul_8s_8s_16_1_1_U894                               |     |        | mul_ln185_43    | mul    | auto           | 0       |
|    mac_muladd_8s_8s_16s_17_4_1_U929                    | 1   |        | mul_ln185_44    | mul    | dsp_slice      | 3       |
|    mac_muladd_8s_8s_16s_17_4_1_U929                    | 1   |        | sext_ln185_172  | sext   | dsp_slice      | 3       |
|    mul_8s_8s_16_1_1_U895                               |     |        | mul_ln185_45    | mul    | auto           | 0       |
|    mac_muladd_8s_8s_16s_17_4_1_U930                    | 1   |        | mul_ln185_46    | mul    | dsp_slice      | 3       |
|    mac_muladd_8s_8s_16s_17_4_1_U930                    | 1   |        | sext_ln185_174  | sext   | dsp_slice      | 3       |
|    mul_8s_8s_16_1_1_U896                               |     |        | mul_ln185_47    | mul    | auto           | 0       |
|    mac_muladd_8s_8s_16s_17_4_1_U931                    | 1   |        | mul_ln185_48    | mul    | dsp_slice      | 3       |
|    mac_muladd_8s_8s_16s_17_4_1_U931                    | 1   |        | sext_ln185_176  | sext   | dsp_slice      | 3       |
|    mul_8s_8s_16_1_1_U897                               |     |        | mul_ln185_49    | mul    | auto           | 0       |
|    mac_muladd_8s_8s_16s_17_4_1_U932                    | 1   |        | mul_ln185_50    | mul    | dsp_slice      | 3       |
|    mac_muladd_8s_8s_16s_17_4_1_U932                    | 1   |        | sext_ln185_178  | sext   | dsp_slice      | 3       |
|    mac_muladd_8s_8s_16s_17_4_1_U933                    | 1   |        | mul_ln185_51    | mul    | dsp_slice      | 3       |
|    mac_muladd_8s_8s_16s_17_4_1_U933                    | 1   |        | sext_ln185_179  | sext   | dsp_slice      | 3       |
|    mul_8s_8s_16_1_1_U898                               |     |        | mul_ln185_52    | mul    | auto           | 0       |
|    mul_8s_8s_16_1_1_U899                               |     |        | mul_ln185_53    | mul    | auto           | 0       |
|    mul_8s_8s_16_1_1_U900                               |     |        | mul_ln185_54    | mul    | auto           | 0       |
|    mac_muladd_8s_8s_16s_17_4_1_U934                    | 1   |        | mul_ln185_55    | mul    | dsp_slice      | 3       |
|    mac_muladd_8s_8s_16s_17_4_1_U934                    | 1   |        | sext_ln185_183  | sext   | dsp_slice      | 3       |
|    mul_8s_8s_16_1_1_U901                               |     |        | mul_ln185_56    | mul    | auto           | 0       |
|    mac_muladd_8s_8s_16s_17_4_1_U935                    | 1   |        | mul_ln185_57    | mul    | dsp_slice      | 3       |
|    mac_muladd_8s_8s_16s_17_4_1_U935                    | 1   |        | sext_ln185_185  | sext   | dsp_slice      | 3       |
|    mul_8s_8s_16_1_1_U902                               |     |        | mul_ln185_58    | mul    | auto           | 0       |
|    mul_8s_8s_16_1_1_U903                               |     |        | mul_ln185_59    | mul    | auto           | 0       |
|    mac_muladd_8s_8s_16s_17_4_1_U936                    | 1   |        | mul_ln185_60    | mul    | dsp_slice      | 3       |
|    mac_muladd_8s_8s_16s_17_4_1_U936                    | 1   |        | sext_ln185_188  | sext   | dsp_slice      | 3       |
|    mul_8s_8s_16_1_1_U904                               |     |        | mul_ln185_61    | mul    | auto           | 0       |
|    mul_8s_8s_16_1_1_U905                               |     |        | mul_ln185_62    | mul    | auto           | 0       |
|    mac_muladd_8s_8s_16s_17_4_1_U937                    | 1   |        | mul_ln185_63    | mul    | dsp_slice      | 3       |
|    mac_muladd_8s_8s_16s_17_4_1_U937                    | 1   |        | sext_ln187      | sext   | dsp_slice      | 3       |
|    mac_muladd_8s_8s_16s_17_4_1_U935                    | 1   |        | add_ln187       | add    | dsp_slice      | 3       |
|    mac_muladd_8s_8s_16s_17_4_1_U932                    | 1   |        | add_ln187_1     | add    | dsp_slice      | 3       |
|    add_ln187_2_fu_3969_p2                              |     |        | add_ln187_2     | add    | fabric         | 0       |
|    mac_muladd_8s_8s_16s_17_4_1_U934                    | 1   |        | add_ln187_3     | add    | dsp_slice      | 3       |
|    mac_muladd_8s_8s_16s_17_4_1_U911                    | 1   |        | add_ln187_4     | add    | dsp_slice      | 3       |
|    add_ln187_5_fu_3985_p2                              |     |        | add_ln187_5     | add    | fabric         | 0       |
|    add_ln187_6_fu_3995_p2                              |     |        | add_ln187_6     | add    | fabric         | 0       |
|    mac_muladd_8s_8s_16s_17_4_1_U917                    | 1   |        | add_ln187_7     | add    | dsp_slice      | 3       |
|    mac_muladd_8s_8s_16s_17_4_1_U937                    | 1   |        | add_ln187_8     | add    | dsp_slice      | 3       |
|    add_ln187_9_fu_4011_p2                              |     |        | add_ln187_9     | add    | fabric         | 0       |
|    mac_muladd_8s_8s_16s_17_4_1_U925                    | 1   |        | add_ln187_10    | add    | dsp_slice      | 3       |
|    mac_muladd_8s_8s_16s_17_4_1_U915                    | 1   |        | add_ln187_11    | add    | dsp_slice      | 3       |
|    add_ln187_12_fu_4027_p2                             |     |        | add_ln187_12    | add    | fabric         | 0       |
|    add_ln187_13_fu_4037_p2                             |     |        | add_ln187_13    | add    | fabric         | 0       |
|    add_ln187_14_fu_4047_p2                             |     |        | add_ln187_14    | add    | fabric         | 0       |
|    mac_muladd_8s_8s_16s_17_4_1_U916                    | 1   |        | add_ln187_15    | add    | dsp_slice      | 3       |
|    mac_muladd_8s_8s_16s_17_4_1_U933                    | 1   |        | add_ln187_16    | add    | dsp_slice      | 3       |
|    add_ln187_17_fu_4059_p2                             |     |        | add_ln187_17    | add    | fabric         | 0       |
|    mac_muladd_8s_8s_16s_17_4_1_U927                    | 1   |        | add_ln187_18    | add    | dsp_slice      | 3       |
|    mac_muladd_8s_8s_16s_17_4_1_U931                    | 1   |        | add_ln187_19    | add    | dsp_slice      | 3       |
|    add_ln187_20_fu_4075_p2                             |     |        | add_ln187_20    | add    | fabric         | 0       |
|    add_ln187_21_fu_4085_p2                             |     |        | add_ln187_21    | add    | fabric         | 0       |
|    mac_muladd_8s_8s_16s_17_4_1_U907                    | 1   |        | add_ln187_22    | add    | dsp_slice      | 3       |
|    mac_muladd_8s_8s_16s_17_4_1_U928                    | 1   |        | add_ln187_23    | add    | dsp_slice      | 3       |
|    add_ln187_24_fu_4101_p2                             |     |        | add_ln187_24    | add    | fabric         | 0       |
|    mac_muladd_8s_8s_16s_17_4_1_U918                    | 1   |        | add_ln187_25    | add    | dsp_slice      | 3       |
|    mac_muladd_8s_8s_16s_17_4_1_U912                    | 1   |        | add_ln187_26    | add    | dsp_slice      | 3       |
|    add_ln187_27_fu_4117_p2                             |     |        | add_ln187_27    | add    | fabric         | 0       |
|    add_ln187_28_fu_4127_p2                             |     |        | add_ln187_28    | add    | fabric         | 0       |
|    add_ln187_29_fu_4137_p2                             |     |        | add_ln187_29    | add    | fabric         | 0       |
|    add_ln187_30_fu_4335_p2                             |     |        | add_ln187_30    | add    | fabric         | 0       |
|    mac_muladd_8s_8s_16s_17_4_1_U914                    | 1   |        | add_ln187_31    | add    | dsp_slice      | 3       |
|    mac_muladd_8s_8s_16s_17_4_1_U924                    | 1   |        | add_ln187_32    | add    | dsp_slice      | 3       |
|    add_ln187_33_fu_4149_p2                             |     |        | add_ln187_33    | add    | fabric         | 0       |
|    mac_muladd_8s_8s_16s_17_4_1_U936                    | 1   |        | add_ln187_34    | add    | dsp_slice      | 3       |
|    mac_muladd_8s_8s_16s_17_4_1_U926                    | 1   |        | add_ln187_35    | add    | dsp_slice      | 3       |
|    add_ln187_36_fu_4165_p2                             |     |        | add_ln187_36    | add    | fabric         | 0       |
|    add_ln187_37_fu_4175_p2                             |     |        | add_ln187_37    | add    | fabric         | 0       |
|    mac_muladd_8s_8s_16s_17_4_1_U921                    | 1   |        | add_ln187_38    | add    | dsp_slice      | 3       |
|    mac_muladd_8s_8s_16s_17_4_1_U919                    | 1   |        | add_ln187_39    | add    | dsp_slice      | 3       |
|    add_ln187_40_fu_4191_p2                             |     |        | add_ln187_40    | add    | fabric         | 0       |
|    mac_muladd_8s_8s_16s_17_4_1_U922                    | 1   |        | add_ln187_41    | add    | dsp_slice      | 3       |
|    mac_muladd_8s_8s_16s_17_4_1_U930                    | 1   |        | add_ln187_42    | add    | dsp_slice      | 3       |
|    add_ln187_43_fu_4207_p2                             |     |        | add_ln187_43    | add    | fabric         | 0       |
|    add_ln187_44_fu_4217_p2                             |     |        | add_ln187_44    | add    | fabric         | 0       |
|    add_ln187_45_fu_4227_p2                             |     |        | add_ln187_45    | add    | fabric         | 0       |
|    mac_muladd_8s_8s_16s_17_4_1_U909                    | 1   |        | add_ln187_46    | add    | dsp_slice      | 3       |
|    mac_muladd_8s_8s_16s_17_4_1_U923                    | 1   |        | add_ln187_47    | add    | dsp_slice      | 3       |
|    add_ln187_48_fu_4239_p2                             |     |        | add_ln187_48    | add    | fabric         | 0       |
|    mac_muladd_8s_8s_16s_17_4_1_U908                    | 1   |        | add_ln187_49    | add    | dsp_slice      | 3       |
|    mac_muladd_8s_8s_16s_17_4_1_U929                    | 1   |        | add_ln187_50    | add    | dsp_slice      | 3       |
|    add_ln187_51_fu_4255_p2                             |     |        | add_ln187_51    | add    | fabric         | 0       |
|    add_ln187_52_fu_4265_p2                             |     |        | add_ln187_52    | add    | fabric         | 0       |
|    mac_muladd_8s_8s_16s_17_4_1_U920                    | 1   |        | add_ln187_53    | add    | dsp_slice      | 3       |
|    mac_muladd_8s_8s_16s_17_4_1_U913                    | 1   |        | add_ln187_54    | add    | dsp_slice      | 3       |
|    add_ln187_55_fu_4281_p2                             |     |        | add_ln187_55    | add    | fabric         | 0       |
|    mac_muladd_8s_8s_16s_17_4_1_U910                    | 1   |        | add_ln187_56    | add    | dsp_slice      | 3       |
|    mac_muladd_8s_8s_16s_17_4_1_U906                    | 1   |        | add_ln187_57    | add    | dsp_slice      | 3       |
|    add_ln187_58_fu_4297_p2                             |     |        | add_ln187_58    | add    | fabric         | 0       |
|    add_ln187_59_fu_4307_p2                             |     |        | add_ln187_59    | add    | fabric         | 0       |
|    add_ln187_60_fu_4317_p2                             |     |        | add_ln187_60    | add    | fabric         | 0       |
|    add_ln187_61_fu_4351_p2                             |     |        | add_ln187_61    | add    | fabric         | 0       |
|    add_ln187_62_fu_4361_p2                             |     |        | add_ln187_62    | add    | fabric         | 0       |
|    acc_2_fu_4371_p2                                    |     |        | acc_2           | add    | fabric         | 0       |
|  + sat8 (grp_sat8_fu_6004)                             | 0   |        |                 |        |                |         |
|    icmp_ln32_fu_36_p2                                  |     |        | icmp_ln32       | setgt  | auto           | 0       |
|    icmp_ln33_fu_42_p2                                  |     |        | icmp_ln33       | setlt  | auto           | 0       |
|    select_ln32_1_fu_52_p3                              |     |        | select_ln32_1   | select | auto_sel       | 0       |
|    or_ln32_fu_60_p2                                    |     |        | or_ln32         | or     | auto           | 0       |
|    ap_return                                           |     |        | select_ln32     | select | auto_sel       | 0       |
|  + action_diff_head_Pipeline_VITIS_LOOP_200_7          | 32  |        |                 |        |                |         |
|    add_ln200_fu_2031_p2                                |     |        | add_ln200       | add    | fabric         | 0       |
|    mac_muladd_8s_8s_16s_17_4_1_U1100                   | 1   |        | mul_ln207       | mul    | dsp_slice      | 3       |
|    mac_muladd_8s_8s_16s_17_4_1_U1100                   | 1   |        | sext_ln207_1    | sext   | dsp_slice      | 3       |
|    mac_muladd_8s_8s_16s_17_4_1_U1101                   | 1   |        | mul_ln207_1     | mul    | dsp_slice      | 3       |
|    mac_muladd_8s_8s_16s_17_4_1_U1101                   | 1   |        | sext_ln207_2    | sext   | dsp_slice      | 3       |
|    mac_muladd_8s_8s_16s_17_4_1_U1102                   | 1   |        | mul_ln207_2     | mul    | dsp_slice      | 3       |
|    mac_muladd_8s_8s_16s_17_4_1_U1102                   | 1   |        | sext_ln207_3    | sext   | dsp_slice      | 3       |
|    mul_8s_8s_16_1_1_U1068                              |     |        | mul_ln207_3     | mul    | auto           | 0       |
|    mac_muladd_8s_8s_16s_17_4_1_U1103                   | 1   |        | mul_ln207_4     | mul    | dsp_slice      | 3       |
|    mac_muladd_8s_8s_16s_17_4_1_U1103                   | 1   |        | sext_ln207_5    | sext   | dsp_slice      | 3       |
|    mac_muladd_8s_8s_16s_17_4_1_U1104                   | 1   |        | mul_ln207_5     | mul    | dsp_slice      | 3       |
|    mac_muladd_8s_8s_16s_17_4_1_U1104                   | 1   |        | sext_ln207_6    | sext   | dsp_slice      | 3       |
|    mac_muladd_8s_8s_16s_17_4_1_U1105                   | 1   |        | mul_ln207_6     | mul    | dsp_slice      | 3       |
|    mac_muladd_8s_8s_16s_17_4_1_U1105                   | 1   |        | sext_ln207_7    | sext   | dsp_slice      | 3       |
|    mac_muladd_8s_8s_16s_17_4_1_U1106                   | 1   |        | mul_ln207_7     | mul    | dsp_slice      | 3       |
|    mac_muladd_8s_8s_16s_17_4_1_U1106                   | 1   |        | sext_ln207_8    | sext   | dsp_slice      | 3       |
|    mul_8s_8s_16_1_1_U1069                              |     |        | mul_ln207_8     | mul    | auto           | 0       |
|    mul_8s_8s_16_1_1_U1070                              |     |        | mul_ln207_9     | mul    | auto           | 0       |
|    mul_8s_8s_16_1_1_U1071                              |     |        | mul_ln207_10    | mul    | auto           | 0       |
|    mul_8s_8s_16_1_1_U1072                              |     |        | mul_ln207_11    | mul    | auto           | 0       |
|    mul_8s_8s_16_1_1_U1073                              |     |        | mul_ln207_12    | mul    | auto           | 0       |
|    mul_8s_8s_16_1_1_U1074                              |     |        | mul_ln207_13    | mul    | auto           | 0       |
|    mac_muladd_8s_8s_16s_17_4_1_U1107                   | 1   |        | mul_ln207_14    | mul    | dsp_slice      | 3       |
|    mac_muladd_8s_8s_16s_17_4_1_U1107                   | 1   |        | sext_ln207_15   | sext   | dsp_slice      | 3       |
|    mac_muladd_8s_8s_16s_17_4_1_U1108                   | 1   |        | mul_ln207_15    | mul    | dsp_slice      | 3       |
|    mac_muladd_8s_8s_16s_17_4_1_U1108                   | 1   |        | sext_ln207_16   | sext   | dsp_slice      | 3       |
|    mac_muladd_8s_8s_16s_17_4_1_U1109                   | 1   |        | mul_ln207_16    | mul    | dsp_slice      | 3       |
|    mac_muladd_8s_8s_16s_17_4_1_U1109                   | 1   |        | sext_ln207_17   | sext   | dsp_slice      | 3       |
|    mac_muladd_8s_8s_16s_17_4_1_U1110                   | 1   |        | mul_ln207_17    | mul    | dsp_slice      | 3       |
|    mac_muladd_8s_8s_16s_17_4_1_U1110                   | 1   |        | sext_ln207_18   | sext   | dsp_slice      | 3       |
|    mul_8s_8s_16_1_1_U1075                              |     |        | mul_ln207_18    | mul    | auto           | 0       |
|    mul_8s_8s_16_1_1_U1076                              |     |        | mul_ln207_19    | mul    | auto           | 0       |
|    mul_8s_8s_16_1_1_U1077                              |     |        | mul_ln207_20    | mul    | auto           | 0       |
|    mul_8s_8s_16_1_1_U1078                              |     |        | mul_ln207_21    | mul    | auto           | 0       |
|    mac_muladd_8s_8s_16s_17_4_1_U1111                   | 1   |        | mul_ln207_22    | mul    | dsp_slice      | 3       |
|    mac_muladd_8s_8s_16s_17_4_1_U1111                   | 1   |        | sext_ln207_23   | sext   | dsp_slice      | 3       |
|    mul_8s_8s_16_1_1_U1079                              |     |        | mul_ln207_23    | mul    | auto           | 0       |
|    mac_muladd_8s_8s_16s_17_4_1_U1112                   | 1   |        | mul_ln207_24    | mul    | dsp_slice      | 3       |
|    mac_muladd_8s_8s_16s_17_4_1_U1112                   | 1   |        | sext_ln207_25   | sext   | dsp_slice      | 3       |
|    mac_muladd_8s_8s_16s_17_4_1_U1113                   | 1   |        | mul_ln207_25    | mul    | dsp_slice      | 3       |
|    mac_muladd_8s_8s_16s_17_4_1_U1113                   | 1   |        | sext_ln207_26   | sext   | dsp_slice      | 3       |
|    mul_8s_8s_16_1_1_U1080                              |     |        | mul_ln207_26    | mul    | auto           | 0       |
|    mac_muladd_8s_8s_16s_17_4_1_U1114                   | 1   |        | mul_ln207_27    | mul    | dsp_slice      | 3       |
|    mac_muladd_8s_8s_16s_17_4_1_U1114                   | 1   |        | sext_ln207_28   | sext   | dsp_slice      | 3       |
|    mac_muladd_8s_8s_16s_17_4_1_U1115                   | 1   |        | mul_ln207_28    | mul    | dsp_slice      | 3       |
|    mac_muladd_8s_8s_16s_17_4_1_U1115                   | 1   |        | sext_ln207_29   | sext   | dsp_slice      | 3       |
|    mul_8s_8s_16_1_1_U1081                              |     |        | mul_ln207_29    | mul    | auto           | 0       |
|    mac_muladd_8s_8s_16s_17_4_1_U1116                   | 1   |        | mul_ln207_30    | mul    | dsp_slice      | 3       |
|    mac_muladd_8s_8s_16s_17_4_1_U1116                   | 1   |        | sext_ln207_31   | sext   | dsp_slice      | 3       |
|    mul_8s_8s_16_1_1_U1082                              |     |        | mul_ln207_31    | mul    | auto           | 0       |
|    mul_8s_8s_16_1_1_U1083                              |     |        | mul_ln207_32    | mul    | auto           | 0       |
|    mac_muladd_8s_8s_16s_17_4_1_U1117                   | 1   |        | mul_ln207_33    | mul    | dsp_slice      | 3       |
|    mac_muladd_8s_8s_16s_17_4_1_U1117                   | 1   |        | sext_ln207_34   | sext   | dsp_slice      | 3       |
|    mul_8s_8s_16_1_1_U1084                              |     |        | mul_ln207_34    | mul    | auto           | 0       |
|    mac_muladd_8s_8s_16s_17_4_1_U1118                   | 1   |        | mul_ln207_35    | mul    | dsp_slice      | 3       |
|    mac_muladd_8s_8s_16s_17_4_1_U1118                   | 1   |        | sext_ln207_36   | sext   | dsp_slice      | 3       |
|    mac_muladd_8s_8s_16s_17_4_1_U1119                   | 1   |        | mul_ln207_36    | mul    | dsp_slice      | 3       |
|    mac_muladd_8s_8s_16s_17_4_1_U1119                   | 1   |        | sext_ln207_37   | sext   | dsp_slice      | 3       |
|    mul_8s_8s_16_1_1_U1085                              |     |        | mul_ln207_37    | mul    | auto           | 0       |
|    mul_8s_8s_16_1_1_U1086                              |     |        | mul_ln207_38    | mul    | auto           | 0       |
|    mul_8s_8s_16_1_1_U1087                              |     |        | mul_ln207_39    | mul    | auto           | 0       |
|    mul_8s_8s_16_1_1_U1088                              |     |        | mul_ln207_40    | mul    | auto           | 0       |
|    mac_muladd_8s_8s_16s_17_4_1_U1120                   | 1   |        | mul_ln207_41    | mul    | dsp_slice      | 3       |
|    mac_muladd_8s_8s_16s_17_4_1_U1120                   | 1   |        | sext_ln207_42   | sext   | dsp_slice      | 3       |
|    mac_muladd_8s_8s_16s_17_4_1_U1121                   | 1   |        | mul_ln207_42    | mul    | dsp_slice      | 3       |
|    mac_muladd_8s_8s_16s_17_4_1_U1121                   | 1   |        | sext_ln207_43   | sext   | dsp_slice      | 3       |
|    mac_muladd_8s_8s_16s_17_4_1_U1122                   | 1   |        | mul_ln207_43    | mul    | dsp_slice      | 3       |
|    mac_muladd_8s_8s_16s_17_4_1_U1122                   | 1   |        | sext_ln207_44   | sext   | dsp_slice      | 3       |
|    mac_muladd_8s_8s_16s_17_4_1_U1123                   | 1   |        | mul_ln207_44    | mul    | dsp_slice      | 3       |
|    mac_muladd_8s_8s_16s_17_4_1_U1123                   | 1   |        | sext_ln207_45   | sext   | dsp_slice      | 3       |
|    mul_8s_8s_16_1_1_U1089                              |     |        | mul_ln207_45    | mul    | auto           | 0       |
|    mac_muladd_8s_8s_16s_17_4_1_U1124                   | 1   |        | mul_ln207_46    | mul    | dsp_slice      | 3       |
|    mac_muladd_8s_8s_16s_17_4_1_U1124                   | 1   |        | sext_ln207_47   | sext   | dsp_slice      | 3       |
|    mul_8s_8s_16_1_1_U1090                              |     |        | mul_ln207_47    | mul    | auto           | 0       |
|    mac_muladd_8s_8s_16s_17_4_1_U1125                   | 1   |        | mul_ln207_48    | mul    | dsp_slice      | 3       |
|    mac_muladd_8s_8s_16s_17_4_1_U1125                   | 1   |        | sext_ln207_49   | sext   | dsp_slice      | 3       |
|    mul_8s_8s_16_1_1_U1091                              |     |        | mul_ln207_49    | mul    | auto           | 0       |
|    mac_muladd_8s_8s_16s_17_4_1_U1126                   | 1   |        | mul_ln207_50    | mul    | dsp_slice      | 3       |
|    mac_muladd_8s_8s_16s_17_4_1_U1126                   | 1   |        | sext_ln207_51   | sext   | dsp_slice      | 3       |
|    mul_8s_8s_16_1_1_U1092                              |     |        | mul_ln207_51    | mul    | auto           | 0       |
|    mul_8s_8s_16_1_1_U1093                              |     |        | mul_ln207_52    | mul    | auto           | 0       |
|    mac_muladd_8s_8s_16s_17_4_1_U1127                   | 1   |        | mul_ln207_53    | mul    | dsp_slice      | 3       |
|    mac_muladd_8s_8s_16s_17_4_1_U1127                   | 1   |        | sext_ln207_54   | sext   | dsp_slice      | 3       |
|    mac_muladd_8s_8s_16s_17_4_1_U1128                   | 1   |        | mul_ln207_54    | mul    | dsp_slice      | 3       |
|    mac_muladd_8s_8s_16s_17_4_1_U1128                   | 1   |        | sext_ln207_55   | sext   | dsp_slice      | 3       |
|    mul_8s_8s_16_1_1_U1094                              |     |        | mul_ln207_55    | mul    | auto           | 0       |
|    mul_8s_8s_16_1_1_U1095                              |     |        | mul_ln207_56    | mul    | auto           | 0       |
|    mul_8s_8s_16_1_1_U1096                              |     |        | mul_ln207_57    | mul    | auto           | 0       |
|    mac_muladd_8s_8s_16s_17_4_1_U1129                   | 1   |        | mul_ln207_58    | mul    | dsp_slice      | 3       |
|    mac_muladd_8s_8s_16s_17_4_1_U1129                   | 1   |        | sext_ln207_59   | sext   | dsp_slice      | 3       |
|    mul_8s_8s_16_1_1_U1097                              |     |        | mul_ln207_59    | mul    | auto           | 0       |
|    mac_muladd_8s_8s_16s_17_4_1_U1130                   | 1   |        | mul_ln207_60    | mul    | dsp_slice      | 3       |
|    mac_muladd_8s_8s_16s_17_4_1_U1130                   | 1   |        | sext_ln207_61   | sext   | dsp_slice      | 3       |
|    mac_muladd_8s_8s_16s_17_4_1_U1131                   | 1   |        | mul_ln207_61    | mul    | dsp_slice      | 3       |
|    mac_muladd_8s_8s_16s_17_4_1_U1131                   | 1   |        | sext_ln207_62   | sext   | dsp_slice      | 3       |
|    mul_8s_8s_16_1_1_U1098                              |     |        | mul_ln207_62    | mul    | auto           | 0       |
|    mul_8s_8s_16_1_1_U1099                              |     |        | mul_ln207_63    | mul    | auto           | 0       |
|    mac_muladd_8s_8s_16s_17_4_1_U1131                   | 1   |        | add_ln207       | add    | dsp_slice      | 3       |
|    mac_muladd_8s_8s_16s_17_4_1_U1127                   | 1   |        | add_ln207_1     | add    | dsp_slice      | 3       |
|    add_ln207_2_fu_3969_p2                              |     |        | add_ln207_2     | add    | fabric         | 0       |
|    mac_muladd_8s_8s_16s_17_4_1_U1129                   | 1   |        | add_ln207_3     | add    | dsp_slice      | 3       |
|    mac_muladd_8s_8s_16s_17_4_1_U1106                   | 1   |        | add_ln207_4     | add    | dsp_slice      | 3       |
|    add_ln207_5_fu_3985_p2                              |     |        | add_ln207_5     | add    | fabric         | 0       |
|    add_ln207_6_fu_3995_p2                              |     |        | add_ln207_6     | add    | fabric         | 0       |
|    mac_muladd_8s_8s_16s_17_4_1_U1112                   | 1   |        | add_ln207_7     | add    | dsp_slice      | 3       |
|    mac_muladd_8s_8s_16s_17_4_1_U1101                   | 1   |        | add_ln207_8     | add    | dsp_slice      | 3       |
|    add_ln207_9_fu_4011_p2                              |     |        | add_ln207_9     | add    | fabric         | 0       |
|    mac_muladd_8s_8s_16s_17_4_1_U1120                   | 1   |        | add_ln207_10    | add    | dsp_slice      | 3       |
|    mac_muladd_8s_8s_16s_17_4_1_U1110                   | 1   |        | add_ln207_11    | add    | dsp_slice      | 3       |
|    add_ln207_12_fu_4027_p2                             |     |        | add_ln207_12    | add    | fabric         | 0       |
|    add_ln207_13_fu_4037_p2                             |     |        | add_ln207_13    | add    | fabric         | 0       |
|    add_ln207_14_fu_4047_p2                             |     |        | add_ln207_14    | add    | fabric         | 0       |
|    mac_muladd_8s_8s_16s_17_4_1_U1111                   | 1   |        | add_ln207_15    | add    | dsp_slice      | 3       |
|    mac_muladd_8s_8s_16s_17_4_1_U1128                   | 1   |        | add_ln207_16    | add    | dsp_slice      | 3       |
|    add_ln207_17_fu_4059_p2                             |     |        | add_ln207_17    | add    | fabric         | 0       |
|    mac_muladd_8s_8s_16s_17_4_1_U1122                   | 1   |        | add_ln207_18    | add    | dsp_slice      | 3       |
|    mac_muladd_8s_8s_16s_17_4_1_U1126                   | 1   |        | add_ln207_19    | add    | dsp_slice      | 3       |
|    add_ln207_20_fu_4075_p2                             |     |        | add_ln207_20    | add    | fabric         | 0       |
|    add_ln207_21_fu_4085_p2                             |     |        | add_ln207_21    | add    | fabric         | 0       |
|    mac_muladd_8s_8s_16s_17_4_1_U1102                   | 1   |        | add_ln207_22    | add    | dsp_slice      | 3       |
|    mac_muladd_8s_8s_16s_17_4_1_U1123                   | 1   |        | add_ln207_23    | add    | dsp_slice      | 3       |
|    add_ln207_24_fu_4101_p2                             |     |        | add_ln207_24    | add    | fabric         | 0       |
|    mac_muladd_8s_8s_16s_17_4_1_U1113                   | 1   |        | add_ln207_25    | add    | dsp_slice      | 3       |
|    mac_muladd_8s_8s_16s_17_4_1_U1107                   | 1   |        | add_ln207_26    | add    | dsp_slice      | 3       |
|    add_ln207_27_fu_4117_p2                             |     |        | add_ln207_27    | add    | fabric         | 0       |
|    add_ln207_28_fu_4127_p2                             |     |        | add_ln207_28    | add    | fabric         | 0       |
|    add_ln207_29_fu_4137_p2                             |     |        | add_ln207_29    | add    | fabric         | 0       |
|    add_ln207_30_fu_4335_p2                             |     |        | add_ln207_30    | add    | fabric         | 0       |
|    mac_muladd_8s_8s_16s_17_4_1_U1109                   | 1   |        | add_ln207_31    | add    | dsp_slice      | 3       |
|    mac_muladd_8s_8s_16s_17_4_1_U1119                   | 1   |        | add_ln207_32    | add    | dsp_slice      | 3       |
|    add_ln207_33_fu_4149_p2                             |     |        | add_ln207_33    | add    | fabric         | 0       |
|    mac_muladd_8s_8s_16s_17_4_1_U1100                   | 1   |        | add_ln207_34    | add    | dsp_slice      | 3       |
|    mac_muladd_8s_8s_16s_17_4_1_U1121                   | 1   |        | add_ln207_35    | add    | dsp_slice      | 3       |
|    add_ln207_36_fu_4165_p2                             |     |        | add_ln207_36    | add    | fabric         | 0       |
|    add_ln207_37_fu_4175_p2                             |     |        | add_ln207_37    | add    | fabric         | 0       |
|    mac_muladd_8s_8s_16s_17_4_1_U1116                   | 1   |        | add_ln207_38    | add    | dsp_slice      | 3       |
|    mac_muladd_8s_8s_16s_17_4_1_U1114                   | 1   |        | add_ln207_39    | add    | dsp_slice      | 3       |
|    add_ln207_40_fu_4191_p2                             |     |        | add_ln207_40    | add    | fabric         | 0       |
|    mac_muladd_8s_8s_16s_17_4_1_U1117                   | 1   |        | add_ln207_41    | add    | dsp_slice      | 3       |
|    mac_muladd_8s_8s_16s_17_4_1_U1125                   | 1   |        | add_ln207_42    | add    | dsp_slice      | 3       |
|    add_ln207_43_fu_4207_p2                             |     |        | add_ln207_43    | add    | fabric         | 0       |
|    add_ln207_44_fu_4217_p2                             |     |        | add_ln207_44    | add    | fabric         | 0       |
|    add_ln207_45_fu_4227_p2                             |     |        | add_ln207_45    | add    | fabric         | 0       |
|    mac_muladd_8s_8s_16s_17_4_1_U1104                   | 1   |        | add_ln207_46    | add    | dsp_slice      | 3       |
|    mac_muladd_8s_8s_16s_17_4_1_U1118                   | 1   |        | add_ln207_47    | add    | dsp_slice      | 3       |
|    add_ln207_48_fu_4239_p2                             |     |        | add_ln207_48    | add    | fabric         | 0       |
|    mac_muladd_8s_8s_16s_17_4_1_U1103                   | 1   |        | add_ln207_49    | add    | dsp_slice      | 3       |
|    mac_muladd_8s_8s_16s_17_4_1_U1124                   | 1   |        | add_ln207_50    | add    | dsp_slice      | 3       |
|    add_ln207_51_fu_4255_p2                             |     |        | add_ln207_51    | add    | fabric         | 0       |
|    add_ln207_52_fu_4265_p2                             |     |        | add_ln207_52    | add    | fabric         | 0       |
|    mac_muladd_8s_8s_16s_17_4_1_U1115                   | 1   |        | add_ln207_53    | add    | dsp_slice      | 3       |
|    mac_muladd_8s_8s_16s_17_4_1_U1108                   | 1   |        | add_ln207_54    | add    | dsp_slice      | 3       |
|    add_ln207_55_fu_4281_p2                             |     |        | add_ln207_55    | add    | fabric         | 0       |
|    mac_muladd_8s_8s_16s_17_4_1_U1105                   | 1   |        | add_ln207_56    | add    | dsp_slice      | 3       |
|    mac_muladd_8s_8s_16s_17_4_1_U1130                   | 1   |        | add_ln207_57    | add    | dsp_slice      | 3       |
|    add_ln207_58_fu_4297_p2                             |     |        | add_ln207_58    | add    | fabric         | 0       |
|    add_ln207_59_fu_4307_p2                             |     |        | add_ln207_59    | add    | fabric         | 0       |
|    add_ln207_60_fu_4317_p2                             |     |        | add_ln207_60    | add    | fabric         | 0       |
|    add_ln207_61_fu_4351_p2                             |     |        | add_ln207_61    | add    | fabric         | 0       |
|    add_ln207_62_fu_4361_p2                             |     |        | add_ln207_62    | add    | fabric         | 0       |
|    acc_1_fu_4371_p2                                    |     |        | acc_1           | add    | fabric         | 0       |
|  + action_diff_head_Pipeline_OUT_LOOP_VITIS_LOOP_219_9 | 32  |        |                 |        |                |         |
|    add_ln217_1_fu_2069_p2                              |     |        | add_ln217_1     | add    | fabric         | 0       |
|    icmp_ln217_fu_2075_p2                               |     |        | icmp_ln217      | seteq  | auto           | 0       |
|    add_ln217_fu_2093_p2                                |     |        | add_ln217       | add    | fabric         | 0       |
|    select_ln217_fu_2107_p3                             |     |        | select_ln217    | select | auto_sel       | 0       |
|    select_ln217_1_fu_4505_p3                           |     |        | select_ln217_1  | select | auto_sel       | 0       |
|    select_ln217_2_fu_2115_p3                           |     |        | select_ln217_2  | select | auto_sel       | 0       |
|    mac_muladd_8s_8s_16s_17_4_1_U1294                   | 1   |        | mul_ln226       | mul    | dsp_slice      | 3       |
|    mac_muladd_8s_8s_16s_17_4_1_U1294                   | 1   |        | sext_ln226_1    | sext   | dsp_slice      | 3       |
|    mac_muladd_8s_8s_16s_17_4_1_U1295                   | 1   |        | mul_ln226_1     | mul    | dsp_slice      | 3       |
|    mac_muladd_8s_8s_16s_17_4_1_U1295                   | 1   |        | sext_ln226_2    | sext   | dsp_slice      | 3       |
|    mac_muladd_8s_8s_16s_17_4_1_U1296                   | 1   |        | mul_ln226_2     | mul    | dsp_slice      | 3       |
|    mac_muladd_8s_8s_16s_17_4_1_U1296                   | 1   |        | sext_ln226_3    | sext   | dsp_slice      | 3       |
|    mul_8s_8s_16_1_1_U1262                              |     |        | mul_ln226_3     | mul    | auto           | 0       |
|    mac_muladd_8s_8s_16s_17_4_1_U1297                   | 1   |        | mul_ln226_4     | mul    | dsp_slice      | 3       |
|    mac_muladd_8s_8s_16s_17_4_1_U1297                   | 1   |        | sext_ln226_5    | sext   | dsp_slice      | 3       |
|    mac_muladd_8s_8s_16s_17_4_1_U1298                   | 1   |        | mul_ln226_5     | mul    | dsp_slice      | 3       |
|    mac_muladd_8s_8s_16s_17_4_1_U1298                   | 1   |        | sext_ln226_6    | sext   | dsp_slice      | 3       |
|    mac_muladd_8s_8s_16s_17_4_1_U1299                   | 1   |        | mul_ln226_6     | mul    | dsp_slice      | 3       |
|    mac_muladd_8s_8s_16s_17_4_1_U1299                   | 1   |        | sext_ln226_7    | sext   | dsp_slice      | 3       |
|    mac_muladd_8s_8s_16s_17_4_1_U1300                   | 1   |        | mul_ln226_7     | mul    | dsp_slice      | 3       |
|    mac_muladd_8s_8s_16s_17_4_1_U1300                   | 1   |        | sext_ln226_8    | sext   | dsp_slice      | 3       |
|    mul_8s_8s_16_1_1_U1263                              |     |        | mul_ln226_8     | mul    | auto           | 0       |
|    mul_8s_8s_16_1_1_U1264                              |     |        | mul_ln226_9     | mul    | auto           | 0       |
|    mul_8s_8s_16_1_1_U1265                              |     |        | mul_ln226_10    | mul    | auto           | 0       |
|    mul_8s_8s_16_1_1_U1266                              |     |        | mul_ln226_11    | mul    | auto           | 0       |
|    mul_8s_8s_16_1_1_U1267                              |     |        | mul_ln226_12    | mul    | auto           | 0       |
|    mul_8s_8s_16_1_1_U1268                              |     |        | mul_ln226_13    | mul    | auto           | 0       |
|    mac_muladd_8s_8s_16s_17_4_1_U1301                   | 1   |        | mul_ln226_14    | mul    | dsp_slice      | 3       |
|    mac_muladd_8s_8s_16s_17_4_1_U1301                   | 1   |        | sext_ln226_15   | sext   | dsp_slice      | 3       |
|    mac_muladd_8s_8s_16s_17_4_1_U1302                   | 1   |        | mul_ln226_15    | mul    | dsp_slice      | 3       |
|    mac_muladd_8s_8s_16s_17_4_1_U1302                   | 1   |        | sext_ln226_16   | sext   | dsp_slice      | 3       |
|    mac_muladd_8s_8s_16s_17_4_1_U1303                   | 1   |        | mul_ln226_16    | mul    | dsp_slice      | 3       |
|    mac_muladd_8s_8s_16s_17_4_1_U1303                   | 1   |        | sext_ln226_17   | sext   | dsp_slice      | 3       |
|    mac_muladd_8s_8s_16s_17_4_1_U1304                   | 1   |        | mul_ln226_17    | mul    | dsp_slice      | 3       |
|    mac_muladd_8s_8s_16s_17_4_1_U1304                   | 1   |        | sext_ln226_18   | sext   | dsp_slice      | 3       |
|    mul_8s_8s_16_1_1_U1269                              |     |        | mul_ln226_18    | mul    | auto           | 0       |
|    mul_8s_8s_16_1_1_U1270                              |     |        | mul_ln226_19    | mul    | auto           | 0       |
|    mul_8s_8s_16_1_1_U1271                              |     |        | mul_ln226_20    | mul    | auto           | 0       |
|    mul_8s_8s_16_1_1_U1272                              |     |        | mul_ln226_21    | mul    | auto           | 0       |
|    mac_muladd_8s_8s_16s_17_4_1_U1305                   | 1   |        | mul_ln226_22    | mul    | dsp_slice      | 3       |
|    mac_muladd_8s_8s_16s_17_4_1_U1305                   | 1   |        | sext_ln226_23   | sext   | dsp_slice      | 3       |
|    mul_8s_8s_16_1_1_U1273                              |     |        | mul_ln226_23    | mul    | auto           | 0       |
|    mac_muladd_8s_8s_16s_17_4_1_U1306                   | 1   |        | mul_ln226_24    | mul    | dsp_slice      | 3       |
|    mac_muladd_8s_8s_16s_17_4_1_U1306                   | 1   |        | sext_ln226_25   | sext   | dsp_slice      | 3       |
|    mac_muladd_8s_8s_16s_17_4_1_U1307                   | 1   |        | mul_ln226_25    | mul    | dsp_slice      | 3       |
|    mac_muladd_8s_8s_16s_17_4_1_U1307                   | 1   |        | sext_ln226_26   | sext   | dsp_slice      | 3       |
|    mul_8s_8s_16_1_1_U1274                              |     |        | mul_ln226_26    | mul    | auto           | 0       |
|    mac_muladd_8s_8s_16s_17_4_1_U1308                   | 1   |        | mul_ln226_27    | mul    | dsp_slice      | 3       |
|    mac_muladd_8s_8s_16s_17_4_1_U1308                   | 1   |        | sext_ln226_28   | sext   | dsp_slice      | 3       |
|    mac_muladd_8s_8s_16s_17_4_1_U1309                   | 1   |        | mul_ln226_28    | mul    | dsp_slice      | 3       |
|    mac_muladd_8s_8s_16s_17_4_1_U1309                   | 1   |        | sext_ln226_29   | sext   | dsp_slice      | 3       |
|    mul_8s_8s_16_1_1_U1275                              |     |        | mul_ln226_29    | mul    | auto           | 0       |
|    mac_muladd_8s_8s_16s_17_4_1_U1310                   | 1   |        | mul_ln226_30    | mul    | dsp_slice      | 3       |
|    mac_muladd_8s_8s_16s_17_4_1_U1310                   | 1   |        | sext_ln226_31   | sext   | dsp_slice      | 3       |
|    mul_8s_8s_16_1_1_U1276                              |     |        | mul_ln226_31    | mul    | auto           | 0       |
|    mul_8s_8s_16_1_1_U1277                              |     |        | mul_ln226_32    | mul    | auto           | 0       |
|    mac_muladd_8s_8s_16s_17_4_1_U1311                   | 1   |        | mul_ln226_33    | mul    | dsp_slice      | 3       |
|    mac_muladd_8s_8s_16s_17_4_1_U1311                   | 1   |        | sext_ln226_34   | sext   | dsp_slice      | 3       |
|    mul_8s_8s_16_1_1_U1278                              |     |        | mul_ln226_34    | mul    | auto           | 0       |
|    mac_muladd_8s_8s_16s_17_4_1_U1312                   | 1   |        | mul_ln226_35    | mul    | dsp_slice      | 3       |
|    mac_muladd_8s_8s_16s_17_4_1_U1312                   | 1   |        | sext_ln226_36   | sext   | dsp_slice      | 3       |
|    mac_muladd_8s_8s_16s_17_4_1_U1313                   | 1   |        | mul_ln226_36    | mul    | dsp_slice      | 3       |
|    mac_muladd_8s_8s_16s_17_4_1_U1313                   | 1   |        | sext_ln226_37   | sext   | dsp_slice      | 3       |
|    mul_8s_8s_16_1_1_U1279                              |     |        | mul_ln226_37    | mul    | auto           | 0       |
|    mul_8s_8s_16_1_1_U1280                              |     |        | mul_ln226_38    | mul    | auto           | 0       |
|    mul_8s_8s_16_1_1_U1281                              |     |        | mul_ln226_39    | mul    | auto           | 0       |
|    mul_8s_8s_16_1_1_U1282                              |     |        | mul_ln226_40    | mul    | auto           | 0       |
|    mac_muladd_8s_8s_16s_17_4_1_U1314                   | 1   |        | mul_ln226_41    | mul    | dsp_slice      | 3       |
|    mac_muladd_8s_8s_16s_17_4_1_U1314                   | 1   |        | sext_ln226_42   | sext   | dsp_slice      | 3       |
|    mac_muladd_8s_8s_16s_17_4_1_U1315                   | 1   |        | mul_ln226_42    | mul    | dsp_slice      | 3       |
|    mac_muladd_8s_8s_16s_17_4_1_U1315                   | 1   |        | sext_ln226_43   | sext   | dsp_slice      | 3       |
|    mac_muladd_8s_8s_16s_17_4_1_U1316                   | 1   |        | mul_ln226_43    | mul    | dsp_slice      | 3       |
|    mac_muladd_8s_8s_16s_17_4_1_U1316                   | 1   |        | sext_ln226_44   | sext   | dsp_slice      | 3       |
|    mac_muladd_8s_8s_16s_17_4_1_U1317                   | 1   |        | mul_ln226_44    | mul    | dsp_slice      | 3       |
|    mac_muladd_8s_8s_16s_17_4_1_U1317                   | 1   |        | sext_ln226_45   | sext   | dsp_slice      | 3       |
|    mul_8s_8s_16_1_1_U1283                              |     |        | mul_ln226_45    | mul    | auto           | 0       |
|    mac_muladd_8s_8s_16s_17_4_1_U1318                   | 1   |        | mul_ln226_46    | mul    | dsp_slice      | 3       |
|    mac_muladd_8s_8s_16s_17_4_1_U1318                   | 1   |        | sext_ln226_47   | sext   | dsp_slice      | 3       |
|    mul_8s_8s_16_1_1_U1284                              |     |        | mul_ln226_47    | mul    | auto           | 0       |
|    mac_muladd_8s_8s_16s_17_4_1_U1319                   | 1   |        | mul_ln226_48    | mul    | dsp_slice      | 3       |
|    mac_muladd_8s_8s_16s_17_4_1_U1319                   | 1   |        | sext_ln226_49   | sext   | dsp_slice      | 3       |
|    mul_8s_8s_16_1_1_U1285                              |     |        | mul_ln226_49    | mul    | auto           | 0       |
|    mac_muladd_8s_8s_16s_17_4_1_U1320                   | 1   |        | mul_ln226_50    | mul    | dsp_slice      | 3       |
|    mac_muladd_8s_8s_16s_17_4_1_U1320                   | 1   |        | sext_ln226_51   | sext   | dsp_slice      | 3       |
|    mul_8s_8s_16_1_1_U1286                              |     |        | mul_ln226_51    | mul    | auto           | 0       |
|    mul_8s_8s_16_1_1_U1287                              |     |        | mul_ln226_52    | mul    | auto           | 0       |
|    mac_muladd_8s_8s_16s_17_4_1_U1321                   | 1   |        | mul_ln226_53    | mul    | dsp_slice      | 3       |
|    mac_muladd_8s_8s_16s_17_4_1_U1321                   | 1   |        | sext_ln226_54   | sext   | dsp_slice      | 3       |
|    mac_muladd_8s_8s_16s_17_4_1_U1322                   | 1   |        | mul_ln226_54    | mul    | dsp_slice      | 3       |
|    mac_muladd_8s_8s_16s_17_4_1_U1322                   | 1   |        | sext_ln226_55   | sext   | dsp_slice      | 3       |
|    mul_8s_8s_16_1_1_U1288                              |     |        | mul_ln226_55    | mul    | auto           | 0       |
|    mul_8s_8s_16_1_1_U1289                              |     |        | mul_ln226_56    | mul    | auto           | 0       |
|    mul_8s_8s_16_1_1_U1290                              |     |        | mul_ln226_57    | mul    | auto           | 0       |
|    mac_muladd_8s_8s_16s_17_4_1_U1323                   | 1   |        | mul_ln226_58    | mul    | dsp_slice      | 3       |
|    mac_muladd_8s_8s_16s_17_4_1_U1323                   | 1   |        | sext_ln226_59   | sext   | dsp_slice      | 3       |
|    mul_8s_8s_16_1_1_U1291                              |     |        | mul_ln226_59    | mul    | auto           | 0       |
|    mac_muladd_8s_8s_16s_17_4_1_U1324                   | 1   |        | mul_ln226_60    | mul    | dsp_slice      | 3       |
|    mac_muladd_8s_8s_16s_17_4_1_U1324                   | 1   |        | sext_ln226_61   | sext   | dsp_slice      | 3       |
|    mac_muladd_8s_8s_16s_17_4_1_U1325                   | 1   |        | mul_ln226_61    | mul    | dsp_slice      | 3       |
|    mac_muladd_8s_8s_16s_17_4_1_U1325                   | 1   |        | sext_ln226_62   | sext   | dsp_slice      | 3       |
|    mul_8s_8s_16_1_1_U1292                              |     |        | mul_ln226_62    | mul    | auto           | 0       |
|    mul_8s_8s_16_1_1_U1293                              |     |        | mul_ln226_63    | mul    | auto           | 0       |
|    mac_muladd_8s_8s_16s_17_4_1_U1325                   | 1   |        | add_ln226       | add    | dsp_slice      | 3       |
|    mac_muladd_8s_8s_16s_17_4_1_U1321                   | 1   |        | add_ln226_1     | add    | dsp_slice      | 3       |
|    add_ln226_2_fu_4145_p2                              |     |        | add_ln226_2     | add    | fabric         | 0       |
|    mac_muladd_8s_8s_16s_17_4_1_U1323                   | 1   |        | add_ln226_3     | add    | dsp_slice      | 3       |
|    mac_muladd_8s_8s_16s_17_4_1_U1300                   | 1   |        | add_ln226_4     | add    | dsp_slice      | 3       |
|    add_ln226_5_fu_4161_p2                              |     |        | add_ln226_5     | add    | fabric         | 0       |
|    add_ln226_6_fu_4171_p2                              |     |        | add_ln226_6     | add    | fabric         | 0       |
|    mac_muladd_8s_8s_16s_17_4_1_U1306                   | 1   |        | add_ln226_7     | add    | dsp_slice      | 3       |
|    mac_muladd_8s_8s_16s_17_4_1_U1295                   | 1   |        | add_ln226_8     | add    | dsp_slice      | 3       |
|    add_ln226_9_fu_4187_p2                              |     |        | add_ln226_9     | add    | fabric         | 0       |
|    mac_muladd_8s_8s_16s_17_4_1_U1314                   | 1   |        | add_ln226_10    | add    | dsp_slice      | 3       |
|    mac_muladd_8s_8s_16s_17_4_1_U1304                   | 1   |        | add_ln226_11    | add    | dsp_slice      | 3       |
|    add_ln226_12_fu_4203_p2                             |     |        | add_ln226_12    | add    | fabric         | 0       |
|    add_ln226_13_fu_4213_p2                             |     |        | add_ln226_13    | add    | fabric         | 0       |
|    add_ln226_14_fu_4223_p2                             |     |        | add_ln226_14    | add    | fabric         | 0       |
|    mac_muladd_8s_8s_16s_17_4_1_U1305                   | 1   |        | add_ln226_15    | add    | dsp_slice      | 3       |
|    mac_muladd_8s_8s_16s_17_4_1_U1322                   | 1   |        | add_ln226_16    | add    | dsp_slice      | 3       |
|    add_ln226_17_fu_4235_p2                             |     |        | add_ln226_17    | add    | fabric         | 0       |
|    mac_muladd_8s_8s_16s_17_4_1_U1316                   | 1   |        | add_ln226_18    | add    | dsp_slice      | 3       |
|    mac_muladd_8s_8s_16s_17_4_1_U1320                   | 1   |        | add_ln226_19    | add    | dsp_slice      | 3       |
|    add_ln226_20_fu_4251_p2                             |     |        | add_ln226_20    | add    | fabric         | 0       |
|    add_ln226_21_fu_4261_p2                             |     |        | add_ln226_21    | add    | fabric         | 0       |
|    mac_muladd_8s_8s_16s_17_4_1_U1296                   | 1   |        | add_ln226_22    | add    | dsp_slice      | 3       |
|    mac_muladd_8s_8s_16s_17_4_1_U1317                   | 1   |        | add_ln226_23    | add    | dsp_slice      | 3       |
|    add_ln226_24_fu_4277_p2                             |     |        | add_ln226_24    | add    | fabric         | 0       |
|    mac_muladd_8s_8s_16s_17_4_1_U1307                   | 1   |        | add_ln226_25    | add    | dsp_slice      | 3       |
|    mac_muladd_8s_8s_16s_17_4_1_U1301                   | 1   |        | add_ln226_26    | add    | dsp_slice      | 3       |
|    add_ln226_27_fu_4293_p2                             |     |        | add_ln226_27    | add    | fabric         | 0       |
|    add_ln226_28_fu_4303_p2                             |     |        | add_ln226_28    | add    | fabric         | 0       |
|    add_ln226_29_fu_4313_p2                             |     |        | add_ln226_29    | add    | fabric         | 0       |
|    add_ln226_30_fu_4518_p2                             |     |        | add_ln226_30    | add    | fabric         | 0       |
|    mac_muladd_8s_8s_16s_17_4_1_U1303                   | 1   |        | add_ln226_31    | add    | dsp_slice      | 3       |
|    mac_muladd_8s_8s_16s_17_4_1_U1313                   | 1   |        | add_ln226_32    | add    | dsp_slice      | 3       |
|    add_ln226_33_fu_4325_p2                             |     |        | add_ln226_33    | add    | fabric         | 0       |
|    mac_muladd_8s_8s_16s_17_4_1_U1294                   | 1   |        | add_ln226_34    | add    | dsp_slice      | 3       |
|    mac_muladd_8s_8s_16s_17_4_1_U1315                   | 1   |        | add_ln226_35    | add    | dsp_slice      | 3       |
|    add_ln226_36_fu_4341_p2                             |     |        | add_ln226_36    | add    | fabric         | 0       |
|    add_ln226_37_fu_4351_p2                             |     |        | add_ln226_37    | add    | fabric         | 0       |
|    mac_muladd_8s_8s_16s_17_4_1_U1310                   | 1   |        | add_ln226_38    | add    | dsp_slice      | 3       |
|    mac_muladd_8s_8s_16s_17_4_1_U1308                   | 1   |        | add_ln226_39    | add    | dsp_slice      | 3       |
|    add_ln226_40_fu_4367_p2                             |     |        | add_ln226_40    | add    | fabric         | 0       |
|    mac_muladd_8s_8s_16s_17_4_1_U1311                   | 1   |        | add_ln226_41    | add    | dsp_slice      | 3       |
|    mac_muladd_8s_8s_16s_17_4_1_U1319                   | 1   |        | add_ln226_42    | add    | dsp_slice      | 3       |
|    add_ln226_43_fu_4383_p2                             |     |        | add_ln226_43    | add    | fabric         | 0       |
|    add_ln226_44_fu_4393_p2                             |     |        | add_ln226_44    | add    | fabric         | 0       |
|    add_ln226_45_fu_4403_p2                             |     |        | add_ln226_45    | add    | fabric         | 0       |
|    mac_muladd_8s_8s_16s_17_4_1_U1298                   | 1   |        | add_ln226_46    | add    | dsp_slice      | 3       |
|    mac_muladd_8s_8s_16s_17_4_1_U1312                   | 1   |        | add_ln226_47    | add    | dsp_slice      | 3       |
|    add_ln226_48_fu_4415_p2                             |     |        | add_ln226_48    | add    | fabric         | 0       |
|    mac_muladd_8s_8s_16s_17_4_1_U1297                   | 1   |        | add_ln226_49    | add    | dsp_slice      | 3       |
|    mac_muladd_8s_8s_16s_17_4_1_U1318                   | 1   |        | add_ln226_50    | add    | dsp_slice      | 3       |
|    add_ln226_51_fu_4431_p2                             |     |        | add_ln226_51    | add    | fabric         | 0       |
|    add_ln226_52_fu_4441_p2                             |     |        | add_ln226_52    | add    | fabric         | 0       |
|    mac_muladd_8s_8s_16s_17_4_1_U1309                   | 1   |        | add_ln226_53    | add    | dsp_slice      | 3       |
|    mac_muladd_8s_8s_16s_17_4_1_U1302                   | 1   |        | add_ln226_54    | add    | dsp_slice      | 3       |
|    add_ln226_55_fu_4457_p2                             |     |        | add_ln226_55    | add    | fabric         | 0       |
|    mac_muladd_8s_8s_16s_17_4_1_U1299                   | 1   |        | add_ln226_56    | add    | dsp_slice      | 3       |
|    mac_muladd_8s_8s_16s_17_4_1_U1324                   | 1   |        | add_ln226_57    | add    | dsp_slice      | 3       |
|    add_ln226_58_fu_4473_p2                             |     |        | add_ln226_58    | add    | fabric         | 0       |
|    add_ln226_59_fu_4483_p2                             |     |        | add_ln226_59    | add    | fabric         | 0       |
|    add_ln226_60_fu_4493_p2                             |     |        | add_ln226_60    | add    | fabric         | 0       |
|    add_ln226_61_fu_4534_p2                             |     |        | add_ln226_61    | add    | fabric         | 0       |
|    add_ln226_62_fu_4544_p2                             |     |        | add_ln226_62    | add    | fabric         | 0       |
|    acc_3_fu_4554_p2                                    |     |        | acc_3           | add    | fabric         | 0       |
|    add_ln219_fu_2489_p2                                |     |        | add_ln219       | add    | fabric         | 0       |
|   + sat8 (tmp_s_sat8_fu_2009)                          | 0   |        |                 |        |                |         |
|     icmp_ln32_fu_36_p2                                 |     |        | icmp_ln32       | setgt  | auto           | 0       |
|     icmp_ln33_fu_42_p2                                 |     |        | icmp_ln33       | setlt  | auto           | 0       |
|     select_ln32_1_fu_52_p3                             |     |        | select_ln32_1   | select | auto_sel       | 0       |
|     or_ln32_fu_60_p2                                   |     |        | or_ln32         | or     | auto           | 0       |
|     ap_return                                          |     |        | select_ln32     | select | auto_sel       | 0       |
+--------------------------------------------------------+-----+--------+-----------------+--------+----------------+---------+


================================================================
== Storage Report
================================================================
+--------------------+--------------+------+------+------+--------+------------+------+---------+------------------+
| Name               | Usage        | Type | BRAM | URAM | Pragma | Variable   | Impl | Latency | Bitwidth, Depth, |
|                    |              |      |      |      |        |            |      |         | Banks            |
+--------------------+--------------+------+------+------+--------+------------+------+---------+------------------+
| + action_diff_head |              |      | 3    | 0    |        |            |      |         |                  |
|   time_proj_U      | ram_1p array |      |      |      |        | time_proj  | auto | 1       | 8, 256, 1        |
|   act_q_U          | ram_1p array |      |      |      |        | act_q      | auto | 1       | 8, 4, 1          |
|   act_q_1_U        | ram_1p array |      |      |      |        | act_q_1    | auto | 1       | 8, 4, 1          |
|   act_q_2_U        | ram_1p array |      |      |      |        | act_q_2    | auto | 1       | 8, 4, 1          |
|   act_q_3_U        | ram_1p array |      |      |      |        | act_q_3    | auto | 1       | 8, 4, 1          |
|   act_q_4_U        | ram_1p array |      |      |      |        | act_q_4    | auto | 1       | 8, 4, 1          |
|   act_q_5_U        | ram_1p array |      |      |      |        | act_q_5    | auto | 1       | 8, 4, 1          |
|   act_q_6_U        | ram_1p array |      |      |      |        | act_q_6    | auto | 1       | 8, 4, 1          |
|   act_q_7_U        | ram_1p array |      |      |      |        | act_q_7    | auto | 1       | 8, 4, 1          |
|   act_q_8_U        | ram_1p array |      |      |      |        | act_q_8    | auto | 1       | 8, 4, 1          |
|   act_q_9_U        | ram_1p array |      |      |      |        | act_q_9    | auto | 1       | 8, 4, 1          |
|   act_q_10_U       | ram_1p array |      |      |      |        | act_q_10   | auto | 1       | 8, 4, 1          |
|   act_q_11_U       | ram_1p array |      |      |      |        | act_q_11   | auto | 1       | 8, 4, 1          |
|   act_q_12_U       | ram_1p array |      |      |      |        | act_q_12   | auto | 1       | 8, 4, 1          |
|   act_q_13_U       | ram_1p array |      |      |      |        | act_q_13   | auto | 1       | 8, 4, 1          |
|   act_q_14_U       | ram_1p array |      |      |      |        | act_q_14   | auto | 1       | 8, 4, 1          |
|   act_q_15_U       | ram_1p array |      |      |      |        | act_q_15   | auto | 1       | 8, 4, 1          |
|   act_q_16_U       | ram_1p array |      |      |      |        | act_q_16   | auto | 1       | 8, 4, 1          |
|   act_q_17_U       | ram_1p array |      |      |      |        | act_q_17   | auto | 1       | 8, 4, 1          |
|   act_q_18_U       | ram_1p array |      |      |      |        | act_q_18   | auto | 1       | 8, 4, 1          |
|   act_q_19_U       | ram_1p array |      |      |      |        | act_q_19   | auto | 1       | 8, 4, 1          |
|   act_q_20_U       | ram_1p array |      |      |      |        | act_q_20   | auto | 1       | 8, 4, 1          |
|   act_q_21_U       | ram_1p array |      |      |      |        | act_q_21   | auto | 1       | 8, 4, 1          |
|   act_q_22_U       | ram_1p array |      |      |      |        | act_q_22   | auto | 1       | 8, 4, 1          |
|   act_q_23_U       | ram_1p array |      |      |      |        | act_q_23   | auto | 1       | 8, 4, 1          |
|   act_q_24_U       | ram_1p array |      |      |      |        | act_q_24   | auto | 1       | 8, 4, 1          |
|   act_q_25_U       | ram_1p array |      |      |      |        | act_q_25   | auto | 1       | 8, 4, 1          |
|   act_q_26_U       | ram_1p array |      |      |      |        | act_q_26   | auto | 1       | 8, 4, 1          |
|   act_q_27_U       | ram_1p array |      |      |      |        | act_q_27   | auto | 1       | 8, 4, 1          |
|   act_q_28_U       | ram_1p array |      |      |      |        | act_q_28   | auto | 1       | 8, 4, 1          |
|   act_q_29_U       | ram_1p array |      |      |      |        | act_q_29   | auto | 1       | 8, 4, 1          |
|   act_q_30_U       | ram_1p array |      |      |      |        | act_q_30   | auto | 1       | 8, 4, 1          |
|   act_q_31_U       | ram_1p array |      |      |      |        | act_q_31   | auto | 1       | 8, 4, 1          |
|   act_q_32_U       | ram_1p array |      |      |      |        | act_q_32   | auto | 1       | 8, 4, 1          |
|   act_q_33_U       | ram_1p array |      |      |      |        | act_q_33   | auto | 1       | 8, 4, 1          |
|   act_q_34_U       | ram_1p array |      |      |      |        | act_q_34   | auto | 1       | 8, 4, 1          |
|   act_q_35_U       | ram_1p array |      |      |      |        | act_q_35   | auto | 1       | 8, 4, 1          |
|   act_q_36_U       | ram_1p array |      |      |      |        | act_q_36   | auto | 1       | 8, 4, 1          |
|   act_q_37_U       | ram_1p array |      |      |      |        | act_q_37   | auto | 1       | 8, 4, 1          |
|   act_q_38_U       | ram_1p array |      |      |      |        | act_q_38   | auto | 1       | 8, 4, 1          |
|   act_q_39_U       | ram_1p array |      |      |      |        | act_q_39   | auto | 1       | 8, 4, 1          |
|   act_q_40_U       | ram_1p array |      |      |      |        | act_q_40   | auto | 1       | 8, 4, 1          |
|   act_q_41_U       | ram_1p array |      |      |      |        | act_q_41   | auto | 1       | 8, 4, 1          |
|   act_q_42_U       | ram_1p array |      |      |      |        | act_q_42   | auto | 1       | 8, 4, 1          |
|   act_q_43_U       | ram_1p array |      |      |      |        | act_q_43   | auto | 1       | 8, 4, 1          |
|   act_q_44_U       | ram_1p array |      |      |      |        | act_q_44   | auto | 1       | 8, 4, 1          |
|   act_q_45_U       | ram_1p array |      |      |      |        | act_q_45   | auto | 1       | 8, 4, 1          |
|   act_q_46_U       | ram_1p array |      |      |      |        | act_q_46   | auto | 1       | 8, 4, 1          |
|   act_q_47_U       | ram_1p array |      |      |      |        | act_q_47   | auto | 1       | 8, 4, 1          |
|   act_q_48_U       | ram_1p array |      |      |      |        | act_q_48   | auto | 1       | 8, 4, 1          |
|   act_q_49_U       | ram_1p array |      |      |      |        | act_q_49   | auto | 1       | 8, 4, 1          |
|   act_q_50_U       | ram_1p array |      |      |      |        | act_q_50   | auto | 1       | 8, 4, 1          |
|   act_q_51_U       | ram_1p array |      |      |      |        | act_q_51   | auto | 1       | 8, 4, 1          |
|   act_q_52_U       | ram_1p array |      |      |      |        | act_q_52   | auto | 1       | 8, 4, 1          |
|   act_q_53_U       | ram_1p array |      |      |      |        | act_q_53   | auto | 1       | 8, 4, 1          |
|   act_q_54_U       | ram_1p array |      |      |      |        | act_q_54   | auto | 1       | 8, 4, 1          |
|   act_q_55_U       | ram_1p array |      |      |      |        | act_q_55   | auto | 1       | 8, 4, 1          |
|   act_q_56_U       | ram_1p array |      |      |      |        | act_q_56   | auto | 1       | 8, 4, 1          |
|   act_q_57_U       | ram_1p array |      |      |      |        | act_q_57   | auto | 1       | 8, 4, 1          |
|   act_q_58_U       | ram_1p array |      |      |      |        | act_q_58   | auto | 1       | 8, 4, 1          |
|   act_q_59_U       | ram_1p array |      |      |      |        | act_q_59   | auto | 1       | 8, 4, 1          |
|   act_q_60_U       | ram_1p array |      |      |      |        | act_q_60   | auto | 1       | 8, 4, 1          |
|   act_q_61_U       | ram_1p array |      |      |      |        | act_q_61   | auto | 1       | 8, 4, 1          |
|   act_q_62_U       | ram_1p array |      |      |      |        | act_q_62   | auto | 1       | 8, 4, 1          |
|   act_q_63_U       | ram_1p array |      |      |      |        | act_q_63   | auto | 1       | 8, 4, 1          |
|   scores_U         | ram_1p array |      | 1    |      |        | scores     | auto | 1       | 16, 256, 1       |
|   attn_w_U         | ram_1p array |      | 1    |      |        | attn_w     | auto | 1       | 16, 256, 1       |
|   shifted_U        | ram_1p array |      | 1    |      |        | shifted    | auto | 1       | 16, 256, 1       |
|   attn_o_U         | ram_1p array |      |      |      |        | attn_o     | auto | 1       | 8, 4, 1          |
|   attn_o_1_U       | ram_1p array |      |      |      |        | attn_o_1   | auto | 1       | 8, 4, 1          |
|   attn_o_2_U       | ram_1p array |      |      |      |        | attn_o_2   | auto | 1       | 8, 4, 1          |
|   attn_o_3_U       | ram_1p array |      |      |      |        | attn_o_3   | auto | 1       | 8, 4, 1          |
|   attn_o_4_U       | ram_1p array |      |      |      |        | attn_o_4   | auto | 1       | 8, 4, 1          |
|   attn_o_5_U       | ram_1p array |      |      |      |        | attn_o_5   | auto | 1       | 8, 4, 1          |
|   attn_o_6_U       | ram_1p array |      |      |      |        | attn_o_6   | auto | 1       | 8, 4, 1          |
|   attn_o_7_U       | ram_1p array |      |      |      |        | attn_o_7   | auto | 1       | 8, 4, 1          |
|   attn_o_8_U       | ram_1p array |      |      |      |        | attn_o_8   | auto | 1       | 8, 4, 1          |
|   attn_o_9_U       | ram_1p array |      |      |      |        | attn_o_9   | auto | 1       | 8, 4, 1          |
|   attn_o_10_U      | ram_1p array |      |      |      |        | attn_o_10  | auto | 1       | 8, 4, 1          |
|   attn_o_11_U      | ram_1p array |      |      |      |        | attn_o_11  | auto | 1       | 8, 4, 1          |
|   attn_o_12_U      | ram_1p array |      |      |      |        | attn_o_12  | auto | 1       | 8, 4, 1          |
|   attn_o_13_U      | ram_1p array |      |      |      |        | attn_o_13  | auto | 1       | 8, 4, 1          |
|   attn_o_14_U      | ram_1p array |      |      |      |        | attn_o_14  | auto | 1       | 8, 4, 1          |
|   attn_o_15_U      | ram_1p array |      |      |      |        | attn_o_15  | auto | 1       | 8, 4, 1          |
|   attn_o_16_U      | ram_1p array |      |      |      |        | attn_o_16  | auto | 1       | 8, 4, 1          |
|   attn_o_17_U      | ram_1p array |      |      |      |        | attn_o_17  | auto | 1       | 8, 4, 1          |
|   attn_o_18_U      | ram_1p array |      |      |      |        | attn_o_18  | auto | 1       | 8, 4, 1          |
|   attn_o_19_U      | ram_1p array |      |      |      |        | attn_o_19  | auto | 1       | 8, 4, 1          |
|   attn_o_20_U      | ram_1p array |      |      |      |        | attn_o_20  | auto | 1       | 8, 4, 1          |
|   attn_o_21_U      | ram_1p array |      |      |      |        | attn_o_21  | auto | 1       | 8, 4, 1          |
|   attn_o_22_U      | ram_1p array |      |      |      |        | attn_o_22  | auto | 1       | 8, 4, 1          |
|   attn_o_23_U      | ram_1p array |      |      |      |        | attn_o_23  | auto | 1       | 8, 4, 1          |
|   attn_o_24_U      | ram_1p array |      |      |      |        | attn_o_24  | auto | 1       | 8, 4, 1          |
|   attn_o_25_U      | ram_1p array |      |      |      |        | attn_o_25  | auto | 1       | 8, 4, 1          |
|   attn_o_26_U      | ram_1p array |      |      |      |        | attn_o_26  | auto | 1       | 8, 4, 1          |
|   attn_o_27_U      | ram_1p array |      |      |      |        | attn_o_27  | auto | 1       | 8, 4, 1          |
|   attn_o_28_U      | ram_1p array |      |      |      |        | attn_o_28  | auto | 1       | 8, 4, 1          |
|   attn_o_29_U      | ram_1p array |      |      |      |        | attn_o_29  | auto | 1       | 8, 4, 1          |
|   attn_o_30_U      | ram_1p array |      |      |      |        | attn_o_30  | auto | 1       | 8, 4, 1          |
|   attn_o_31_U      | ram_1p array |      |      |      |        | attn_o_31  | auto | 1       | 8, 4, 1          |
|   attn_o_32_U      | ram_1p array |      |      |      |        | attn_o_32  | auto | 1       | 8, 4, 1          |
|   attn_o_33_U      | ram_1p array |      |      |      |        | attn_o_33  | auto | 1       | 8, 4, 1          |
|   attn_o_34_U      | ram_1p array |      |      |      |        | attn_o_34  | auto | 1       | 8, 4, 1          |
|   attn_o_35_U      | ram_1p array |      |      |      |        | attn_o_35  | auto | 1       | 8, 4, 1          |
|   attn_o_36_U      | ram_1p array |      |      |      |        | attn_o_36  | auto | 1       | 8, 4, 1          |
|   attn_o_37_U      | ram_1p array |      |      |      |        | attn_o_37  | auto | 1       | 8, 4, 1          |
|   attn_o_38_U      | ram_1p array |      |      |      |        | attn_o_38  | auto | 1       | 8, 4, 1          |
|   attn_o_39_U      | ram_1p array |      |      |      |        | attn_o_39  | auto | 1       | 8, 4, 1          |
|   attn_o_40_U      | ram_1p array |      |      |      |        | attn_o_40  | auto | 1       | 8, 4, 1          |
|   attn_o_41_U      | ram_1p array |      |      |      |        | attn_o_41  | auto | 1       | 8, 4, 1          |
|   attn_o_42_U      | ram_1p array |      |      |      |        | attn_o_42  | auto | 1       | 8, 4, 1          |
|   attn_o_43_U      | ram_1p array |      |      |      |        | attn_o_43  | auto | 1       | 8, 4, 1          |
|   attn_o_44_U      | ram_1p array |      |      |      |        | attn_o_44  | auto | 1       | 8, 4, 1          |
|   attn_o_45_U      | ram_1p array |      |      |      |        | attn_o_45  | auto | 1       | 8, 4, 1          |
|   attn_o_46_U      | ram_1p array |      |      |      |        | attn_o_46  | auto | 1       | 8, 4, 1          |
|   attn_o_47_U      | ram_1p array |      |      |      |        | attn_o_47  | auto | 1       | 8, 4, 1          |
|   attn_o_48_U      | ram_1p array |      |      |      |        | attn_o_48  | auto | 1       | 8, 4, 1          |
|   attn_o_49_U      | ram_1p array |      |      |      |        | attn_o_49  | auto | 1       | 8, 4, 1          |
|   attn_o_50_U      | ram_1p array |      |      |      |        | attn_o_50  | auto | 1       | 8, 4, 1          |
|   attn_o_51_U      | ram_1p array |      |      |      |        | attn_o_51  | auto | 1       | 8, 4, 1          |
|   attn_o_52_U      | ram_1p array |      |      |      |        | attn_o_52  | auto | 1       | 8, 4, 1          |
|   attn_o_53_U      | ram_1p array |      |      |      |        | attn_o_53  | auto | 1       | 8, 4, 1          |
|   attn_o_54_U      | ram_1p array |      |      |      |        | attn_o_54  | auto | 1       | 8, 4, 1          |
|   attn_o_55_U      | ram_1p array |      |      |      |        | attn_o_55  | auto | 1       | 8, 4, 1          |
|   attn_o_56_U      | ram_1p array |      |      |      |        | attn_o_56  | auto | 1       | 8, 4, 1          |
|   attn_o_57_U      | ram_1p array |      |      |      |        | attn_o_57  | auto | 1       | 8, 4, 1          |
|   attn_o_58_U      | ram_1p array |      |      |      |        | attn_o_58  | auto | 1       | 8, 4, 1          |
|   attn_o_59_U      | ram_1p array |      |      |      |        | attn_o_59  | auto | 1       | 8, 4, 1          |
|   attn_o_60_U      | ram_1p array |      |      |      |        | attn_o_60  | auto | 1       | 8, 4, 1          |
|   attn_o_61_U      | ram_1p array |      |      |      |        | attn_o_61  | auto | 1       | 8, 4, 1          |
|   attn_o_62_U      | ram_1p array |      |      |      |        | attn_o_62  | auto | 1       | 8, 4, 1          |
|   attn_o_63_U      | ram_1p array |      |      |      |        | attn_o_63  | auto | 1       | 8, 4, 1          |
|   h_U              | ram_1p array |      |      |      |        | h          | auto | 1       | 8, 8, 1          |
|   h_1_U            | ram_1p array |      |      |      |        | h_1        | auto | 1       | 8, 8, 1          |
|   h_2_U            | ram_1p array |      |      |      |        | h_2        | auto | 1       | 8, 8, 1          |
|   h_3_U            | ram_1p array |      |      |      |        | h_3        | auto | 1       | 8, 8, 1          |
|   h_4_U            | ram_1p array |      |      |      |        | h_4        | auto | 1       | 8, 8, 1          |
|   h_5_U            | ram_1p array |      |      |      |        | h_5        | auto | 1       | 8, 8, 1          |
|   h_6_U            | ram_1p array |      |      |      |        | h_6        | auto | 1       | 8, 8, 1          |
|   h_7_U            | ram_1p array |      |      |      |        | h_7        | auto | 1       | 8, 8, 1          |
|   h_8_U            | ram_1p array |      |      |      |        | h_8        | auto | 1       | 8, 8, 1          |
|   h_9_U            | ram_1p array |      |      |      |        | h_9        | auto | 1       | 8, 8, 1          |
|   h_10_U           | ram_1p array |      |      |      |        | h_10       | auto | 1       | 8, 8, 1          |
|   h_11_U           | ram_1p array |      |      |      |        | h_11       | auto | 1       | 8, 8, 1          |
|   h_12_U           | ram_1p array |      |      |      |        | h_12       | auto | 1       | 8, 8, 1          |
|   h_13_U           | ram_1p array |      |      |      |        | h_13       | auto | 1       | 8, 8, 1          |
|   h_14_U           | ram_1p array |      |      |      |        | h_14       | auto | 1       | 8, 8, 1          |
|   h_15_U           | ram_1p array |      |      |      |        | h_15       | auto | 1       | 8, 8, 1          |
|   h_16_U           | ram_1p array |      |      |      |        | h_16       | auto | 1       | 8, 8, 1          |
|   h_17_U           | ram_1p array |      |      |      |        | h_17       | auto | 1       | 8, 8, 1          |
|   h_18_U           | ram_1p array |      |      |      |        | h_18       | auto | 1       | 8, 8, 1          |
|   h_19_U           | ram_1p array |      |      |      |        | h_19       | auto | 1       | 8, 8, 1          |
|   h_20_U           | ram_1p array |      |      |      |        | h_20       | auto | 1       | 8, 8, 1          |
|   h_21_U           | ram_1p array |      |      |      |        | h_21       | auto | 1       | 8, 8, 1          |
|   h_22_U           | ram_1p array |      |      |      |        | h_22       | auto | 1       | 8, 8, 1          |
|   h_23_U           | ram_1p array |      |      |      |        | h_23       | auto | 1       | 8, 8, 1          |
|   h_24_U           | ram_1p array |      |      |      |        | h_24       | auto | 1       | 8, 8, 1          |
|   h_25_U           | ram_1p array |      |      |      |        | h_25       | auto | 1       | 8, 8, 1          |
|   h_26_U           | ram_1p array |      |      |      |        | h_26       | auto | 1       | 8, 8, 1          |
|   h_27_U           | ram_1p array |      |      |      |        | h_27       | auto | 1       | 8, 8, 1          |
|   h_28_U           | ram_1p array |      |      |      |        | h_28       | auto | 1       | 8, 8, 1          |
|   h_29_U           | ram_1p array |      |      |      |        | h_29       | auto | 1       | 8, 8, 1          |
|   h_30_U           | ram_1p array |      |      |      |        | h_30       | auto | 1       | 8, 8, 1          |
|   h_31_U           | ram_1p array |      |      |      |        | h_31       | auto | 1       | 8, 8, 1          |
|   h_32_U           | ram_1p array |      |      |      |        | h_32       | auto | 1       | 8, 8, 1          |
|   h_33_U           | ram_1p array |      |      |      |        | h_33       | auto | 1       | 8, 8, 1          |
|   h_34_U           | ram_1p array |      |      |      |        | h_34       | auto | 1       | 8, 8, 1          |
|   h_35_U           | ram_1p array |      |      |      |        | h_35       | auto | 1       | 8, 8, 1          |
|   h_36_U           | ram_1p array |      |      |      |        | h_36       | auto | 1       | 8, 8, 1          |
|   h_37_U           | ram_1p array |      |      |      |        | h_37       | auto | 1       | 8, 8, 1          |
|   h_38_U           | ram_1p array |      |      |      |        | h_38       | auto | 1       | 8, 8, 1          |
|   h_39_U           | ram_1p array |      |      |      |        | h_39       | auto | 1       | 8, 8, 1          |
|   h_40_U           | ram_1p array |      |      |      |        | h_40       | auto | 1       | 8, 8, 1          |
|   h_41_U           | ram_1p array |      |      |      |        | h_41       | auto | 1       | 8, 8, 1          |
|   h_42_U           | ram_1p array |      |      |      |        | h_42       | auto | 1       | 8, 8, 1          |
|   h_43_U           | ram_1p array |      |      |      |        | h_43       | auto | 1       | 8, 8, 1          |
|   h_44_U           | ram_1p array |      |      |      |        | h_44       | auto | 1       | 8, 8, 1          |
|   h_45_U           | ram_1p array |      |      |      |        | h_45       | auto | 1       | 8, 8, 1          |
|   h_46_U           | ram_1p array |      |      |      |        | h_46       | auto | 1       | 8, 8, 1          |
|   h_47_U           | ram_1p array |      |      |      |        | h_47       | auto | 1       | 8, 8, 1          |
|   h_48_U           | ram_1p array |      |      |      |        | h_48       | auto | 1       | 8, 8, 1          |
|   h_49_U           | ram_1p array |      |      |      |        | h_49       | auto | 1       | 8, 8, 1          |
|   h_50_U           | ram_1p array |      |      |      |        | h_50       | auto | 1       | 8, 8, 1          |
|   h_51_U           | ram_1p array |      |      |      |        | h_51       | auto | 1       | 8, 8, 1          |
|   h_52_U           | ram_1p array |      |      |      |        | h_52       | auto | 1       | 8, 8, 1          |
|   h_53_U           | ram_1p array |      |      |      |        | h_53       | auto | 1       | 8, 8, 1          |
|   h_54_U           | ram_1p array |      |      |      |        | h_54       | auto | 1       | 8, 8, 1          |
|   h_55_U           | ram_1p array |      |      |      |        | h_55       | auto | 1       | 8, 8, 1          |
|   h_56_U           | ram_1p array |      |      |      |        | h_56       | auto | 1       | 8, 8, 1          |
|   h_57_U           | ram_1p array |      |      |      |        | h_57       | auto | 1       | 8, 8, 1          |
|   h_58_U           | ram_1p array |      |      |      |        | h_58       | auto | 1       | 8, 8, 1          |
|   h_59_U           | ram_1p array |      |      |      |        | h_59       | auto | 1       | 8, 8, 1          |
|   h_60_U           | ram_1p array |      |      |      |        | h_60       | auto | 1       | 8, 8, 1          |
|   h_61_U           | ram_1p array |      |      |      |        | h_61       | auto | 1       | 8, 8, 1          |
|   h_62_U           | ram_1p array |      |      |      |        | h_62       | auto | 1       | 8, 8, 1          |
|   h_63_U           | ram_1p array |      |      |      |        | h_63       | auto | 1       | 8, 8, 1          |
|   ffn_out_U        | ram_1p array |      |      |      |        | ffn_out    | auto | 1       | 8, 4, 1          |
|   ffn_out_1_U      | ram_1p array |      |      |      |        | ffn_out_1  | auto | 1       | 8, 4, 1          |
|   ffn_out_2_U      | ram_1p array |      |      |      |        | ffn_out_2  | auto | 1       | 8, 4, 1          |
|   ffn_out_3_U      | ram_1p array |      |      |      |        | ffn_out_3  | auto | 1       | 8, 4, 1          |
|   ffn_out_4_U      | ram_1p array |      |      |      |        | ffn_out_4  | auto | 1       | 8, 4, 1          |
|   ffn_out_5_U      | ram_1p array |      |      |      |        | ffn_out_5  | auto | 1       | 8, 4, 1          |
|   ffn_out_6_U      | ram_1p array |      |      |      |        | ffn_out_6  | auto | 1       | 8, 4, 1          |
|   ffn_out_7_U      | ram_1p array |      |      |      |        | ffn_out_7  | auto | 1       | 8, 4, 1          |
|   ffn_out_8_U      | ram_1p array |      |      |      |        | ffn_out_8  | auto | 1       | 8, 4, 1          |
|   ffn_out_9_U      | ram_1p array |      |      |      |        | ffn_out_9  | auto | 1       | 8, 4, 1          |
|   ffn_out_10_U     | ram_1p array |      |      |      |        | ffn_out_10 | auto | 1       | 8, 4, 1          |
|   ffn_out_11_U     | ram_1p array |      |      |      |        | ffn_out_11 | auto | 1       | 8, 4, 1          |
|   ffn_out_12_U     | ram_1p array |      |      |      |        | ffn_out_12 | auto | 1       | 8, 4, 1          |
|   ffn_out_13_U     | ram_1p array |      |      |      |        | ffn_out_13 | auto | 1       | 8, 4, 1          |
|   ffn_out_14_U     | ram_1p array |      |      |      |        | ffn_out_14 | auto | 1       | 8, 4, 1          |
|   ffn_out_15_U     | ram_1p array |      |      |      |        | ffn_out_15 | auto | 1       | 8, 4, 1          |
|   ffn_out_16_U     | ram_1p array |      |      |      |        | ffn_out_16 | auto | 1       | 8, 4, 1          |
|   ffn_out_17_U     | ram_1p array |      |      |      |        | ffn_out_17 | auto | 1       | 8, 4, 1          |
|   ffn_out_18_U     | ram_1p array |      |      |      |        | ffn_out_18 | auto | 1       | 8, 4, 1          |
|   ffn_out_19_U     | ram_1p array |      |      |      |        | ffn_out_19 | auto | 1       | 8, 4, 1          |
|   ffn_out_20_U     | ram_1p array |      |      |      |        | ffn_out_20 | auto | 1       | 8, 4, 1          |
|   ffn_out_21_U     | ram_1p array |      |      |      |        | ffn_out_21 | auto | 1       | 8, 4, 1          |
|   ffn_out_22_U     | ram_1p array |      |      |      |        | ffn_out_22 | auto | 1       | 8, 4, 1          |
|   ffn_out_23_U     | ram_1p array |      |      |      |        | ffn_out_23 | auto | 1       | 8, 4, 1          |
|   ffn_out_24_U     | ram_1p array |      |      |      |        | ffn_out_24 | auto | 1       | 8, 4, 1          |
|   ffn_out_25_U     | ram_1p array |      |      |      |        | ffn_out_25 | auto | 1       | 8, 4, 1          |
|   ffn_out_26_U     | ram_1p array |      |      |      |        | ffn_out_26 | auto | 1       | 8, 4, 1          |
|   ffn_out_27_U     | ram_1p array |      |      |      |        | ffn_out_27 | auto | 1       | 8, 4, 1          |
|   ffn_out_28_U     | ram_1p array |      |      |      |        | ffn_out_28 | auto | 1       | 8, 4, 1          |
|   ffn_out_29_U     | ram_1p array |      |      |      |        | ffn_out_29 | auto | 1       | 8, 4, 1          |
|   ffn_out_30_U     | ram_1p array |      |      |      |        | ffn_out_30 | auto | 1       | 8, 4, 1          |
|   ffn_out_31_U     | ram_1p array |      |      |      |        | ffn_out_31 | auto | 1       | 8, 4, 1          |
|   ffn_out_32_U     | ram_1p array |      |      |      |        | ffn_out_32 | auto | 1       | 8, 4, 1          |
|   ffn_out_33_U     | ram_1p array |      |      |      |        | ffn_out_33 | auto | 1       | 8, 4, 1          |
|   ffn_out_34_U     | ram_1p array |      |      |      |        | ffn_out_34 | auto | 1       | 8, 4, 1          |
|   ffn_out_35_U     | ram_1p array |      |      |      |        | ffn_out_35 | auto | 1       | 8, 4, 1          |
|   ffn_out_36_U     | ram_1p array |      |      |      |        | ffn_out_36 | auto | 1       | 8, 4, 1          |
|   ffn_out_37_U     | ram_1p array |      |      |      |        | ffn_out_37 | auto | 1       | 8, 4, 1          |
|   ffn_out_38_U     | ram_1p array |      |      |      |        | ffn_out_38 | auto | 1       | 8, 4, 1          |
|   ffn_out_39_U     | ram_1p array |      |      |      |        | ffn_out_39 | auto | 1       | 8, 4, 1          |
|   ffn_out_40_U     | ram_1p array |      |      |      |        | ffn_out_40 | auto | 1       | 8, 4, 1          |
|   ffn_out_41_U     | ram_1p array |      |      |      |        | ffn_out_41 | auto | 1       | 8, 4, 1          |
|   ffn_out_42_U     | ram_1p array |      |      |      |        | ffn_out_42 | auto | 1       | 8, 4, 1          |
|   ffn_out_43_U     | ram_1p array |      |      |      |        | ffn_out_43 | auto | 1       | 8, 4, 1          |
|   ffn_out_44_U     | ram_1p array |      |      |      |        | ffn_out_44 | auto | 1       | 8, 4, 1          |
|   ffn_out_45_U     | ram_1p array |      |      |      |        | ffn_out_45 | auto | 1       | 8, 4, 1          |
|   ffn_out_46_U     | ram_1p array |      |      |      |        | ffn_out_46 | auto | 1       | 8, 4, 1          |
|   ffn_out_47_U     | ram_1p array |      |      |      |        | ffn_out_47 | auto | 1       | 8, 4, 1          |
|   ffn_out_48_U     | ram_1p array |      |      |      |        | ffn_out_48 | auto | 1       | 8, 4, 1          |
|   ffn_out_49_U     | ram_1p array |      |      |      |        | ffn_out_49 | auto | 1       | 8, 4, 1          |
|   ffn_out_50_U     | ram_1p array |      |      |      |        | ffn_out_50 | auto | 1       | 8, 4, 1          |
|   ffn_out_51_U     | ram_1p array |      |      |      |        | ffn_out_51 | auto | 1       | 8, 4, 1          |
|   ffn_out_52_U     | ram_1p array |      |      |      |        | ffn_out_52 | auto | 1       | 8, 4, 1          |
|   ffn_out_53_U     | ram_1p array |      |      |      |        | ffn_out_53 | auto | 1       | 8, 4, 1          |
|   ffn_out_54_U     | ram_1p array |      |      |      |        | ffn_out_54 | auto | 1       | 8, 4, 1          |
|   ffn_out_55_U     | ram_1p array |      |      |      |        | ffn_out_55 | auto | 1       | 8, 4, 1          |
|   ffn_out_56_U     | ram_1p array |      |      |      |        | ffn_out_56 | auto | 1       | 8, 4, 1          |
|   ffn_out_57_U     | ram_1p array |      |      |      |        | ffn_out_57 | auto | 1       | 8, 4, 1          |
|   ffn_out_58_U     | ram_1p array |      |      |      |        | ffn_out_58 | auto | 1       | 8, 4, 1          |
|   ffn_out_59_U     | ram_1p array |      |      |      |        | ffn_out_59 | auto | 1       | 8, 4, 1          |
|   ffn_out_60_U     | ram_1p array |      |      |      |        | ffn_out_60 | auto | 1       | 8, 4, 1          |
|   ffn_out_61_U     | ram_1p array |      |      |      |        | ffn_out_61 | auto | 1       | 8, 4, 1          |
|   ffn_out_62_U     | ram_1p array |      |      |      |        | ffn_out_62 | auto | 1       | 8, 4, 1          |
|   ffn_out_63_U     | ram_1p array |      |      |      |        | ffn_out_63 | auto | 1       | 8, 4, 1          |
+--------------------+--------------+------+------+------+--------+------------+------+---------+------------------+


================================================================
== Pragma Report
================================================================
* Valid Pragma Syntax
+-----------------+-----------------------------------------+-----------------------------------------------------------+
| Type            | Options                                 | Location                                                  |
+-----------------+-----------------------------------------+-----------------------------------------------------------+
| interface       | ap_ctrl_hs port=return                  | action_diff_head.cpp:53 in action_diff_head, return       |
| array_partition | variable=timestep_emb complete          | action_diff_head.cpp:59 in action_diff_head, timestep_emb |
| array_partition | variable=W_time complete dim=1          | action_diff_head.cpp:60 in action_diff_head, W_time       |
| pipeline        | II=1                                    | action_diff_head.cpp:62 in action_diff_head               |
| unroll          |                                         | action_diff_head.cpp:65 in action_diff_head               |
| array_partition | variable=noisy_action complete          | action_diff_head.cpp:76 in action_diff_head, noisy_action |
| array_partition | variable=W_act_proj complete dim=1      | action_diff_head.cpp:77 in action_diff_head, W_act_proj   |
| pipeline        | II=1                                    | action_diff_head.cpp:79 in action_diff_head               |
| unroll          |                                         | action_diff_head.cpp:82 in action_diff_head               |
| array_partition | variable=act_q cyclic factor=64 dim=1   | action_diff_head.cpp:94 in action_diff_head, act_q        |
| array_partition | variable=context cyclic factor=64 dim=2 | action_diff_head.cpp:95 in action_diff_head, context      |
| pipeline        | II=1                                    | action_diff_head.cpp:99 in action_diff_head               |
| unroll          |                                         | action_diff_head.cpp:102 in action_diff_head              |
| pipeline        | II=1                                    | action_diff_head.cpp:117 in action_diff_head              |
| pipeline        | II=1                                    | action_diff_head.cpp:123 in action_diff_head              |
| pipeline        | II=1                                    | action_diff_head.cpp:130 in action_diff_head              |
| array_partition | variable=context cyclic factor=64 dim=2 | action_diff_head.cpp:149 in action_diff_head, context     |
| array_partition | variable=acc_t complete                 | action_diff_head.cpp:153 in action_diff_head, acc_t       |
| unroll          |                                         | action_diff_head.cpp:155 in action_diff_head              |
| pipeline        | II=1                                    | action_diff_head.cpp:159 in action_diff_head              |
| unroll          |                                         | action_diff_head.cpp:162 in action_diff_head              |
| unroll          |                                         | action_diff_head.cpp:167 in action_diff_head              |
| array_partition | variable=attn_o cyclic factor=64 dim=1  | action_diff_head.cpp:176 in action_diff_head, attn_o      |
| array_partition | variable=W_ffn1 cyclic factor=64 dim=1  | action_diff_head.cpp:177 in action_diff_head, W_ffn1      |
| pipeline        | II=1                                    | action_diff_head.cpp:181 in action_diff_head              |
| unroll          |                                         | action_diff_head.cpp:184 in action_diff_head              |
| array_partition | variable=h cyclic factor=64 dim=1       | action_diff_head.cpp:196 in action_diff_head, h           |
| array_partition | variable=W_ffn2 cyclic factor=64 dim=1  | action_diff_head.cpp:197 in action_diff_head, W_ffn2      |
| pipeline        | II=1                                    | action_diff_head.cpp:201 in action_diff_head              |
| unroll          |                                         | action_diff_head.cpp:204 in action_diff_head              |
| array_partition | variable=ffn_out cyclic factor=64 dim=1 | action_diff_head.cpp:215 in action_diff_head, ffn_out     |
| array_partition | variable=W_out cyclic factor=64 dim=1   | action_diff_head.cpp:216 in action_diff_head, W_out       |
| pipeline        | II=1                                    | action_diff_head.cpp:220 in action_diff_head              |
| unroll          |                                         | action_diff_head.cpp:223 in action_diff_head              |
+-----------------+-----------------------------------------+-----------------------------------------------------------+


