

================================================================
== Vitis HLS Report for 'q_kt_matmul_v1'
================================================================
* Date:           Wed May 27 13:11:25 2026

* Version:        2024.1 (Build 5069499 on May 21 2024)
* Project:        xmod_attn_v1_hls
* Solution:       sol1 (Vivado IP Flow Target)
* Product family: versalaicore
* Target device:  xcvc1902-vsva2197-2MP-e-S


================================================================
== Performance Estimates
================================================================
+ Timing: 
    * Summary: 
    +--------+---------+----------+------------+
    |  Clock |  Target | Estimated| Uncertainty|
    +--------+---------+----------+------------+
    |ap_clk  |  4.00 ns|  2.754 ns|     1.08 ns|
    +--------+---------+----------+------------+

+ Latency: 
    * Summary: 
    +---------+---------+-----------+-----------+-------+-------+-----------------------------------------------+
    |  Latency (cycles) |   Latency (absolute)  |    Interval   |                    Pipeline                   |
    |   min   |   max   |    min    |    max    |  min  |  max  |                      Type                     |
    +---------+---------+-----------+-----------+-------+-------+-----------------------------------------------+
    |    16391|    16391|  65.564 us|  65.564 us|  16386|  16386|  loop auto-rewind stp(delay=0 clock cycles(s))|
    +---------+---------+-----------+-----------+-------+-------+-----------------------------------------------+

    + Detail: 
        * Instance: 
        N/A

        * Loop: 
        +------------------+---------+---------+----------+-----------+-----------+------+----------+
        |                  |  Latency (cycles) | Iteration|  Initiation Interval  | Trip |          |
        |     Loop Name    |   min   |   max   |  Latency |  achieved |   target  | Count| Pipelined|
        +------------------+---------+---------+----------+-----------+-----------+------+----------+
        |- TB_LOOP_D_LOOP  |    16389|    16389|         8|          2|          1|  8192|       yes|
        +------------------+---------+---------+----------+-----------+-----------+------+----------+



================================================================
== Utilization Estimates
================================================================
* Summary: 
+-----------------+---------+------+---------+--------+-----+
|       Name      | BRAM_18K|  DSP |    FF   |   LUT  | URAM|
+-----------------+---------+------+---------+--------+-----+
|DSP              |        -|    64|        -|       -|    -|
|Expression       |        -|     -|        0|    1624|    -|
|FIFO             |        -|     -|        -|       -|    -|
|Instance         |        -|     0|        0|    5952|    -|
|Memory           |        -|     -|        -|       -|    -|
|Multiplexer      |        -|     -|        0|    4384|    -|
|Register         |        -|     -|     2379|      21|    -|
+-----------------+---------+------+---------+--------+-----+
|Total            |        0|    64|     2379|   11981|    0|
+-----------------+---------+------+---------+--------+-----+
|Available        |     1934|  1968|  1799680|  899840|  463|
+-----------------+---------+------+---------+--------+-----+
|Utilization (%)  |        0|     3|       ~0|       1|    0|
+-----------------+---------+------+---------+--------+-----+

+ Detail: 
    * Instance: 
    +--------------------------+---------------------+---------+----+---+----+-----+
    |         Instance         |        Module       | BRAM_18K| DSP| FF| LUT| URAM|
    +--------------------------+---------------------+---------+----+---+----+-----+
    |mul_8s_8s_16_1_1_U295     |mul_8s_8s_16_1_1     |        0|   0|  0|  85|    0|
    |mul_8s_8s_16_1_1_U296     |mul_8s_8s_16_1_1     |        0|   0|  0|  85|    0|
    |mul_8s_8s_16_1_1_U297     |mul_8s_8s_16_1_1     |        0|   0|  0|  85|    0|
    |mul_8s_8s_16_1_1_U298     |mul_8s_8s_16_1_1     |        0|   0|  0|  85|    0|
    |mul_8s_8s_16_1_1_U299     |mul_8s_8s_16_1_1     |        0|   0|  0|  85|    0|
    |mul_8s_8s_16_1_1_U300     |mul_8s_8s_16_1_1     |        0|   0|  0|  85|    0|
    |mul_8s_8s_16_1_1_U301     |mul_8s_8s_16_1_1     |        0|   0|  0|  85|    0|
    |mul_8s_8s_16_1_1_U302     |mul_8s_8s_16_1_1     |        0|   0|  0|  85|    0|
    |mul_8s_8s_16_1_1_U303     |mul_8s_8s_16_1_1     |        0|   0|  0|  85|    0|
    |mul_8s_8s_16_1_1_U304     |mul_8s_8s_16_1_1     |        0|   0|  0|  85|    0|
    |mul_8s_8s_16_1_1_U305     |mul_8s_8s_16_1_1     |        0|   0|  0|  85|    0|
    |mul_8s_8s_16_1_1_U306     |mul_8s_8s_16_1_1     |        0|   0|  0|  85|    0|
    |mul_8s_8s_16_1_1_U307     |mul_8s_8s_16_1_1     |        0|   0|  0|  85|    0|
    |mul_8s_8s_16_1_1_U308     |mul_8s_8s_16_1_1     |        0|   0|  0|  85|    0|
    |mul_8s_8s_16_1_1_U309     |mul_8s_8s_16_1_1     |        0|   0|  0|  85|    0|
    |mul_8s_8s_16_1_1_U310     |mul_8s_8s_16_1_1     |        0|   0|  0|  85|    0|
    |mul_8s_8s_16_1_1_U311     |mul_8s_8s_16_1_1     |        0|   0|  0|  85|    0|
    |mul_8s_8s_16_1_1_U312     |mul_8s_8s_16_1_1     |        0|   0|  0|  85|    0|
    |mul_8s_8s_16_1_1_U313     |mul_8s_8s_16_1_1     |        0|   0|  0|  85|    0|
    |mul_8s_8s_16_1_1_U314     |mul_8s_8s_16_1_1     |        0|   0|  0|  85|    0|
    |mul_8s_8s_16_1_1_U315     |mul_8s_8s_16_1_1     |        0|   0|  0|  85|    0|
    |mul_8s_8s_16_1_1_U316     |mul_8s_8s_16_1_1     |        0|   0|  0|  85|    0|
    |mul_8s_8s_16_1_1_U317     |mul_8s_8s_16_1_1     |        0|   0|  0|  85|    0|
    |mul_8s_8s_16_1_1_U318     |mul_8s_8s_16_1_1     |        0|   0|  0|  85|    0|
    |mul_8s_8s_16_1_1_U319     |mul_8s_8s_16_1_1     |        0|   0|  0|  85|    0|
    |mul_8s_8s_16_1_1_U320     |mul_8s_8s_16_1_1     |        0|   0|  0|  85|    0|
    |mul_8s_8s_16_1_1_U321     |mul_8s_8s_16_1_1     |        0|   0|  0|  85|    0|
    |mul_8s_8s_16_1_1_U322     |mul_8s_8s_16_1_1     |        0|   0|  0|  85|    0|
    |mul_8s_8s_16_1_1_U323     |mul_8s_8s_16_1_1     |        0|   0|  0|  85|    0|
    |mul_8s_8s_16_1_1_U324     |mul_8s_8s_16_1_1     |        0|   0|  0|  85|    0|
    |mul_8s_8s_16_1_1_U325     |mul_8s_8s_16_1_1     |        0|   0|  0|  85|    0|
    |mul_8s_8s_16_1_1_U326     |mul_8s_8s_16_1_1     |        0|   0|  0|  85|    0|
    |mul_8s_8s_16_1_1_U327     |mul_8s_8s_16_1_1     |        0|   0|  0|  85|    0|
    |mul_8s_8s_16_1_1_U328     |mul_8s_8s_16_1_1     |        0|   0|  0|  85|    0|
    |mul_8s_8s_16_1_1_U329     |mul_8s_8s_16_1_1     |        0|   0|  0|  85|    0|
    |mul_8s_8s_16_1_1_U330     |mul_8s_8s_16_1_1     |        0|   0|  0|  85|    0|
    |mul_8s_8s_16_1_1_U331     |mul_8s_8s_16_1_1     |        0|   0|  0|  85|    0|
    |mul_8s_8s_16_1_1_U332     |mul_8s_8s_16_1_1     |        0|   0|  0|  85|    0|
    |mul_8s_8s_16_1_1_U333     |mul_8s_8s_16_1_1     |        0|   0|  0|  85|    0|
    |mul_8s_8s_16_1_1_U334     |mul_8s_8s_16_1_1     |        0|   0|  0|  85|    0|
    |mul_8s_8s_16_1_1_U335     |mul_8s_8s_16_1_1     |        0|   0|  0|  85|    0|
    |mul_8s_8s_16_1_1_U336     |mul_8s_8s_16_1_1     |        0|   0|  0|  85|    0|
    |mul_8s_8s_16_1_1_U337     |mul_8s_8s_16_1_1     |        0|   0|  0|  85|    0|
    |mul_8s_8s_16_1_1_U338     |mul_8s_8s_16_1_1     |        0|   0|  0|  85|    0|
    |mul_8s_8s_16_1_1_U339     |mul_8s_8s_16_1_1     |        0|   0|  0|  85|    0|
    |mul_8s_8s_16_1_1_U340     |mul_8s_8s_16_1_1     |        0|   0|  0|  85|    0|
    |mul_8s_8s_16_1_1_U341     |mul_8s_8s_16_1_1     |        0|   0|  0|  85|    0|
    |mul_8s_8s_16_1_1_U342     |mul_8s_8s_16_1_1     |        0|   0|  0|  85|    0|
    |mul_8s_8s_16_1_1_U343     |mul_8s_8s_16_1_1     |        0|   0|  0|  85|    0|
    |mul_8s_8s_16_1_1_U344     |mul_8s_8s_16_1_1     |        0|   0|  0|  85|    0|
    |mul_8s_8s_16_1_1_U345     |mul_8s_8s_16_1_1     |        0|   0|  0|  85|    0|
    |mul_8s_8s_16_1_1_U346     |mul_8s_8s_16_1_1     |        0|   0|  0|  85|    0|
    |mul_8s_8s_16_1_1_U347     |mul_8s_8s_16_1_1     |        0|   0|  0|  85|    0|
    |mul_8s_8s_16_1_1_U348     |mul_8s_8s_16_1_1     |        0|   0|  0|  85|    0|
    |mul_8s_8s_16_1_1_U349     |mul_8s_8s_16_1_1     |        0|   0|  0|  85|    0|
    |mul_8s_8s_16_1_1_U350     |mul_8s_8s_16_1_1     |        0|   0|  0|  85|    0|
    |mul_8s_8s_16_1_1_U351     |mul_8s_8s_16_1_1     |        0|   0|  0|  85|    0|
    |mul_8s_8s_16_1_1_U352     |mul_8s_8s_16_1_1     |        0|   0|  0|  85|    0|
    |mul_8s_8s_16_1_1_U353     |mul_8s_8s_16_1_1     |        0|   0|  0|  85|    0|
    |mul_8s_8s_16_1_1_U354     |mul_8s_8s_16_1_1     |        0|   0|  0|  85|    0|
    |mul_8s_8s_16_1_1_U355     |mul_8s_8s_16_1_1     |        0|   0|  0|  85|    0|
    |mul_8s_8s_16_1_1_U356     |mul_8s_8s_16_1_1     |        0|   0|  0|  85|    0|
    |mul_8s_8s_16_1_1_U357     |mul_8s_8s_16_1_1     |        0|   0|  0|  85|    0|
    |mul_8s_8s_16_1_1_U358     |mul_8s_8s_16_1_1     |        0|   0|  0|  85|    0|
    |sparsemux_9_2_8_1_1_U231  |sparsemux_9_2_8_1_1  |        0|   0|  0|   8|    0|
    |sparsemux_9_2_8_1_1_U232  |sparsemux_9_2_8_1_1  |        0|   0|  0|   8|    0|
    |sparsemux_9_2_8_1_1_U233  |sparsemux_9_2_8_1_1  |        0|   0|  0|   8|    0|
    |sparsemux_9_2_8_1_1_U234  |sparsemux_9_2_8_1_1  |        0|   0|  0|   8|    0|
    |sparsemux_9_2_8_1_1_U235  |sparsemux_9_2_8_1_1  |        0|   0|  0|   8|    0|
    |sparsemux_9_2_8_1_1_U236  |sparsemux_9_2_8_1_1  |        0|   0|  0|   8|    0|
    |sparsemux_9_2_8_1_1_U237  |sparsemux_9_2_8_1_1  |        0|   0|  0|   8|    0|
    |sparsemux_9_2_8_1_1_U238  |sparsemux_9_2_8_1_1  |        0|   0|  0|   8|    0|
    |sparsemux_9_2_8_1_1_U239  |sparsemux_9_2_8_1_1  |        0|   0|  0|   8|    0|
    |sparsemux_9_2_8_1_1_U240  |sparsemux_9_2_8_1_1  |        0|   0|  0|   8|    0|
    |sparsemux_9_2_8_1_1_U241  |sparsemux_9_2_8_1_1  |        0|   0|  0|   8|    0|
    |sparsemux_9_2_8_1_1_U242  |sparsemux_9_2_8_1_1  |        0|   0|  0|   8|    0|
    |sparsemux_9_2_8_1_1_U243  |sparsemux_9_2_8_1_1  |        0|   0|  0|   8|    0|
    |sparsemux_9_2_8_1_1_U244  |sparsemux_9_2_8_1_1  |        0|   0|  0|   8|    0|
    |sparsemux_9_2_8_1_1_U245  |sparsemux_9_2_8_1_1  |        0|   0|  0|   8|    0|
    |sparsemux_9_2_8_1_1_U246  |sparsemux_9_2_8_1_1  |        0|   0|  0|   8|    0|
    |sparsemux_9_2_8_1_1_U247  |sparsemux_9_2_8_1_1  |        0|   0|  0|   8|    0|
    |sparsemux_9_2_8_1_1_U248  |sparsemux_9_2_8_1_1  |        0|   0|  0|   8|    0|
    |sparsemux_9_2_8_1_1_U249  |sparsemux_9_2_8_1_1  |        0|   0|  0|   8|    0|
    |sparsemux_9_2_8_1_1_U250  |sparsemux_9_2_8_1_1  |        0|   0|  0|   8|    0|
    |sparsemux_9_2_8_1_1_U251  |sparsemux_9_2_8_1_1  |        0|   0|  0|   8|    0|
    |sparsemux_9_2_8_1_1_U252  |sparsemux_9_2_8_1_1  |        0|   0|  0|   8|    0|
    |sparsemux_9_2_8_1_1_U253  |sparsemux_9_2_8_1_1  |        0|   0|  0|   8|    0|
    |sparsemux_9_2_8_1_1_U254  |sparsemux_9_2_8_1_1  |        0|   0|  0|   8|    0|
    |sparsemux_9_2_8_1_1_U255  |sparsemux_9_2_8_1_1  |        0|   0|  0|   8|    0|
    |sparsemux_9_2_8_1_1_U256  |sparsemux_9_2_8_1_1  |        0|   0|  0|   8|    0|
    |sparsemux_9_2_8_1_1_U257  |sparsemux_9_2_8_1_1  |        0|   0|  0|   8|    0|
    |sparsemux_9_2_8_1_1_U258  |sparsemux_9_2_8_1_1  |        0|   0|  0|   8|    0|
    |sparsemux_9_2_8_1_1_U259  |sparsemux_9_2_8_1_1  |        0|   0|  0|   8|    0|
    |sparsemux_9_2_8_1_1_U260  |sparsemux_9_2_8_1_1  |        0|   0|  0|   8|    0|
    |sparsemux_9_2_8_1_1_U261  |sparsemux_9_2_8_1_1  |        0|   0|  0|   8|    0|
    |sparsemux_9_2_8_1_1_U262  |sparsemux_9_2_8_1_1  |        0|   0|  0|   8|    0|
    |sparsemux_9_2_8_1_1_U263  |sparsemux_9_2_8_1_1  |        0|   0|  0|   8|    0|
    |sparsemux_9_2_8_1_1_U264  |sparsemux_9_2_8_1_1  |        0|   0|  0|   8|    0|
    |sparsemux_9_2_8_1_1_U265  |sparsemux_9_2_8_1_1  |        0|   0|  0|   8|    0|
    |sparsemux_9_2_8_1_1_U266  |sparsemux_9_2_8_1_1  |        0|   0|  0|   8|    0|
    |sparsemux_9_2_8_1_1_U267  |sparsemux_9_2_8_1_1  |        0|   0|  0|   8|    0|
    |sparsemux_9_2_8_1_1_U268  |sparsemux_9_2_8_1_1  |        0|   0|  0|   8|    0|
    |sparsemux_9_2_8_1_1_U269  |sparsemux_9_2_8_1_1  |        0|   0|  0|   8|    0|
    |sparsemux_9_2_8_1_1_U270  |sparsemux_9_2_8_1_1  |        0|   0|  0|   8|    0|
    |sparsemux_9_2_8_1_1_U271  |sparsemux_9_2_8_1_1  |        0|   0|  0|   8|    0|
    |sparsemux_9_2_8_1_1_U272  |sparsemux_9_2_8_1_1  |        0|   0|  0|   8|    0|
    |sparsemux_9_2_8_1_1_U273  |sparsemux_9_2_8_1_1  |        0|   0|  0|   8|    0|
    |sparsemux_9_2_8_1_1_U274  |sparsemux_9_2_8_1_1  |        0|   0|  0|   8|    0|
    |sparsemux_9_2_8_1_1_U275  |sparsemux_9_2_8_1_1  |        0|   0|  0|   8|    0|
    |sparsemux_9_2_8_1_1_U276  |sparsemux_9_2_8_1_1  |        0|   0|  0|   8|    0|
    |sparsemux_9_2_8_1_1_U277  |sparsemux_9_2_8_1_1  |        0|   0|  0|   8|    0|
    |sparsemux_9_2_8_1_1_U278  |sparsemux_9_2_8_1_1  |        0|   0|  0|   8|    0|
    |sparsemux_9_2_8_1_1_U279  |sparsemux_9_2_8_1_1  |        0|   0|  0|   8|    0|
    |sparsemux_9_2_8_1_1_U280  |sparsemux_9_2_8_1_1  |        0|   0|  0|   8|    0|
    |sparsemux_9_2_8_1_1_U281  |sparsemux_9_2_8_1_1  |        0|   0|  0|   8|    0|
    |sparsemux_9_2_8_1_1_U282  |sparsemux_9_2_8_1_1  |        0|   0|  0|   8|    0|
    |sparsemux_9_2_8_1_1_U283  |sparsemux_9_2_8_1_1  |        0|   0|  0|   8|    0|
    |sparsemux_9_2_8_1_1_U284  |sparsemux_9_2_8_1_1  |        0|   0|  0|   8|    0|
    |sparsemux_9_2_8_1_1_U285  |sparsemux_9_2_8_1_1  |        0|   0|  0|   8|    0|
    |sparsemux_9_2_8_1_1_U286  |sparsemux_9_2_8_1_1  |        0|   0|  0|   8|    0|
    |sparsemux_9_2_8_1_1_U287  |sparsemux_9_2_8_1_1  |        0|   0|  0|   8|    0|
    |sparsemux_9_2_8_1_1_U288  |sparsemux_9_2_8_1_1  |        0|   0|  0|   8|    0|
    |sparsemux_9_2_8_1_1_U289  |sparsemux_9_2_8_1_1  |        0|   0|  0|   8|    0|
    |sparsemux_9_2_8_1_1_U290  |sparsemux_9_2_8_1_1  |        0|   0|  0|   8|    0|
    |sparsemux_9_2_8_1_1_U291  |sparsemux_9_2_8_1_1  |        0|   0|  0|   8|    0|
    |sparsemux_9_2_8_1_1_U292  |sparsemux_9_2_8_1_1  |        0|   0|  0|   8|    0|
    |sparsemux_9_2_8_1_1_U293  |sparsemux_9_2_8_1_1  |        0|   0|  0|   8|    0|
    |sparsemux_9_2_8_1_1_U294  |sparsemux_9_2_8_1_1  |        0|   0|  0|   8|    0|
    +--------------------------+---------------------+---------+----+---+----+-----+
    |Total                     |                     |        0|   0|  0|5952|    0|
    +--------------------------+---------------------+---------+----+---+----+-----+

    * DSP: 
    +----------------------------------+-----------------------------+--------------+
    |             Instance             |            Module           |  Expression  |
    +----------------------------------+-----------------------------+--------------+
    |mac_muladd_8s_8s_16s_17_4_1_U359  |mac_muladd_8s_8s_16s_17_4_1  |  i0 + i1 * i2|
    |mac_muladd_8s_8s_16s_17_4_1_U360  |mac_muladd_8s_8s_16s_17_4_1  |  i0 + i1 * i2|
    |mac_muladd_8s_8s_16s_17_4_1_U361  |mac_muladd_8s_8s_16s_17_4_1  |  i0 + i1 * i2|
    |mac_muladd_8s_8s_16s_17_4_1_U362  |mac_muladd_8s_8s_16s_17_4_1  |  i0 + i1 * i2|
    |mac_muladd_8s_8s_16s_17_4_1_U363  |mac_muladd_8s_8s_16s_17_4_1  |  i0 + i1 * i2|
    |mac_muladd_8s_8s_16s_17_4_1_U364  |mac_muladd_8s_8s_16s_17_4_1  |  i0 + i1 * i2|
    |mac_muladd_8s_8s_16s_17_4_1_U365  |mac_muladd_8s_8s_16s_17_4_1  |  i0 + i1 * i2|
    |mac_muladd_8s_8s_16s_17_4_1_U366  |mac_muladd_8s_8s_16s_17_4_1  |  i0 + i1 * i2|
    |mac_muladd_8s_8s_16s_17_4_1_U367  |mac_muladd_8s_8s_16s_17_4_1  |  i0 + i1 * i2|
    |mac_muladd_8s_8s_16s_17_4_1_U368  |mac_muladd_8s_8s_16s_17_4_1  |  i0 + i1 * i2|
    |mac_muladd_8s_8s_16s_17_4_1_U369  |mac_muladd_8s_8s_16s_17_4_1  |  i0 + i1 * i2|
    |mac_muladd_8s_8s_16s_17_4_1_U370  |mac_muladd_8s_8s_16s_17_4_1  |  i0 + i1 * i2|
    |mac_muladd_8s_8s_16s_17_4_1_U371  |mac_muladd_8s_8s_16s_17_4_1  |  i0 + i1 * i2|
    |mac_muladd_8s_8s_16s_17_4_1_U372  |mac_muladd_8s_8s_16s_17_4_1  |  i0 + i1 * i2|
    |mac_muladd_8s_8s_16s_17_4_1_U373  |mac_muladd_8s_8s_16s_17_4_1  |  i0 + i1 * i2|
    |mac_muladd_8s_8s_16s_17_4_1_U374  |mac_muladd_8s_8s_16s_17_4_1  |  i0 + i1 * i2|
    |mac_muladd_8s_8s_16s_17_4_1_U375  |mac_muladd_8s_8s_16s_17_4_1  |  i0 + i1 * i2|
    |mac_muladd_8s_8s_16s_17_4_1_U376  |mac_muladd_8s_8s_16s_17_4_1  |  i0 + i1 * i2|
    |mac_muladd_8s_8s_16s_17_4_1_U377  |mac_muladd_8s_8s_16s_17_4_1  |  i0 + i1 * i2|
    |mac_muladd_8s_8s_16s_17_4_1_U378  |mac_muladd_8s_8s_16s_17_4_1  |  i0 + i1 * i2|
    |mac_muladd_8s_8s_16s_17_4_1_U379  |mac_muladd_8s_8s_16s_17_4_1  |  i0 + i1 * i2|
    |mac_muladd_8s_8s_16s_17_4_1_U380  |mac_muladd_8s_8s_16s_17_4_1  |  i0 + i1 * i2|
    |mac_muladd_8s_8s_16s_17_4_1_U381  |mac_muladd_8s_8s_16s_17_4_1  |  i0 + i1 * i2|
    |mac_muladd_8s_8s_16s_17_4_1_U382  |mac_muladd_8s_8s_16s_17_4_1  |  i0 + i1 * i2|
    |mac_muladd_8s_8s_16s_17_4_1_U383  |mac_muladd_8s_8s_16s_17_4_1  |  i0 + i1 * i2|
    |mac_muladd_8s_8s_16s_17_4_1_U384  |mac_muladd_8s_8s_16s_17_4_1  |  i0 + i1 * i2|
    |mac_muladd_8s_8s_16s_17_4_1_U385  |mac_muladd_8s_8s_16s_17_4_1  |  i0 + i1 * i2|
    |mac_muladd_8s_8s_16s_17_4_1_U386  |mac_muladd_8s_8s_16s_17_4_1  |  i0 + i1 * i2|
    |mac_muladd_8s_8s_16s_17_4_1_U387  |mac_muladd_8s_8s_16s_17_4_1  |  i0 + i1 * i2|
    |mac_muladd_8s_8s_16s_17_4_1_U388  |mac_muladd_8s_8s_16s_17_4_1  |  i0 + i1 * i2|
    |mac_muladd_8s_8s_16s_17_4_1_U389  |mac_muladd_8s_8s_16s_17_4_1  |  i0 + i1 * i2|
    |mac_muladd_8s_8s_16s_17_4_1_U390  |mac_muladd_8s_8s_16s_17_4_1  |  i0 + i1 * i2|
    |mac_muladd_8s_8s_16s_17_4_1_U391  |mac_muladd_8s_8s_16s_17_4_1  |  i0 + i1 * i2|
    |mac_muladd_8s_8s_16s_17_4_1_U392  |mac_muladd_8s_8s_16s_17_4_1  |  i0 + i1 * i2|
    |mac_muladd_8s_8s_16s_17_4_1_U393  |mac_muladd_8s_8s_16s_17_4_1  |  i0 + i1 * i2|
    |mac_muladd_8s_8s_16s_17_4_1_U394  |mac_muladd_8s_8s_16s_17_4_1  |  i0 + i1 * i2|
    |mac_muladd_8s_8s_16s_17_4_1_U395  |mac_muladd_8s_8s_16s_17_4_1  |  i0 + i1 * i2|
    |mac_muladd_8s_8s_16s_17_4_1_U396  |mac_muladd_8s_8s_16s_17_4_1  |  i0 + i1 * i2|
    |mac_muladd_8s_8s_16s_17_4_1_U397  |mac_muladd_8s_8s_16s_17_4_1  |  i0 + i1 * i2|
    |mac_muladd_8s_8s_16s_17_4_1_U398  |mac_muladd_8s_8s_16s_17_4_1  |  i0 + i1 * i2|
    |mac_muladd_8s_8s_16s_17_4_1_U399  |mac_muladd_8s_8s_16s_17_4_1  |  i0 + i1 * i2|
    |mac_muladd_8s_8s_16s_17_4_1_U400  |mac_muladd_8s_8s_16s_17_4_1  |  i0 + i1 * i2|
    |mac_muladd_8s_8s_16s_17_4_1_U401  |mac_muladd_8s_8s_16s_17_4_1  |  i0 + i1 * i2|
    |mac_muladd_8s_8s_16s_17_4_1_U402  |mac_muladd_8s_8s_16s_17_4_1  |  i0 + i1 * i2|
    |mac_muladd_8s_8s_16s_17_4_1_U403  |mac_muladd_8s_8s_16s_17_4_1  |  i0 + i1 * i2|
    |mac_muladd_8s_8s_16s_17_4_1_U404  |mac_muladd_8s_8s_16s_17_4_1  |  i0 + i1 * i2|
    |mac_muladd_8s_8s_16s_17_4_1_U405  |mac_muladd_8s_8s_16s_17_4_1  |  i0 + i1 * i2|
    |mac_muladd_8s_8s_16s_17_4_1_U406  |mac_muladd_8s_8s_16s_17_4_1  |  i0 + i1 * i2|
    |mac_muladd_8s_8s_16s_17_4_1_U407  |mac_muladd_8s_8s_16s_17_4_1  |  i0 + i1 * i2|
    |mac_muladd_8s_8s_16s_17_4_1_U408  |mac_muladd_8s_8s_16s_17_4_1  |  i0 + i1 * i2|
    |mac_muladd_8s_8s_16s_17_4_1_U409  |mac_muladd_8s_8s_16s_17_4_1  |  i0 + i1 * i2|
    |mac_muladd_8s_8s_16s_17_4_1_U410  |mac_muladd_8s_8s_16s_17_4_1  |  i0 + i1 * i2|
    |mac_muladd_8s_8s_16s_17_4_1_U411  |mac_muladd_8s_8s_16s_17_4_1  |  i0 + i1 * i2|
    |mac_muladd_8s_8s_16s_17_4_1_U412  |mac_muladd_8s_8s_16s_17_4_1  |  i0 + i1 * i2|
    |mac_muladd_8s_8s_16s_17_4_1_U413  |mac_muladd_8s_8s_16s_17_4_1  |  i0 + i1 * i2|
    |mac_muladd_8s_8s_16s_17_4_1_U414  |mac_muladd_8s_8s_16s_17_4_1  |  i0 + i1 * i2|
    |mac_muladd_8s_8s_16s_17_4_1_U415  |mac_muladd_8s_8s_16s_17_4_1  |  i0 + i1 * i2|
    |mac_muladd_8s_8s_16s_17_4_1_U416  |mac_muladd_8s_8s_16s_17_4_1  |  i0 + i1 * i2|
    |mac_muladd_8s_8s_16s_17_4_1_U417  |mac_muladd_8s_8s_16s_17_4_1  |  i0 + i1 * i2|
    |mac_muladd_8s_8s_16s_17_4_1_U418  |mac_muladd_8s_8s_16s_17_4_1  |  i0 + i1 * i2|
    |mac_muladd_8s_8s_16s_17_4_1_U419  |mac_muladd_8s_8s_16s_17_4_1  |  i0 + i1 * i2|
    |mac_muladd_8s_8s_16s_17_4_1_U420  |mac_muladd_8s_8s_16s_17_4_1  |  i0 + i1 * i2|
    |mac_muladd_8s_8s_16s_17_4_1_U421  |mac_muladd_8s_8s_16s_17_4_1  |  i0 + i1 * i2|
    |mac_muladd_8s_8s_16s_17_4_1_U422  |mac_muladd_8s_8s_16s_17_4_1  |  i0 + i1 * i2|
    +----------------------------------+-----------------------------+--------------+

    * Memory: 
    N/A

    * FIFO: 
    N/A

    * Expression: 
    +---------------------------+----------+----+---+----+------------+------------+
    |       Variable Name       | Operation| DSP| FF| LUT| Bitwidth P0| Bitwidth P1|
    +---------------------------+----------+----+---+----+------------+------------+
    |add_ln32_1_fu_7852_p2      |         +|   0|  0|  14|          14|           1|
    |add_ln32_fu_7876_p2        |         +|   0|  0|   9|           9|           3|
    |add_ln41_fu_9424_p2        |         +|   0|  0|  13|          13|           6|
    |add_ln50_101_fu_13559_p2   |         +|   0|  0|  18|          18|          18|
    |add_ln50_102_fu_13569_p2   |         +|   0|  0|  19|          19|          19|
    |add_ln50_105_fu_13585_p2   |         +|   0|  0|  18|          18|          18|
    |add_ln50_108_fu_13601_p2   |         +|   0|  0|  18|          18|          18|
    |add_ln50_109_fu_13611_p2   |         +|   0|  0|  19|          19|          19|
    |add_ln50_110_fu_13621_p2   |         +|   0|  0|  20|          20|          20|
    |add_ln50_113_fu_13633_p2   |         +|   0|  0|  18|          18|          18|
    |add_ln50_116_fu_13649_p2   |         +|   0|  0|  18|          18|          18|
    |add_ln50_117_fu_13659_p2   |         +|   0|  0|  19|          19|          19|
    |add_ln50_120_fu_13675_p2   |         +|   0|  0|  18|          18|          18|
    |add_ln50_123_fu_13691_p2   |         +|   0|  0|  18|          18|          18|
    |add_ln50_124_fu_13701_p2   |         +|   0|  0|  19|          19|          19|
    |add_ln50_125_fu_13711_p2   |         +|   0|  0|  20|          20|          20|
    |add_ln50_126_fu_13891_p2   |         +|   0|  0|  21|          21|          21|
    |add_ln50_127_fu_13901_p2   |         +|   0|  0|  28|          28|          28|
    |add_ln50_12_fu_12895_p2    |         +|   0|  0|  18|          18|          18|
    |add_ln50_13_fu_12905_p2    |         +|   0|  0|  19|          19|          19|
    |add_ln50_14_fu_12915_p2    |         +|   0|  0|  20|          20|          20|
    |add_ln50_17_fu_12927_p2    |         +|   0|  0|  18|          18|          18|
    |add_ln50_20_fu_12943_p2    |         +|   0|  0|  18|          18|          18|
    |add_ln50_21_fu_12953_p2    |         +|   0|  0|  19|          19|          19|
    |add_ln50_24_fu_12969_p2    |         +|   0|  0|  18|          18|          18|
    |add_ln50_27_fu_12985_p2    |         +|   0|  0|  18|          18|          18|
    |add_ln50_28_fu_12995_p2    |         +|   0|  0|  19|          19|          19|
    |add_ln50_29_fu_13005_p2    |         +|   0|  0|  20|          20|          20|
    |add_ln50_2_fu_12837_p2     |         +|   0|  0|  18|          18|          18|
    |add_ln50_30_fu_13319_p2    |         +|   0|  0|  21|          21|          21|
    |add_ln50_31_fu_13329_p2    |         +|   0|  0|  28|          28|          28|
    |add_ln50_34_fu_13017_p2    |         +|   0|  0|  18|          18|          18|
    |add_ln50_37_fu_13033_p2    |         +|   0|  0|  18|          18|          18|
    |add_ln50_38_fu_13043_p2    |         +|   0|  0|  19|          19|          19|
    |add_ln50_41_fu_13059_p2    |         +|   0|  0|  18|          18|          18|
    |add_ln50_44_fu_13075_p2    |         +|   0|  0|  18|          18|          18|
    |add_ln50_45_fu_13085_p2    |         +|   0|  0|  19|          19|          19|
    |add_ln50_46_fu_13095_p2    |         +|   0|  0|  20|          20|          20|
    |add_ln50_49_fu_13107_p2    |         +|   0|  0|  18|          18|          18|
    |add_ln50_52_fu_13123_p2    |         +|   0|  0|  18|          18|          18|
    |add_ln50_53_fu_13133_p2    |         +|   0|  0|  19|          19|          19|
    |add_ln50_56_fu_13149_p2    |         +|   0|  0|  18|          18|          18|
    |add_ln50_59_fu_13165_p2    |         +|   0|  0|  18|          18|          18|
    |add_ln50_5_fu_12853_p2     |         +|   0|  0|  18|          18|          18|
    |add_ln50_60_fu_13175_p2    |         +|   0|  0|  19|          19|          19|
    |add_ln50_61_fu_13185_p2    |         +|   0|  0|  20|          20|          20|
    |add_ln50_62_fu_13341_p2    |         +|   0|  0|  21|          21|          21|
    |add_ln50_63_fu_13351_p2    |         +|   0|  0|  28|          28|          28|
    |add_ln50_66_fu_13363_p2    |         +|   0|  0|  18|          18|          18|
    |add_ln50_69_fu_13379_p2    |         +|   0|  0|  18|          18|          18|
    |add_ln50_6_fu_12863_p2     |         +|   0|  0|  19|          19|          19|
    |add_ln50_70_fu_13389_p2    |         +|   0|  0|  19|          19|          19|
    |add_ln50_73_fu_13405_p2    |         +|   0|  0|  18|          18|          18|
    |add_ln50_76_fu_13421_p2    |         +|   0|  0|  18|          18|          18|
    |add_ln50_77_fu_13431_p2    |         +|   0|  0|  19|          19|          19|
    |add_ln50_78_fu_13441_p2    |         +|   0|  0|  20|          20|          20|
    |add_ln50_81_fu_13453_p2    |         +|   0|  0|  18|          18|          18|
    |add_ln50_84_fu_13469_p2    |         +|   0|  0|  18|          18|          18|
    |add_ln50_85_fu_13479_p2    |         +|   0|  0|  19|          19|          19|
    |add_ln50_88_fu_13495_p2    |         +|   0|  0|  18|          18|          18|
    |add_ln50_91_fu_13511_p2    |         +|   0|  0|  18|          18|          18|
    |add_ln50_92_fu_13521_p2    |         +|   0|  0|  19|          19|          19|
    |add_ln50_93_fu_13531_p2    |         +|   0|  0|  20|          20|          20|
    |add_ln50_94_fu_13869_p2    |         +|   0|  0|  21|          21|          21|
    |add_ln50_95_fu_13879_p2    |         +|   0|  0|  28|          28|          28|
    |add_ln50_98_fu_13543_p2    |         +|   0|  0|  18|          18|          18|
    |add_ln50_9_fu_12879_p2     |         +|   0|  0|  18|          18|          18|
    |icmp_ln14_1_fu_13775_p2    |      icmp|   0|  0|   7|          13|           1|
    |icmp_ln14_2_fu_13922_p2    |      icmp|   0|  0|   7|          13|           1|
    |icmp_ln14_3_fu_13970_p2    |      icmp|   0|  0|   7|          13|           1|
    |icmp_ln14_fu_13727_p2      |      icmp|   0|  0|   7|          13|           1|
    |icmp_ln15_1_fu_13781_p2    |      icmp|   0|  0|  14|          28|          17|
    |icmp_ln15_2_fu_13928_p2    |      icmp|   0|  0|  14|          28|          17|
    |icmp_ln15_3_fu_13976_p2    |      icmp|   0|  0|  14|          28|          17|
    |icmp_ln15_fu_13733_p2      |      icmp|   0|  0|  14|          28|          17|
    |icmp_ln32_fu_7858_p2       |      icmp|   0|  0|   6|          14|          15|
    |or_ln14_1_fu_13799_p2      |        or|   0|  0|   2|           1|           1|
    |or_ln14_2_fu_13946_p2      |        or|   0|  0|   2|           1|           1|
    |or_ln14_3_fu_13994_p2      |        or|   0|  0|   2|           1|           1|
    |or_ln14_fu_13751_p2        |        or|   0|  0|   2|           1|           1|
    |select_ln14_1_fu_13805_p3  |    select|   0|  0|  16|           1|          16|
    |select_ln14_2_fu_13952_p3  |    select|   0|  0|  16|           1|          16|
    |select_ln14_3_fu_14000_p3  |    select|   0|  0|  16|           1|          16|
    |select_ln14_4_fu_13743_p3  |    select|   0|  0|  16|           1|          15|
    |select_ln14_5_fu_13791_p3  |    select|   0|  0|  16|           1|          15|
    |select_ln14_6_fu_13938_p3  |    select|   0|  0|  16|           1|          15|
    |select_ln14_7_fu_13986_p3  |    select|   0|  0|  16|           1|          15|
    |select_ln14_fu_13757_p3    |    select|   0|  0|  16|           1|          16|
    |select_ln32_1_fu_13849_p3  |    select|   0|  0|  26|           1|           1|
    |select_ln32_2_fu_13856_p3  |    select|   0|  0|  26|           1|           1|
    |select_ln32_3_fu_13299_p3  |    select|   0|  0|  26|           1|           1|
    |select_ln32_4_fu_13306_p3  |    select|   0|  0|  26|           1|           1|
    |select_ln32_5_fu_7898_p3   |    select|   0|  0|   8|           1|           9|
    |select_ln32_fu_7890_p3     |    select|   0|  0|  12|           1|           1|
    |ap_enable_pp0              |       xor|   0|  0|   2|           1|           2|
    +---------------------------+----------+----+---+----+------------+------------+
    |Total                      |          |   0|  0|1624|        1469|        1477|
    +---------------------------+----------+----+---+----+------------+------------+

    * Multiplexer: 
    +----------------------------------+----+-----------+-----+-----------+
    |               Name               | LUT| Input Size| Bits| Total Bits|
    +----------------------------------+----+-----------+-----+-----------+
    |K_0_0_address0_local              |  16|          3|   13|         39|
    |K_0_0_address1_local              |  16|          3|   13|         39|
    |K_0_10_address0_local             |  16|          3|   13|         39|
    |K_0_10_address1_local             |  16|          3|   13|         39|
    |K_0_11_address0_local             |  16|          3|   13|         39|
    |K_0_11_address1_local             |  16|          3|   13|         39|
    |K_0_12_address0_local             |  16|          3|   13|         39|
    |K_0_12_address1_local             |  16|          3|   13|         39|
    |K_0_13_address0_local             |  16|          3|   13|         39|
    |K_0_13_address1_local             |  16|          3|   13|         39|
    |K_0_14_address0_local             |  16|          3|   13|         39|
    |K_0_14_address1_local             |  16|          3|   13|         39|
    |K_0_15_address0_local             |  16|          3|   13|         39|
    |K_0_15_address1_local             |  16|          3|   13|         39|
    |K_0_16_address0_local             |  16|          3|   13|         39|
    |K_0_16_address1_local             |  16|          3|   13|         39|
    |K_0_17_address0_local             |  16|          3|   13|         39|
    |K_0_17_address1_local             |  16|          3|   13|         39|
    |K_0_18_address0_local             |  16|          3|   13|         39|
    |K_0_18_address1_local             |  16|          3|   13|         39|
    |K_0_19_address0_local             |  16|          3|   13|         39|
    |K_0_19_address1_local             |  16|          3|   13|         39|
    |K_0_1_address0_local              |  16|          3|   13|         39|
    |K_0_1_address1_local              |  16|          3|   13|         39|
    |K_0_20_address0_local             |  16|          3|   13|         39|
    |K_0_20_address1_local             |  16|          3|   13|         39|
    |K_0_21_address0_local             |  16|          3|   13|         39|
    |K_0_21_address1_local             |  16|          3|   13|         39|
    |K_0_22_address0_local             |  16|          3|   13|         39|
    |K_0_22_address1_local             |  16|          3|   13|         39|
    |K_0_23_address0_local             |  16|          3|   13|         39|
    |K_0_23_address1_local             |  16|          3|   13|         39|
    |K_0_24_address0_local             |  16|          3|   13|         39|
    |K_0_24_address1_local             |  16|          3|   13|         39|
    |K_0_25_address0_local             |  16|          3|   13|         39|
    |K_0_25_address1_local             |  16|          3|   13|         39|
    |K_0_26_address0_local             |  16|          3|   13|         39|
    |K_0_26_address1_local             |  16|          3|   13|         39|
    |K_0_27_address0_local             |  16|          3|   13|         39|
    |K_0_27_address1_local             |  16|          3|   13|         39|
    |K_0_28_address0_local             |  16|          3|   13|         39|
    |K_0_28_address1_local             |  16|          3|   13|         39|
    |K_0_29_address0_local             |  16|          3|   13|         39|
    |K_0_29_address1_local             |  16|          3|   13|         39|
    |K_0_2_address0_local              |  16|          3|   13|         39|
    |K_0_2_address1_local              |  16|          3|   13|         39|
    |K_0_30_address0_local             |  16|          3|   13|         39|
    |K_0_30_address1_local             |  16|          3|   13|         39|
    |K_0_31_address0_local             |  16|          3|   13|         39|
    |K_0_31_address1_local             |  16|          3|   13|         39|
    |K_0_3_address0_local              |  16|          3|   13|         39|
    |K_0_3_address1_local              |  16|          3|   13|         39|
    |K_0_4_address0_local              |  16|          3|   13|         39|
    |K_0_4_address1_local              |  16|          3|   13|         39|
    |K_0_5_address0_local              |  16|          3|   13|         39|
    |K_0_5_address1_local              |  16|          3|   13|         39|
    |K_0_6_address0_local              |  16|          3|   13|         39|
    |K_0_6_address1_local              |  16|          3|   13|         39|
    |K_0_7_address0_local              |  16|          3|   13|         39|
    |K_0_7_address1_local              |  16|          3|   13|         39|
    |K_0_8_address0_local              |  16|          3|   13|         39|
    |K_0_8_address1_local              |  16|          3|   13|         39|
    |K_0_9_address0_local              |  16|          3|   13|         39|
    |K_0_9_address1_local              |  16|          3|   13|         39|
    |K_1_0_address0_local              |  16|          3|   13|         39|
    |K_1_0_address1_local              |  16|          3|   13|         39|
    |K_1_10_address0_local             |  16|          3|   13|         39|
    |K_1_10_address1_local             |  16|          3|   13|         39|
    |K_1_11_address0_local             |  16|          3|   13|         39|
    |K_1_11_address1_local             |  16|          3|   13|         39|
    |K_1_12_address0_local             |  16|          3|   13|         39|
    |K_1_12_address1_local             |  16|          3|   13|         39|
    |K_1_13_address0_local             |  16|          3|   13|         39|
    |K_1_13_address1_local             |  16|          3|   13|         39|
    |K_1_14_address0_local             |  16|          3|   13|         39|
    |K_1_14_address1_local             |  16|          3|   13|         39|
    |K_1_15_address0_local             |  16|          3|   13|         39|
    |K_1_15_address1_local             |  16|          3|   13|         39|
    |K_1_16_address0_local             |  16|          3|   13|         39|
    |K_1_16_address1_local             |  16|          3|   13|         39|
    |K_1_17_address0_local             |  16|          3|   13|         39|
    |K_1_17_address1_local             |  16|          3|   13|         39|
    |K_1_18_address0_local             |  16|          3|   13|         39|
    |K_1_18_address1_local             |  16|          3|   13|         39|
    |K_1_19_address0_local             |  16|          3|   13|         39|
    |K_1_19_address1_local             |  16|          3|   13|         39|
    |K_1_1_address0_local              |  16|          3|   13|         39|
    |K_1_1_address1_local              |  16|          3|   13|         39|
    |K_1_20_address0_local             |  16|          3|   13|         39|
    |K_1_20_address1_local             |  16|          3|   13|         39|
    |K_1_21_address0_local             |  16|          3|   13|         39|
    |K_1_21_address1_local             |  16|          3|   13|         39|
    |K_1_22_address0_local             |  16|          3|   13|         39|
    |K_1_22_address1_local             |  16|          3|   13|         39|
    |K_1_23_address0_local             |  16|          3|   13|         39|
    |K_1_23_address1_local             |  16|          3|   13|         39|
    |K_1_24_address0_local             |  16|          3|   13|         39|
    |K_1_24_address1_local             |  16|          3|   13|         39|
    |K_1_25_address0_local             |  16|          3|   13|         39|
    |K_1_25_address1_local             |  16|          3|   13|         39|
    |K_1_26_address0_local             |  16|          3|   13|         39|
    |K_1_26_address1_local             |  16|          3|   13|         39|
    |K_1_27_address0_local             |  16|          3|   13|         39|
    |K_1_27_address1_local             |  16|          3|   13|         39|
    |K_1_28_address0_local             |  16|          3|   13|         39|
    |K_1_28_address1_local             |  16|          3|   13|         39|
    |K_1_29_address0_local             |  16|          3|   13|         39|
    |K_1_29_address1_local             |  16|          3|   13|         39|
    |K_1_2_address0_local              |  16|          3|   13|         39|
    |K_1_2_address1_local              |  16|          3|   13|         39|
    |K_1_30_address0_local             |  16|          3|   13|         39|
    |K_1_30_address1_local             |  16|          3|   13|         39|
    |K_1_31_address0_local             |  16|          3|   13|         39|
    |K_1_31_address1_local             |  16|          3|   13|         39|
    |K_1_3_address0_local              |  16|          3|   13|         39|
    |K_1_3_address1_local              |  16|          3|   13|         39|
    |K_1_4_address0_local              |  16|          3|   13|         39|
    |K_1_4_address1_local              |  16|          3|   13|         39|
    |K_1_5_address0_local              |  16|          3|   13|         39|
    |K_1_5_address1_local              |  16|          3|   13|         39|
    |K_1_6_address0_local              |  16|          3|   13|         39|
    |K_1_6_address1_local              |  16|          3|   13|         39|
    |K_1_7_address0_local              |  16|          3|   13|         39|
    |K_1_7_address1_local              |  16|          3|   13|         39|
    |K_1_8_address0_local              |  16|          3|   13|         39|
    |K_1_8_address1_local              |  16|          3|   13|         39|
    |K_1_9_address0_local              |  16|          3|   13|         39|
    |K_1_9_address1_local              |  16|          3|   13|         39|
    |K_2_0_address0_local              |  16|          3|   13|         39|
    |K_2_0_address1_local              |  16|          3|   13|         39|
    |K_2_10_address0_local             |  16|          3|   13|         39|
    |K_2_10_address1_local             |  16|          3|   13|         39|
    |K_2_11_address0_local             |  16|          3|   13|         39|
    |K_2_11_address1_local             |  16|          3|   13|         39|
    |K_2_12_address0_local             |  16|          3|   13|         39|
    |K_2_12_address1_local             |  16|          3|   13|         39|
    |K_2_13_address0_local             |  16|          3|   13|         39|
    |K_2_13_address1_local             |  16|          3|   13|         39|
    |K_2_14_address0_local             |  16|          3|   13|         39|
    |K_2_14_address1_local             |  16|          3|   13|         39|
    |K_2_15_address0_local             |  16|          3|   13|         39|
    |K_2_15_address1_local             |  16|          3|   13|         39|
    |K_2_16_address0_local             |  16|          3|   13|         39|
    |K_2_16_address1_local             |  16|          3|   13|         39|
    |K_2_17_address0_local             |  16|          3|   13|         39|
    |K_2_17_address1_local             |  16|          3|   13|         39|
    |K_2_18_address0_local             |  16|          3|   13|         39|
    |K_2_18_address1_local             |  16|          3|   13|         39|
    |K_2_19_address0_local             |  16|          3|   13|         39|
    |K_2_19_address1_local             |  16|          3|   13|         39|
    |K_2_1_address0_local              |  16|          3|   13|         39|
    |K_2_1_address1_local              |  16|          3|   13|         39|
    |K_2_20_address0_local             |  16|          3|   13|         39|
    |K_2_20_address1_local             |  16|          3|   13|         39|
    |K_2_21_address0_local             |  16|          3|   13|         39|
    |K_2_21_address1_local             |  16|          3|   13|         39|
    |K_2_22_address0_local             |  16|          3|   13|         39|
    |K_2_22_address1_local             |  16|          3|   13|         39|
    |K_2_23_address0_local             |  16|          3|   13|         39|
    |K_2_23_address1_local             |  16|          3|   13|         39|
    |K_2_24_address0_local             |  16|          3|   13|         39|
    |K_2_24_address1_local             |  16|          3|   13|         39|
    |K_2_25_address0_local             |  16|          3|   13|         39|
    |K_2_25_address1_local             |  16|          3|   13|         39|
    |K_2_26_address0_local             |  16|          3|   13|         39|
    |K_2_26_address1_local             |  16|          3|   13|         39|
    |K_2_27_address0_local             |  16|          3|   13|         39|
    |K_2_27_address1_local             |  16|          3|   13|         39|
    |K_2_28_address0_local             |  16|          3|   13|         39|
    |K_2_28_address1_local             |  16|          3|   13|         39|
    |K_2_29_address0_local             |  16|          3|   13|         39|
    |K_2_29_address1_local             |  16|          3|   13|         39|
    |K_2_2_address0_local              |  16|          3|   13|         39|
    |K_2_2_address1_local              |  16|          3|   13|         39|
    |K_2_30_address0_local             |  16|          3|   13|         39|
    |K_2_30_address1_local             |  16|          3|   13|         39|
    |K_2_31_address0_local             |  16|          3|   13|         39|
    |K_2_31_address1_local             |  16|          3|   13|         39|
    |K_2_3_address0_local              |  16|          3|   13|         39|
    |K_2_3_address1_local              |  16|          3|   13|         39|
    |K_2_4_address0_local              |  16|          3|   13|         39|
    |K_2_4_address1_local              |  16|          3|   13|         39|
    |K_2_5_address0_local              |  16|          3|   13|         39|
    |K_2_5_address1_local              |  16|          3|   13|         39|
    |K_2_6_address0_local              |  16|          3|   13|         39|
    |K_2_6_address1_local              |  16|          3|   13|         39|
    |K_2_7_address0_local              |  16|          3|   13|         39|
    |K_2_7_address1_local              |  16|          3|   13|         39|
    |K_2_8_address0_local              |  16|          3|   13|         39|
    |K_2_8_address1_local              |  16|          3|   13|         39|
    |K_2_9_address0_local              |  16|          3|   13|         39|
    |K_2_9_address1_local              |  16|          3|   13|         39|
    |K_3_0_address0_local              |  16|          3|   13|         39|
    |K_3_0_address1_local              |  16|          3|   13|         39|
    |K_3_10_address0_local             |  16|          3|   13|         39|
    |K_3_10_address1_local             |  16|          3|   13|         39|
    |K_3_11_address0_local             |  16|          3|   13|         39|
    |K_3_11_address1_local             |  16|          3|   13|         39|
    |K_3_12_address0_local             |  16|          3|   13|         39|
    |K_3_12_address1_local             |  16|          3|   13|         39|
    |K_3_13_address0_local             |  16|          3|   13|         39|
    |K_3_13_address1_local             |  16|          3|   13|         39|
    |K_3_14_address0_local             |  16|          3|   13|         39|
    |K_3_14_address1_local             |  16|          3|   13|         39|
    |K_3_15_address0_local             |  16|          3|   13|         39|
    |K_3_15_address1_local             |  16|          3|   13|         39|
    |K_3_16_address0_local             |  16|          3|   13|         39|
    |K_3_16_address1_local             |  16|          3|   13|         39|
    |K_3_17_address0_local             |  16|          3|   13|         39|
    |K_3_17_address1_local             |  16|          3|   13|         39|
    |K_3_18_address0_local             |  16|          3|   13|         39|
    |K_3_18_address1_local             |  16|          3|   13|         39|
    |K_3_19_address0_local             |  16|          3|   13|         39|
    |K_3_19_address1_local             |  16|          3|   13|         39|
    |K_3_1_address0_local              |  16|          3|   13|         39|
    |K_3_1_address1_local              |  16|          3|   13|         39|
    |K_3_20_address0_local             |  16|          3|   13|         39|
    |K_3_20_address1_local             |  16|          3|   13|         39|
    |K_3_21_address0_local             |  16|          3|   13|         39|
    |K_3_21_address1_local             |  16|          3|   13|         39|
    |K_3_22_address0_local             |  16|          3|   13|         39|
    |K_3_22_address1_local             |  16|          3|   13|         39|
    |K_3_23_address0_local             |  16|          3|   13|         39|
    |K_3_23_address1_local             |  16|          3|   13|         39|
    |K_3_24_address0_local             |  16|          3|   13|         39|
    |K_3_24_address1_local             |  16|          3|   13|         39|
    |K_3_25_address0_local             |  16|          3|   13|         39|
    |K_3_25_address1_local             |  16|          3|   13|         39|
    |K_3_26_address0_local             |  16|          3|   13|         39|
    |K_3_26_address1_local             |  16|          3|   13|         39|
    |K_3_27_address0_local             |  16|          3|   13|         39|
    |K_3_27_address1_local             |  16|          3|   13|         39|
    |K_3_28_address0_local             |  16|          3|   13|         39|
    |K_3_28_address1_local             |  16|          3|   13|         39|
    |K_3_29_address0_local             |  16|          3|   13|         39|
    |K_3_29_address1_local             |  16|          3|   13|         39|
    |K_3_2_address0_local              |  16|          3|   13|         39|
    |K_3_2_address1_local              |  16|          3|   13|         39|
    |K_3_30_address0_local             |  16|          3|   13|         39|
    |K_3_30_address1_local             |  16|          3|   13|         39|
    |K_3_31_address0_local             |  16|          3|   13|         39|
    |K_3_31_address1_local             |  16|          3|   13|         39|
    |K_3_3_address0_local              |  16|          3|   13|         39|
    |K_3_3_address1_local              |  16|          3|   13|         39|
    |K_3_4_address0_local              |  16|          3|   13|         39|
    |K_3_4_address1_local              |  16|          3|   13|         39|
    |K_3_5_address0_local              |  16|          3|   13|         39|
    |K_3_5_address1_local              |  16|          3|   13|         39|
    |K_3_6_address0_local              |  16|          3|   13|         39|
    |K_3_6_address1_local              |  16|          3|   13|         39|
    |K_3_7_address0_local              |  16|          3|   13|         39|
    |K_3_7_address1_local              |  16|          3|   13|         39|
    |K_3_8_address0_local              |  16|          3|   13|         39|
    |K_3_8_address1_local              |  16|          3|   13|         39|
    |K_3_9_address0_local              |  16|          3|   13|         39|
    |K_3_9_address1_local              |  16|          3|   13|         39|
    |ap_NS_fsm                         |   8|          3|    1|          3|
    |ap_done_int                       |   8|          2|    1|          2|
    |ap_enable_reg_pp0_iter0           |   8|          2|    1|          2|
    |ap_enable_reg_pp0_iter1           |   8|          2|    1|          2|
    |ap_enable_reg_pp0_iter4           |   8|          2|    1|          2|
    |ap_loop_exit_ready_pp0_iter1_reg  |   8|          2|    1|          2|
    |ap_loop_exit_ready_pp0_iter2_reg  |   8|          2|    1|          2|
    |ap_loop_exit_ready_pp0_iter3_reg  |   8|          2|    1|          2|
    |d_fu_444                          |  16|          2|   13|         26|
    |empty_116_fu_432                  |  32|          2|   28|         56|
    |empty_117_fu_436                  |  32|          2|   28|         56|
    |empty_118_fu_440                  |  32|          2|   28|         56|
    |empty_fu_428                      |  32|          2|   28|         56|
    |indvar_flatten_fu_452             |  16|          2|   14|         28|
    |scores_0_address0_local           |   8|          3|    7|         21|
    |scores_0_d0_local                 |  16|          3|   16|         48|
    |scores_1_address0_local           |   8|          3|    7|         21|
    |scores_1_d0_local                 |  16|          3|   16|         48|
    |t0_fu_448                         |  16|          2|    9|         18|
    +----------------------------------+----+-----------+-----+-----------+
    |Total                             |4384|        811| 3530|      10435|
    +----------------------------------+----+-----------+-----+-----------+

    * Register: 
    +----------------------------------+----+----+-----+-----------+
    |               Name               | FF | LUT| Bits| Const Bits|
    +----------------------------------+----+----+-----+-----------+
    |Q_0_load_reg_17518                |   8|   0|    8|          0|
    |Q_10_load_reg_17618               |   8|   0|    8|          0|
    |Q_12_load_reg_17638               |   8|   0|    8|          0|
    |Q_14_load_reg_17658               |   8|   0|    8|          0|
    |Q_16_load_reg_17678               |   8|   0|    8|          0|
    |Q_18_load_reg_17698               |   8|   0|    8|          0|
    |Q_20_load_reg_17718               |   8|   0|    8|          0|
    |Q_22_load_reg_17738               |   8|   0|    8|          0|
    |Q_24_load_reg_17758               |   8|   0|    8|          0|
    |Q_26_load_reg_17778               |   8|   0|    8|          0|
    |Q_28_load_reg_17798               |   8|   0|    8|          0|
    |Q_2_load_reg_17538                |   8|   0|    8|          0|
    |Q_30_load_reg_17818               |   8|   0|    8|          0|
    |Q_4_load_reg_17558                |   8|   0|    8|          0|
    |Q_6_load_reg_17578                |   8|   0|    8|          0|
    |Q_8_load_reg_17598                |   8|   0|    8|          0|
    |add_ln50_110_reg_18876            |  20|   0|   20|          0|
    |add_ln50_125_reg_18881            |  20|   0|   20|          0|
    |add_ln50_14_reg_18686             |  20|   0|   20|          0|
    |add_ln50_29_reg_18691             |  20|   0|   20|          0|
    |add_ln50_46_reg_18696             |  20|   0|   20|          0|
    |add_ln50_61_reg_18701             |  20|   0|   20|          0|
    |add_ln50_78_reg_18866             |  20|   0|   20|          0|
    |add_ln50_93_reg_18871             |  20|   0|   20|          0|
    |ap_CS_fsm                         |   2|   0|    2|          0|
    |ap_done_reg                       |   1|   0|    1|          0|
    |ap_enable_reg_pp0_iter0_reg       |   1|   0|    1|          0|
    |ap_enable_reg_pp0_iter1           |   1|   0|    1|          0|
    |ap_enable_reg_pp0_iter2           |   1|   0|    1|          0|
    |ap_enable_reg_pp0_iter3           |   1|   0|    1|          0|
    |ap_enable_reg_pp0_iter4           |   1|   0|    1|          0|
    |ap_loop_exit_ready_pp0_iter1_reg  |   1|   0|    1|          0|
    |ap_loop_exit_ready_pp0_iter2_reg  |   1|   0|    1|          0|
    |ap_loop_exit_ready_pp0_iter3_reg  |   1|   0|    1|          0|
    |d_fu_444                          |  13|   0|   13|          0|
    |empty_116_fu_432                  |  28|   0|   28|          0|
    |empty_117_fu_436                  |  28|   0|   28|          0|
    |empty_118_fu_440                  |  28|   0|   28|          0|
    |empty_119_reg_14767               |   1|   0|    1|          0|
    |empty_fu_428                      |  28|   0|   28|          0|
    |icmp_ln32_reg_14687               |   1|   0|    1|          0|
    |indvar_flatten_fu_452             |  14|   0|   14|          0|
    |lshr_ln32_1_reg_16228             |   7|   0|    7|          0|
    |lshr_ln_reg_14772                 |   7|   0|    7|          0|
    |mul_ln48_102_reg_18611            |  16|   0|   16|          0|
    |mul_ln48_103_reg_18616            |  16|   0|   16|          0|
    |mul_ln48_104_reg_18621            |  16|   0|   16|          0|
    |mul_ln48_105_reg_18626            |  16|   0|   16|          0|
    |mul_ln48_106_reg_18631            |  16|   0|   16|          0|
    |mul_ln48_107_reg_18636            |  16|   0|   16|          0|
    |mul_ln48_10_reg_18071             |  16|   0|   16|          0|
    |mul_ln48_111_reg_18641            |  16|   0|   16|          0|
    |mul_ln48_112_reg_18646            |  16|   0|   16|          0|
    |mul_ln48_116_reg_18651            |  16|   0|   16|          0|
    |mul_ln48_117_reg_18656            |  16|   0|   16|          0|
    |mul_ln48_11_reg_18076             |  16|   0|   16|          0|
    |mul_ln48_120_reg_18661            |  16|   0|   16|          0|
    |mul_ln48_121_reg_18666            |  16|   0|   16|          0|
    |mul_ln48_125_reg_18671            |  16|   0|   16|          0|
    |mul_ln48_126_reg_18676            |  16|   0|   16|          0|
    |mul_ln48_127_reg_18681            |  16|   0|   16|          0|
    |mul_ln48_15_reg_18081             |  16|   0|   16|          0|
    |mul_ln48_16_reg_18086             |  16|   0|   16|          0|
    |mul_ln48_20_reg_18091             |  16|   0|   16|          0|
    |mul_ln48_21_reg_18096             |  16|   0|   16|          0|
    |mul_ln48_24_reg_18101             |  16|   0|   16|          0|
    |mul_ln48_25_reg_18106             |  16|   0|   16|          0|
    |mul_ln48_29_reg_18111             |  16|   0|   16|          0|
    |mul_ln48_2_reg_18046              |  16|   0|   16|          0|
    |mul_ln48_30_reg_18116             |  16|   0|   16|          0|
    |mul_ln48_31_reg_18121             |  16|   0|   16|          0|
    |mul_ln48_34_reg_18126             |  16|   0|   16|          0|
    |mul_ln48_38_reg_18131             |  16|   0|   16|          0|
    |mul_ln48_39_reg_18136             |  16|   0|   16|          0|
    |mul_ln48_40_reg_18141             |  16|   0|   16|          0|
    |mul_ln48_41_reg_18146             |  16|   0|   16|          0|
    |mul_ln48_42_reg_18151             |  16|   0|   16|          0|
    |mul_ln48_43_reg_18156             |  16|   0|   16|          0|
    |mul_ln48_47_reg_18161             |  16|   0|   16|          0|
    |mul_ln48_48_reg_18166             |  16|   0|   16|          0|
    |mul_ln48_52_reg_18171             |  16|   0|   16|          0|
    |mul_ln48_53_reg_18176             |  16|   0|   16|          0|
    |mul_ln48_56_reg_18181             |  16|   0|   16|          0|
    |mul_ln48_57_reg_18186             |  16|   0|   16|          0|
    |mul_ln48_61_reg_18191             |  16|   0|   16|          0|
    |mul_ln48_62_reg_18196             |  16|   0|   16|          0|
    |mul_ln48_63_reg_18201             |  16|   0|   16|          0|
    |mul_ln48_66_reg_18526             |  16|   0|   16|          0|
    |mul_ln48_6_reg_18051              |  16|   0|   16|          0|
    |mul_ln48_70_reg_18531             |  16|   0|   16|          0|
    |mul_ln48_71_reg_18536             |  16|   0|   16|          0|
    |mul_ln48_72_reg_18541             |  16|   0|   16|          0|
    |mul_ln48_73_reg_18546             |  16|   0|   16|          0|
    |mul_ln48_74_reg_18551             |  16|   0|   16|          0|
    |mul_ln48_75_reg_18556             |  16|   0|   16|          0|
    |mul_ln48_79_reg_18561             |  16|   0|   16|          0|
    |mul_ln48_7_reg_18056              |  16|   0|   16|          0|
    |mul_ln48_80_reg_18566             |  16|   0|   16|          0|
    |mul_ln48_84_reg_18571             |  16|   0|   16|          0|
    |mul_ln48_85_reg_18576             |  16|   0|   16|          0|
    |mul_ln48_88_reg_18581             |  16|   0|   16|          0|
    |mul_ln48_89_reg_18586             |  16|   0|   16|          0|
    |mul_ln48_8_reg_18061              |  16|   0|   16|          0|
    |mul_ln48_93_reg_18591             |  16|   0|   16|          0|
    |mul_ln48_94_reg_18596             |  16|   0|   16|          0|
    |mul_ln48_95_reg_18601             |  16|   0|   16|          0|
    |mul_ln48_98_reg_18606             |  16|   0|   16|          0|
    |mul_ln48_9_reg_18066              |  16|   0|   16|          0|
    |reg_7634                          |   8|   0|    8|          0|
    |reg_7638                          |   8|   0|    8|          0|
    |reg_7642                          |   8|   0|    8|          0|
    |reg_7646                          |   8|   0|    8|          0|
    |reg_7650                          |   8|   0|    8|          0|
    |reg_7654                          |   8|   0|    8|          0|
    |reg_7658                          |   8|   0|    8|          0|
    |reg_7662                          |   8|   0|    8|          0|
    |reg_7666                          |   8|   0|    8|          0|
    |reg_7670                          |   8|   0|    8|          0|
    |reg_7674                          |   8|   0|    8|          0|
    |reg_7678                          |   8|   0|    8|          0|
    |reg_7682                          |   8|   0|    8|          0|
    |reg_7686                          |   8|   0|    8|          0|
    |reg_7690                          |   8|   0|    8|          0|
    |reg_7694                          |   8|   0|    8|          0|
    |reg_7698                          |   8|   0|    8|          0|
    |reg_7702                          |   8|   0|    8|          0|
    |reg_7706                          |   8|   0|    8|          0|
    |reg_7710                          |   8|   0|    8|          0|
    |reg_7714                          |   8|   0|    8|          0|
    |reg_7718                          |   8|   0|    8|          0|
    |reg_7722                          |   8|   0|    8|          0|
    |reg_7726                          |   8|   0|    8|          0|
    |reg_7730                          |   8|   0|    8|          0|
    |reg_7734                          |   8|   0|    8|          0|
    |reg_7738                          |   8|   0|    8|          0|
    |reg_7742                          |   8|   0|    8|          0|
    |reg_7746                          |   8|   0|    8|          0|
    |reg_7750                          |   8|   0|    8|          0|
    |reg_7754                          |   8|   0|    8|          0|
    |reg_7758                          |   8|   0|    8|          0|
    |select_ln14_1_reg_18892           |  16|   0|   16|          0|
    |select_ln14_2_reg_18898           |  16|   0|   16|          0|
    |select_ln14_3_reg_18904           |  16|   0|   16|          0|
    |select_ln14_reg_18886             |  16|   0|   16|          0|
    |sext_ln48_10_reg_17563            |  16|   0|   16|          0|
    |sext_ln48_12_reg_17942            |  16|   0|   16|          0|
    |sext_ln48_14_reg_17583            |  16|   0|   16|          0|
    |sext_ln48_16_reg_17950            |  16|   0|   16|          0|
    |sext_ln48_18_reg_17603            |  16|   0|   16|          0|
    |sext_ln48_20_reg_17958            |  16|   0|   16|          0|
    |sext_ln48_22_reg_17623            |  16|   0|   16|          0|
    |sext_ln48_24_reg_17966            |  16|   0|   16|          0|
    |sext_ln48_26_reg_17643            |  16|   0|   16|          0|
    |sext_ln48_28_reg_17974            |  16|   0|   16|          0|
    |sext_ln48_2_reg_17523             |  16|   0|   16|          0|
    |sext_ln48_30_reg_17663            |  16|   0|   16|          0|
    |sext_ln48_32_reg_17982            |  16|   0|   16|          0|
    |sext_ln48_34_reg_17683            |  16|   0|   16|          0|
    |sext_ln48_36_reg_17990            |  16|   0|   16|          0|
    |sext_ln48_38_reg_17703            |  16|   0|   16|          0|
    |sext_ln48_40_reg_17998            |  16|   0|   16|          0|
    |sext_ln48_42_reg_17723            |  16|   0|   16|          0|
    |sext_ln48_44_reg_18006            |  16|   0|   16|          0|
    |sext_ln48_46_reg_17743            |  16|   0|   16|          0|
    |sext_ln48_48_reg_18014            |  16|   0|   16|          0|
    |sext_ln48_4_reg_17926             |  16|   0|   16|          0|
    |sext_ln48_50_reg_17763            |  16|   0|   16|          0|
    |sext_ln48_52_reg_18022            |  16|   0|   16|          0|
    |sext_ln48_54_reg_17783            |  16|   0|   16|          0|
    |sext_ln48_56_reg_18030            |  16|   0|   16|          0|
    |sext_ln48_58_reg_17803            |  16|   0|   16|          0|
    |sext_ln48_60_reg_18038            |  16|   0|   16|          0|
    |sext_ln48_62_reg_17823            |  16|   0|   16|          0|
    |sext_ln48_6_reg_17543             |  16|   0|   16|          0|
    |sext_ln48_8_reg_17934             |  16|   0|   16|          0|
    |sext_ln48_reg_17918               |  16|   0|   16|          0|
    |t0_fu_448                         |   9|   0|    9|          0|
    |tmp_198_reg_14691                 |   1|   0|    1|          0|
    |tmp_202_reg_14788                 |   4|   0|    4|          0|
    |tmp_205_reg_16224                 |   1|   0|    1|          0|
    |tmp_206_reg_16233                 |   6|   0|    6|          0|
    |trunc_ln32_2_reg_14699            |   2|   0|    2|          0|
    |icmp_ln32_reg_14687               |   6|   2|    1|          0|
    |lshr_ln32_1_reg_16228             |  24|   7|    7|          0|
    |tmp_198_reg_14691                 |   6|   2|    1|          0|
    |tmp_205_reg_16224                 |   2|   2|    1|          0|
    |tmp_206_reg_16233                 |   8|   8|    6|          0|
    +----------------------------------+----+----+-----+-----------+
    |Total                             |2379|  21| 2349|          0|
    +----------------------------------+----+----+-----+-----------+



================================================================
== Interface
================================================================
* Summary: 
+-------------------+-----+-----+------------+----------------+--------------+
|     RTL Ports     | Dir | Bits|  Protocol  |  Source Object |    C Type    |
+-------------------+-----+-----+------------+----------------+--------------+
|ap_clk             |   in|    1|  ap_ctrl_hs|  q_kt_matmul_v1|  return value|
|ap_rst             |   in|    1|  ap_ctrl_hs|  q_kt_matmul_v1|  return value|
|ap_start           |   in|    1|  ap_ctrl_hs|  q_kt_matmul_v1|  return value|
|ap_done            |  out|    1|  ap_ctrl_hs|  q_kt_matmul_v1|  return value|
|ap_idle            |  out|    1|  ap_ctrl_hs|  q_kt_matmul_v1|  return value|
|ap_ready           |  out|    1|  ap_ctrl_hs|  q_kt_matmul_v1|  return value|
|Q_0_address0       |  out|    7|   ap_memory|             Q_0|         array|
|Q_0_ce0            |  out|    1|   ap_memory|             Q_0|         array|
|Q_0_q0             |   in|    8|   ap_memory|             Q_0|         array|
|Q_1_address0       |  out|    7|   ap_memory|             Q_1|         array|
|Q_1_ce0            |  out|    1|   ap_memory|             Q_1|         array|
|Q_1_q0             |   in|    8|   ap_memory|             Q_1|         array|
|Q_2_address0       |  out|    7|   ap_memory|             Q_2|         array|
|Q_2_ce0            |  out|    1|   ap_memory|             Q_2|         array|
|Q_2_q0             |   in|    8|   ap_memory|             Q_2|         array|
|Q_3_address0       |  out|    7|   ap_memory|             Q_3|         array|
|Q_3_ce0            |  out|    1|   ap_memory|             Q_3|         array|
|Q_3_q0             |   in|    8|   ap_memory|             Q_3|         array|
|Q_4_address0       |  out|    7|   ap_memory|             Q_4|         array|
|Q_4_ce0            |  out|    1|   ap_memory|             Q_4|         array|
|Q_4_q0             |   in|    8|   ap_memory|             Q_4|         array|
|Q_5_address0       |  out|    7|   ap_memory|             Q_5|         array|
|Q_5_ce0            |  out|    1|   ap_memory|             Q_5|         array|
|Q_5_q0             |   in|    8|   ap_memory|             Q_5|         array|
|Q_6_address0       |  out|    7|   ap_memory|             Q_6|         array|
|Q_6_ce0            |  out|    1|   ap_memory|             Q_6|         array|
|Q_6_q0             |   in|    8|   ap_memory|             Q_6|         array|
|Q_7_address0       |  out|    7|   ap_memory|             Q_7|         array|
|Q_7_ce0            |  out|    1|   ap_memory|             Q_7|         array|
|Q_7_q0             |   in|    8|   ap_memory|             Q_7|         array|
|Q_8_address0       |  out|    7|   ap_memory|             Q_8|         array|
|Q_8_ce0            |  out|    1|   ap_memory|             Q_8|         array|
|Q_8_q0             |   in|    8|   ap_memory|             Q_8|         array|
|Q_9_address0       |  out|    7|   ap_memory|             Q_9|         array|
|Q_9_ce0            |  out|    1|   ap_memory|             Q_9|         array|
|Q_9_q0             |   in|    8|   ap_memory|             Q_9|         array|
|Q_10_address0      |  out|    7|   ap_memory|            Q_10|         array|
|Q_10_ce0           |  out|    1|   ap_memory|            Q_10|         array|
|Q_10_q0            |   in|    8|   ap_memory|            Q_10|         array|
|Q_11_address0      |  out|    7|   ap_memory|            Q_11|         array|
|Q_11_ce0           |  out|    1|   ap_memory|            Q_11|         array|
|Q_11_q0            |   in|    8|   ap_memory|            Q_11|         array|
|Q_12_address0      |  out|    7|   ap_memory|            Q_12|         array|
|Q_12_ce0           |  out|    1|   ap_memory|            Q_12|         array|
|Q_12_q0            |   in|    8|   ap_memory|            Q_12|         array|
|Q_13_address0      |  out|    7|   ap_memory|            Q_13|         array|
|Q_13_ce0           |  out|    1|   ap_memory|            Q_13|         array|
|Q_13_q0            |   in|    8|   ap_memory|            Q_13|         array|
|Q_14_address0      |  out|    7|   ap_memory|            Q_14|         array|
|Q_14_ce0           |  out|    1|   ap_memory|            Q_14|         array|
|Q_14_q0            |   in|    8|   ap_memory|            Q_14|         array|
|Q_15_address0      |  out|    7|   ap_memory|            Q_15|         array|
|Q_15_ce0           |  out|    1|   ap_memory|            Q_15|         array|
|Q_15_q0            |   in|    8|   ap_memory|            Q_15|         array|
|Q_16_address0      |  out|    7|   ap_memory|            Q_16|         array|
|Q_16_ce0           |  out|    1|   ap_memory|            Q_16|         array|
|Q_16_q0            |   in|    8|   ap_memory|            Q_16|         array|
|Q_17_address0      |  out|    7|   ap_memory|            Q_17|         array|
|Q_17_ce0           |  out|    1|   ap_memory|            Q_17|         array|
|Q_17_q0            |   in|    8|   ap_memory|            Q_17|         array|
|Q_18_address0      |  out|    7|   ap_memory|            Q_18|         array|
|Q_18_ce0           |  out|    1|   ap_memory|            Q_18|         array|
|Q_18_q0            |   in|    8|   ap_memory|            Q_18|         array|
|Q_19_address0      |  out|    7|   ap_memory|            Q_19|         array|
|Q_19_ce0           |  out|    1|   ap_memory|            Q_19|         array|
|Q_19_q0            |   in|    8|   ap_memory|            Q_19|         array|
|Q_20_address0      |  out|    7|   ap_memory|            Q_20|         array|
|Q_20_ce0           |  out|    1|   ap_memory|            Q_20|         array|
|Q_20_q0            |   in|    8|   ap_memory|            Q_20|         array|
|Q_21_address0      |  out|    7|   ap_memory|            Q_21|         array|
|Q_21_ce0           |  out|    1|   ap_memory|            Q_21|         array|
|Q_21_q0            |   in|    8|   ap_memory|            Q_21|         array|
|Q_22_address0      |  out|    7|   ap_memory|            Q_22|         array|
|Q_22_ce0           |  out|    1|   ap_memory|            Q_22|         array|
|Q_22_q0            |   in|    8|   ap_memory|            Q_22|         array|
|Q_23_address0      |  out|    7|   ap_memory|            Q_23|         array|
|Q_23_ce0           |  out|    1|   ap_memory|            Q_23|         array|
|Q_23_q0            |   in|    8|   ap_memory|            Q_23|         array|
|Q_24_address0      |  out|    7|   ap_memory|            Q_24|         array|
|Q_24_ce0           |  out|    1|   ap_memory|            Q_24|         array|
|Q_24_q0            |   in|    8|   ap_memory|            Q_24|         array|
|Q_25_address0      |  out|    7|   ap_memory|            Q_25|         array|
|Q_25_ce0           |  out|    1|   ap_memory|            Q_25|         array|
|Q_25_q0            |   in|    8|   ap_memory|            Q_25|         array|
|Q_26_address0      |  out|    7|   ap_memory|            Q_26|         array|
|Q_26_ce0           |  out|    1|   ap_memory|            Q_26|         array|
|Q_26_q0            |   in|    8|   ap_memory|            Q_26|         array|
|Q_27_address0      |  out|    7|   ap_memory|            Q_27|         array|
|Q_27_ce0           |  out|    1|   ap_memory|            Q_27|         array|
|Q_27_q0            |   in|    8|   ap_memory|            Q_27|         array|
|Q_28_address0      |  out|    7|   ap_memory|            Q_28|         array|
|Q_28_ce0           |  out|    1|   ap_memory|            Q_28|         array|
|Q_28_q0            |   in|    8|   ap_memory|            Q_28|         array|
|Q_29_address0      |  out|    7|   ap_memory|            Q_29|         array|
|Q_29_ce0           |  out|    1|   ap_memory|            Q_29|         array|
|Q_29_q0            |   in|    8|   ap_memory|            Q_29|         array|
|Q_30_address0      |  out|    7|   ap_memory|            Q_30|         array|
|Q_30_ce0           |  out|    1|   ap_memory|            Q_30|         array|
|Q_30_q0            |   in|    8|   ap_memory|            Q_30|         array|
|Q_31_address0      |  out|    7|   ap_memory|            Q_31|         array|
|Q_31_ce0           |  out|    1|   ap_memory|            Q_31|         array|
|Q_31_q0            |   in|    8|   ap_memory|            Q_31|         array|
|K_0_0_address0     |  out|   13|   ap_memory|           K_0_0|         array|
|K_0_0_ce0          |  out|    1|   ap_memory|           K_0_0|         array|
|K_0_0_q0           |   in|    8|   ap_memory|           K_0_0|         array|
|K_0_0_address1     |  out|   13|   ap_memory|           K_0_0|         array|
|K_0_0_ce1          |  out|    1|   ap_memory|           K_0_0|         array|
|K_0_0_q1           |   in|    8|   ap_memory|           K_0_0|         array|
|K_0_1_address0     |  out|   13|   ap_memory|           K_0_1|         array|
|K_0_1_ce0          |  out|    1|   ap_memory|           K_0_1|         array|
|K_0_1_q0           |   in|    8|   ap_memory|           K_0_1|         array|
|K_0_1_address1     |  out|   13|   ap_memory|           K_0_1|         array|
|K_0_1_ce1          |  out|    1|   ap_memory|           K_0_1|         array|
|K_0_1_q1           |   in|    8|   ap_memory|           K_0_1|         array|
|K_0_2_address0     |  out|   13|   ap_memory|           K_0_2|         array|
|K_0_2_ce0          |  out|    1|   ap_memory|           K_0_2|         array|
|K_0_2_q0           |   in|    8|   ap_memory|           K_0_2|         array|
|K_0_2_address1     |  out|   13|   ap_memory|           K_0_2|         array|
|K_0_2_ce1          |  out|    1|   ap_memory|           K_0_2|         array|
|K_0_2_q1           |   in|    8|   ap_memory|           K_0_2|         array|
|K_0_3_address0     |  out|   13|   ap_memory|           K_0_3|         array|
|K_0_3_ce0          |  out|    1|   ap_memory|           K_0_3|         array|
|K_0_3_q0           |   in|    8|   ap_memory|           K_0_3|         array|
|K_0_3_address1     |  out|   13|   ap_memory|           K_0_3|         array|
|K_0_3_ce1          |  out|    1|   ap_memory|           K_0_3|         array|
|K_0_3_q1           |   in|    8|   ap_memory|           K_0_3|         array|
|K_0_4_address0     |  out|   13|   ap_memory|           K_0_4|         array|
|K_0_4_ce0          |  out|    1|   ap_memory|           K_0_4|         array|
|K_0_4_q0           |   in|    8|   ap_memory|           K_0_4|         array|
|K_0_4_address1     |  out|   13|   ap_memory|           K_0_4|         array|
|K_0_4_ce1          |  out|    1|   ap_memory|           K_0_4|         array|
|K_0_4_q1           |   in|    8|   ap_memory|           K_0_4|         array|
|K_0_5_address0     |  out|   13|   ap_memory|           K_0_5|         array|
|K_0_5_ce0          |  out|    1|   ap_memory|           K_0_5|         array|
|K_0_5_q0           |   in|    8|   ap_memory|           K_0_5|         array|
|K_0_5_address1     |  out|   13|   ap_memory|           K_0_5|         array|
|K_0_5_ce1          |  out|    1|   ap_memory|           K_0_5|         array|
|K_0_5_q1           |   in|    8|   ap_memory|           K_0_5|         array|
|K_0_6_address0     |  out|   13|   ap_memory|           K_0_6|         array|
|K_0_6_ce0          |  out|    1|   ap_memory|           K_0_6|         array|
|K_0_6_q0           |   in|    8|   ap_memory|           K_0_6|         array|
|K_0_6_address1     |  out|   13|   ap_memory|           K_0_6|         array|
|K_0_6_ce1          |  out|    1|   ap_memory|           K_0_6|         array|
|K_0_6_q1           |   in|    8|   ap_memory|           K_0_6|         array|
|K_0_7_address0     |  out|   13|   ap_memory|           K_0_7|         array|
|K_0_7_ce0          |  out|    1|   ap_memory|           K_0_7|         array|
|K_0_7_q0           |   in|    8|   ap_memory|           K_0_7|         array|
|K_0_7_address1     |  out|   13|   ap_memory|           K_0_7|         array|
|K_0_7_ce1          |  out|    1|   ap_memory|           K_0_7|         array|
|K_0_7_q1           |   in|    8|   ap_memory|           K_0_7|         array|
|K_0_8_address0     |  out|   13|   ap_memory|           K_0_8|         array|
|K_0_8_ce0          |  out|    1|   ap_memory|           K_0_8|         array|
|K_0_8_q0           |   in|    8|   ap_memory|           K_0_8|         array|
|K_0_8_address1     |  out|   13|   ap_memory|           K_0_8|         array|
|K_0_8_ce1          |  out|    1|   ap_memory|           K_0_8|         array|
|K_0_8_q1           |   in|    8|   ap_memory|           K_0_8|         array|
|K_0_9_address0     |  out|   13|   ap_memory|           K_0_9|         array|
|K_0_9_ce0          |  out|    1|   ap_memory|           K_0_9|         array|
|K_0_9_q0           |   in|    8|   ap_memory|           K_0_9|         array|
|K_0_9_address1     |  out|   13|   ap_memory|           K_0_9|         array|
|K_0_9_ce1          |  out|    1|   ap_memory|           K_0_9|         array|
|K_0_9_q1           |   in|    8|   ap_memory|           K_0_9|         array|
|K_0_10_address0    |  out|   13|   ap_memory|          K_0_10|         array|
|K_0_10_ce0         |  out|    1|   ap_memory|          K_0_10|         array|
|K_0_10_q0          |   in|    8|   ap_memory|          K_0_10|         array|
|K_0_10_address1    |  out|   13|   ap_memory|          K_0_10|         array|
|K_0_10_ce1         |  out|    1|   ap_memory|          K_0_10|         array|
|K_0_10_q1          |   in|    8|   ap_memory|          K_0_10|         array|
|K_0_11_address0    |  out|   13|   ap_memory|          K_0_11|         array|
|K_0_11_ce0         |  out|    1|   ap_memory|          K_0_11|         array|
|K_0_11_q0          |   in|    8|   ap_memory|          K_0_11|         array|
|K_0_11_address1    |  out|   13|   ap_memory|          K_0_11|         array|
|K_0_11_ce1         |  out|    1|   ap_memory|          K_0_11|         array|
|K_0_11_q1          |   in|    8|   ap_memory|          K_0_11|         array|
|K_0_12_address0    |  out|   13|   ap_memory|          K_0_12|         array|
|K_0_12_ce0         |  out|    1|   ap_memory|          K_0_12|         array|
|K_0_12_q0          |   in|    8|   ap_memory|          K_0_12|         array|
|K_0_12_address1    |  out|   13|   ap_memory|          K_0_12|         array|
|K_0_12_ce1         |  out|    1|   ap_memory|          K_0_12|         array|
|K_0_12_q1          |   in|    8|   ap_memory|          K_0_12|         array|
|K_0_13_address0    |  out|   13|   ap_memory|          K_0_13|         array|
|K_0_13_ce0         |  out|    1|   ap_memory|          K_0_13|         array|
|K_0_13_q0          |   in|    8|   ap_memory|          K_0_13|         array|
|K_0_13_address1    |  out|   13|   ap_memory|          K_0_13|         array|
|K_0_13_ce1         |  out|    1|   ap_memory|          K_0_13|         array|
|K_0_13_q1          |   in|    8|   ap_memory|          K_0_13|         array|
|K_0_14_address0    |  out|   13|   ap_memory|          K_0_14|         array|
|K_0_14_ce0         |  out|    1|   ap_memory|          K_0_14|         array|
|K_0_14_q0          |   in|    8|   ap_memory|          K_0_14|         array|
|K_0_14_address1    |  out|   13|   ap_memory|          K_0_14|         array|
|K_0_14_ce1         |  out|    1|   ap_memory|          K_0_14|         array|
|K_0_14_q1          |   in|    8|   ap_memory|          K_0_14|         array|
|K_0_15_address0    |  out|   13|   ap_memory|          K_0_15|         array|
|K_0_15_ce0         |  out|    1|   ap_memory|          K_0_15|         array|
|K_0_15_q0          |   in|    8|   ap_memory|          K_0_15|         array|
|K_0_15_address1    |  out|   13|   ap_memory|          K_0_15|         array|
|K_0_15_ce1         |  out|    1|   ap_memory|          K_0_15|         array|
|K_0_15_q1          |   in|    8|   ap_memory|          K_0_15|         array|
|K_0_16_address0    |  out|   13|   ap_memory|          K_0_16|         array|
|K_0_16_ce0         |  out|    1|   ap_memory|          K_0_16|         array|
|K_0_16_q0          |   in|    8|   ap_memory|          K_0_16|         array|
|K_0_16_address1    |  out|   13|   ap_memory|          K_0_16|         array|
|K_0_16_ce1         |  out|    1|   ap_memory|          K_0_16|         array|
|K_0_16_q1          |   in|    8|   ap_memory|          K_0_16|         array|
|K_0_17_address0    |  out|   13|   ap_memory|          K_0_17|         array|
|K_0_17_ce0         |  out|    1|   ap_memory|          K_0_17|         array|
|K_0_17_q0          |   in|    8|   ap_memory|          K_0_17|         array|
|K_0_17_address1    |  out|   13|   ap_memory|          K_0_17|         array|
|K_0_17_ce1         |  out|    1|   ap_memory|          K_0_17|         array|
|K_0_17_q1          |   in|    8|   ap_memory|          K_0_17|         array|
|K_0_18_address0    |  out|   13|   ap_memory|          K_0_18|         array|
|K_0_18_ce0         |  out|    1|   ap_memory|          K_0_18|         array|
|K_0_18_q0          |   in|    8|   ap_memory|          K_0_18|         array|
|K_0_18_address1    |  out|   13|   ap_memory|          K_0_18|         array|
|K_0_18_ce1         |  out|    1|   ap_memory|          K_0_18|         array|
|K_0_18_q1          |   in|    8|   ap_memory|          K_0_18|         array|
|K_0_19_address0    |  out|   13|   ap_memory|          K_0_19|         array|
|K_0_19_ce0         |  out|    1|   ap_memory|          K_0_19|         array|
|K_0_19_q0          |   in|    8|   ap_memory|          K_0_19|         array|
|K_0_19_address1    |  out|   13|   ap_memory|          K_0_19|         array|
|K_0_19_ce1         |  out|    1|   ap_memory|          K_0_19|         array|
|K_0_19_q1          |   in|    8|   ap_memory|          K_0_19|         array|
|K_0_20_address0    |  out|   13|   ap_memory|          K_0_20|         array|
|K_0_20_ce0         |  out|    1|   ap_memory|          K_0_20|         array|
|K_0_20_q0          |   in|    8|   ap_memory|          K_0_20|         array|
|K_0_20_address1    |  out|   13|   ap_memory|          K_0_20|         array|
|K_0_20_ce1         |  out|    1|   ap_memory|          K_0_20|         array|
|K_0_20_q1          |   in|    8|   ap_memory|          K_0_20|         array|
|K_0_21_address0    |  out|   13|   ap_memory|          K_0_21|         array|
|K_0_21_ce0         |  out|    1|   ap_memory|          K_0_21|         array|
|K_0_21_q0          |   in|    8|   ap_memory|          K_0_21|         array|
|K_0_21_address1    |  out|   13|   ap_memory|          K_0_21|         array|
|K_0_21_ce1         |  out|    1|   ap_memory|          K_0_21|         array|
|K_0_21_q1          |   in|    8|   ap_memory|          K_0_21|         array|
|K_0_22_address0    |  out|   13|   ap_memory|          K_0_22|         array|
|K_0_22_ce0         |  out|    1|   ap_memory|          K_0_22|         array|
|K_0_22_q0          |   in|    8|   ap_memory|          K_0_22|         array|
|K_0_22_address1    |  out|   13|   ap_memory|          K_0_22|         array|
|K_0_22_ce1         |  out|    1|   ap_memory|          K_0_22|         array|
|K_0_22_q1          |   in|    8|   ap_memory|          K_0_22|         array|
|K_0_23_address0    |  out|   13|   ap_memory|          K_0_23|         array|
|K_0_23_ce0         |  out|    1|   ap_memory|          K_0_23|         array|
|K_0_23_q0          |   in|    8|   ap_memory|          K_0_23|         array|
|K_0_23_address1    |  out|   13|   ap_memory|          K_0_23|         array|
|K_0_23_ce1         |  out|    1|   ap_memory|          K_0_23|         array|
|K_0_23_q1          |   in|    8|   ap_memory|          K_0_23|         array|
|K_0_24_address0    |  out|   13|   ap_memory|          K_0_24|         array|
|K_0_24_ce0         |  out|    1|   ap_memory|          K_0_24|         array|
|K_0_24_q0          |   in|    8|   ap_memory|          K_0_24|         array|
|K_0_24_address1    |  out|   13|   ap_memory|          K_0_24|         array|
|K_0_24_ce1         |  out|    1|   ap_memory|          K_0_24|         array|
|K_0_24_q1          |   in|    8|   ap_memory|          K_0_24|         array|
|K_0_25_address0    |  out|   13|   ap_memory|          K_0_25|         array|
|K_0_25_ce0         |  out|    1|   ap_memory|          K_0_25|         array|
|K_0_25_q0          |   in|    8|   ap_memory|          K_0_25|         array|
|K_0_25_address1    |  out|   13|   ap_memory|          K_0_25|         array|
|K_0_25_ce1         |  out|    1|   ap_memory|          K_0_25|         array|
|K_0_25_q1          |   in|    8|   ap_memory|          K_0_25|         array|
|K_0_26_address0    |  out|   13|   ap_memory|          K_0_26|         array|
|K_0_26_ce0         |  out|    1|   ap_memory|          K_0_26|         array|
|K_0_26_q0          |   in|    8|   ap_memory|          K_0_26|         array|
|K_0_26_address1    |  out|   13|   ap_memory|          K_0_26|         array|
|K_0_26_ce1         |  out|    1|   ap_memory|          K_0_26|         array|
|K_0_26_q1          |   in|    8|   ap_memory|          K_0_26|         array|
|K_0_27_address0    |  out|   13|   ap_memory|          K_0_27|         array|
|K_0_27_ce0         |  out|    1|   ap_memory|          K_0_27|         array|
|K_0_27_q0          |   in|    8|   ap_memory|          K_0_27|         array|
|K_0_27_address1    |  out|   13|   ap_memory|          K_0_27|         array|
|K_0_27_ce1         |  out|    1|   ap_memory|          K_0_27|         array|
|K_0_27_q1          |   in|    8|   ap_memory|          K_0_27|         array|
|K_0_28_address0    |  out|   13|   ap_memory|          K_0_28|         array|
|K_0_28_ce0         |  out|    1|   ap_memory|          K_0_28|         array|
|K_0_28_q0          |   in|    8|   ap_memory|          K_0_28|         array|
|K_0_28_address1    |  out|   13|   ap_memory|          K_0_28|         array|
|K_0_28_ce1         |  out|    1|   ap_memory|          K_0_28|         array|
|K_0_28_q1          |   in|    8|   ap_memory|          K_0_28|         array|
|K_0_29_address0    |  out|   13|   ap_memory|          K_0_29|         array|
|K_0_29_ce0         |  out|    1|   ap_memory|          K_0_29|         array|
|K_0_29_q0          |   in|    8|   ap_memory|          K_0_29|         array|
|K_0_29_address1    |  out|   13|   ap_memory|          K_0_29|         array|
|K_0_29_ce1         |  out|    1|   ap_memory|          K_0_29|         array|
|K_0_29_q1          |   in|    8|   ap_memory|          K_0_29|         array|
|K_0_30_address0    |  out|   13|   ap_memory|          K_0_30|         array|
|K_0_30_ce0         |  out|    1|   ap_memory|          K_0_30|         array|
|K_0_30_q0          |   in|    8|   ap_memory|          K_0_30|         array|
|K_0_30_address1    |  out|   13|   ap_memory|          K_0_30|         array|
|K_0_30_ce1         |  out|    1|   ap_memory|          K_0_30|         array|
|K_0_30_q1          |   in|    8|   ap_memory|          K_0_30|         array|
|K_0_31_address0    |  out|   13|   ap_memory|          K_0_31|         array|
|K_0_31_ce0         |  out|    1|   ap_memory|          K_0_31|         array|
|K_0_31_q0          |   in|    8|   ap_memory|          K_0_31|         array|
|K_0_31_address1    |  out|   13|   ap_memory|          K_0_31|         array|
|K_0_31_ce1         |  out|    1|   ap_memory|          K_0_31|         array|
|K_0_31_q1          |   in|    8|   ap_memory|          K_0_31|         array|
|K_1_0_address0     |  out|   13|   ap_memory|           K_1_0|         array|
|K_1_0_ce0          |  out|    1|   ap_memory|           K_1_0|         array|
|K_1_0_q0           |   in|    8|   ap_memory|           K_1_0|         array|
|K_1_0_address1     |  out|   13|   ap_memory|           K_1_0|         array|
|K_1_0_ce1          |  out|    1|   ap_memory|           K_1_0|         array|
|K_1_0_q1           |   in|    8|   ap_memory|           K_1_0|         array|
|K_1_1_address0     |  out|   13|   ap_memory|           K_1_1|         array|
|K_1_1_ce0          |  out|    1|   ap_memory|           K_1_1|         array|
|K_1_1_q0           |   in|    8|   ap_memory|           K_1_1|         array|
|K_1_1_address1     |  out|   13|   ap_memory|           K_1_1|         array|
|K_1_1_ce1          |  out|    1|   ap_memory|           K_1_1|         array|
|K_1_1_q1           |   in|    8|   ap_memory|           K_1_1|         array|
|K_1_2_address0     |  out|   13|   ap_memory|           K_1_2|         array|
|K_1_2_ce0          |  out|    1|   ap_memory|           K_1_2|         array|
|K_1_2_q0           |   in|    8|   ap_memory|           K_1_2|         array|
|K_1_2_address1     |  out|   13|   ap_memory|           K_1_2|         array|
|K_1_2_ce1          |  out|    1|   ap_memory|           K_1_2|         array|
|K_1_2_q1           |   in|    8|   ap_memory|           K_1_2|         array|
|K_1_3_address0     |  out|   13|   ap_memory|           K_1_3|         array|
|K_1_3_ce0          |  out|    1|   ap_memory|           K_1_3|         array|
|K_1_3_q0           |   in|    8|   ap_memory|           K_1_3|         array|
|K_1_3_address1     |  out|   13|   ap_memory|           K_1_3|         array|
|K_1_3_ce1          |  out|    1|   ap_memory|           K_1_3|         array|
|K_1_3_q1           |   in|    8|   ap_memory|           K_1_3|         array|
|K_1_4_address0     |  out|   13|   ap_memory|           K_1_4|         array|
|K_1_4_ce0          |  out|    1|   ap_memory|           K_1_4|         array|
|K_1_4_q0           |   in|    8|   ap_memory|           K_1_4|         array|
|K_1_4_address1     |  out|   13|   ap_memory|           K_1_4|         array|
|K_1_4_ce1          |  out|    1|   ap_memory|           K_1_4|         array|
|K_1_4_q1           |   in|    8|   ap_memory|           K_1_4|         array|
|K_1_5_address0     |  out|   13|   ap_memory|           K_1_5|         array|
|K_1_5_ce0          |  out|    1|   ap_memory|           K_1_5|         array|
|K_1_5_q0           |   in|    8|   ap_memory|           K_1_5|         array|
|K_1_5_address1     |  out|   13|   ap_memory|           K_1_5|         array|
|K_1_5_ce1          |  out|    1|   ap_memory|           K_1_5|         array|
|K_1_5_q1           |   in|    8|   ap_memory|           K_1_5|         array|
|K_1_6_address0     |  out|   13|   ap_memory|           K_1_6|         array|
|K_1_6_ce0          |  out|    1|   ap_memory|           K_1_6|         array|
|K_1_6_q0           |   in|    8|   ap_memory|           K_1_6|         array|
|K_1_6_address1     |  out|   13|   ap_memory|           K_1_6|         array|
|K_1_6_ce1          |  out|    1|   ap_memory|           K_1_6|         array|
|K_1_6_q1           |   in|    8|   ap_memory|           K_1_6|         array|
|K_1_7_address0     |  out|   13|   ap_memory|           K_1_7|         array|
|K_1_7_ce0          |  out|    1|   ap_memory|           K_1_7|         array|
|K_1_7_q0           |   in|    8|   ap_memory|           K_1_7|         array|
|K_1_7_address1     |  out|   13|   ap_memory|           K_1_7|         array|
|K_1_7_ce1          |  out|    1|   ap_memory|           K_1_7|         array|
|K_1_7_q1           |   in|    8|   ap_memory|           K_1_7|         array|
|K_1_8_address0     |  out|   13|   ap_memory|           K_1_8|         array|
|K_1_8_ce0          |  out|    1|   ap_memory|           K_1_8|         array|
|K_1_8_q0           |   in|    8|   ap_memory|           K_1_8|         array|
|K_1_8_address1     |  out|   13|   ap_memory|           K_1_8|         array|
|K_1_8_ce1          |  out|    1|   ap_memory|           K_1_8|         array|
|K_1_8_q1           |   in|    8|   ap_memory|           K_1_8|         array|
|K_1_9_address0     |  out|   13|   ap_memory|           K_1_9|         array|
|K_1_9_ce0          |  out|    1|   ap_memory|           K_1_9|         array|
|K_1_9_q0           |   in|    8|   ap_memory|           K_1_9|         array|
|K_1_9_address1     |  out|   13|   ap_memory|           K_1_9|         array|
|K_1_9_ce1          |  out|    1|   ap_memory|           K_1_9|         array|
|K_1_9_q1           |   in|    8|   ap_memory|           K_1_9|         array|
|K_1_10_address0    |  out|   13|   ap_memory|          K_1_10|         array|
|K_1_10_ce0         |  out|    1|   ap_memory|          K_1_10|         array|
|K_1_10_q0          |   in|    8|   ap_memory|          K_1_10|         array|
|K_1_10_address1    |  out|   13|   ap_memory|          K_1_10|         array|
|K_1_10_ce1         |  out|    1|   ap_memory|          K_1_10|         array|
|K_1_10_q1          |   in|    8|   ap_memory|          K_1_10|         array|
|K_1_11_address0    |  out|   13|   ap_memory|          K_1_11|         array|
|K_1_11_ce0         |  out|    1|   ap_memory|          K_1_11|         array|
|K_1_11_q0          |   in|    8|   ap_memory|          K_1_11|         array|
|K_1_11_address1    |  out|   13|   ap_memory|          K_1_11|         array|
|K_1_11_ce1         |  out|    1|   ap_memory|          K_1_11|         array|
|K_1_11_q1          |   in|    8|   ap_memory|          K_1_11|         array|
|K_1_12_address0    |  out|   13|   ap_memory|          K_1_12|         array|
|K_1_12_ce0         |  out|    1|   ap_memory|          K_1_12|         array|
|K_1_12_q0          |   in|    8|   ap_memory|          K_1_12|         array|
|K_1_12_address1    |  out|   13|   ap_memory|          K_1_12|         array|
|K_1_12_ce1         |  out|    1|   ap_memory|          K_1_12|         array|
|K_1_12_q1          |   in|    8|   ap_memory|          K_1_12|         array|
|K_1_13_address0    |  out|   13|   ap_memory|          K_1_13|         array|
|K_1_13_ce0         |  out|    1|   ap_memory|          K_1_13|         array|
|K_1_13_q0          |   in|    8|   ap_memory|          K_1_13|         array|
|K_1_13_address1    |  out|   13|   ap_memory|          K_1_13|         array|
|K_1_13_ce1         |  out|    1|   ap_memory|          K_1_13|         array|
|K_1_13_q1          |   in|    8|   ap_memory|          K_1_13|         array|
|K_1_14_address0    |  out|   13|   ap_memory|          K_1_14|         array|
|K_1_14_ce0         |  out|    1|   ap_memory|          K_1_14|         array|
|K_1_14_q0          |   in|    8|   ap_memory|          K_1_14|         array|
|K_1_14_address1    |  out|   13|   ap_memory|          K_1_14|         array|
|K_1_14_ce1         |  out|    1|   ap_memory|          K_1_14|         array|
|K_1_14_q1          |   in|    8|   ap_memory|          K_1_14|         array|
|K_1_15_address0    |  out|   13|   ap_memory|          K_1_15|         array|
|K_1_15_ce0         |  out|    1|   ap_memory|          K_1_15|         array|
|K_1_15_q0          |   in|    8|   ap_memory|          K_1_15|         array|
|K_1_15_address1    |  out|   13|   ap_memory|          K_1_15|         array|
|K_1_15_ce1         |  out|    1|   ap_memory|          K_1_15|         array|
|K_1_15_q1          |   in|    8|   ap_memory|          K_1_15|         array|
|K_1_16_address0    |  out|   13|   ap_memory|          K_1_16|         array|
|K_1_16_ce0         |  out|    1|   ap_memory|          K_1_16|         array|
|K_1_16_q0          |   in|    8|   ap_memory|          K_1_16|         array|
|K_1_16_address1    |  out|   13|   ap_memory|          K_1_16|         array|
|K_1_16_ce1         |  out|    1|   ap_memory|          K_1_16|         array|
|K_1_16_q1          |   in|    8|   ap_memory|          K_1_16|         array|
|K_1_17_address0    |  out|   13|   ap_memory|          K_1_17|         array|
|K_1_17_ce0         |  out|    1|   ap_memory|          K_1_17|         array|
|K_1_17_q0          |   in|    8|   ap_memory|          K_1_17|         array|
|K_1_17_address1    |  out|   13|   ap_memory|          K_1_17|         array|
|K_1_17_ce1         |  out|    1|   ap_memory|          K_1_17|         array|
|K_1_17_q1          |   in|    8|   ap_memory|          K_1_17|         array|
|K_1_18_address0    |  out|   13|   ap_memory|          K_1_18|         array|
|K_1_18_ce0         |  out|    1|   ap_memory|          K_1_18|         array|
|K_1_18_q0          |   in|    8|   ap_memory|          K_1_18|         array|
|K_1_18_address1    |  out|   13|   ap_memory|          K_1_18|         array|
|K_1_18_ce1         |  out|    1|   ap_memory|          K_1_18|         array|
|K_1_18_q1          |   in|    8|   ap_memory|          K_1_18|         array|
|K_1_19_address0    |  out|   13|   ap_memory|          K_1_19|         array|
|K_1_19_ce0         |  out|    1|   ap_memory|          K_1_19|         array|
|K_1_19_q0          |   in|    8|   ap_memory|          K_1_19|         array|
|K_1_19_address1    |  out|   13|   ap_memory|          K_1_19|         array|
|K_1_19_ce1         |  out|    1|   ap_memory|          K_1_19|         array|
|K_1_19_q1          |   in|    8|   ap_memory|          K_1_19|         array|
|K_1_20_address0    |  out|   13|   ap_memory|          K_1_20|         array|
|K_1_20_ce0         |  out|    1|   ap_memory|          K_1_20|         array|
|K_1_20_q0          |   in|    8|   ap_memory|          K_1_20|         array|
|K_1_20_address1    |  out|   13|   ap_memory|          K_1_20|         array|
|K_1_20_ce1         |  out|    1|   ap_memory|          K_1_20|         array|
|K_1_20_q1          |   in|    8|   ap_memory|          K_1_20|         array|
|K_1_21_address0    |  out|   13|   ap_memory|          K_1_21|         array|
|K_1_21_ce0         |  out|    1|   ap_memory|          K_1_21|         array|
|K_1_21_q0          |   in|    8|   ap_memory|          K_1_21|         array|
|K_1_21_address1    |  out|   13|   ap_memory|          K_1_21|         array|
|K_1_21_ce1         |  out|    1|   ap_memory|          K_1_21|         array|
|K_1_21_q1          |   in|    8|   ap_memory|          K_1_21|         array|
|K_1_22_address0    |  out|   13|   ap_memory|          K_1_22|         array|
|K_1_22_ce0         |  out|    1|   ap_memory|          K_1_22|         array|
|K_1_22_q0          |   in|    8|   ap_memory|          K_1_22|         array|
|K_1_22_address1    |  out|   13|   ap_memory|          K_1_22|         array|
|K_1_22_ce1         |  out|    1|   ap_memory|          K_1_22|         array|
|K_1_22_q1          |   in|    8|   ap_memory|          K_1_22|         array|
|K_1_23_address0    |  out|   13|   ap_memory|          K_1_23|         array|
|K_1_23_ce0         |  out|    1|   ap_memory|          K_1_23|         array|
|K_1_23_q0          |   in|    8|   ap_memory|          K_1_23|         array|
|K_1_23_address1    |  out|   13|   ap_memory|          K_1_23|         array|
|K_1_23_ce1         |  out|    1|   ap_memory|          K_1_23|         array|
|K_1_23_q1          |   in|    8|   ap_memory|          K_1_23|         array|
|K_1_24_address0    |  out|   13|   ap_memory|          K_1_24|         array|
|K_1_24_ce0         |  out|    1|   ap_memory|          K_1_24|         array|
|K_1_24_q0          |   in|    8|   ap_memory|          K_1_24|         array|
|K_1_24_address1    |  out|   13|   ap_memory|          K_1_24|         array|
|K_1_24_ce1         |  out|    1|   ap_memory|          K_1_24|         array|
|K_1_24_q1          |   in|    8|   ap_memory|          K_1_24|         array|
|K_1_25_address0    |  out|   13|   ap_memory|          K_1_25|         array|
|K_1_25_ce0         |  out|    1|   ap_memory|          K_1_25|         array|
|K_1_25_q0          |   in|    8|   ap_memory|          K_1_25|         array|
|K_1_25_address1    |  out|   13|   ap_memory|          K_1_25|         array|
|K_1_25_ce1         |  out|    1|   ap_memory|          K_1_25|         array|
|K_1_25_q1          |   in|    8|   ap_memory|          K_1_25|         array|
|K_1_26_address0    |  out|   13|   ap_memory|          K_1_26|         array|
|K_1_26_ce0         |  out|    1|   ap_memory|          K_1_26|         array|
|K_1_26_q0          |   in|    8|   ap_memory|          K_1_26|         array|
|K_1_26_address1    |  out|   13|   ap_memory|          K_1_26|         array|
|K_1_26_ce1         |  out|    1|   ap_memory|          K_1_26|         array|
|K_1_26_q1          |   in|    8|   ap_memory|          K_1_26|         array|
|K_1_27_address0    |  out|   13|   ap_memory|          K_1_27|         array|
|K_1_27_ce0         |  out|    1|   ap_memory|          K_1_27|         array|
|K_1_27_q0          |   in|    8|   ap_memory|          K_1_27|         array|
|K_1_27_address1    |  out|   13|   ap_memory|          K_1_27|         array|
|K_1_27_ce1         |  out|    1|   ap_memory|          K_1_27|         array|
|K_1_27_q1          |   in|    8|   ap_memory|          K_1_27|         array|
|K_1_28_address0    |  out|   13|   ap_memory|          K_1_28|         array|
|K_1_28_ce0         |  out|    1|   ap_memory|          K_1_28|         array|
|K_1_28_q0          |   in|    8|   ap_memory|          K_1_28|         array|
|K_1_28_address1    |  out|   13|   ap_memory|          K_1_28|         array|
|K_1_28_ce1         |  out|    1|   ap_memory|          K_1_28|         array|
|K_1_28_q1          |   in|    8|   ap_memory|          K_1_28|         array|
|K_1_29_address0    |  out|   13|   ap_memory|          K_1_29|         array|
|K_1_29_ce0         |  out|    1|   ap_memory|          K_1_29|         array|
|K_1_29_q0          |   in|    8|   ap_memory|          K_1_29|         array|
|K_1_29_address1    |  out|   13|   ap_memory|          K_1_29|         array|
|K_1_29_ce1         |  out|    1|   ap_memory|          K_1_29|         array|
|K_1_29_q1          |   in|    8|   ap_memory|          K_1_29|         array|
|K_1_30_address0    |  out|   13|   ap_memory|          K_1_30|         array|
|K_1_30_ce0         |  out|    1|   ap_memory|          K_1_30|         array|
|K_1_30_q0          |   in|    8|   ap_memory|          K_1_30|         array|
|K_1_30_address1    |  out|   13|   ap_memory|          K_1_30|         array|
|K_1_30_ce1         |  out|    1|   ap_memory|          K_1_30|         array|
|K_1_30_q1          |   in|    8|   ap_memory|          K_1_30|         array|
|K_1_31_address0    |  out|   13|   ap_memory|          K_1_31|         array|
|K_1_31_ce0         |  out|    1|   ap_memory|          K_1_31|         array|
|K_1_31_q0          |   in|    8|   ap_memory|          K_1_31|         array|
|K_1_31_address1    |  out|   13|   ap_memory|          K_1_31|         array|
|K_1_31_ce1         |  out|    1|   ap_memory|          K_1_31|         array|
|K_1_31_q1          |   in|    8|   ap_memory|          K_1_31|         array|
|K_2_0_address0     |  out|   13|   ap_memory|           K_2_0|         array|
|K_2_0_ce0          |  out|    1|   ap_memory|           K_2_0|         array|
|K_2_0_q0           |   in|    8|   ap_memory|           K_2_0|         array|
|K_2_0_address1     |  out|   13|   ap_memory|           K_2_0|         array|
|K_2_0_ce1          |  out|    1|   ap_memory|           K_2_0|         array|
|K_2_0_q1           |   in|    8|   ap_memory|           K_2_0|         array|
|K_2_1_address0     |  out|   13|   ap_memory|           K_2_1|         array|
|K_2_1_ce0          |  out|    1|   ap_memory|           K_2_1|         array|
|K_2_1_q0           |   in|    8|   ap_memory|           K_2_1|         array|
|K_2_1_address1     |  out|   13|   ap_memory|           K_2_1|         array|
|K_2_1_ce1          |  out|    1|   ap_memory|           K_2_1|         array|
|K_2_1_q1           |   in|    8|   ap_memory|           K_2_1|         array|
|K_2_2_address0     |  out|   13|   ap_memory|           K_2_2|         array|
|K_2_2_ce0          |  out|    1|   ap_memory|           K_2_2|         array|
|K_2_2_q0           |   in|    8|   ap_memory|           K_2_2|         array|
|K_2_2_address1     |  out|   13|   ap_memory|           K_2_2|         array|
|K_2_2_ce1          |  out|    1|   ap_memory|           K_2_2|         array|
|K_2_2_q1           |   in|    8|   ap_memory|           K_2_2|         array|
|K_2_3_address0     |  out|   13|   ap_memory|           K_2_3|         array|
|K_2_3_ce0          |  out|    1|   ap_memory|           K_2_3|         array|
|K_2_3_q0           |   in|    8|   ap_memory|           K_2_3|         array|
|K_2_3_address1     |  out|   13|   ap_memory|           K_2_3|         array|
|K_2_3_ce1          |  out|    1|   ap_memory|           K_2_3|         array|
|K_2_3_q1           |   in|    8|   ap_memory|           K_2_3|         array|
|K_2_4_address0     |  out|   13|   ap_memory|           K_2_4|         array|
|K_2_4_ce0          |  out|    1|   ap_memory|           K_2_4|         array|
|K_2_4_q0           |   in|    8|   ap_memory|           K_2_4|         array|
|K_2_4_address1     |  out|   13|   ap_memory|           K_2_4|         array|
|K_2_4_ce1          |  out|    1|   ap_memory|           K_2_4|         array|
|K_2_4_q1           |   in|    8|   ap_memory|           K_2_4|         array|
|K_2_5_address0     |  out|   13|   ap_memory|           K_2_5|         array|
|K_2_5_ce0          |  out|    1|   ap_memory|           K_2_5|         array|
|K_2_5_q0           |   in|    8|   ap_memory|           K_2_5|         array|
|K_2_5_address1     |  out|   13|   ap_memory|           K_2_5|         array|
|K_2_5_ce1          |  out|    1|   ap_memory|           K_2_5|         array|
|K_2_5_q1           |   in|    8|   ap_memory|           K_2_5|         array|
|K_2_6_address0     |  out|   13|   ap_memory|           K_2_6|         array|
|K_2_6_ce0          |  out|    1|   ap_memory|           K_2_6|         array|
|K_2_6_q0           |   in|    8|   ap_memory|           K_2_6|         array|
|K_2_6_address1     |  out|   13|   ap_memory|           K_2_6|         array|
|K_2_6_ce1          |  out|    1|   ap_memory|           K_2_6|         array|
|K_2_6_q1           |   in|    8|   ap_memory|           K_2_6|         array|
|K_2_7_address0     |  out|   13|   ap_memory|           K_2_7|         array|
|K_2_7_ce0          |  out|    1|   ap_memory|           K_2_7|         array|
|K_2_7_q0           |   in|    8|   ap_memory|           K_2_7|         array|
|K_2_7_address1     |  out|   13|   ap_memory|           K_2_7|         array|
|K_2_7_ce1          |  out|    1|   ap_memory|           K_2_7|         array|
|K_2_7_q1           |   in|    8|   ap_memory|           K_2_7|         array|
|K_2_8_address0     |  out|   13|   ap_memory|           K_2_8|         array|
|K_2_8_ce0          |  out|    1|   ap_memory|           K_2_8|         array|
|K_2_8_q0           |   in|    8|   ap_memory|           K_2_8|         array|
|K_2_8_address1     |  out|   13|   ap_memory|           K_2_8|         array|
|K_2_8_ce1          |  out|    1|   ap_memory|           K_2_8|         array|
|K_2_8_q1           |   in|    8|   ap_memory|           K_2_8|         array|
|K_2_9_address0     |  out|   13|   ap_memory|           K_2_9|         array|
|K_2_9_ce0          |  out|    1|   ap_memory|           K_2_9|         array|
|K_2_9_q0           |   in|    8|   ap_memory|           K_2_9|         array|
|K_2_9_address1     |  out|   13|   ap_memory|           K_2_9|         array|
|K_2_9_ce1          |  out|    1|   ap_memory|           K_2_9|         array|
|K_2_9_q1           |   in|    8|   ap_memory|           K_2_9|         array|
|K_2_10_address0    |  out|   13|   ap_memory|          K_2_10|         array|
|K_2_10_ce0         |  out|    1|   ap_memory|          K_2_10|         array|
|K_2_10_q0          |   in|    8|   ap_memory|          K_2_10|         array|
|K_2_10_address1    |  out|   13|   ap_memory|          K_2_10|         array|
|K_2_10_ce1         |  out|    1|   ap_memory|          K_2_10|         array|
|K_2_10_q1          |   in|    8|   ap_memory|          K_2_10|         array|
|K_2_11_address0    |  out|   13|   ap_memory|          K_2_11|         array|
|K_2_11_ce0         |  out|    1|   ap_memory|          K_2_11|         array|
|K_2_11_q0          |   in|    8|   ap_memory|          K_2_11|         array|
|K_2_11_address1    |  out|   13|   ap_memory|          K_2_11|         array|
|K_2_11_ce1         |  out|    1|   ap_memory|          K_2_11|         array|
|K_2_11_q1          |   in|    8|   ap_memory|          K_2_11|         array|
|K_2_12_address0    |  out|   13|   ap_memory|          K_2_12|         array|
|K_2_12_ce0         |  out|    1|   ap_memory|          K_2_12|         array|
|K_2_12_q0          |   in|    8|   ap_memory|          K_2_12|         array|
|K_2_12_address1    |  out|   13|   ap_memory|          K_2_12|         array|
|K_2_12_ce1         |  out|    1|   ap_memory|          K_2_12|         array|
|K_2_12_q1          |   in|    8|   ap_memory|          K_2_12|         array|
|K_2_13_address0    |  out|   13|   ap_memory|          K_2_13|         array|
|K_2_13_ce0         |  out|    1|   ap_memory|          K_2_13|         array|
|K_2_13_q0          |   in|    8|   ap_memory|          K_2_13|         array|
|K_2_13_address1    |  out|   13|   ap_memory|          K_2_13|         array|
|K_2_13_ce1         |  out|    1|   ap_memory|          K_2_13|         array|
|K_2_13_q1          |   in|    8|   ap_memory|          K_2_13|         array|
|K_2_14_address0    |  out|   13|   ap_memory|          K_2_14|         array|
|K_2_14_ce0         |  out|    1|   ap_memory|          K_2_14|         array|
|K_2_14_q0          |   in|    8|   ap_memory|          K_2_14|         array|
|K_2_14_address1    |  out|   13|   ap_memory|          K_2_14|         array|
|K_2_14_ce1         |  out|    1|   ap_memory|          K_2_14|         array|
|K_2_14_q1          |   in|    8|   ap_memory|          K_2_14|         array|
|K_2_15_address0    |  out|   13|   ap_memory|          K_2_15|         array|
|K_2_15_ce0         |  out|    1|   ap_memory|          K_2_15|         array|
|K_2_15_q0          |   in|    8|   ap_memory|          K_2_15|         array|
|K_2_15_address1    |  out|   13|   ap_memory|          K_2_15|         array|
|K_2_15_ce1         |  out|    1|   ap_memory|          K_2_15|         array|
|K_2_15_q1          |   in|    8|   ap_memory|          K_2_15|         array|
|K_2_16_address0    |  out|   13|   ap_memory|          K_2_16|         array|
|K_2_16_ce0         |  out|    1|   ap_memory|          K_2_16|         array|
|K_2_16_q0          |   in|    8|   ap_memory|          K_2_16|         array|
|K_2_16_address1    |  out|   13|   ap_memory|          K_2_16|         array|
|K_2_16_ce1         |  out|    1|   ap_memory|          K_2_16|         array|
|K_2_16_q1          |   in|    8|   ap_memory|          K_2_16|         array|
|K_2_17_address0    |  out|   13|   ap_memory|          K_2_17|         array|
|K_2_17_ce0         |  out|    1|   ap_memory|          K_2_17|         array|
|K_2_17_q0          |   in|    8|   ap_memory|          K_2_17|         array|
|K_2_17_address1    |  out|   13|   ap_memory|          K_2_17|         array|
|K_2_17_ce1         |  out|    1|   ap_memory|          K_2_17|         array|
|K_2_17_q1          |   in|    8|   ap_memory|          K_2_17|         array|
|K_2_18_address0    |  out|   13|   ap_memory|          K_2_18|         array|
|K_2_18_ce0         |  out|    1|   ap_memory|          K_2_18|         array|
|K_2_18_q0          |   in|    8|   ap_memory|          K_2_18|         array|
|K_2_18_address1    |  out|   13|   ap_memory|          K_2_18|         array|
|K_2_18_ce1         |  out|    1|   ap_memory|          K_2_18|         array|
|K_2_18_q1          |   in|    8|   ap_memory|          K_2_18|         array|
|K_2_19_address0    |  out|   13|   ap_memory|          K_2_19|         array|
|K_2_19_ce0         |  out|    1|   ap_memory|          K_2_19|         array|
|K_2_19_q0          |   in|    8|   ap_memory|          K_2_19|         array|
|K_2_19_address1    |  out|   13|   ap_memory|          K_2_19|         array|
|K_2_19_ce1         |  out|    1|   ap_memory|          K_2_19|         array|
|K_2_19_q1          |   in|    8|   ap_memory|          K_2_19|         array|
|K_2_20_address0    |  out|   13|   ap_memory|          K_2_20|         array|
|K_2_20_ce0         |  out|    1|   ap_memory|          K_2_20|         array|
|K_2_20_q0          |   in|    8|   ap_memory|          K_2_20|         array|
|K_2_20_address1    |  out|   13|   ap_memory|          K_2_20|         array|
|K_2_20_ce1         |  out|    1|   ap_memory|          K_2_20|         array|
|K_2_20_q1          |   in|    8|   ap_memory|          K_2_20|         array|
|K_2_21_address0    |  out|   13|   ap_memory|          K_2_21|         array|
|K_2_21_ce0         |  out|    1|   ap_memory|          K_2_21|         array|
|K_2_21_q0          |   in|    8|   ap_memory|          K_2_21|         array|
|K_2_21_address1    |  out|   13|   ap_memory|          K_2_21|         array|
|K_2_21_ce1         |  out|    1|   ap_memory|          K_2_21|         array|
|K_2_21_q1          |   in|    8|   ap_memory|          K_2_21|         array|
|K_2_22_address0    |  out|   13|   ap_memory|          K_2_22|         array|
|K_2_22_ce0         |  out|    1|   ap_memory|          K_2_22|         array|
|K_2_22_q0          |   in|    8|   ap_memory|          K_2_22|         array|
|K_2_22_address1    |  out|   13|   ap_memory|          K_2_22|         array|
|K_2_22_ce1         |  out|    1|   ap_memory|          K_2_22|         array|
|K_2_22_q1          |   in|    8|   ap_memory|          K_2_22|         array|
|K_2_23_address0    |  out|   13|   ap_memory|          K_2_23|         array|
|K_2_23_ce0         |  out|    1|   ap_memory|          K_2_23|         array|
|K_2_23_q0          |   in|    8|   ap_memory|          K_2_23|         array|
|K_2_23_address1    |  out|   13|   ap_memory|          K_2_23|         array|
|K_2_23_ce1         |  out|    1|   ap_memory|          K_2_23|         array|
|K_2_23_q1          |   in|    8|   ap_memory|          K_2_23|         array|
|K_2_24_address0    |  out|   13|   ap_memory|          K_2_24|         array|
|K_2_24_ce0         |  out|    1|   ap_memory|          K_2_24|         array|
|K_2_24_q0          |   in|    8|   ap_memory|          K_2_24|         array|
|K_2_24_address1    |  out|   13|   ap_memory|          K_2_24|         array|
|K_2_24_ce1         |  out|    1|   ap_memory|          K_2_24|         array|
|K_2_24_q1          |   in|    8|   ap_memory|          K_2_24|         array|
|K_2_25_address0    |  out|   13|   ap_memory|          K_2_25|         array|
|K_2_25_ce0         |  out|    1|   ap_memory|          K_2_25|         array|
|K_2_25_q0          |   in|    8|   ap_memory|          K_2_25|         array|
|K_2_25_address1    |  out|   13|   ap_memory|          K_2_25|         array|
|K_2_25_ce1         |  out|    1|   ap_memory|          K_2_25|         array|
|K_2_25_q1          |   in|    8|   ap_memory|          K_2_25|         array|
|K_2_26_address0    |  out|   13|   ap_memory|          K_2_26|         array|
|K_2_26_ce0         |  out|    1|   ap_memory|          K_2_26|         array|
|K_2_26_q0          |   in|    8|   ap_memory|          K_2_26|         array|
|K_2_26_address1    |  out|   13|   ap_memory|          K_2_26|         array|
|K_2_26_ce1         |  out|    1|   ap_memory|          K_2_26|         array|
|K_2_26_q1          |   in|    8|   ap_memory|          K_2_26|         array|
|K_2_27_address0    |  out|   13|   ap_memory|          K_2_27|         array|
|K_2_27_ce0         |  out|    1|   ap_memory|          K_2_27|         array|
|K_2_27_q0          |   in|    8|   ap_memory|          K_2_27|         array|
|K_2_27_address1    |  out|   13|   ap_memory|          K_2_27|         array|
|K_2_27_ce1         |  out|    1|   ap_memory|          K_2_27|         array|
|K_2_27_q1          |   in|    8|   ap_memory|          K_2_27|         array|
|K_2_28_address0    |  out|   13|   ap_memory|          K_2_28|         array|
|K_2_28_ce0         |  out|    1|   ap_memory|          K_2_28|         array|
|K_2_28_q0          |   in|    8|   ap_memory|          K_2_28|         array|
|K_2_28_address1    |  out|   13|   ap_memory|          K_2_28|         array|
|K_2_28_ce1         |  out|    1|   ap_memory|          K_2_28|         array|
|K_2_28_q1          |   in|    8|   ap_memory|          K_2_28|         array|
|K_2_29_address0    |  out|   13|   ap_memory|          K_2_29|         array|
|K_2_29_ce0         |  out|    1|   ap_memory|          K_2_29|         array|
|K_2_29_q0          |   in|    8|   ap_memory|          K_2_29|         array|
|K_2_29_address1    |  out|   13|   ap_memory|          K_2_29|         array|
|K_2_29_ce1         |  out|    1|   ap_memory|          K_2_29|         array|
|K_2_29_q1          |   in|    8|   ap_memory|          K_2_29|         array|
|K_2_30_address0    |  out|   13|   ap_memory|          K_2_30|         array|
|K_2_30_ce0         |  out|    1|   ap_memory|          K_2_30|         array|
|K_2_30_q0          |   in|    8|   ap_memory|          K_2_30|         array|
|K_2_30_address1    |  out|   13|   ap_memory|          K_2_30|         array|
|K_2_30_ce1         |  out|    1|   ap_memory|          K_2_30|         array|
|K_2_30_q1          |   in|    8|   ap_memory|          K_2_30|         array|
|K_2_31_address0    |  out|   13|   ap_memory|          K_2_31|         array|
|K_2_31_ce0         |  out|    1|   ap_memory|          K_2_31|         array|
|K_2_31_q0          |   in|    8|   ap_memory|          K_2_31|         array|
|K_2_31_address1    |  out|   13|   ap_memory|          K_2_31|         array|
|K_2_31_ce1         |  out|    1|   ap_memory|          K_2_31|         array|
|K_2_31_q1          |   in|    8|   ap_memory|          K_2_31|         array|
|K_3_0_address0     |  out|   13|   ap_memory|           K_3_0|         array|
|K_3_0_ce0          |  out|    1|   ap_memory|           K_3_0|         array|
|K_3_0_q0           |   in|    8|   ap_memory|           K_3_0|         array|
|K_3_0_address1     |  out|   13|   ap_memory|           K_3_0|         array|
|K_3_0_ce1          |  out|    1|   ap_memory|           K_3_0|         array|
|K_3_0_q1           |   in|    8|   ap_memory|           K_3_0|         array|
|K_3_1_address0     |  out|   13|   ap_memory|           K_3_1|         array|
|K_3_1_ce0          |  out|    1|   ap_memory|           K_3_1|         array|
|K_3_1_q0           |   in|    8|   ap_memory|           K_3_1|         array|
|K_3_1_address1     |  out|   13|   ap_memory|           K_3_1|         array|
|K_3_1_ce1          |  out|    1|   ap_memory|           K_3_1|         array|
|K_3_1_q1           |   in|    8|   ap_memory|           K_3_1|         array|
|K_3_2_address0     |  out|   13|   ap_memory|           K_3_2|         array|
|K_3_2_ce0          |  out|    1|   ap_memory|           K_3_2|         array|
|K_3_2_q0           |   in|    8|   ap_memory|           K_3_2|         array|
|K_3_2_address1     |  out|   13|   ap_memory|           K_3_2|         array|
|K_3_2_ce1          |  out|    1|   ap_memory|           K_3_2|         array|
|K_3_2_q1           |   in|    8|   ap_memory|           K_3_2|         array|
|K_3_3_address0     |  out|   13|   ap_memory|           K_3_3|         array|
|K_3_3_ce0          |  out|    1|   ap_memory|           K_3_3|         array|
|K_3_3_q0           |   in|    8|   ap_memory|           K_3_3|         array|
|K_3_3_address1     |  out|   13|   ap_memory|           K_3_3|         array|
|K_3_3_ce1          |  out|    1|   ap_memory|           K_3_3|         array|
|K_3_3_q1           |   in|    8|   ap_memory|           K_3_3|         array|
|K_3_4_address0     |  out|   13|   ap_memory|           K_3_4|         array|
|K_3_4_ce0          |  out|    1|   ap_memory|           K_3_4|         array|
|K_3_4_q0           |   in|    8|   ap_memory|           K_3_4|         array|
|K_3_4_address1     |  out|   13|   ap_memory|           K_3_4|         array|
|K_3_4_ce1          |  out|    1|   ap_memory|           K_3_4|         array|
|K_3_4_q1           |   in|    8|   ap_memory|           K_3_4|         array|
|K_3_5_address0     |  out|   13|   ap_memory|           K_3_5|         array|
|K_3_5_ce0          |  out|    1|   ap_memory|           K_3_5|         array|
|K_3_5_q0           |   in|    8|   ap_memory|           K_3_5|         array|
|K_3_5_address1     |  out|   13|   ap_memory|           K_3_5|         array|
|K_3_5_ce1          |  out|    1|   ap_memory|           K_3_5|         array|
|K_3_5_q1           |   in|    8|   ap_memory|           K_3_5|         array|
|K_3_6_address0     |  out|   13|   ap_memory|           K_3_6|         array|
|K_3_6_ce0          |  out|    1|   ap_memory|           K_3_6|         array|
|K_3_6_q0           |   in|    8|   ap_memory|           K_3_6|         array|
|K_3_6_address1     |  out|   13|   ap_memory|           K_3_6|         array|
|K_3_6_ce1          |  out|    1|   ap_memory|           K_3_6|         array|
|K_3_6_q1           |   in|    8|   ap_memory|           K_3_6|         array|
|K_3_7_address0     |  out|   13|   ap_memory|           K_3_7|         array|
|K_3_7_ce0          |  out|    1|   ap_memory|           K_3_7|         array|
|K_3_7_q0           |   in|    8|   ap_memory|           K_3_7|         array|
|K_3_7_address1     |  out|   13|   ap_memory|           K_3_7|         array|
|K_3_7_ce1          |  out|    1|   ap_memory|           K_3_7|         array|
|K_3_7_q1           |   in|    8|   ap_memory|           K_3_7|         array|
|K_3_8_address0     |  out|   13|   ap_memory|           K_3_8|         array|
|K_3_8_ce0          |  out|    1|   ap_memory|           K_3_8|         array|
|K_3_8_q0           |   in|    8|   ap_memory|           K_3_8|         array|
|K_3_8_address1     |  out|   13|   ap_memory|           K_3_8|         array|
|K_3_8_ce1          |  out|    1|   ap_memory|           K_3_8|         array|
|K_3_8_q1           |   in|    8|   ap_memory|           K_3_8|         array|
|K_3_9_address0     |  out|   13|   ap_memory|           K_3_9|         array|
|K_3_9_ce0          |  out|    1|   ap_memory|           K_3_9|         array|
|K_3_9_q0           |   in|    8|   ap_memory|           K_3_9|         array|
|K_3_9_address1     |  out|   13|   ap_memory|           K_3_9|         array|
|K_3_9_ce1          |  out|    1|   ap_memory|           K_3_9|         array|
|K_3_9_q1           |   in|    8|   ap_memory|           K_3_9|         array|
|K_3_10_address0    |  out|   13|   ap_memory|          K_3_10|         array|
|K_3_10_ce0         |  out|    1|   ap_memory|          K_3_10|         array|
|K_3_10_q0          |   in|    8|   ap_memory|          K_3_10|         array|
|K_3_10_address1    |  out|   13|   ap_memory|          K_3_10|         array|
|K_3_10_ce1         |  out|    1|   ap_memory|          K_3_10|         array|
|K_3_10_q1          |   in|    8|   ap_memory|          K_3_10|         array|
|K_3_11_address0    |  out|   13|   ap_memory|          K_3_11|         array|
|K_3_11_ce0         |  out|    1|   ap_memory|          K_3_11|         array|
|K_3_11_q0          |   in|    8|   ap_memory|          K_3_11|         array|
|K_3_11_address1    |  out|   13|   ap_memory|          K_3_11|         array|
|K_3_11_ce1         |  out|    1|   ap_memory|          K_3_11|         array|
|K_3_11_q1          |   in|    8|   ap_memory|          K_3_11|         array|
|K_3_12_address0    |  out|   13|   ap_memory|          K_3_12|         array|
|K_3_12_ce0         |  out|    1|   ap_memory|          K_3_12|         array|
|K_3_12_q0          |   in|    8|   ap_memory|          K_3_12|         array|
|K_3_12_address1    |  out|   13|   ap_memory|          K_3_12|         array|
|K_3_12_ce1         |  out|    1|   ap_memory|          K_3_12|         array|
|K_3_12_q1          |   in|    8|   ap_memory|          K_3_12|         array|
|K_3_13_address0    |  out|   13|   ap_memory|          K_3_13|         array|
|K_3_13_ce0         |  out|    1|   ap_memory|          K_3_13|         array|
|K_3_13_q0          |   in|    8|   ap_memory|          K_3_13|         array|
|K_3_13_address1    |  out|   13|   ap_memory|          K_3_13|         array|
|K_3_13_ce1         |  out|    1|   ap_memory|          K_3_13|         array|
|K_3_13_q1          |   in|    8|   ap_memory|          K_3_13|         array|
|K_3_14_address0    |  out|   13|   ap_memory|          K_3_14|         array|
|K_3_14_ce0         |  out|    1|   ap_memory|          K_3_14|         array|
|K_3_14_q0          |   in|    8|   ap_memory|          K_3_14|         array|
|K_3_14_address1    |  out|   13|   ap_memory|          K_3_14|         array|
|K_3_14_ce1         |  out|    1|   ap_memory|          K_3_14|         array|
|K_3_14_q1          |   in|    8|   ap_memory|          K_3_14|         array|
|K_3_15_address0    |  out|   13|   ap_memory|          K_3_15|         array|
|K_3_15_ce0         |  out|    1|   ap_memory|          K_3_15|         array|
|K_3_15_q0          |   in|    8|   ap_memory|          K_3_15|         array|
|K_3_15_address1    |  out|   13|   ap_memory|          K_3_15|         array|
|K_3_15_ce1         |  out|    1|   ap_memory|          K_3_15|         array|
|K_3_15_q1          |   in|    8|   ap_memory|          K_3_15|         array|
|K_3_16_address0    |  out|   13|   ap_memory|          K_3_16|         array|
|K_3_16_ce0         |  out|    1|   ap_memory|          K_3_16|         array|
|K_3_16_q0          |   in|    8|   ap_memory|          K_3_16|         array|
|K_3_16_address1    |  out|   13|   ap_memory|          K_3_16|         array|
|K_3_16_ce1         |  out|    1|   ap_memory|          K_3_16|         array|
|K_3_16_q1          |   in|    8|   ap_memory|          K_3_16|         array|
|K_3_17_address0    |  out|   13|   ap_memory|          K_3_17|         array|
|K_3_17_ce0         |  out|    1|   ap_memory|          K_3_17|         array|
|K_3_17_q0          |   in|    8|   ap_memory|          K_3_17|         array|
|K_3_17_address1    |  out|   13|   ap_memory|          K_3_17|         array|
|K_3_17_ce1         |  out|    1|   ap_memory|          K_3_17|         array|
|K_3_17_q1          |   in|    8|   ap_memory|          K_3_17|         array|
|K_3_18_address0    |  out|   13|   ap_memory|          K_3_18|         array|
|K_3_18_ce0         |  out|    1|   ap_memory|          K_3_18|         array|
|K_3_18_q0          |   in|    8|   ap_memory|          K_3_18|         array|
|K_3_18_address1    |  out|   13|   ap_memory|          K_3_18|         array|
|K_3_18_ce1         |  out|    1|   ap_memory|          K_3_18|         array|
|K_3_18_q1          |   in|    8|   ap_memory|          K_3_18|         array|
|K_3_19_address0    |  out|   13|   ap_memory|          K_3_19|         array|
|K_3_19_ce0         |  out|    1|   ap_memory|          K_3_19|         array|
|K_3_19_q0          |   in|    8|   ap_memory|          K_3_19|         array|
|K_3_19_address1    |  out|   13|   ap_memory|          K_3_19|         array|
|K_3_19_ce1         |  out|    1|   ap_memory|          K_3_19|         array|
|K_3_19_q1          |   in|    8|   ap_memory|          K_3_19|         array|
|K_3_20_address0    |  out|   13|   ap_memory|          K_3_20|         array|
|K_3_20_ce0         |  out|    1|   ap_memory|          K_3_20|         array|
|K_3_20_q0          |   in|    8|   ap_memory|          K_3_20|         array|
|K_3_20_address1    |  out|   13|   ap_memory|          K_3_20|         array|
|K_3_20_ce1         |  out|    1|   ap_memory|          K_3_20|         array|
|K_3_20_q1          |   in|    8|   ap_memory|          K_3_20|         array|
|K_3_21_address0    |  out|   13|   ap_memory|          K_3_21|         array|
|K_3_21_ce0         |  out|    1|   ap_memory|          K_3_21|         array|
|K_3_21_q0          |   in|    8|   ap_memory|          K_3_21|         array|
|K_3_21_address1    |  out|   13|   ap_memory|          K_3_21|         array|
|K_3_21_ce1         |  out|    1|   ap_memory|          K_3_21|         array|
|K_3_21_q1          |   in|    8|   ap_memory|          K_3_21|         array|
|K_3_22_address0    |  out|   13|   ap_memory|          K_3_22|         array|
|K_3_22_ce0         |  out|    1|   ap_memory|          K_3_22|         array|
|K_3_22_q0          |   in|    8|   ap_memory|          K_3_22|         array|
|K_3_22_address1    |  out|   13|   ap_memory|          K_3_22|         array|
|K_3_22_ce1         |  out|    1|   ap_memory|          K_3_22|         array|
|K_3_22_q1          |   in|    8|   ap_memory|          K_3_22|         array|
|K_3_23_address0    |  out|   13|   ap_memory|          K_3_23|         array|
|K_3_23_ce0         |  out|    1|   ap_memory|          K_3_23|         array|
|K_3_23_q0          |   in|    8|   ap_memory|          K_3_23|         array|
|K_3_23_address1    |  out|   13|   ap_memory|          K_3_23|         array|
|K_3_23_ce1         |  out|    1|   ap_memory|          K_3_23|         array|
|K_3_23_q1          |   in|    8|   ap_memory|          K_3_23|         array|
|K_3_24_address0    |  out|   13|   ap_memory|          K_3_24|         array|
|K_3_24_ce0         |  out|    1|   ap_memory|          K_3_24|         array|
|K_3_24_q0          |   in|    8|   ap_memory|          K_3_24|         array|
|K_3_24_address1    |  out|   13|   ap_memory|          K_3_24|         array|
|K_3_24_ce1         |  out|    1|   ap_memory|          K_3_24|         array|
|K_3_24_q1          |   in|    8|   ap_memory|          K_3_24|         array|
|K_3_25_address0    |  out|   13|   ap_memory|          K_3_25|         array|
|K_3_25_ce0         |  out|    1|   ap_memory|          K_3_25|         array|
|K_3_25_q0          |   in|    8|   ap_memory|          K_3_25|         array|
|K_3_25_address1    |  out|   13|   ap_memory|          K_3_25|         array|
|K_3_25_ce1         |  out|    1|   ap_memory|          K_3_25|         array|
|K_3_25_q1          |   in|    8|   ap_memory|          K_3_25|         array|
|K_3_26_address0    |  out|   13|   ap_memory|          K_3_26|         array|
|K_3_26_ce0         |  out|    1|   ap_memory|          K_3_26|         array|
|K_3_26_q0          |   in|    8|   ap_memory|          K_3_26|         array|
|K_3_26_address1    |  out|   13|   ap_memory|          K_3_26|         array|
|K_3_26_ce1         |  out|    1|   ap_memory|          K_3_26|         array|
|K_3_26_q1          |   in|    8|   ap_memory|          K_3_26|         array|
|K_3_27_address0    |  out|   13|   ap_memory|          K_3_27|         array|
|K_3_27_ce0         |  out|    1|   ap_memory|          K_3_27|         array|
|K_3_27_q0          |   in|    8|   ap_memory|          K_3_27|         array|
|K_3_27_address1    |  out|   13|   ap_memory|          K_3_27|         array|
|K_3_27_ce1         |  out|    1|   ap_memory|          K_3_27|         array|
|K_3_27_q1          |   in|    8|   ap_memory|          K_3_27|         array|
|K_3_28_address0    |  out|   13|   ap_memory|          K_3_28|         array|
|K_3_28_ce0         |  out|    1|   ap_memory|          K_3_28|         array|
|K_3_28_q0          |   in|    8|   ap_memory|          K_3_28|         array|
|K_3_28_address1    |  out|   13|   ap_memory|          K_3_28|         array|
|K_3_28_ce1         |  out|    1|   ap_memory|          K_3_28|         array|
|K_3_28_q1          |   in|    8|   ap_memory|          K_3_28|         array|
|K_3_29_address0    |  out|   13|   ap_memory|          K_3_29|         array|
|K_3_29_ce0         |  out|    1|   ap_memory|          K_3_29|         array|
|K_3_29_q0          |   in|    8|   ap_memory|          K_3_29|         array|
|K_3_29_address1    |  out|   13|   ap_memory|          K_3_29|         array|
|K_3_29_ce1         |  out|    1|   ap_memory|          K_3_29|         array|
|K_3_29_q1          |   in|    8|   ap_memory|          K_3_29|         array|
|K_3_30_address0    |  out|   13|   ap_memory|          K_3_30|         array|
|K_3_30_ce0         |  out|    1|   ap_memory|          K_3_30|         array|
|K_3_30_q0          |   in|    8|   ap_memory|          K_3_30|         array|
|K_3_30_address1    |  out|   13|   ap_memory|          K_3_30|         array|
|K_3_30_ce1         |  out|    1|   ap_memory|          K_3_30|         array|
|K_3_30_q1          |   in|    8|   ap_memory|          K_3_30|         array|
|K_3_31_address0    |  out|   13|   ap_memory|          K_3_31|         array|
|K_3_31_ce0         |  out|    1|   ap_memory|          K_3_31|         array|
|K_3_31_q0          |   in|    8|   ap_memory|          K_3_31|         array|
|K_3_31_address1    |  out|   13|   ap_memory|          K_3_31|         array|
|K_3_31_ce1         |  out|    1|   ap_memory|          K_3_31|         array|
|K_3_31_q1          |   in|    8|   ap_memory|          K_3_31|         array|
|scores_0_address0  |  out|    7|   ap_memory|        scores_0|         array|
|scores_0_ce0       |  out|    1|   ap_memory|        scores_0|         array|
|scores_0_we0       |  out|    1|   ap_memory|        scores_0|         array|
|scores_0_d0        |  out|   16|   ap_memory|        scores_0|         array|
|scores_1_address0  |  out|    7|   ap_memory|        scores_1|         array|
|scores_1_ce0       |  out|    1|   ap_memory|        scores_1|         array|
|scores_1_we0       |  out|    1|   ap_memory|        scores_1|         array|
|scores_1_d0        |  out|   16|   ap_memory|        scores_1|         array|
+-------------------+-----+-----+------------+----------------+--------------+

