

================================================================
== Synthesis Summary Report of 'vit_patch_embed'
================================================================
+ General Information: 
    * Date:           Tue May 19 23:33:00 2026
    * Version:        2024.1 (Build 5069499 on May 21 2024)
    * Project:        vit_patch_hls
    * Solution:       sol1 (Vivado IP Flow Target)
    * Product family: versalaicore
    * Target device:  xcvc1902-vsva2197-2MP-e-S
    

+ Performance & Resource Estimates: 
    
    PS: '+' for module; 'o' for loop; '*' for dataflow
    +-------------------------------------+------+------+---------+-----------+----------+---------+------+----------+------+-----------+------------+------------+-----+
    |               Modules               | Issue|      | Latency |  Latency  | Iteration|         | Trip |          |      |           |            |            |     |
    |               & Loops               | Type | Slack| (cycles)|    (ns)   |  Latency | Interval| Count| Pipelined| BRAM |    DSP    |     FF     |     LUT    | URAM|
    +-------------------------------------+------+------+---------+-----------+----------+---------+------+----------+------+-----------+------------+------------+-----+
    |+ vit_patch_embed                    |     -|  0.25|   278517|  1.114e+06|         -|   278518|     -|        no|     -|  257 (13%)|  37602 (2%)|  30596 (3%)|    -|
    | o P_LOOP                            |     -|  2.92|   278516|  1.114e+06|      1421|        -|   196|        no|     -|          -|           -|           -|    -|
    |  + vit_patch_embed_Pipeline_J_LOOP  |     -|  0.29|     1034|  4.136e+03|         -|     1034|     -|        no|     -|  257 (13%)|  19099 (1%)|  3262 (~0%)|    -|
    |   o J_LOOP                          |     -|  2.92|     1032|  4.128e+03|        10|        1|  1024|       yes|     -|          -|           -|           -|    -|
    +-------------------------------------+------+------+---------+-----------+----------+---------+------+----------+------+-----------+------------+------------+-----+


================================================================
== HW Interfaces
================================================================
* AP_MEMORY
+----------------+-----------+----------+
| Port           | Direction | Bitwidth |
+----------------+-----------+----------+
| W_0_address0   | out       | 11       |
| W_0_address1   | out       | 11       |
| W_0_q0         | in        | 8        |
| W_0_q1         | in        | 8        |
| W_100_address0 | out       | 11       |
| W_100_address1 | out       | 11       |
| W_100_q0       | in        | 8        |
| W_100_q1       | in        | 8        |
| W_101_address0 | out       | 11       |
| W_101_address1 | out       | 11       |
| W_101_q0       | in        | 8        |
| W_101_q1       | in        | 8        |
| W_102_address0 | out       | 11       |
| W_102_address1 | out       | 11       |
| W_102_q0       | in        | 8        |
| W_102_q1       | in        | 8        |
| W_103_address0 | out       | 11       |
| W_103_address1 | out       | 11       |
| W_103_q0       | in        | 8        |
| W_103_q1       | in        | 8        |
| W_104_address0 | out       | 11       |
| W_104_address1 | out       | 11       |
| W_104_q0       | in        | 8        |
| W_104_q1       | in        | 8        |
| W_105_address0 | out       | 11       |
| W_105_address1 | out       | 11       |
| W_105_q0       | in        | 8        |
| W_105_q1       | in        | 8        |
| W_106_address0 | out       | 11       |
| W_106_address1 | out       | 11       |
| W_106_q0       | in        | 8        |
| W_106_q1       | in        | 8        |
| W_107_address0 | out       | 11       |
| W_107_address1 | out       | 11       |
| W_107_q0       | in        | 8        |
| W_107_q1       | in        | 8        |
| W_108_address0 | out       | 11       |
| W_108_address1 | out       | 11       |
| W_108_q0       | in        | 8        |
| W_108_q1       | in        | 8        |
| W_109_address0 | out       | 11       |
| W_109_address1 | out       | 11       |
| W_109_q0       | in        | 8        |
| W_109_q1       | in        | 8        |
| W_10_address0  | out       | 11       |
| W_10_address1  | out       | 11       |
| W_10_q0        | in        | 8        |
| W_10_q1        | in        | 8        |
| W_110_address0 | out       | 11       |
| W_110_address1 | out       | 11       |
| W_110_q0       | in        | 8        |
| W_110_q1       | in        | 8        |
| W_111_address0 | out       | 11       |
| W_111_address1 | out       | 11       |
| W_111_q0       | in        | 8        |
| W_111_q1       | in        | 8        |
| W_112_address0 | out       | 11       |
| W_112_address1 | out       | 11       |
| W_112_q0       | in        | 8        |
| W_112_q1       | in        | 8        |
| W_113_address0 | out       | 11       |
| W_113_address1 | out       | 11       |
| W_113_q0       | in        | 8        |
| W_113_q1       | in        | 8        |
| W_114_address0 | out       | 11       |
| W_114_address1 | out       | 11       |
| W_114_q0       | in        | 8        |
| W_114_q1       | in        | 8        |
| W_115_address0 | out       | 11       |
| W_115_address1 | out       | 11       |
| W_115_q0       | in        | 8        |
| W_115_q1       | in        | 8        |
| W_116_address0 | out       | 11       |
| W_116_address1 | out       | 11       |
| W_116_q0       | in        | 8        |
| W_116_q1       | in        | 8        |
| W_117_address0 | out       | 11       |
| W_117_address1 | out       | 11       |
| W_117_q0       | in        | 8        |
| W_117_q1       | in        | 8        |
| W_118_address0 | out       | 11       |
| W_118_address1 | out       | 11       |
| W_118_q0       | in        | 8        |
| W_118_q1       | in        | 8        |
| W_119_address0 | out       | 11       |
| W_119_address1 | out       | 11       |
| W_119_q0       | in        | 8        |
| W_119_q1       | in        | 8        |
| W_11_address0  | out       | 11       |
| W_11_address1  | out       | 11       |
| W_11_q0        | in        | 8        |
| W_11_q1        | in        | 8        |
| W_120_address0 | out       | 11       |
| W_120_address1 | out       | 11       |
| W_120_q0       | in        | 8        |
| W_120_q1       | in        | 8        |
| W_121_address0 | out       | 11       |
| W_121_address1 | out       | 11       |
| W_121_q0       | in        | 8        |
| W_121_q1       | in        | 8        |
| W_122_address0 | out       | 11       |
| W_122_address1 | out       | 11       |
| W_122_q0       | in        | 8        |
| W_122_q1       | in        | 8        |
| W_123_address0 | out       | 11       |
| W_123_address1 | out       | 11       |
| W_123_q0       | in        | 8        |
| W_123_q1       | in        | 8        |
| W_124_address0 | out       | 11       |
| W_124_address1 | out       | 11       |
| W_124_q0       | in        | 8        |
| W_124_q1       | in        | 8        |
| W_125_address0 | out       | 11       |
| W_125_address1 | out       | 11       |
| W_125_q0       | in        | 8        |
| W_125_q1       | in        | 8        |
| W_126_address0 | out       | 11       |
| W_126_address1 | out       | 11       |
| W_126_q0       | in        | 8        |
| W_126_q1       | in        | 8        |
| W_127_address0 | out       | 11       |
| W_127_address1 | out       | 11       |
| W_127_q0       | in        | 8        |
| W_127_q1       | in        | 8        |
| W_128_address0 | out       | 11       |
| W_128_address1 | out       | 11       |
| W_128_q0       | in        | 8        |
| W_128_q1       | in        | 8        |
| W_129_address0 | out       | 11       |
| W_129_address1 | out       | 11       |
| W_129_q0       | in        | 8        |
| W_129_q1       | in        | 8        |
| W_12_address0  | out       | 11       |
| W_12_address1  | out       | 11       |
| W_12_q0        | in        | 8        |
| W_12_q1        | in        | 8        |
| W_130_address0 | out       | 11       |
| W_130_address1 | out       | 11       |
| W_130_q0       | in        | 8        |
| W_130_q1       | in        | 8        |
| W_131_address0 | out       | 11       |
| W_131_address1 | out       | 11       |
| W_131_q0       | in        | 8        |
| W_131_q1       | in        | 8        |
| W_132_address0 | out       | 11       |
| W_132_address1 | out       | 11       |
| W_132_q0       | in        | 8        |
| W_132_q1       | in        | 8        |
| W_133_address0 | out       | 11       |
| W_133_address1 | out       | 11       |
| W_133_q0       | in        | 8        |
| W_133_q1       | in        | 8        |
| W_134_address0 | out       | 11       |
| W_134_address1 | out       | 11       |
| W_134_q0       | in        | 8        |
| W_134_q1       | in        | 8        |
| W_135_address0 | out       | 11       |
| W_135_address1 | out       | 11       |
| W_135_q0       | in        | 8        |
| W_135_q1       | in        | 8        |
| W_136_address0 | out       | 11       |
| W_136_address1 | out       | 11       |
| W_136_q0       | in        | 8        |
| W_136_q1       | in        | 8        |
| W_137_address0 | out       | 11       |
| W_137_address1 | out       | 11       |
| W_137_q0       | in        | 8        |
| W_137_q1       | in        | 8        |
| W_138_address0 | out       | 11       |
| W_138_address1 | out       | 11       |
| W_138_q0       | in        | 8        |
| W_138_q1       | in        | 8        |
| W_139_address0 | out       | 11       |
| W_139_address1 | out       | 11       |
| W_139_q0       | in        | 8        |
| W_139_q1       | in        | 8        |
| W_13_address0  | out       | 11       |
| W_13_address1  | out       | 11       |
| W_13_q0        | in        | 8        |
| W_13_q1        | in        | 8        |
| W_140_address0 | out       | 11       |
| W_140_address1 | out       | 11       |
| W_140_q0       | in        | 8        |
| W_140_q1       | in        | 8        |
| W_141_address0 | out       | 11       |
| W_141_address1 | out       | 11       |
| W_141_q0       | in        | 8        |
| W_141_q1       | in        | 8        |
| W_142_address0 | out       | 11       |
| W_142_address1 | out       | 11       |
| W_142_q0       | in        | 8        |
| W_142_q1       | in        | 8        |
| W_143_address0 | out       | 11       |
| W_143_address1 | out       | 11       |
| W_143_q0       | in        | 8        |
| W_143_q1       | in        | 8        |
| W_144_address0 | out       | 11       |
| W_144_address1 | out       | 11       |
| W_144_q0       | in        | 8        |
| W_144_q1       | in        | 8        |
| W_145_address0 | out       | 11       |
| W_145_address1 | out       | 11       |
| W_145_q0       | in        | 8        |
| W_145_q1       | in        | 8        |
| W_146_address0 | out       | 11       |
| W_146_address1 | out       | 11       |
| W_146_q0       | in        | 8        |
| W_146_q1       | in        | 8        |
| W_147_address0 | out       | 11       |
| W_147_address1 | out       | 11       |
| W_147_q0       | in        | 8        |
| W_147_q1       | in        | 8        |
| W_148_address0 | out       | 11       |
| W_148_address1 | out       | 11       |
| W_148_q0       | in        | 8        |
| W_148_q1       | in        | 8        |
| W_149_address0 | out       | 11       |
| W_149_address1 | out       | 11       |
| W_149_q0       | in        | 8        |
| W_149_q1       | in        | 8        |
| W_14_address0  | out       | 11       |
| W_14_address1  | out       | 11       |
| W_14_q0        | in        | 8        |
| W_14_q1        | in        | 8        |
| W_150_address0 | out       | 11       |
| W_150_address1 | out       | 11       |
| W_150_q0       | in        | 8        |
| W_150_q1       | in        | 8        |
| W_151_address0 | out       | 11       |
| W_151_address1 | out       | 11       |
| W_151_q0       | in        | 8        |
| W_151_q1       | in        | 8        |
| W_152_address0 | out       | 11       |
| W_152_address1 | out       | 11       |
| W_152_q0       | in        | 8        |
| W_152_q1       | in        | 8        |
| W_153_address0 | out       | 11       |
| W_153_address1 | out       | 11       |
| W_153_q0       | in        | 8        |
| W_153_q1       | in        | 8        |
| W_154_address0 | out       | 11       |
| W_154_address1 | out       | 11       |
| W_154_q0       | in        | 8        |
| W_154_q1       | in        | 8        |
| W_155_address0 | out       | 11       |
| W_155_address1 | out       | 11       |
| W_155_q0       | in        | 8        |
| W_155_q1       | in        | 8        |
| W_156_address0 | out       | 11       |
| W_156_address1 | out       | 11       |
| W_156_q0       | in        | 8        |
| W_156_q1       | in        | 8        |
| W_157_address0 | out       | 11       |
| W_157_address1 | out       | 11       |
| W_157_q0       | in        | 8        |
| W_157_q1       | in        | 8        |
| W_158_address0 | out       | 11       |
| W_158_address1 | out       | 11       |
| W_158_q0       | in        | 8        |
| W_158_q1       | in        | 8        |
| W_159_address0 | out       | 11       |
| W_159_address1 | out       | 11       |
| W_159_q0       | in        | 8        |
| W_159_q1       | in        | 8        |
| W_15_address0  | out       | 11       |
| W_15_address1  | out       | 11       |
| W_15_q0        | in        | 8        |
| W_15_q1        | in        | 8        |
| W_160_address0 | out       | 11       |
| W_160_address1 | out       | 11       |
| W_160_q0       | in        | 8        |
| W_160_q1       | in        | 8        |
| W_161_address0 | out       | 11       |
| W_161_address1 | out       | 11       |
| W_161_q0       | in        | 8        |
| W_161_q1       | in        | 8        |
| W_162_address0 | out       | 11       |
| W_162_address1 | out       | 11       |
| W_162_q0       | in        | 8        |
| W_162_q1       | in        | 8        |
| W_163_address0 | out       | 11       |
| W_163_address1 | out       | 11       |
| W_163_q0       | in        | 8        |
| W_163_q1       | in        | 8        |
| W_164_address0 | out       | 11       |
| W_164_address1 | out       | 11       |
| W_164_q0       | in        | 8        |
| W_164_q1       | in        | 8        |
| W_165_address0 | out       | 11       |
| W_165_address1 | out       | 11       |
| W_165_q0       | in        | 8        |
| W_165_q1       | in        | 8        |
| W_166_address0 | out       | 11       |
| W_166_address1 | out       | 11       |
| W_166_q0       | in        | 8        |
| W_166_q1       | in        | 8        |
| W_167_address0 | out       | 11       |
| W_167_address1 | out       | 11       |
| W_167_q0       | in        | 8        |
| W_167_q1       | in        | 8        |
| W_168_address0 | out       | 11       |
| W_168_address1 | out       | 11       |
| W_168_q0       | in        | 8        |
| W_168_q1       | in        | 8        |
| W_169_address0 | out       | 11       |
| W_169_address1 | out       | 11       |
| W_169_q0       | in        | 8        |
| W_169_q1       | in        | 8        |
| W_16_address0  | out       | 11       |
| W_16_address1  | out       | 11       |
| W_16_q0        | in        | 8        |
| W_16_q1        | in        | 8        |
| W_170_address0 | out       | 11       |
| W_170_address1 | out       | 11       |
| W_170_q0       | in        | 8        |
| W_170_q1       | in        | 8        |
| W_171_address0 | out       | 11       |
| W_171_address1 | out       | 11       |
| W_171_q0       | in        | 8        |
| W_171_q1       | in        | 8        |
| W_172_address0 | out       | 11       |
| W_172_address1 | out       | 11       |
| W_172_q0       | in        | 8        |
| W_172_q1       | in        | 8        |
| W_173_address0 | out       | 11       |
| W_173_address1 | out       | 11       |
| W_173_q0       | in        | 8        |
| W_173_q1       | in        | 8        |
| W_174_address0 | out       | 11       |
| W_174_address1 | out       | 11       |
| W_174_q0       | in        | 8        |
| W_174_q1       | in        | 8        |
| W_175_address0 | out       | 11       |
| W_175_address1 | out       | 11       |
| W_175_q0       | in        | 8        |
| W_175_q1       | in        | 8        |
| W_176_address0 | out       | 11       |
| W_176_address1 | out       | 11       |
| W_176_q0       | in        | 8        |
| W_176_q1       | in        | 8        |
| W_177_address0 | out       | 11       |
| W_177_address1 | out       | 11       |
| W_177_q0       | in        | 8        |
| W_177_q1       | in        | 8        |
| W_178_address0 | out       | 11       |
| W_178_address1 | out       | 11       |
| W_178_q0       | in        | 8        |
| W_178_q1       | in        | 8        |
| W_179_address0 | out       | 11       |
| W_179_address1 | out       | 11       |
| W_179_q0       | in        | 8        |
| W_179_q1       | in        | 8        |
| W_17_address0  | out       | 11       |
| W_17_address1  | out       | 11       |
| W_17_q0        | in        | 8        |
| W_17_q1        | in        | 8        |
| W_180_address0 | out       | 11       |
| W_180_address1 | out       | 11       |
| W_180_q0       | in        | 8        |
| W_180_q1       | in        | 8        |
| W_181_address0 | out       | 11       |
| W_181_address1 | out       | 11       |
| W_181_q0       | in        | 8        |
| W_181_q1       | in        | 8        |
| W_182_address0 | out       | 11       |
| W_182_address1 | out       | 11       |
| W_182_q0       | in        | 8        |
| W_182_q1       | in        | 8        |
| W_183_address0 | out       | 11       |
| W_183_address1 | out       | 11       |
| W_183_q0       | in        | 8        |
| W_183_q1       | in        | 8        |
| W_184_address0 | out       | 11       |
| W_184_address1 | out       | 11       |
| W_184_q0       | in        | 8        |
| W_184_q1       | in        | 8        |
| W_185_address0 | out       | 11       |
| W_185_address1 | out       | 11       |
| W_185_q0       | in        | 8        |
| W_185_q1       | in        | 8        |
| W_186_address0 | out       | 11       |
| W_186_address1 | out       | 11       |
| W_186_q0       | in        | 8        |
| W_186_q1       | in        | 8        |
| W_187_address0 | out       | 11       |
| W_187_address1 | out       | 11       |
| W_187_q0       | in        | 8        |
| W_187_q1       | in        | 8        |
| W_188_address0 | out       | 11       |
| W_188_address1 | out       | 11       |
| W_188_q0       | in        | 8        |
| W_188_q1       | in        | 8        |
| W_189_address0 | out       | 11       |
| W_189_address1 | out       | 11       |
| W_189_q0       | in        | 8        |
| W_189_q1       | in        | 8        |
| W_18_address0  | out       | 11       |
| W_18_address1  | out       | 11       |
| W_18_q0        | in        | 8        |
| W_18_q1        | in        | 8        |
| W_190_address0 | out       | 11       |
| W_190_address1 | out       | 11       |
| W_190_q0       | in        | 8        |
| W_190_q1       | in        | 8        |
| W_191_address0 | out       | 11       |
| W_191_address1 | out       | 11       |
| W_191_q0       | in        | 8        |
| W_191_q1       | in        | 8        |
| W_192_address0 | out       | 11       |
| W_192_address1 | out       | 11       |
| W_192_q0       | in        | 8        |
| W_192_q1       | in        | 8        |
| W_193_address0 | out       | 11       |
| W_193_address1 | out       | 11       |
| W_193_q0       | in        | 8        |
| W_193_q1       | in        | 8        |
| W_194_address0 | out       | 11       |
| W_194_address1 | out       | 11       |
| W_194_q0       | in        | 8        |
| W_194_q1       | in        | 8        |
| W_195_address0 | out       | 11       |
| W_195_address1 | out       | 11       |
| W_195_q0       | in        | 8        |
| W_195_q1       | in        | 8        |
| W_196_address0 | out       | 11       |
| W_196_address1 | out       | 11       |
| W_196_q0       | in        | 8        |
| W_196_q1       | in        | 8        |
| W_197_address0 | out       | 11       |
| W_197_address1 | out       | 11       |
| W_197_q0       | in        | 8        |
| W_197_q1       | in        | 8        |
| W_198_address0 | out       | 11       |
| W_198_address1 | out       | 11       |
| W_198_q0       | in        | 8        |
| W_198_q1       | in        | 8        |
| W_199_address0 | out       | 11       |
| W_199_address1 | out       | 11       |
| W_199_q0       | in        | 8        |
| W_199_q1       | in        | 8        |
| W_19_address0  | out       | 11       |
| W_19_address1  | out       | 11       |
| W_19_q0        | in        | 8        |
| W_19_q1        | in        | 8        |
| W_1_address0   | out       | 11       |
| W_1_address1   | out       | 11       |
| W_1_q0         | in        | 8        |
| W_1_q1         | in        | 8        |
| W_200_address0 | out       | 11       |
| W_200_address1 | out       | 11       |
| W_200_q0       | in        | 8        |
| W_200_q1       | in        | 8        |
| W_201_address0 | out       | 11       |
| W_201_address1 | out       | 11       |
| W_201_q0       | in        | 8        |
| W_201_q1       | in        | 8        |
| W_202_address0 | out       | 11       |
| W_202_address1 | out       | 11       |
| W_202_q0       | in        | 8        |
| W_202_q1       | in        | 8        |
| W_203_address0 | out       | 11       |
| W_203_address1 | out       | 11       |
| W_203_q0       | in        | 8        |
| W_203_q1       | in        | 8        |
| W_204_address0 | out       | 11       |
| W_204_address1 | out       | 11       |
| W_204_q0       | in        | 8        |
| W_204_q1       | in        | 8        |
| W_205_address0 | out       | 11       |
| W_205_address1 | out       | 11       |
| W_205_q0       | in        | 8        |
| W_205_q1       | in        | 8        |
| W_206_address0 | out       | 11       |
| W_206_address1 | out       | 11       |
| W_206_q0       | in        | 8        |
| W_206_q1       | in        | 8        |
| W_207_address0 | out       | 11       |
| W_207_address1 | out       | 11       |
| W_207_q0       | in        | 8        |
| W_207_q1       | in        | 8        |
| W_208_address0 | out       | 11       |
| W_208_address1 | out       | 11       |
| W_208_q0       | in        | 8        |
| W_208_q1       | in        | 8        |
| W_209_address0 | out       | 11       |
| W_209_address1 | out       | 11       |
| W_209_q0       | in        | 8        |
| W_209_q1       | in        | 8        |
| W_20_address0  | out       | 11       |
| W_20_address1  | out       | 11       |
| W_20_q0        | in        | 8        |
| W_20_q1        | in        | 8        |
| W_210_address0 | out       | 11       |
| W_210_address1 | out       | 11       |
| W_210_q0       | in        | 8        |
| W_210_q1       | in        | 8        |
| W_211_address0 | out       | 11       |
| W_211_address1 | out       | 11       |
| W_211_q0       | in        | 8        |
| W_211_q1       | in        | 8        |
| W_212_address0 | out       | 11       |
| W_212_address1 | out       | 11       |
| W_212_q0       | in        | 8        |
| W_212_q1       | in        | 8        |
| W_213_address0 | out       | 11       |
| W_213_address1 | out       | 11       |
| W_213_q0       | in        | 8        |
| W_213_q1       | in        | 8        |
| W_214_address0 | out       | 11       |
| W_214_address1 | out       | 11       |
| W_214_q0       | in        | 8        |
| W_214_q1       | in        | 8        |
| W_215_address0 | out       | 11       |
| W_215_address1 | out       | 11       |
| W_215_q0       | in        | 8        |
| W_215_q1       | in        | 8        |
| W_216_address0 | out       | 11       |
| W_216_address1 | out       | 11       |
| W_216_q0       | in        | 8        |
| W_216_q1       | in        | 8        |
| W_217_address0 | out       | 11       |
| W_217_address1 | out       | 11       |
| W_217_q0       | in        | 8        |
| W_217_q1       | in        | 8        |
| W_218_address0 | out       | 11       |
| W_218_address1 | out       | 11       |
| W_218_q0       | in        | 8        |
| W_218_q1       | in        | 8        |
| W_219_address0 | out       | 11       |
| W_219_address1 | out       | 11       |
| W_219_q0       | in        | 8        |
| W_219_q1       | in        | 8        |
| W_21_address0  | out       | 11       |
| W_21_address1  | out       | 11       |
| W_21_q0        | in        | 8        |
| W_21_q1        | in        | 8        |
| W_220_address0 | out       | 11       |
| W_220_address1 | out       | 11       |
| W_220_q0       | in        | 8        |
| W_220_q1       | in        | 8        |
| W_221_address0 | out       | 11       |
| W_221_address1 | out       | 11       |
| W_221_q0       | in        | 8        |
| W_221_q1       | in        | 8        |
| W_222_address0 | out       | 11       |
| W_222_address1 | out       | 11       |
| W_222_q0       | in        | 8        |
| W_222_q1       | in        | 8        |
| W_223_address0 | out       | 11       |
| W_223_address1 | out       | 11       |
| W_223_q0       | in        | 8        |
| W_223_q1       | in        | 8        |
| W_224_address0 | out       | 11       |
| W_224_address1 | out       | 11       |
| W_224_q0       | in        | 8        |
| W_224_q1       | in        | 8        |
| W_225_address0 | out       | 11       |
| W_225_address1 | out       | 11       |
| W_225_q0       | in        | 8        |
| W_225_q1       | in        | 8        |
| W_226_address0 | out       | 11       |
| W_226_address1 | out       | 11       |
| W_226_q0       | in        | 8        |
| W_226_q1       | in        | 8        |
| W_227_address0 | out       | 11       |
| W_227_address1 | out       | 11       |
| W_227_q0       | in        | 8        |
| W_227_q1       | in        | 8        |
| W_228_address0 | out       | 11       |
| W_228_address1 | out       | 11       |
| W_228_q0       | in        | 8        |
| W_228_q1       | in        | 8        |
| W_229_address0 | out       | 11       |
| W_229_address1 | out       | 11       |
| W_229_q0       | in        | 8        |
| W_229_q1       | in        | 8        |
| W_22_address0  | out       | 11       |
| W_22_address1  | out       | 11       |
| W_22_q0        | in        | 8        |
| W_22_q1        | in        | 8        |
| W_230_address0 | out       | 11       |
| W_230_address1 | out       | 11       |
| W_230_q0       | in        | 8        |
| W_230_q1       | in        | 8        |
| W_231_address0 | out       | 11       |
| W_231_address1 | out       | 11       |
| W_231_q0       | in        | 8        |
| W_231_q1       | in        | 8        |
| W_232_address0 | out       | 11       |
| W_232_address1 | out       | 11       |
| W_232_q0       | in        | 8        |
| W_232_q1       | in        | 8        |
| W_233_address0 | out       | 11       |
| W_233_address1 | out       | 11       |
| W_233_q0       | in        | 8        |
| W_233_q1       | in        | 8        |
| W_234_address0 | out       | 11       |
| W_234_address1 | out       | 11       |
| W_234_q0       | in        | 8        |
| W_234_q1       | in        | 8        |
| W_235_address0 | out       | 11       |
| W_235_address1 | out       | 11       |
| W_235_q0       | in        | 8        |
| W_235_q1       | in        | 8        |
| W_236_address0 | out       | 11       |
| W_236_address1 | out       | 11       |
| W_236_q0       | in        | 8        |
| W_236_q1       | in        | 8        |
| W_237_address0 | out       | 11       |
| W_237_address1 | out       | 11       |
| W_237_q0       | in        | 8        |
| W_237_q1       | in        | 8        |
| W_238_address0 | out       | 11       |
| W_238_address1 | out       | 11       |
| W_238_q0       | in        | 8        |
| W_238_q1       | in        | 8        |
| W_239_address0 | out       | 11       |
| W_239_address1 | out       | 11       |
| W_239_q0       | in        | 8        |
| W_239_q1       | in        | 8        |
| W_23_address0  | out       | 11       |
| W_23_address1  | out       | 11       |
| W_23_q0        | in        | 8        |
| W_23_q1        | in        | 8        |
| W_240_address0 | out       | 11       |
| W_240_address1 | out       | 11       |
| W_240_q0       | in        | 8        |
| W_240_q1       | in        | 8        |
| W_241_address0 | out       | 11       |
| W_241_address1 | out       | 11       |
| W_241_q0       | in        | 8        |
| W_241_q1       | in        | 8        |
| W_242_address0 | out       | 11       |
| W_242_address1 | out       | 11       |
| W_242_q0       | in        | 8        |
| W_242_q1       | in        | 8        |
| W_243_address0 | out       | 11       |
| W_243_address1 | out       | 11       |
| W_243_q0       | in        | 8        |
| W_243_q1       | in        | 8        |
| W_244_address0 | out       | 11       |
| W_244_address1 | out       | 11       |
| W_244_q0       | in        | 8        |
| W_244_q1       | in        | 8        |
| W_245_address0 | out       | 11       |
| W_245_address1 | out       | 11       |
| W_245_q0       | in        | 8        |
| W_245_q1       | in        | 8        |
| W_246_address0 | out       | 11       |
| W_246_address1 | out       | 11       |
| W_246_q0       | in        | 8        |
| W_246_q1       | in        | 8        |
| W_247_address0 | out       | 11       |
| W_247_address1 | out       | 11       |
| W_247_q0       | in        | 8        |
| W_247_q1       | in        | 8        |
| W_248_address0 | out       | 11       |
| W_248_address1 | out       | 11       |
| W_248_q0       | in        | 8        |
| W_248_q1       | in        | 8        |
| W_249_address0 | out       | 11       |
| W_249_address1 | out       | 11       |
| W_249_q0       | in        | 8        |
| W_249_q1       | in        | 8        |
| W_24_address0  | out       | 11       |
| W_24_address1  | out       | 11       |
| W_24_q0        | in        | 8        |
| W_24_q1        | in        | 8        |
| W_250_address0 | out       | 11       |
| W_250_address1 | out       | 11       |
| W_250_q0       | in        | 8        |
| W_250_q1       | in        | 8        |
| W_251_address0 | out       | 11       |
| W_251_address1 | out       | 11       |
| W_251_q0       | in        | 8        |
| W_251_q1       | in        | 8        |
| W_252_address0 | out       | 11       |
| W_252_address1 | out       | 11       |
| W_252_q0       | in        | 8        |
| W_252_q1       | in        | 8        |
| W_253_address0 | out       | 11       |
| W_253_address1 | out       | 11       |
| W_253_q0       | in        | 8        |
| W_253_q1       | in        | 8        |
| W_254_address0 | out       | 11       |
| W_254_address1 | out       | 11       |
| W_254_q0       | in        | 8        |
| W_254_q1       | in        | 8        |
| W_255_address0 | out       | 11       |
| W_255_address1 | out       | 11       |
| W_255_q0       | in        | 8        |
| W_255_q1       | in        | 8        |
| W_256_address0 | out       | 11       |
| W_256_address1 | out       | 11       |
| W_256_q0       | in        | 8        |
| W_256_q1       | in        | 8        |
| W_257_address0 | out       | 11       |
| W_257_address1 | out       | 11       |
| W_257_q0       | in        | 8        |
| W_257_q1       | in        | 8        |
| W_258_address0 | out       | 11       |
| W_258_address1 | out       | 11       |
| W_258_q0       | in        | 8        |
| W_258_q1       | in        | 8        |
| W_259_address0 | out       | 11       |
| W_259_address1 | out       | 11       |
| W_259_q0       | in        | 8        |
| W_259_q1       | in        | 8        |
| W_25_address0  | out       | 11       |
| W_25_address1  | out       | 11       |
| W_25_q0        | in        | 8        |
| W_25_q1        | in        | 8        |
| W_260_address0 | out       | 11       |
| W_260_address1 | out       | 11       |
| W_260_q0       | in        | 8        |
| W_260_q1       | in        | 8        |
| W_261_address0 | out       | 11       |
| W_261_address1 | out       | 11       |
| W_261_q0       | in        | 8        |
| W_261_q1       | in        | 8        |
| W_262_address0 | out       | 11       |
| W_262_address1 | out       | 11       |
| W_262_q0       | in        | 8        |
| W_262_q1       | in        | 8        |
| W_263_address0 | out       | 11       |
| W_263_address1 | out       | 11       |
| W_263_q0       | in        | 8        |
| W_263_q1       | in        | 8        |
| W_264_address0 | out       | 11       |
| W_264_address1 | out       | 11       |
| W_264_q0       | in        | 8        |
| W_264_q1       | in        | 8        |
| W_265_address0 | out       | 11       |
| W_265_address1 | out       | 11       |
| W_265_q0       | in        | 8        |
| W_265_q1       | in        | 8        |
| W_266_address0 | out       | 11       |
| W_266_address1 | out       | 11       |
| W_266_q0       | in        | 8        |
| W_266_q1       | in        | 8        |
| W_267_address0 | out       | 11       |
| W_267_address1 | out       | 11       |
| W_267_q0       | in        | 8        |
| W_267_q1       | in        | 8        |
| W_268_address0 | out       | 11       |
| W_268_address1 | out       | 11       |
| W_268_q0       | in        | 8        |
| W_268_q1       | in        | 8        |
| W_269_address0 | out       | 11       |
| W_269_address1 | out       | 11       |
| W_269_q0       | in        | 8        |
| W_269_q1       | in        | 8        |
| W_26_address0  | out       | 11       |
| W_26_address1  | out       | 11       |
| W_26_q0        | in        | 8        |
| W_26_q1        | in        | 8        |
| W_270_address0 | out       | 11       |
| W_270_address1 | out       | 11       |
| W_270_q0       | in        | 8        |
| W_270_q1       | in        | 8        |
| W_271_address0 | out       | 11       |
| W_271_address1 | out       | 11       |
| W_271_q0       | in        | 8        |
| W_271_q1       | in        | 8        |
| W_272_address0 | out       | 11       |
| W_272_address1 | out       | 11       |
| W_272_q0       | in        | 8        |
| W_272_q1       | in        | 8        |
| W_273_address0 | out       | 11       |
| W_273_address1 | out       | 11       |
| W_273_q0       | in        | 8        |
| W_273_q1       | in        | 8        |
| W_274_address0 | out       | 11       |
| W_274_address1 | out       | 11       |
| W_274_q0       | in        | 8        |
| W_274_q1       | in        | 8        |
| W_275_address0 | out       | 11       |
| W_275_address1 | out       | 11       |
| W_275_q0       | in        | 8        |
| W_275_q1       | in        | 8        |
| W_276_address0 | out       | 11       |
| W_276_address1 | out       | 11       |
| W_276_q0       | in        | 8        |
| W_276_q1       | in        | 8        |
| W_277_address0 | out       | 11       |
| W_277_address1 | out       | 11       |
| W_277_q0       | in        | 8        |
| W_277_q1       | in        | 8        |
| W_278_address0 | out       | 11       |
| W_278_address1 | out       | 11       |
| W_278_q0       | in        | 8        |
| W_278_q1       | in        | 8        |
| W_279_address0 | out       | 11       |
| W_279_address1 | out       | 11       |
| W_279_q0       | in        | 8        |
| W_279_q1       | in        | 8        |
| W_27_address0  | out       | 11       |
| W_27_address1  | out       | 11       |
| W_27_q0        | in        | 8        |
| W_27_q1        | in        | 8        |
| W_280_address0 | out       | 11       |
| W_280_address1 | out       | 11       |
| W_280_q0       | in        | 8        |
| W_280_q1       | in        | 8        |
| W_281_address0 | out       | 11       |
| W_281_address1 | out       | 11       |
| W_281_q0       | in        | 8        |
| W_281_q1       | in        | 8        |
| W_282_address0 | out       | 11       |
| W_282_address1 | out       | 11       |
| W_282_q0       | in        | 8        |
| W_282_q1       | in        | 8        |
| W_283_address0 | out       | 11       |
| W_283_address1 | out       | 11       |
| W_283_q0       | in        | 8        |
| W_283_q1       | in        | 8        |
| W_284_address0 | out       | 11       |
| W_284_address1 | out       | 11       |
| W_284_q0       | in        | 8        |
| W_284_q1       | in        | 8        |
| W_285_address0 | out       | 11       |
| W_285_address1 | out       | 11       |
| W_285_q0       | in        | 8        |
| W_285_q1       | in        | 8        |
| W_286_address0 | out       | 11       |
| W_286_address1 | out       | 11       |
| W_286_q0       | in        | 8        |
| W_286_q1       | in        | 8        |
| W_287_address0 | out       | 11       |
| W_287_address1 | out       | 11       |
| W_287_q0       | in        | 8        |
| W_287_q1       | in        | 8        |
| W_288_address0 | out       | 11       |
| W_288_address1 | out       | 11       |
| W_288_q0       | in        | 8        |
| W_288_q1       | in        | 8        |
| W_289_address0 | out       | 11       |
| W_289_address1 | out       | 11       |
| W_289_q0       | in        | 8        |
| W_289_q1       | in        | 8        |
| W_28_address0  | out       | 11       |
| W_28_address1  | out       | 11       |
| W_28_q0        | in        | 8        |
| W_28_q1        | in        | 8        |
| W_290_address0 | out       | 11       |
| W_290_address1 | out       | 11       |
| W_290_q0       | in        | 8        |
| W_290_q1       | in        | 8        |
| W_291_address0 | out       | 11       |
| W_291_address1 | out       | 11       |
| W_291_q0       | in        | 8        |
| W_291_q1       | in        | 8        |
| W_292_address0 | out       | 11       |
| W_292_address1 | out       | 11       |
| W_292_q0       | in        | 8        |
| W_292_q1       | in        | 8        |
| W_293_address0 | out       | 11       |
| W_293_address1 | out       | 11       |
| W_293_q0       | in        | 8        |
| W_293_q1       | in        | 8        |
| W_294_address0 | out       | 11       |
| W_294_address1 | out       | 11       |
| W_294_q0       | in        | 8        |
| W_294_q1       | in        | 8        |
| W_295_address0 | out       | 11       |
| W_295_address1 | out       | 11       |
| W_295_q0       | in        | 8        |
| W_295_q1       | in        | 8        |
| W_296_address0 | out       | 11       |
| W_296_address1 | out       | 11       |
| W_296_q0       | in        | 8        |
| W_296_q1       | in        | 8        |
| W_297_address0 | out       | 11       |
| W_297_address1 | out       | 11       |
| W_297_q0       | in        | 8        |
| W_297_q1       | in        | 8        |
| W_298_address0 | out       | 11       |
| W_298_address1 | out       | 11       |
| W_298_q0       | in        | 8        |
| W_298_q1       | in        | 8        |
| W_299_address0 | out       | 11       |
| W_299_address1 | out       | 11       |
| W_299_q0       | in        | 8        |
| W_299_q1       | in        | 8        |
| W_29_address0  | out       | 11       |
| W_29_address1  | out       | 11       |
| W_29_q0        | in        | 8        |
| W_29_q1        | in        | 8        |
| W_2_address0   | out       | 11       |
| W_2_address1   | out       | 11       |
| W_2_q0         | in        | 8        |
| W_2_q1         | in        | 8        |
| W_300_address0 | out       | 11       |
| W_300_address1 | out       | 11       |
| W_300_q0       | in        | 8        |
| W_300_q1       | in        | 8        |
| W_301_address0 | out       | 11       |
| W_301_address1 | out       | 11       |
| W_301_q0       | in        | 8        |
| W_301_q1       | in        | 8        |
| W_302_address0 | out       | 11       |
| W_302_address1 | out       | 11       |
| W_302_q0       | in        | 8        |
| W_302_q1       | in        | 8        |
| W_303_address0 | out       | 11       |
| W_303_address1 | out       | 11       |
| W_303_q0       | in        | 8        |
| W_303_q1       | in        | 8        |
| W_304_address0 | out       | 11       |
| W_304_address1 | out       | 11       |
| W_304_q0       | in        | 8        |
| W_304_q1       | in        | 8        |
| W_305_address0 | out       | 11       |
| W_305_address1 | out       | 11       |
| W_305_q0       | in        | 8        |
| W_305_q1       | in        | 8        |
| W_306_address0 | out       | 11       |
| W_306_address1 | out       | 11       |
| W_306_q0       | in        | 8        |
| W_306_q1       | in        | 8        |
| W_307_address0 | out       | 11       |
| W_307_address1 | out       | 11       |
| W_307_q0       | in        | 8        |
| W_307_q1       | in        | 8        |
| W_308_address0 | out       | 11       |
| W_308_address1 | out       | 11       |
| W_308_q0       | in        | 8        |
| W_308_q1       | in        | 8        |
| W_309_address0 | out       | 11       |
| W_309_address1 | out       | 11       |
| W_309_q0       | in        | 8        |
| W_309_q1       | in        | 8        |
| W_30_address0  | out       | 11       |
| W_30_address1  | out       | 11       |
| W_30_q0        | in        | 8        |
| W_30_q1        | in        | 8        |
| W_310_address0 | out       | 11       |
| W_310_address1 | out       | 11       |
| W_310_q0       | in        | 8        |
| W_310_q1       | in        | 8        |
| W_311_address0 | out       | 11       |
| W_311_address1 | out       | 11       |
| W_311_q0       | in        | 8        |
| W_311_q1       | in        | 8        |
| W_312_address0 | out       | 11       |
| W_312_address1 | out       | 11       |
| W_312_q0       | in        | 8        |
| W_312_q1       | in        | 8        |
| W_313_address0 | out       | 11       |
| W_313_address1 | out       | 11       |
| W_313_q0       | in        | 8        |
| W_313_q1       | in        | 8        |
| W_314_address0 | out       | 11       |
| W_314_address1 | out       | 11       |
| W_314_q0       | in        | 8        |
| W_314_q1       | in        | 8        |
| W_315_address0 | out       | 11       |
| W_315_address1 | out       | 11       |
| W_315_q0       | in        | 8        |
| W_315_q1       | in        | 8        |
| W_316_address0 | out       | 11       |
| W_316_address1 | out       | 11       |
| W_316_q0       | in        | 8        |
| W_316_q1       | in        | 8        |
| W_317_address0 | out       | 11       |
| W_317_address1 | out       | 11       |
| W_317_q0       | in        | 8        |
| W_317_q1       | in        | 8        |
| W_318_address0 | out       | 11       |
| W_318_address1 | out       | 11       |
| W_318_q0       | in        | 8        |
| W_318_q1       | in        | 8        |
| W_319_address0 | out       | 11       |
| W_319_address1 | out       | 11       |
| W_319_q0       | in        | 8        |
| W_319_q1       | in        | 8        |
| W_31_address0  | out       | 11       |
| W_31_address1  | out       | 11       |
| W_31_q0        | in        | 8        |
| W_31_q1        | in        | 8        |
| W_320_address0 | out       | 11       |
| W_320_address1 | out       | 11       |
| W_320_q0       | in        | 8        |
| W_320_q1       | in        | 8        |
| W_321_address0 | out       | 11       |
| W_321_address1 | out       | 11       |
| W_321_q0       | in        | 8        |
| W_321_q1       | in        | 8        |
| W_322_address0 | out       | 11       |
| W_322_address1 | out       | 11       |
| W_322_q0       | in        | 8        |
| W_322_q1       | in        | 8        |
| W_323_address0 | out       | 11       |
| W_323_address1 | out       | 11       |
| W_323_q0       | in        | 8        |
| W_323_q1       | in        | 8        |
| W_324_address0 | out       | 11       |
| W_324_address1 | out       | 11       |
| W_324_q0       | in        | 8        |
| W_324_q1       | in        | 8        |
| W_325_address0 | out       | 11       |
| W_325_address1 | out       | 11       |
| W_325_q0       | in        | 8        |
| W_325_q1       | in        | 8        |
| W_326_address0 | out       | 11       |
| W_326_address1 | out       | 11       |
| W_326_q0       | in        | 8        |
| W_326_q1       | in        | 8        |
| W_327_address0 | out       | 11       |
| W_327_address1 | out       | 11       |
| W_327_q0       | in        | 8        |
| W_327_q1       | in        | 8        |
| W_328_address0 | out       | 11       |
| W_328_address1 | out       | 11       |
| W_328_q0       | in        | 8        |
| W_328_q1       | in        | 8        |
| W_329_address0 | out       | 11       |
| W_329_address1 | out       | 11       |
| W_329_q0       | in        | 8        |
| W_329_q1       | in        | 8        |
| W_32_address0  | out       | 11       |
| W_32_address1  | out       | 11       |
| W_32_q0        | in        | 8        |
| W_32_q1        | in        | 8        |
| W_330_address0 | out       | 11       |
| W_330_address1 | out       | 11       |
| W_330_q0       | in        | 8        |
| W_330_q1       | in        | 8        |
| W_331_address0 | out       | 11       |
| W_331_address1 | out       | 11       |
| W_331_q0       | in        | 8        |
| W_331_q1       | in        | 8        |
| W_332_address0 | out       | 11       |
| W_332_address1 | out       | 11       |
| W_332_q0       | in        | 8        |
| W_332_q1       | in        | 8        |
| W_333_address0 | out       | 11       |
| W_333_address1 | out       | 11       |
| W_333_q0       | in        | 8        |
| W_333_q1       | in        | 8        |
| W_334_address0 | out       | 11       |
| W_334_address1 | out       | 11       |
| W_334_q0       | in        | 8        |
| W_334_q1       | in        | 8        |
| W_335_address0 | out       | 11       |
| W_335_address1 | out       | 11       |
| W_335_q0       | in        | 8        |
| W_335_q1       | in        | 8        |
| W_336_address0 | out       | 11       |
| W_336_address1 | out       | 11       |
| W_336_q0       | in        | 8        |
| W_336_q1       | in        | 8        |
| W_337_address0 | out       | 11       |
| W_337_address1 | out       | 11       |
| W_337_q0       | in        | 8        |
| W_337_q1       | in        | 8        |
| W_338_address0 | out       | 11       |
| W_338_address1 | out       | 11       |
| W_338_q0       | in        | 8        |
| W_338_q1       | in        | 8        |
| W_339_address0 | out       | 11       |
| W_339_address1 | out       | 11       |
| W_339_q0       | in        | 8        |
| W_339_q1       | in        | 8        |
| W_33_address0  | out       | 11       |
| W_33_address1  | out       | 11       |
| W_33_q0        | in        | 8        |
| W_33_q1        | in        | 8        |
| W_340_address0 | out       | 11       |
| W_340_address1 | out       | 11       |
| W_340_q0       | in        | 8        |
| W_340_q1       | in        | 8        |
| W_341_address0 | out       | 11       |
| W_341_address1 | out       | 11       |
| W_341_q0       | in        | 8        |
| W_341_q1       | in        | 8        |
| W_342_address0 | out       | 11       |
| W_342_address1 | out       | 11       |
| W_342_q0       | in        | 8        |
| W_342_q1       | in        | 8        |
| W_343_address0 | out       | 11       |
| W_343_address1 | out       | 11       |
| W_343_q0       | in        | 8        |
| W_343_q1       | in        | 8        |
| W_344_address0 | out       | 11       |
| W_344_address1 | out       | 11       |
| W_344_q0       | in        | 8        |
| W_344_q1       | in        | 8        |
| W_345_address0 | out       | 11       |
| W_345_address1 | out       | 11       |
| W_345_q0       | in        | 8        |
| W_345_q1       | in        | 8        |
| W_346_address0 | out       | 11       |
| W_346_address1 | out       | 11       |
| W_346_q0       | in        | 8        |
| W_346_q1       | in        | 8        |
| W_347_address0 | out       | 11       |
| W_347_address1 | out       | 11       |
| W_347_q0       | in        | 8        |
| W_347_q1       | in        | 8        |
| W_348_address0 | out       | 11       |
| W_348_address1 | out       | 11       |
| W_348_q0       | in        | 8        |
| W_348_q1       | in        | 8        |
| W_349_address0 | out       | 11       |
| W_349_address1 | out       | 11       |
| W_349_q0       | in        | 8        |
| W_349_q1       | in        | 8        |
| W_34_address0  | out       | 11       |
| W_34_address1  | out       | 11       |
| W_34_q0        | in        | 8        |
| W_34_q1        | in        | 8        |
| W_350_address0 | out       | 11       |
| W_350_address1 | out       | 11       |
| W_350_q0       | in        | 8        |
| W_350_q1       | in        | 8        |
| W_351_address0 | out       | 11       |
| W_351_address1 | out       | 11       |
| W_351_q0       | in        | 8        |
| W_351_q1       | in        | 8        |
| W_352_address0 | out       | 11       |
| W_352_address1 | out       | 11       |
| W_352_q0       | in        | 8        |
| W_352_q1       | in        | 8        |
| W_353_address0 | out       | 11       |
| W_353_address1 | out       | 11       |
| W_353_q0       | in        | 8        |
| W_353_q1       | in        | 8        |
| W_354_address0 | out       | 11       |
| W_354_address1 | out       | 11       |
| W_354_q0       | in        | 8        |
| W_354_q1       | in        | 8        |
| W_355_address0 | out       | 11       |
| W_355_address1 | out       | 11       |
| W_355_q0       | in        | 8        |
| W_355_q1       | in        | 8        |
| W_356_address0 | out       | 11       |
| W_356_address1 | out       | 11       |
| W_356_q0       | in        | 8        |
| W_356_q1       | in        | 8        |
| W_357_address0 | out       | 11       |
| W_357_address1 | out       | 11       |
| W_357_q0       | in        | 8        |
| W_357_q1       | in        | 8        |
| W_358_address0 | out       | 11       |
| W_358_address1 | out       | 11       |
| W_358_q0       | in        | 8        |
| W_358_q1       | in        | 8        |
| W_359_address0 | out       | 11       |
| W_359_address1 | out       | 11       |
| W_359_q0       | in        | 8        |
| W_359_q1       | in        | 8        |
| W_35_address0  | out       | 11       |
| W_35_address1  | out       | 11       |
| W_35_q0        | in        | 8        |
| W_35_q1        | in        | 8        |
| W_360_address0 | out       | 11       |
| W_360_address1 | out       | 11       |
| W_360_q0       | in        | 8        |
| W_360_q1       | in        | 8        |
| W_361_address0 | out       | 11       |
| W_361_address1 | out       | 11       |
| W_361_q0       | in        | 8        |
| W_361_q1       | in        | 8        |
| W_362_address0 | out       | 11       |
| W_362_address1 | out       | 11       |
| W_362_q0       | in        | 8        |
| W_362_q1       | in        | 8        |
| W_363_address0 | out       | 11       |
| W_363_address1 | out       | 11       |
| W_363_q0       | in        | 8        |
| W_363_q1       | in        | 8        |
| W_364_address0 | out       | 11       |
| W_364_address1 | out       | 11       |
| W_364_q0       | in        | 8        |
| W_364_q1       | in        | 8        |
| W_365_address0 | out       | 11       |
| W_365_address1 | out       | 11       |
| W_365_q0       | in        | 8        |
| W_365_q1       | in        | 8        |
| W_366_address0 | out       | 11       |
| W_366_address1 | out       | 11       |
| W_366_q0       | in        | 8        |
| W_366_q1       | in        | 8        |
| W_367_address0 | out       | 11       |
| W_367_address1 | out       | 11       |
| W_367_q0       | in        | 8        |
| W_367_q1       | in        | 8        |
| W_368_address0 | out       | 11       |
| W_368_address1 | out       | 11       |
| W_368_q0       | in        | 8        |
| W_368_q1       | in        | 8        |
| W_369_address0 | out       | 11       |
| W_369_address1 | out       | 11       |
| W_369_q0       | in        | 8        |
| W_369_q1       | in        | 8        |
| W_36_address0  | out       | 11       |
| W_36_address1  | out       | 11       |
| W_36_q0        | in        | 8        |
| W_36_q1        | in        | 8        |
| W_370_address0 | out       | 11       |
| W_370_address1 | out       | 11       |
| W_370_q0       | in        | 8        |
| W_370_q1       | in        | 8        |
| W_371_address0 | out       | 11       |
| W_371_address1 | out       | 11       |
| W_371_q0       | in        | 8        |
| W_371_q1       | in        | 8        |
| W_372_address0 | out       | 11       |
| W_372_address1 | out       | 11       |
| W_372_q0       | in        | 8        |
| W_372_q1       | in        | 8        |
| W_373_address0 | out       | 11       |
| W_373_address1 | out       | 11       |
| W_373_q0       | in        | 8        |
| W_373_q1       | in        | 8        |
| W_374_address0 | out       | 11       |
| W_374_address1 | out       | 11       |
| W_374_q0       | in        | 8        |
| W_374_q1       | in        | 8        |
| W_375_address0 | out       | 11       |
| W_375_address1 | out       | 11       |
| W_375_q0       | in        | 8        |
| W_375_q1       | in        | 8        |
| W_376_address0 | out       | 11       |
| W_376_address1 | out       | 11       |
| W_376_q0       | in        | 8        |
| W_376_q1       | in        | 8        |
| W_377_address0 | out       | 11       |
| W_377_address1 | out       | 11       |
| W_377_q0       | in        | 8        |
| W_377_q1       | in        | 8        |
| W_378_address0 | out       | 11       |
| W_378_address1 | out       | 11       |
| W_378_q0       | in        | 8        |
| W_378_q1       | in        | 8        |
| W_379_address0 | out       | 11       |
| W_379_address1 | out       | 11       |
| W_379_q0       | in        | 8        |
| W_379_q1       | in        | 8        |
| W_37_address0  | out       | 11       |
| W_37_address1  | out       | 11       |
| W_37_q0        | in        | 8        |
| W_37_q1        | in        | 8        |
| W_380_address0 | out       | 11       |
| W_380_address1 | out       | 11       |
| W_380_q0       | in        | 8        |
| W_380_q1       | in        | 8        |
| W_381_address0 | out       | 11       |
| W_381_address1 | out       | 11       |
| W_381_q0       | in        | 8        |
| W_381_q1       | in        | 8        |
| W_382_address0 | out       | 11       |
| W_382_address1 | out       | 11       |
| W_382_q0       | in        | 8        |
| W_382_q1       | in        | 8        |
| W_383_address0 | out       | 11       |
| W_383_address1 | out       | 11       |
| W_383_q0       | in        | 8        |
| W_383_q1       | in        | 8        |
| W_38_address0  | out       | 11       |
| W_38_address1  | out       | 11       |
| W_38_q0        | in        | 8        |
| W_38_q1        | in        | 8        |
| W_39_address0  | out       | 11       |
| W_39_address1  | out       | 11       |
| W_39_q0        | in        | 8        |
| W_39_q1        | in        | 8        |
| W_3_address0   | out       | 11       |
| W_3_address1   | out       | 11       |
| W_3_q0         | in        | 8        |
| W_3_q1         | in        | 8        |
| W_40_address0  | out       | 11       |
| W_40_address1  | out       | 11       |
| W_40_q0        | in        | 8        |
| W_40_q1        | in        | 8        |
| W_41_address0  | out       | 11       |
| W_41_address1  | out       | 11       |
| W_41_q0        | in        | 8        |
| W_41_q1        | in        | 8        |
| W_42_address0  | out       | 11       |
| W_42_address1  | out       | 11       |
| W_42_q0        | in        | 8        |
| W_42_q1        | in        | 8        |
| W_43_address0  | out       | 11       |
| W_43_address1  | out       | 11       |
| W_43_q0        | in        | 8        |
| W_43_q1        | in        | 8        |
| W_44_address0  | out       | 11       |
| W_44_address1  | out       | 11       |
| W_44_q0        | in        | 8        |
| W_44_q1        | in        | 8        |
| W_45_address0  | out       | 11       |
| W_45_address1  | out       | 11       |
| W_45_q0        | in        | 8        |
| W_45_q1        | in        | 8        |
| W_46_address0  | out       | 11       |
| W_46_address1  | out       | 11       |
| W_46_q0        | in        | 8        |
| W_46_q1        | in        | 8        |
| W_47_address0  | out       | 11       |
| W_47_address1  | out       | 11       |
| W_47_q0        | in        | 8        |
| W_47_q1        | in        | 8        |
| W_48_address0  | out       | 11       |
| W_48_address1  | out       | 11       |
| W_48_q0        | in        | 8        |
| W_48_q1        | in        | 8        |
| W_49_address0  | out       | 11       |
| W_49_address1  | out       | 11       |
| W_49_q0        | in        | 8        |
| W_49_q1        | in        | 8        |
| W_4_address0   | out       | 11       |
| W_4_address1   | out       | 11       |
| W_4_q0         | in        | 8        |
| W_4_q1         | in        | 8        |
| W_50_address0  | out       | 11       |
| W_50_address1  | out       | 11       |
| W_50_q0        | in        | 8        |
| W_50_q1        | in        | 8        |
| W_51_address0  | out       | 11       |
| W_51_address1  | out       | 11       |
| W_51_q0        | in        | 8        |
| W_51_q1        | in        | 8        |
| W_52_address0  | out       | 11       |
| W_52_address1  | out       | 11       |
| W_52_q0        | in        | 8        |
| W_52_q1        | in        | 8        |
| W_53_address0  | out       | 11       |
| W_53_address1  | out       | 11       |
| W_53_q0        | in        | 8        |
| W_53_q1        | in        | 8        |
| W_54_address0  | out       | 11       |
| W_54_address1  | out       | 11       |
| W_54_q0        | in        | 8        |
| W_54_q1        | in        | 8        |
| W_55_address0  | out       | 11       |
| W_55_address1  | out       | 11       |
| W_55_q0        | in        | 8        |
| W_55_q1        | in        | 8        |
| W_56_address0  | out       | 11       |
| W_56_address1  | out       | 11       |
| W_56_q0        | in        | 8        |
| W_56_q1        | in        | 8        |
| W_57_address0  | out       | 11       |
| W_57_address1  | out       | 11       |
| W_57_q0        | in        | 8        |
| W_57_q1        | in        | 8        |
| W_58_address0  | out       | 11       |
| W_58_address1  | out       | 11       |
| W_58_q0        | in        | 8        |
| W_58_q1        | in        | 8        |
| W_59_address0  | out       | 11       |
| W_59_address1  | out       | 11       |
| W_59_q0        | in        | 8        |
| W_59_q1        | in        | 8        |
| W_5_address0   | out       | 11       |
| W_5_address1   | out       | 11       |
| W_5_q0         | in        | 8        |
| W_5_q1         | in        | 8        |
| W_60_address0  | out       | 11       |
| W_60_address1  | out       | 11       |
| W_60_q0        | in        | 8        |
| W_60_q1        | in        | 8        |
| W_61_address0  | out       | 11       |
| W_61_address1  | out       | 11       |
| W_61_q0        | in        | 8        |
| W_61_q1        | in        | 8        |
| W_62_address0  | out       | 11       |
| W_62_address1  | out       | 11       |
| W_62_q0        | in        | 8        |
| W_62_q1        | in        | 8        |
| W_63_address0  | out       | 11       |
| W_63_address1  | out       | 11       |
| W_63_q0        | in        | 8        |
| W_63_q1        | in        | 8        |
| W_64_address0  | out       | 11       |
| W_64_address1  | out       | 11       |
| W_64_q0        | in        | 8        |
| W_64_q1        | in        | 8        |
| W_65_address0  | out       | 11       |
| W_65_address1  | out       | 11       |
| W_65_q0        | in        | 8        |
| W_65_q1        | in        | 8        |
| W_66_address0  | out       | 11       |
| W_66_address1  | out       | 11       |
| W_66_q0        | in        | 8        |
| W_66_q1        | in        | 8        |
| W_67_address0  | out       | 11       |
| W_67_address1  | out       | 11       |
| W_67_q0        | in        | 8        |
| W_67_q1        | in        | 8        |
| W_68_address0  | out       | 11       |
| W_68_address1  | out       | 11       |
| W_68_q0        | in        | 8        |
| W_68_q1        | in        | 8        |
| W_69_address0  | out       | 11       |
| W_69_address1  | out       | 11       |
| W_69_q0        | in        | 8        |
| W_69_q1        | in        | 8        |
| W_6_address0   | out       | 11       |
| W_6_address1   | out       | 11       |
| W_6_q0         | in        | 8        |
| W_6_q1         | in        | 8        |
| W_70_address0  | out       | 11       |
| W_70_address1  | out       | 11       |
| W_70_q0        | in        | 8        |
| W_70_q1        | in        | 8        |
| W_71_address0  | out       | 11       |
| W_71_address1  | out       | 11       |
| W_71_q0        | in        | 8        |
| W_71_q1        | in        | 8        |
| W_72_address0  | out       | 11       |
| W_72_address1  | out       | 11       |
| W_72_q0        | in        | 8        |
| W_72_q1        | in        | 8        |
| W_73_address0  | out       | 11       |
| W_73_address1  | out       | 11       |
| W_73_q0        | in        | 8        |
| W_73_q1        | in        | 8        |
| W_74_address0  | out       | 11       |
| W_74_address1  | out       | 11       |
| W_74_q0        | in        | 8        |
| W_74_q1        | in        | 8        |
| W_75_address0  | out       | 11       |
| W_75_address1  | out       | 11       |
| W_75_q0        | in        | 8        |
| W_75_q1        | in        | 8        |
| W_76_address0  | out       | 11       |
| W_76_address1  | out       | 11       |
| W_76_q0        | in        | 8        |
| W_76_q1        | in        | 8        |
| W_77_address0  | out       | 11       |
| W_77_address1  | out       | 11       |
| W_77_q0        | in        | 8        |
| W_77_q1        | in        | 8        |
| W_78_address0  | out       | 11       |
| W_78_address1  | out       | 11       |
| W_78_q0        | in        | 8        |
| W_78_q1        | in        | 8        |
| W_79_address0  | out       | 11       |
| W_79_address1  | out       | 11       |
| W_79_q0        | in        | 8        |
| W_79_q1        | in        | 8        |
| W_7_address0   | out       | 11       |
| W_7_address1   | out       | 11       |
| W_7_q0         | in        | 8        |
| W_7_q1         | in        | 8        |
| W_80_address0  | out       | 11       |
| W_80_address1  | out       | 11       |
| W_80_q0        | in        | 8        |
| W_80_q1        | in        | 8        |
| W_81_address0  | out       | 11       |
| W_81_address1  | out       | 11       |
| W_81_q0        | in        | 8        |
| W_81_q1        | in        | 8        |
| W_82_address0  | out       | 11       |
| W_82_address1  | out       | 11       |
| W_82_q0        | in        | 8        |
| W_82_q1        | in        | 8        |
| W_83_address0  | out       | 11       |
| W_83_address1  | out       | 11       |
| W_83_q0        | in        | 8        |
| W_83_q1        | in        | 8        |
| W_84_address0  | out       | 11       |
| W_84_address1  | out       | 11       |
| W_84_q0        | in        | 8        |
| W_84_q1        | in        | 8        |
| W_85_address0  | out       | 11       |
| W_85_address1  | out       | 11       |
| W_85_q0        | in        | 8        |
| W_85_q1        | in        | 8        |
| W_86_address0  | out       | 11       |
| W_86_address1  | out       | 11       |
| W_86_q0        | in        | 8        |
| W_86_q1        | in        | 8        |
| W_87_address0  | out       | 11       |
| W_87_address1  | out       | 11       |
| W_87_q0        | in        | 8        |
| W_87_q1        | in        | 8        |
| W_88_address0  | out       | 11       |
| W_88_address1  | out       | 11       |
| W_88_q0        | in        | 8        |
| W_88_q1        | in        | 8        |
| W_89_address0  | out       | 11       |
| W_89_address1  | out       | 11       |
| W_89_q0        | in        | 8        |
| W_89_q1        | in        | 8        |
| W_8_address0   | out       | 11       |
| W_8_address1   | out       | 11       |
| W_8_q0         | in        | 8        |
| W_8_q1         | in        | 8        |
| W_90_address0  | out       | 11       |
| W_90_address1  | out       | 11       |
| W_90_q0        | in        | 8        |
| W_90_q1        | in        | 8        |
| W_91_address0  | out       | 11       |
| W_91_address1  | out       | 11       |
| W_91_q0        | in        | 8        |
| W_91_q1        | in        | 8        |
| W_92_address0  | out       | 11       |
| W_92_address1  | out       | 11       |
| W_92_q0        | in        | 8        |
| W_92_q1        | in        | 8        |
| W_93_address0  | out       | 11       |
| W_93_address1  | out       | 11       |
| W_93_q0        | in        | 8        |
| W_93_q1        | in        | 8        |
| W_94_address0  | out       | 11       |
| W_94_address1  | out       | 11       |
| W_94_q0        | in        | 8        |
| W_94_q1        | in        | 8        |
| W_95_address0  | out       | 11       |
| W_95_address1  | out       | 11       |
| W_95_q0        | in        | 8        |
| W_95_q1        | in        | 8        |
| W_96_address0  | out       | 11       |
| W_96_address1  | out       | 11       |
| W_96_q0        | in        | 8        |
| W_96_q1        | in        | 8        |
| W_97_address0  | out       | 11       |
| W_97_address1  | out       | 11       |
| W_97_q0        | in        | 8        |
| W_97_q1        | in        | 8        |
| W_98_address0  | out       | 11       |
| W_98_address1  | out       | 11       |
| W_98_q0        | in        | 8        |
| W_98_q1        | in        | 8        |
| W_99_address0  | out       | 11       |
| W_99_address1  | out       | 11       |
| W_99_q0        | in        | 8        |
| W_99_q1        | in        | 8        |
| W_9_address0   | out       | 11       |
| W_9_address1   | out       | 11       |
| W_9_q0         | in        | 8        |
| W_9_q1         | in        | 8        |
| bias_address0  | out       | 10       |
| bias_q0        | in        | 32       |
| img_address0   | out       | 18       |
| img_address1   | out       | 18       |
| img_q0         | in        | 8        |
| img_q1         | in        | 8        |
| out_r_address0 | out       | 18       |
| out_r_d0       | out       | 8        |
+----------------+-----------+----------+

* TOP LEVEL CONTROL
+-----------+------------+-----------------------------------+
| Interface | Type       | Ports                             |
+-----------+------------+-----------------------------------+
| ap_clk    | clock      | ap_clk                            |
| ap_rst    | reset      | ap_rst                            |
| ap_ctrl   | ap_ctrl_hs | ap_done ap_idle ap_ready ap_start |
+-----------+------------+-----------------------------------+


================================================================
== SW I/O Information
================================================================
* Top Function Arguments
+----------+-----------+---------------------+
| Argument | Direction | Datatype            |
+----------+-----------+---------------------+
| img      | in        | signed char const * |
| W        | in        | signed char const * |
| bias     | in        | int const *         |
| out      | out       | signed char*        |
+----------+-----------+---------------------+

* SW-to-HW Mapping
+----------+----------------+---------+----------+
| Argument | HW Interface   | HW Type | HW Usage |
+----------+----------------+---------+----------+
| img      | img_address0   | port    | offset   |
| img      | img_ce0        | port    |          |
| img      | img_q0         | port    |          |
| img      | img_address1   | port    | offset   |
| img      | img_ce1        | port    |          |
| img      | img_q1         | port    |          |
| W        | W_0_address0   | port    | offset   |
| W        | W_0_ce0        | port    |          |
| W        | W_0_q0         | port    |          |
| W        | W_0_address1   | port    | offset   |
| W        | W_0_ce1        | port    |          |
| W        | W_0_q1         | port    |          |
| W        | W_1_address0   | port    | offset   |
| W        | W_1_ce0        | port    |          |
| W        | W_1_q0         | port    |          |
| W        | W_1_address1   | port    | offset   |
| W        | W_1_ce1        | port    |          |
| W        | W_1_q1         | port    |          |
| W        | W_2_address0   | port    | offset   |
| W        | W_2_ce0        | port    |          |
| W        | W_2_q0         | port    |          |
| W        | W_2_address1   | port    | offset   |
| W        | W_2_ce1        | port    |          |
| W        | W_2_q1         | port    |          |
| W        | W_3_address0   | port    | offset   |
| W        | W_3_ce0        | port    |          |
| W        | W_3_q0         | port    |          |
| W        | W_3_address1   | port    | offset   |
| W        | W_3_ce1        | port    |          |
| W        | W_3_q1         | port    |          |
| W        | W_4_address0   | port    | offset   |
| W        | W_4_ce0        | port    |          |
| W        | W_4_q0         | port    |          |
| W        | W_4_address1   | port    | offset   |
| W        | W_4_ce1        | port    |          |
| W        | W_4_q1         | port    |          |
| W        | W_5_address0   | port    | offset   |
| W        | W_5_ce0        | port    |          |
| W        | W_5_q0         | port    |          |
| W        | W_5_address1   | port    | offset   |
| W        | W_5_ce1        | port    |          |
| W        | W_5_q1         | port    |          |
| W        | W_6_address0   | port    | offset   |
| W        | W_6_ce0        | port    |          |
| W        | W_6_q0         | port    |          |
| W        | W_6_address1   | port    | offset   |
| W        | W_6_ce1        | port    |          |
| W        | W_6_q1         | port    |          |
| W        | W_7_address0   | port    | offset   |
| W        | W_7_ce0        | port    |          |
| W        | W_7_q0         | port    |          |
| W        | W_7_address1   | port    | offset   |
| W        | W_7_ce1        | port    |          |
| W        | W_7_q1         | port    |          |
| W        | W_8_address0   | port    | offset   |
| W        | W_8_ce0        | port    |          |
| W        | W_8_q0         | port    |          |
| W        | W_8_address1   | port    | offset   |
| W        | W_8_ce1        | port    |          |
| W        | W_8_q1         | port    |          |
| W        | W_9_address0   | port    | offset   |
| W        | W_9_ce0        | port    |          |
| W        | W_9_q0         | port    |          |
| W        | W_9_address1   | port    | offset   |
| W        | W_9_ce1        | port    |          |
| W        | W_9_q1         | port    |          |
| W        | W_10_address0  | port    | offset   |
| W        | W_10_ce0       | port    |          |
| W        | W_10_q0        | port    |          |
| W        | W_10_address1  | port    | offset   |
| W        | W_10_ce1       | port    |          |
| W        | W_10_q1        | port    |          |
| W        | W_11_address0  | port    | offset   |
| W        | W_11_ce0       | port    |          |
| W        | W_11_q0        | port    |          |
| W        | W_11_address1  | port    | offset   |
| W        | W_11_ce1       | port    |          |
| W        | W_11_q1        | port    |          |
| W        | W_12_address0  | port    | offset   |
| W        | W_12_ce0       | port    |          |
| W        | W_12_q0        | port    |          |
| W        | W_12_address1  | port    | offset   |
| W        | W_12_ce1       | port    |          |
| W        | W_12_q1        | port    |          |
| W        | W_13_address0  | port    | offset   |
| W        | W_13_ce0       | port    |          |
| W        | W_13_q0        | port    |          |
| W        | W_13_address1  | port    | offset   |
| W        | W_13_ce1       | port    |          |
| W        | W_13_q1        | port    |          |
| W        | W_14_address0  | port    | offset   |
| W        | W_14_ce0       | port    |          |
| W        | W_14_q0        | port    |          |
| W        | W_14_address1  | port    | offset   |
| W        | W_14_ce1       | port    |          |
| W        | W_14_q1        | port    |          |
| W        | W_15_address0  | port    | offset   |
| W        | W_15_ce0       | port    |          |
| W        | W_15_q0        | port    |          |
| W        | W_15_address1  | port    | offset   |
| W        | W_15_ce1       | port    |          |
| W        | W_15_q1        | port    |          |
| W        | W_16_address0  | port    | offset   |
| W        | W_16_ce0       | port    |          |
| W        | W_16_q0        | port    |          |
| W        | W_16_address1  | port    | offset   |
| W        | W_16_ce1       | port    |          |
| W        | W_16_q1        | port    |          |
| W        | W_17_address0  | port    | offset   |
| W        | W_17_ce0       | port    |          |
| W        | W_17_q0        | port    |          |
| W        | W_17_address1  | port    | offset   |
| W        | W_17_ce1       | port    |          |
| W        | W_17_q1        | port    |          |
| W        | W_18_address0  | port    | offset   |
| W        | W_18_ce0       | port    |          |
| W        | W_18_q0        | port    |          |
| W        | W_18_address1  | port    | offset   |
| W        | W_18_ce1       | port    |          |
| W        | W_18_q1        | port    |          |
| W        | W_19_address0  | port    | offset   |
| W        | W_19_ce0       | port    |          |
| W        | W_19_q0        | port    |          |
| W        | W_19_address1  | port    | offset   |
| W        | W_19_ce1       | port    |          |
| W        | W_19_q1        | port    |          |
| W        | W_20_address0  | port    | offset   |
| W        | W_20_ce0       | port    |          |
| W        | W_20_q0        | port    |          |
| W        | W_20_address1  | port    | offset   |
| W        | W_20_ce1       | port    |          |
| W        | W_20_q1        | port    |          |
| W        | W_21_address0  | port    | offset   |
| W        | W_21_ce0       | port    |          |
| W        | W_21_q0        | port    |          |
| W        | W_21_address1  | port    | offset   |
| W        | W_21_ce1       | port    |          |
| W        | W_21_q1        | port    |          |
| W        | W_22_address0  | port    | offset   |
| W        | W_22_ce0       | port    |          |
| W        | W_22_q0        | port    |          |
| W        | W_22_address1  | port    | offset   |
| W        | W_22_ce1       | port    |          |
| W        | W_22_q1        | port    |          |
| W        | W_23_address0  | port    | offset   |
| W        | W_23_ce0       | port    |          |
| W        | W_23_q0        | port    |          |
| W        | W_23_address1  | port    | offset   |
| W        | W_23_ce1       | port    |          |
| W        | W_23_q1        | port    |          |
| W        | W_24_address0  | port    | offset   |
| W        | W_24_ce0       | port    |          |
| W        | W_24_q0        | port    |          |
| W        | W_24_address1  | port    | offset   |
| W        | W_24_ce1       | port    |          |
| W        | W_24_q1        | port    |          |
| W        | W_25_address0  | port    | offset   |
| W        | W_25_ce0       | port    |          |
| W        | W_25_q0        | port    |          |
| W        | W_25_address1  | port    | offset   |
| W        | W_25_ce1       | port    |          |
| W        | W_25_q1        | port    |          |
| W        | W_26_address0  | port    | offset   |
| W        | W_26_ce0       | port    |          |
| W        | W_26_q0        | port    |          |
| W        | W_26_address1  | port    | offset   |
| W        | W_26_ce1       | port    |          |
| W        | W_26_q1        | port    |          |
| W        | W_27_address0  | port    | offset   |
| W        | W_27_ce0       | port    |          |
| W        | W_27_q0        | port    |          |
| W        | W_27_address1  | port    | offset   |
| W        | W_27_ce1       | port    |          |
| W        | W_27_q1        | port    |          |
| W        | W_28_address0  | port    | offset   |
| W        | W_28_ce0       | port    |          |
| W        | W_28_q0        | port    |          |
| W        | W_28_address1  | port    | offset   |
| W        | W_28_ce1       | port    |          |
| W        | W_28_q1        | port    |          |
| W        | W_29_address0  | port    | offset   |
| W        | W_29_ce0       | port    |          |
| W        | W_29_q0        | port    |          |
| W        | W_29_address1  | port    | offset   |
| W        | W_29_ce1       | port    |          |
| W        | W_29_q1        | port    |          |
| W        | W_30_address0  | port    | offset   |
| W        | W_30_ce0       | port    |          |
| W        | W_30_q0        | port    |          |
| W        | W_30_address1  | port    | offset   |
| W        | W_30_ce1       | port    |          |
| W        | W_30_q1        | port    |          |
| W        | W_31_address0  | port    | offset   |
| W        | W_31_ce0       | port    |          |
| W        | W_31_q0        | port    |          |
| W        | W_31_address1  | port    | offset   |
| W        | W_31_ce1       | port    |          |
| W        | W_31_q1        | port    |          |
| W        | W_32_address0  | port    | offset   |
| W        | W_32_ce0       | port    |          |
| W        | W_32_q0        | port    |          |
| W        | W_32_address1  | port    | offset   |
| W        | W_32_ce1       | port    |          |
| W        | W_32_q1        | port    |          |
| W        | W_33_address0  | port    | offset   |
| W        | W_33_ce0       | port    |          |
| W        | W_33_q0        | port    |          |
| W        | W_33_address1  | port    | offset   |
| W        | W_33_ce1       | port    |          |
| W        | W_33_q1        | port    |          |
| W        | W_34_address0  | port    | offset   |
| W        | W_34_ce0       | port    |          |
| W        | W_34_q0        | port    |          |
| W        | W_34_address1  | port    | offset   |
| W        | W_34_ce1       | port    |          |
| W        | W_34_q1        | port    |          |
| W        | W_35_address0  | port    | offset   |
| W        | W_35_ce0       | port    |          |
| W        | W_35_q0        | port    |          |
| W        | W_35_address1  | port    | offset   |
| W        | W_35_ce1       | port    |          |
| W        | W_35_q1        | port    |          |
| W        | W_36_address0  | port    | offset   |
| W        | W_36_ce0       | port    |          |
| W        | W_36_q0        | port    |          |
| W        | W_36_address1  | port    | offset   |
| W        | W_36_ce1       | port    |          |
| W        | W_36_q1        | port    |          |
| W        | W_37_address0  | port    | offset   |
| W        | W_37_ce0       | port    |          |
| W        | W_37_q0        | port    |          |
| W        | W_37_address1  | port    | offset   |
| W        | W_37_ce1       | port    |          |
| W        | W_37_q1        | port    |          |
| W        | W_38_address0  | port    | offset   |
| W        | W_38_ce0       | port    |          |
| W        | W_38_q0        | port    |          |
| W        | W_38_address1  | port    | offset   |
| W        | W_38_ce1       | port    |          |
| W        | W_38_q1        | port    |          |
| W        | W_39_address0  | port    | offset   |
| W        | W_39_ce0       | port    |          |
| W        | W_39_q0        | port    |          |
| W        | W_39_address1  | port    | offset   |
| W        | W_39_ce1       | port    |          |
| W        | W_39_q1        | port    |          |
| W        | W_40_address0  | port    | offset   |
| W        | W_40_ce0       | port    |          |
| W        | W_40_q0        | port    |          |
| W        | W_40_address1  | port    | offset   |
| W        | W_40_ce1       | port    |          |
| W        | W_40_q1        | port    |          |
| W        | W_41_address0  | port    | offset   |
| W        | W_41_ce0       | port    |          |
| W        | W_41_q0        | port    |          |
| W        | W_41_address1  | port    | offset   |
| W        | W_41_ce1       | port    |          |
| W        | W_41_q1        | port    |          |
| W        | W_42_address0  | port    | offset   |
| W        | W_42_ce0       | port    |          |
| W        | W_42_q0        | port    |          |
| W        | W_42_address1  | port    | offset   |
| W        | W_42_ce1       | port    |          |
| W        | W_42_q1        | port    |          |
| W        | W_43_address0  | port    | offset   |
| W        | W_43_ce0       | port    |          |
| W        | W_43_q0        | port    |          |
| W        | W_43_address1  | port    | offset   |
| W        | W_43_ce1       | port    |          |
| W        | W_43_q1        | port    |          |
| W        | W_44_address0  | port    | offset   |
| W        | W_44_ce0       | port    |          |
| W        | W_44_q0        | port    |          |
| W        | W_44_address1  | port    | offset   |
| W        | W_44_ce1       | port    |          |
| W        | W_44_q1        | port    |          |
| W        | W_45_address0  | port    | offset   |
| W        | W_45_ce0       | port    |          |
| W        | W_45_q0        | port    |          |
| W        | W_45_address1  | port    | offset   |
| W        | W_45_ce1       | port    |          |
| W        | W_45_q1        | port    |          |
| W        | W_46_address0  | port    | offset   |
| W        | W_46_ce0       | port    |          |
| W        | W_46_q0        | port    |          |
| W        | W_46_address1  | port    | offset   |
| W        | W_46_ce1       | port    |          |
| W        | W_46_q1        | port    |          |
| W        | W_47_address0  | port    | offset   |
| W        | W_47_ce0       | port    |          |
| W        | W_47_q0        | port    |          |
| W        | W_47_address1  | port    | offset   |
| W        | W_47_ce1       | port    |          |
| W        | W_47_q1        | port    |          |
| W        | W_48_address0  | port    | offset   |
| W        | W_48_ce0       | port    |          |
| W        | W_48_q0        | port    |          |
| W        | W_48_address1  | port    | offset   |
| W        | W_48_ce1       | port    |          |
| W        | W_48_q1        | port    |          |
| W        | W_49_address0  | port    | offset   |
| W        | W_49_ce0       | port    |          |
| W        | W_49_q0        | port    |          |
| W        | W_49_address1  | port    | offset   |
| W        | W_49_ce1       | port    |          |
| W        | W_49_q1        | port    |          |
| W        | W_50_address0  | port    | offset   |
| W        | W_50_ce0       | port    |          |
| W        | W_50_q0        | port    |          |
| W        | W_50_address1  | port    | offset   |
| W        | W_50_ce1       | port    |          |
| W        | W_50_q1        | port    |          |
| W        | W_51_address0  | port    | offset   |
| W        | W_51_ce0       | port    |          |
| W        | W_51_q0        | port    |          |
| W        | W_51_address1  | port    | offset   |
| W        | W_51_ce1       | port    |          |
| W        | W_51_q1        | port    |          |
| W        | W_52_address0  | port    | offset   |
| W        | W_52_ce0       | port    |          |
| W        | W_52_q0        | port    |          |
| W        | W_52_address1  | port    | offset   |
| W        | W_52_ce1       | port    |          |
| W        | W_52_q1        | port    |          |
| W        | W_53_address0  | port    | offset   |
| W        | W_53_ce0       | port    |          |
| W        | W_53_q0        | port    |          |
| W        | W_53_address1  | port    | offset   |
| W        | W_53_ce1       | port    |          |
| W        | W_53_q1        | port    |          |
| W        | W_54_address0  | port    | offset   |
| W        | W_54_ce0       | port    |          |
| W        | W_54_q0        | port    |          |
| W        | W_54_address1  | port    | offset   |
| W        | W_54_ce1       | port    |          |
| W        | W_54_q1        | port    |          |
| W        | W_55_address0  | port    | offset   |
| W        | W_55_ce0       | port    |          |
| W        | W_55_q0        | port    |          |
| W        | W_55_address1  | port    | offset   |
| W        | W_55_ce1       | port    |          |
| W        | W_55_q1        | port    |          |
| W        | W_56_address0  | port    | offset   |
| W        | W_56_ce0       | port    |          |
| W        | W_56_q0        | port    |          |
| W        | W_56_address1  | port    | offset   |
| W        | W_56_ce1       | port    |          |
| W        | W_56_q1        | port    |          |
| W        | W_57_address0  | port    | offset   |
| W        | W_57_ce0       | port    |          |
| W        | W_57_q0        | port    |          |
| W        | W_57_address1  | port    | offset   |
| W        | W_57_ce1       | port    |          |
| W        | W_57_q1        | port    |          |
| W        | W_58_address0  | port    | offset   |
| W        | W_58_ce0       | port    |          |
| W        | W_58_q0        | port    |          |
| W        | W_58_address1  | port    | offset   |
| W        | W_58_ce1       | port    |          |
| W        | W_58_q1        | port    |          |
| W        | W_59_address0  | port    | offset   |
| W        | W_59_ce0       | port    |          |
| W        | W_59_q0        | port    |          |
| W        | W_59_address1  | port    | offset   |
| W        | W_59_ce1       | port    |          |
| W        | W_59_q1        | port    |          |
| W        | W_60_address0  | port    | offset   |
| W        | W_60_ce0       | port    |          |
| W        | W_60_q0        | port    |          |
| W        | W_60_address1  | port    | offset   |
| W        | W_60_ce1       | port    |          |
| W        | W_60_q1        | port    |          |
| W        | W_61_address0  | port    | offset   |
| W        | W_61_ce0       | port    |          |
| W        | W_61_q0        | port    |          |
| W        | W_61_address1  | port    | offset   |
| W        | W_61_ce1       | port    |          |
| W        | W_61_q1        | port    |          |
| W        | W_62_address0  | port    | offset   |
| W        | W_62_ce0       | port    |          |
| W        | W_62_q0        | port    |          |
| W        | W_62_address1  | port    | offset   |
| W        | W_62_ce1       | port    |          |
| W        | W_62_q1        | port    |          |
| W        | W_63_address0  | port    | offset   |
| W        | W_63_ce0       | port    |          |
| W        | W_63_q0        | port    |          |
| W        | W_63_address1  | port    | offset   |
| W        | W_63_ce1       | port    |          |
| W        | W_63_q1        | port    |          |
| W        | W_64_address0  | port    | offset   |
| W        | W_64_ce0       | port    |          |
| W        | W_64_q0        | port    |          |
| W        | W_64_address1  | port    | offset   |
| W        | W_64_ce1       | port    |          |
| W        | W_64_q1        | port    |          |
| W        | W_65_address0  | port    | offset   |
| W        | W_65_ce0       | port    |          |
| W        | W_65_q0        | port    |          |
| W        | W_65_address1  | port    | offset   |
| W        | W_65_ce1       | port    |          |
| W        | W_65_q1        | port    |          |
| W        | W_66_address0  | port    | offset   |
| W        | W_66_ce0       | port    |          |
| W        | W_66_q0        | port    |          |
| W        | W_66_address1  | port    | offset   |
| W        | W_66_ce1       | port    |          |
| W        | W_66_q1        | port    |          |
| W        | W_67_address0  | port    | offset   |
| W        | W_67_ce0       | port    |          |
| W        | W_67_q0        | port    |          |
| W        | W_67_address1  | port    | offset   |
| W        | W_67_ce1       | port    |          |
| W        | W_67_q1        | port    |          |
| W        | W_68_address0  | port    | offset   |
| W        | W_68_ce0       | port    |          |
| W        | W_68_q0        | port    |          |
| W        | W_68_address1  | port    | offset   |
| W        | W_68_ce1       | port    |          |
| W        | W_68_q1        | port    |          |
| W        | W_69_address0  | port    | offset   |
| W        | W_69_ce0       | port    |          |
| W        | W_69_q0        | port    |          |
| W        | W_69_address1  | port    | offset   |
| W        | W_69_ce1       | port    |          |
| W        | W_69_q1        | port    |          |
| W        | W_70_address0  | port    | offset   |
| W        | W_70_ce0       | port    |          |
| W        | W_70_q0        | port    |          |
| W        | W_70_address1  | port    | offset   |
| W        | W_70_ce1       | port    |          |
| W        | W_70_q1        | port    |          |
| W        | W_71_address0  | port    | offset   |
| W        | W_71_ce0       | port    |          |
| W        | W_71_q0        | port    |          |
| W        | W_71_address1  | port    | offset   |
| W        | W_71_ce1       | port    |          |
| W        | W_71_q1        | port    |          |
| W        | W_72_address0  | port    | offset   |
| W        | W_72_ce0       | port    |          |
| W        | W_72_q0        | port    |          |
| W        | W_72_address1  | port    | offset   |
| W        | W_72_ce1       | port    |          |
| W        | W_72_q1        | port    |          |
| W        | W_73_address0  | port    | offset   |
| W        | W_73_ce0       | port    |          |
| W        | W_73_q0        | port    |          |
| W        | W_73_address1  | port    | offset   |
| W        | W_73_ce1       | port    |          |
| W        | W_73_q1        | port    |          |
| W        | W_74_address0  | port    | offset   |
| W        | W_74_ce0       | port    |          |
| W        | W_74_q0        | port    |          |
| W        | W_74_address1  | port    | offset   |
| W        | W_74_ce1       | port    |          |
| W        | W_74_q1        | port    |          |
| W        | W_75_address0  | port    | offset   |
| W        | W_75_ce0       | port    |          |
| W        | W_75_q0        | port    |          |
| W        | W_75_address1  | port    | offset   |
| W        | W_75_ce1       | port    |          |
| W        | W_75_q1        | port    |          |
| W        | W_76_address0  | port    | offset   |
| W        | W_76_ce0       | port    |          |
| W        | W_76_q0        | port    |          |
| W        | W_76_address1  | port    | offset   |
| W        | W_76_ce1       | port    |          |
| W        | W_76_q1        | port    |          |
| W        | W_77_address0  | port    | offset   |
| W        | W_77_ce0       | port    |          |
| W        | W_77_q0        | port    |          |
| W        | W_77_address1  | port    | offset   |
| W        | W_77_ce1       | port    |          |
| W        | W_77_q1        | port    |          |
| W        | W_78_address0  | port    | offset   |
| W        | W_78_ce0       | port    |          |
| W        | W_78_q0        | port    |          |
| W        | W_78_address1  | port    | offset   |
| W        | W_78_ce1       | port    |          |
| W        | W_78_q1        | port    |          |
| W        | W_79_address0  | port    | offset   |
| W        | W_79_ce0       | port    |          |
| W        | W_79_q0        | port    |          |
| W        | W_79_address1  | port    | offset   |
| W        | W_79_ce1       | port    |          |
| W        | W_79_q1        | port    |          |
| W        | W_80_address0  | port    | offset   |
| W        | W_80_ce0       | port    |          |
| W        | W_80_q0        | port    |          |
| W        | W_80_address1  | port    | offset   |
| W        | W_80_ce1       | port    |          |
| W        | W_80_q1        | port    |          |
| W        | W_81_address0  | port    | offset   |
| W        | W_81_ce0       | port    |          |
| W        | W_81_q0        | port    |          |
| W        | W_81_address1  | port    | offset   |
| W        | W_81_ce1       | port    |          |
| W        | W_81_q1        | port    |          |
| W        | W_82_address0  | port    | offset   |
| W        | W_82_ce0       | port    |          |
| W        | W_82_q0        | port    |          |
| W        | W_82_address1  | port    | offset   |
| W        | W_82_ce1       | port    |          |
| W        | W_82_q1        | port    |          |
| W        | W_83_address0  | port    | offset   |
| W        | W_83_ce0       | port    |          |
| W        | W_83_q0        | port    |          |
| W        | W_83_address1  | port    | offset   |
| W        | W_83_ce1       | port    |          |
| W        | W_83_q1        | port    |          |
| W        | W_84_address0  | port    | offset   |
| W        | W_84_ce0       | port    |          |
| W        | W_84_q0        | port    |          |
| W        | W_84_address1  | port    | offset   |
| W        | W_84_ce1       | port    |          |
| W        | W_84_q1        | port    |          |
| W        | W_85_address0  | port    | offset   |
| W        | W_85_ce0       | port    |          |
| W        | W_85_q0        | port    |          |
| W        | W_85_address1  | port    | offset   |
| W        | W_85_ce1       | port    |          |
| W        | W_85_q1        | port    |          |
| W        | W_86_address0  | port    | offset   |
| W        | W_86_ce0       | port    |          |
| W        | W_86_q0        | port    |          |
| W        | W_86_address1  | port    | offset   |
| W        | W_86_ce1       | port    |          |
| W        | W_86_q1        | port    |          |
| W        | W_87_address0  | port    | offset   |
| W        | W_87_ce0       | port    |          |
| W        | W_87_q0        | port    |          |
| W        | W_87_address1  | port    | offset   |
| W        | W_87_ce1       | port    |          |
| W        | W_87_q1        | port    |          |
| W        | W_88_address0  | port    | offset   |
| W        | W_88_ce0       | port    |          |
| W        | W_88_q0        | port    |          |
| W        | W_88_address1  | port    | offset   |
| W        | W_88_ce1       | port    |          |
| W        | W_88_q1        | port    |          |
| W        | W_89_address0  | port    | offset   |
| W        | W_89_ce0       | port    |          |
| W        | W_89_q0        | port    |          |
| W        | W_89_address1  | port    | offset   |
| W        | W_89_ce1       | port    |          |
| W        | W_89_q1        | port    |          |
| W        | W_90_address0  | port    | offset   |
| W        | W_90_ce0       | port    |          |
| W        | W_90_q0        | port    |          |
| W        | W_90_address1  | port    | offset   |
| W        | W_90_ce1       | port    |          |
| W        | W_90_q1        | port    |          |
| W        | W_91_address0  | port    | offset   |
| W        | W_91_ce0       | port    |          |
| W        | W_91_q0        | port    |          |
| W        | W_91_address1  | port    | offset   |
| W        | W_91_ce1       | port    |          |
| W        | W_91_q1        | port    |          |
| W        | W_92_address0  | port    | offset   |
| W        | W_92_ce0       | port    |          |
| W        | W_92_q0        | port    |          |
| W        | W_92_address1  | port    | offset   |
| W        | W_92_ce1       | port    |          |
| W        | W_92_q1        | port    |          |
| W        | W_93_address0  | port    | offset   |
| W        | W_93_ce0       | port    |          |
| W        | W_93_q0        | port    |          |
| W        | W_93_address1  | port    | offset   |
| W        | W_93_ce1       | port    |          |
| W        | W_93_q1        | port    |          |
| W        | W_94_address0  | port    | offset   |
| W        | W_94_ce0       | port    |          |
| W        | W_94_q0        | port    |          |
| W        | W_94_address1  | port    | offset   |
| W        | W_94_ce1       | port    |          |
| W        | W_94_q1        | port    |          |
| W        | W_95_address0  | port    | offset   |
| W        | W_95_ce0       | port    |          |
| W        | W_95_q0        | port    |          |
| W        | W_95_address1  | port    | offset   |
| W        | W_95_ce1       | port    |          |
| W        | W_95_q1        | port    |          |
| W        | W_96_address0  | port    | offset   |
| W        | W_96_ce0       | port    |          |
| W        | W_96_q0        | port    |          |
| W        | W_96_address1  | port    | offset   |
| W        | W_96_ce1       | port    |          |
| W        | W_96_q1        | port    |          |
| W        | W_97_address0  | port    | offset   |
| W        | W_97_ce0       | port    |          |
| W        | W_97_q0        | port    |          |
| W        | W_97_address1  | port    | offset   |
| W        | W_97_ce1       | port    |          |
| W        | W_97_q1        | port    |          |
| W        | W_98_address0  | port    | offset   |
| W        | W_98_ce0       | port    |          |
| W        | W_98_q0        | port    |          |
| W        | W_98_address1  | port    | offset   |
| W        | W_98_ce1       | port    |          |
| W        | W_98_q1        | port    |          |
| W        | W_99_address0  | port    | offset   |
| W        | W_99_ce0       | port    |          |
| W        | W_99_q0        | port    |          |
| W        | W_99_address1  | port    | offset   |
| W        | W_99_ce1       | port    |          |
| W        | W_99_q1        | port    |          |
| W        | W_100_address0 | port    | offset   |
| W        | W_100_ce0      | port    |          |
| W        | W_100_q0       | port    |          |
| W        | W_100_address1 | port    | offset   |
| W        | W_100_ce1      | port    |          |
| W        | W_100_q1       | port    |          |
| W        | W_101_address0 | port    | offset   |
| W        | W_101_ce0      | port    |          |
| W        | W_101_q0       | port    |          |
| W        | W_101_address1 | port    | offset   |
| W        | W_101_ce1      | port    |          |
| W        | W_101_q1       | port    |          |
| W        | W_102_address0 | port    | offset   |
| W        | W_102_ce0      | port    |          |
| W        | W_102_q0       | port    |          |
| W        | W_102_address1 | port    | offset   |
| W        | W_102_ce1      | port    |          |
| W        | W_102_q1       | port    |          |
| W        | W_103_address0 | port    | offset   |
| W        | W_103_ce0      | port    |          |
| W        | W_103_q0       | port    |          |
| W        | W_103_address1 | port    | offset   |
| W        | W_103_ce1      | port    |          |
| W        | W_103_q1       | port    |          |
| W        | W_104_address0 | port    | offset   |
| W        | W_104_ce0      | port    |          |
| W        | W_104_q0       | port    |          |
| W        | W_104_address1 | port    | offset   |
| W        | W_104_ce1      | port    |          |
| W        | W_104_q1       | port    |          |
| W        | W_105_address0 | port    | offset   |
| W        | W_105_ce0      | port    |          |
| W        | W_105_q0       | port    |          |
| W        | W_105_address1 | port    | offset   |
| W        | W_105_ce1      | port    |          |
| W        | W_105_q1       | port    |          |
| W        | W_106_address0 | port    | offset   |
| W        | W_106_ce0      | port    |          |
| W        | W_106_q0       | port    |          |
| W        | W_106_address1 | port    | offset   |
| W        | W_106_ce1      | port    |          |
| W        | W_106_q1       | port    |          |
| W        | W_107_address0 | port    | offset   |
| W        | W_107_ce0      | port    |          |
| W        | W_107_q0       | port    |          |
| W        | W_107_address1 | port    | offset   |
| W        | W_107_ce1      | port    |          |
| W        | W_107_q1       | port    |          |
| W        | W_108_address0 | port    | offset   |
| W        | W_108_ce0      | port    |          |
| W        | W_108_q0       | port    |          |
| W        | W_108_address1 | port    | offset   |
| W        | W_108_ce1      | port    |          |
| W        | W_108_q1       | port    |          |
| W        | W_109_address0 | port    | offset   |
| W        | W_109_ce0      | port    |          |
| W        | W_109_q0       | port    |          |
| W        | W_109_address1 | port    | offset   |
| W        | W_109_ce1      | port    |          |
| W        | W_109_q1       | port    |          |
| W        | W_110_address0 | port    | offset   |
| W        | W_110_ce0      | port    |          |
| W        | W_110_q0       | port    |          |
| W        | W_110_address1 | port    | offset   |
| W        | W_110_ce1      | port    |          |
| W        | W_110_q1       | port    |          |
| W        | W_111_address0 | port    | offset   |
| W        | W_111_ce0      | port    |          |
| W        | W_111_q0       | port    |          |
| W        | W_111_address1 | port    | offset   |
| W        | W_111_ce1      | port    |          |
| W        | W_111_q1       | port    |          |
| W        | W_112_address0 | port    | offset   |
| W        | W_112_ce0      | port    |          |
| W        | W_112_q0       | port    |          |
| W        | W_112_address1 | port    | offset   |
| W        | W_112_ce1      | port    |          |
| W        | W_112_q1       | port    |          |
| W        | W_113_address0 | port    | offset   |
| W        | W_113_ce0      | port    |          |
| W        | W_113_q0       | port    |          |
| W        | W_113_address1 | port    | offset   |
| W        | W_113_ce1      | port    |          |
| W        | W_113_q1       | port    |          |
| W        | W_114_address0 | port    | offset   |
| W        | W_114_ce0      | port    |          |
| W        | W_114_q0       | port    |          |
| W        | W_114_address1 | port    | offset   |
| W        | W_114_ce1      | port    |          |
| W        | W_114_q1       | port    |          |
| W        | W_115_address0 | port    | offset   |
| W        | W_115_ce0      | port    |          |
| W        | W_115_q0       | port    |          |
| W        | W_115_address1 | port    | offset   |
| W        | W_115_ce1      | port    |          |
| W        | W_115_q1       | port    |          |
| W        | W_116_address0 | port    | offset   |
| W        | W_116_ce0      | port    |          |
| W        | W_116_q0       | port    |          |
| W        | W_116_address1 | port    | offset   |
| W        | W_116_ce1      | port    |          |
| W        | W_116_q1       | port    |          |
| W        | W_117_address0 | port    | offset   |
| W        | W_117_ce0      | port    |          |
| W        | W_117_q0       | port    |          |
| W        | W_117_address1 | port    | offset   |
| W        | W_117_ce1      | port    |          |
| W        | W_117_q1       | port    |          |
| W        | W_118_address0 | port    | offset   |
| W        | W_118_ce0      | port    |          |
| W        | W_118_q0       | port    |          |
| W        | W_118_address1 | port    | offset   |
| W        | W_118_ce1      | port    |          |
| W        | W_118_q1       | port    |          |
| W        | W_119_address0 | port    | offset   |
| W        | W_119_ce0      | port    |          |
| W        | W_119_q0       | port    |          |
| W        | W_119_address1 | port    | offset   |
| W        | W_119_ce1      | port    |          |
| W        | W_119_q1       | port    |          |
| W        | W_120_address0 | port    | offset   |
| W        | W_120_ce0      | port    |          |
| W        | W_120_q0       | port    |          |
| W        | W_120_address1 | port    | offset   |
| W        | W_120_ce1      | port    |          |
| W        | W_120_q1       | port    |          |
| W        | W_121_address0 | port    | offset   |
| W        | W_121_ce0      | port    |          |
| W        | W_121_q0       | port    |          |
| W        | W_121_address1 | port    | offset   |
| W        | W_121_ce1      | port    |          |
| W        | W_121_q1       | port    |          |
| W        | W_122_address0 | port    | offset   |
| W        | W_122_ce0      | port    |          |
| W        | W_122_q0       | port    |          |
| W        | W_122_address1 | port    | offset   |
| W        | W_122_ce1      | port    |          |
| W        | W_122_q1       | port    |          |
| W        | W_123_address0 | port    | offset   |
| W        | W_123_ce0      | port    |          |
| W        | W_123_q0       | port    |          |
| W        | W_123_address1 | port    | offset   |
| W        | W_123_ce1      | port    |          |
| W        | W_123_q1       | port    |          |
| W        | W_124_address0 | port    | offset   |
| W        | W_124_ce0      | port    |          |
| W        | W_124_q0       | port    |          |
| W        | W_124_address1 | port    | offset   |
| W        | W_124_ce1      | port    |          |
| W        | W_124_q1       | port    |          |
| W        | W_125_address0 | port    | offset   |
| W        | W_125_ce0      | port    |          |
| W        | W_125_q0       | port    |          |
| W        | W_125_address1 | port    | offset   |
| W        | W_125_ce1      | port    |          |
| W        | W_125_q1       | port    |          |
| W        | W_126_address0 | port    | offset   |
| W        | W_126_ce0      | port    |          |
| W        | W_126_q0       | port    |          |
| W        | W_126_address1 | port    | offset   |
| W        | W_126_ce1      | port    |          |
| W        | W_126_q1       | port    |          |
| W        | W_127_address0 | port    | offset   |
| W        | W_127_ce0      | port    |          |
| W        | W_127_q0       | port    |          |
| W        | W_127_address1 | port    | offset   |
| W        | W_127_ce1      | port    |          |
| W        | W_127_q1       | port    |          |
| W        | W_128_address0 | port    | offset   |
| W        | W_128_ce0      | port    |          |
| W        | W_128_q0       | port    |          |
| W        | W_128_address1 | port    | offset   |
| W        | W_128_ce1      | port    |          |
| W        | W_128_q1       | port    |          |
| W        | W_129_address0 | port    | offset   |
| W        | W_129_ce0      | port    |          |
| W        | W_129_q0       | port    |          |
| W        | W_129_address1 | port    | offset   |
| W        | W_129_ce1      | port    |          |
| W        | W_129_q1       | port    |          |
| W        | W_130_address0 | port    | offset   |
| W        | W_130_ce0      | port    |          |
| W        | W_130_q0       | port    |          |
| W        | W_130_address1 | port    | offset   |
| W        | W_130_ce1      | port    |          |
| W        | W_130_q1       | port    |          |
| W        | W_131_address0 | port    | offset   |
| W        | W_131_ce0      | port    |          |
| W        | W_131_q0       | port    |          |
| W        | W_131_address1 | port    | offset   |
| W        | W_131_ce1      | port    |          |
| W        | W_131_q1       | port    |          |
| W        | W_132_address0 | port    | offset   |
| W        | W_132_ce0      | port    |          |
| W        | W_132_q0       | port    |          |
| W        | W_132_address1 | port    | offset   |
| W        | W_132_ce1      | port    |          |
| W        | W_132_q1       | port    |          |
| W        | W_133_address0 | port    | offset   |
| W        | W_133_ce0      | port    |          |
| W        | W_133_q0       | port    |          |
| W        | W_133_address1 | port    | offset   |
| W        | W_133_ce1      | port    |          |
| W        | W_133_q1       | port    |          |
| W        | W_134_address0 | port    | offset   |
| W        | W_134_ce0      | port    |          |
| W        | W_134_q0       | port    |          |
| W        | W_134_address1 | port    | offset   |
| W        | W_134_ce1      | port    |          |
| W        | W_134_q1       | port    |          |
| W        | W_135_address0 | port    | offset   |
| W        | W_135_ce0      | port    |          |
| W        | W_135_q0       | port    |          |
| W        | W_135_address1 | port    | offset   |
| W        | W_135_ce1      | port    |          |
| W        | W_135_q1       | port    |          |
| W        | W_136_address0 | port    | offset   |
| W        | W_136_ce0      | port    |          |
| W        | W_136_q0       | port    |          |
| W        | W_136_address1 | port    | offset   |
| W        | W_136_ce1      | port    |          |
| W        | W_136_q1       | port    |          |
| W        | W_137_address0 | port    | offset   |
| W        | W_137_ce0      | port    |          |
| W        | W_137_q0       | port    |          |
| W        | W_137_address1 | port    | offset   |
| W        | W_137_ce1      | port    |          |
| W        | W_137_q1       | port    |          |
| W        | W_138_address0 | port    | offset   |
| W        | W_138_ce0      | port    |          |
| W        | W_138_q0       | port    |          |
| W        | W_138_address1 | port    | offset   |
| W        | W_138_ce1      | port    |          |
| W        | W_138_q1       | port    |          |
| W        | W_139_address0 | port    | offset   |
| W        | W_139_ce0      | port    |          |
| W        | W_139_q0       | port    |          |
| W        | W_139_address1 | port    | offset   |
| W        | W_139_ce1      | port    |          |
| W        | W_139_q1       | port    |          |
| W        | W_140_address0 | port    | offset   |
| W        | W_140_ce0      | port    |          |
| W        | W_140_q0       | port    |          |
| W        | W_140_address1 | port    | offset   |
| W        | W_140_ce1      | port    |          |
| W        | W_140_q1       | port    |          |
| W        | W_141_address0 | port    | offset   |
| W        | W_141_ce0      | port    |          |
| W        | W_141_q0       | port    |          |
| W        | W_141_address1 | port    | offset   |
| W        | W_141_ce1      | port    |          |
| W        | W_141_q1       | port    |          |
| W        | W_142_address0 | port    | offset   |
| W        | W_142_ce0      | port    |          |
| W        | W_142_q0       | port    |          |
| W        | W_142_address1 | port    | offset   |
| W        | W_142_ce1      | port    |          |
| W        | W_142_q1       | port    |          |
| W        | W_143_address0 | port    | offset   |
| W        | W_143_ce0      | port    |          |
| W        | W_143_q0       | port    |          |
| W        | W_143_address1 | port    | offset   |
| W        | W_143_ce1      | port    |          |
| W        | W_143_q1       | port    |          |
| W        | W_144_address0 | port    | offset   |
| W        | W_144_ce0      | port    |          |
| W        | W_144_q0       | port    |          |
| W        | W_144_address1 | port    | offset   |
| W        | W_144_ce1      | port    |          |
| W        | W_144_q1       | port    |          |
| W        | W_145_address0 | port    | offset   |
| W        | W_145_ce0      | port    |          |
| W        | W_145_q0       | port    |          |
| W        | W_145_address1 | port    | offset   |
| W        | W_145_ce1      | port    |          |
| W        | W_145_q1       | port    |          |
| W        | W_146_address0 | port    | offset   |
| W        | W_146_ce0      | port    |          |
| W        | W_146_q0       | port    |          |
| W        | W_146_address1 | port    | offset   |
| W        | W_146_ce1      | port    |          |
| W        | W_146_q1       | port    |          |
| W        | W_147_address0 | port    | offset   |
| W        | W_147_ce0      | port    |          |
| W        | W_147_q0       | port    |          |
| W        | W_147_address1 | port    | offset   |
| W        | W_147_ce1      | port    |          |
| W        | W_147_q1       | port    |          |
| W        | W_148_address0 | port    | offset   |
| W        | W_148_ce0      | port    |          |
| W        | W_148_q0       | port    |          |
| W        | W_148_address1 | port    | offset   |
| W        | W_148_ce1      | port    |          |
| W        | W_148_q1       | port    |          |
| W        | W_149_address0 | port    | offset   |
| W        | W_149_ce0      | port    |          |
| W        | W_149_q0       | port    |          |
| W        | W_149_address1 | port    | offset   |
| W        | W_149_ce1      | port    |          |
| W        | W_149_q1       | port    |          |
| W        | W_150_address0 | port    | offset   |
| W        | W_150_ce0      | port    |          |
| W        | W_150_q0       | port    |          |
| W        | W_150_address1 | port    | offset   |
| W        | W_150_ce1      | port    |          |
| W        | W_150_q1       | port    |          |
| W        | W_151_address0 | port    | offset   |
| W        | W_151_ce0      | port    |          |
| W        | W_151_q0       | port    |          |
| W        | W_151_address1 | port    | offset   |
| W        | W_151_ce1      | port    |          |
| W        | W_151_q1       | port    |          |
| W        | W_152_address0 | port    | offset   |
| W        | W_152_ce0      | port    |          |
| W        | W_152_q0       | port    |          |
| W        | W_152_address1 | port    | offset   |
| W        | W_152_ce1      | port    |          |
| W        | W_152_q1       | port    |          |
| W        | W_153_address0 | port    | offset   |
| W        | W_153_ce0      | port    |          |
| W        | W_153_q0       | port    |          |
| W        | W_153_address1 | port    | offset   |
| W        | W_153_ce1      | port    |          |
| W        | W_153_q1       | port    |          |
| W        | W_154_address0 | port    | offset   |
| W        | W_154_ce0      | port    |          |
| W        | W_154_q0       | port    |          |
| W        | W_154_address1 | port    | offset   |
| W        | W_154_ce1      | port    |          |
| W        | W_154_q1       | port    |          |
| W        | W_155_address0 | port    | offset   |
| W        | W_155_ce0      | port    |          |
| W        | W_155_q0       | port    |          |
| W        | W_155_address1 | port    | offset   |
| W        | W_155_ce1      | port    |          |
| W        | W_155_q1       | port    |          |
| W        | W_156_address0 | port    | offset   |
| W        | W_156_ce0      | port    |          |
| W        | W_156_q0       | port    |          |
| W        | W_156_address1 | port    | offset   |
| W        | W_156_ce1      | port    |          |
| W        | W_156_q1       | port    |          |
| W        | W_157_address0 | port    | offset   |
| W        | W_157_ce0      | port    |          |
| W        | W_157_q0       | port    |          |
| W        | W_157_address1 | port    | offset   |
| W        | W_157_ce1      | port    |          |
| W        | W_157_q1       | port    |          |
| W        | W_158_address0 | port    | offset   |
| W        | W_158_ce0      | port    |          |
| W        | W_158_q0       | port    |          |
| W        | W_158_address1 | port    | offset   |
| W        | W_158_ce1      | port    |          |
| W        | W_158_q1       | port    |          |
| W        | W_159_address0 | port    | offset   |
| W        | W_159_ce0      | port    |          |
| W        | W_159_q0       | port    |          |
| W        | W_159_address1 | port    | offset   |
| W        | W_159_ce1      | port    |          |
| W        | W_159_q1       | port    |          |
| W        | W_160_address0 | port    | offset   |
| W        | W_160_ce0      | port    |          |
| W        | W_160_q0       | port    |          |
| W        | W_160_address1 | port    | offset   |
| W        | W_160_ce1      | port    |          |
| W        | W_160_q1       | port    |          |
| W        | W_161_address0 | port    | offset   |
| W        | W_161_ce0      | port    |          |
| W        | W_161_q0       | port    |          |
| W        | W_161_address1 | port    | offset   |
| W        | W_161_ce1      | port    |          |
| W        | W_161_q1       | port    |          |
| W        | W_162_address0 | port    | offset   |
| W        | W_162_ce0      | port    |          |
| W        | W_162_q0       | port    |          |
| W        | W_162_address1 | port    | offset   |
| W        | W_162_ce1      | port    |          |
| W        | W_162_q1       | port    |          |
| W        | W_163_address0 | port    | offset   |
| W        | W_163_ce0      | port    |          |
| W        | W_163_q0       | port    |          |
| W        | W_163_address1 | port    | offset   |
| W        | W_163_ce1      | port    |          |
| W        | W_163_q1       | port    |          |
| W        | W_164_address0 | port    | offset   |
| W        | W_164_ce0      | port    |          |
| W        | W_164_q0       | port    |          |
| W        | W_164_address1 | port    | offset   |
| W        | W_164_ce1      | port    |          |
| W        | W_164_q1       | port    |          |
| W        | W_165_address0 | port    | offset   |
| W        | W_165_ce0      | port    |          |
| W        | W_165_q0       | port    |          |
| W        | W_165_address1 | port    | offset   |
| W        | W_165_ce1      | port    |          |
| W        | W_165_q1       | port    |          |
| W        | W_166_address0 | port    | offset   |
| W        | W_166_ce0      | port    |          |
| W        | W_166_q0       | port    |          |
| W        | W_166_address1 | port    | offset   |
| W        | W_166_ce1      | port    |          |
| W        | W_166_q1       | port    |          |
| W        | W_167_address0 | port    | offset   |
| W        | W_167_ce0      | port    |          |
| W        | W_167_q0       | port    |          |
| W        | W_167_address1 | port    | offset   |
| W        | W_167_ce1      | port    |          |
| W        | W_167_q1       | port    |          |
| W        | W_168_address0 | port    | offset   |
| W        | W_168_ce0      | port    |          |
| W        | W_168_q0       | port    |          |
| W        | W_168_address1 | port    | offset   |
| W        | W_168_ce1      | port    |          |
| W        | W_168_q1       | port    |          |
| W        | W_169_address0 | port    | offset   |
| W        | W_169_ce0      | port    |          |
| W        | W_169_q0       | port    |          |
| W        | W_169_address1 | port    | offset   |
| W        | W_169_ce1      | port    |          |
| W        | W_169_q1       | port    |          |
| W        | W_170_address0 | port    | offset   |
| W        | W_170_ce0      | port    |          |
| W        | W_170_q0       | port    |          |
| W        | W_170_address1 | port    | offset   |
| W        | W_170_ce1      | port    |          |
| W        | W_170_q1       | port    |          |
| W        | W_171_address0 | port    | offset   |
| W        | W_171_ce0      | port    |          |
| W        | W_171_q0       | port    |          |
| W        | W_171_address1 | port    | offset   |
| W        | W_171_ce1      | port    |          |
| W        | W_171_q1       | port    |          |
| W        | W_172_address0 | port    | offset   |
| W        | W_172_ce0      | port    |          |
| W        | W_172_q0       | port    |          |
| W        | W_172_address1 | port    | offset   |
| W        | W_172_ce1      | port    |          |
| W        | W_172_q1       | port    |          |
| W        | W_173_address0 | port    | offset   |
| W        | W_173_ce0      | port    |          |
| W        | W_173_q0       | port    |          |
| W        | W_173_address1 | port    | offset   |
| W        | W_173_ce1      | port    |          |
| W        | W_173_q1       | port    |          |
| W        | W_174_address0 | port    | offset   |
| W        | W_174_ce0      | port    |          |
| W        | W_174_q0       | port    |          |
| W        | W_174_address1 | port    | offset   |
| W        | W_174_ce1      | port    |          |
| W        | W_174_q1       | port    |          |
| W        | W_175_address0 | port    | offset   |
| W        | W_175_ce0      | port    |          |
| W        | W_175_q0       | port    |          |
| W        | W_175_address1 | port    | offset   |
| W        | W_175_ce1      | port    |          |
| W        | W_175_q1       | port    |          |
| W        | W_176_address0 | port    | offset   |
| W        | W_176_ce0      | port    |          |
| W        | W_176_q0       | port    |          |
| W        | W_176_address1 | port    | offset   |
| W        | W_176_ce1      | port    |          |
| W        | W_176_q1       | port    |          |
| W        | W_177_address0 | port    | offset   |
| W        | W_177_ce0      | port    |          |
| W        | W_177_q0       | port    |          |
| W        | W_177_address1 | port    | offset   |
| W        | W_177_ce1      | port    |          |
| W        | W_177_q1       | port    |          |
| W        | W_178_address0 | port    | offset   |
| W        | W_178_ce0      | port    |          |
| W        | W_178_q0       | port    |          |
| W        | W_178_address1 | port    | offset   |
| W        | W_178_ce1      | port    |          |
| W        | W_178_q1       | port    |          |
| W        | W_179_address0 | port    | offset   |
| W        | W_179_ce0      | port    |          |
| W        | W_179_q0       | port    |          |
| W        | W_179_address1 | port    | offset   |
| W        | W_179_ce1      | port    |          |
| W        | W_179_q1       | port    |          |
| W        | W_180_address0 | port    | offset   |
| W        | W_180_ce0      | port    |          |
| W        | W_180_q0       | port    |          |
| W        | W_180_address1 | port    | offset   |
| W        | W_180_ce1      | port    |          |
| W        | W_180_q1       | port    |          |
| W        | W_181_address0 | port    | offset   |
| W        | W_181_ce0      | port    |          |
| W        | W_181_q0       | port    |          |
| W        | W_181_address1 | port    | offset   |
| W        | W_181_ce1      | port    |          |
| W        | W_181_q1       | port    |          |
| W        | W_182_address0 | port    | offset   |
| W        | W_182_ce0      | port    |          |
| W        | W_182_q0       | port    |          |
| W        | W_182_address1 | port    | offset   |
| W        | W_182_ce1      | port    |          |
| W        | W_182_q1       | port    |          |
| W        | W_183_address0 | port    | offset   |
| W        | W_183_ce0      | port    |          |
| W        | W_183_q0       | port    |          |
| W        | W_183_address1 | port    | offset   |
| W        | W_183_ce1      | port    |          |
| W        | W_183_q1       | port    |          |
| W        | W_184_address0 | port    | offset   |
| W        | W_184_ce0      | port    |          |
| W        | W_184_q0       | port    |          |
| W        | W_184_address1 | port    | offset   |
| W        | W_184_ce1      | port    |          |
| W        | W_184_q1       | port    |          |
| W        | W_185_address0 | port    | offset   |
| W        | W_185_ce0      | port    |          |
| W        | W_185_q0       | port    |          |
| W        | W_185_address1 | port    | offset   |
| W        | W_185_ce1      | port    |          |
| W        | W_185_q1       | port    |          |
| W        | W_186_address0 | port    | offset   |
| W        | W_186_ce0      | port    |          |
| W        | W_186_q0       | port    |          |
| W        | W_186_address1 | port    | offset   |
| W        | W_186_ce1      | port    |          |
| W        | W_186_q1       | port    |          |
| W        | W_187_address0 | port    | offset   |
| W        | W_187_ce0      | port    |          |
| W        | W_187_q0       | port    |          |
| W        | W_187_address1 | port    | offset   |
| W        | W_187_ce1      | port    |          |
| W        | W_187_q1       | port    |          |
| W        | W_188_address0 | port    | offset   |
| W        | W_188_ce0      | port    |          |
| W        | W_188_q0       | port    |          |
| W        | W_188_address1 | port    | offset   |
| W        | W_188_ce1      | port    |          |
| W        | W_188_q1       | port    |          |
| W        | W_189_address0 | port    | offset   |
| W        | W_189_ce0      | port    |          |
| W        | W_189_q0       | port    |          |
| W        | W_189_address1 | port    | offset   |
| W        | W_189_ce1      | port    |          |
| W        | W_189_q1       | port    |          |
| W        | W_190_address0 | port    | offset   |
| W        | W_190_ce0      | port    |          |
| W        | W_190_q0       | port    |          |
| W        | W_190_address1 | port    | offset   |
| W        | W_190_ce1      | port    |          |
| W        | W_190_q1       | port    |          |
| W        | W_191_address0 | port    | offset   |
| W        | W_191_ce0      | port    |          |
| W        | W_191_q0       | port    |          |
| W        | W_191_address1 | port    | offset   |
| W        | W_191_ce1      | port    |          |
| W        | W_191_q1       | port    |          |
| W        | W_192_address0 | port    | offset   |
| W        | W_192_ce0      | port    |          |
| W        | W_192_q0       | port    |          |
| W        | W_192_address1 | port    | offset   |
| W        | W_192_ce1      | port    |          |
| W        | W_192_q1       | port    |          |
| W        | W_193_address0 | port    | offset   |
| W        | W_193_ce0      | port    |          |
| W        | W_193_q0       | port    |          |
| W        | W_193_address1 | port    | offset   |
| W        | W_193_ce1      | port    |          |
| W        | W_193_q1       | port    |          |
| W        | W_194_address0 | port    | offset   |
| W        | W_194_ce0      | port    |          |
| W        | W_194_q0       | port    |          |
| W        | W_194_address1 | port    | offset   |
| W        | W_194_ce1      | port    |          |
| W        | W_194_q1       | port    |          |
| W        | W_195_address0 | port    | offset   |
| W        | W_195_ce0      | port    |          |
| W        | W_195_q0       | port    |          |
| W        | W_195_address1 | port    | offset   |
| W        | W_195_ce1      | port    |          |
| W        | W_195_q1       | port    |          |
| W        | W_196_address0 | port    | offset   |
| W        | W_196_ce0      | port    |          |
| W        | W_196_q0       | port    |          |
| W        | W_196_address1 | port    | offset   |
| W        | W_196_ce1      | port    |          |
| W        | W_196_q1       | port    |          |
| W        | W_197_address0 | port    | offset   |
| W        | W_197_ce0      | port    |          |
| W        | W_197_q0       | port    |          |
| W        | W_197_address1 | port    | offset   |
| W        | W_197_ce1      | port    |          |
| W        | W_197_q1       | port    |          |
| W        | W_198_address0 | port    | offset   |
| W        | W_198_ce0      | port    |          |
| W        | W_198_q0       | port    |          |
| W        | W_198_address1 | port    | offset   |
| W        | W_198_ce1      | port    |          |
| W        | W_198_q1       | port    |          |
| W        | W_199_address0 | port    | offset   |
| W        | W_199_ce0      | port    |          |
| W        | W_199_q0       | port    |          |
| W        | W_199_address1 | port    | offset   |
| W        | W_199_ce1      | port    |          |
| W        | W_199_q1       | port    |          |
| W        | W_200_address0 | port    | offset   |
| W        | W_200_ce0      | port    |          |
| W        | W_200_q0       | port    |          |
| W        | W_200_address1 | port    | offset   |
| W        | W_200_ce1      | port    |          |
| W        | W_200_q1       | port    |          |
| W        | W_201_address0 | port    | offset   |
| W        | W_201_ce0      | port    |          |
| W        | W_201_q0       | port    |          |
| W        | W_201_address1 | port    | offset   |
| W        | W_201_ce1      | port    |          |
| W        | W_201_q1       | port    |          |
| W        | W_202_address0 | port    | offset   |
| W        | W_202_ce0      | port    |          |
| W        | W_202_q0       | port    |          |
| W        | W_202_address1 | port    | offset   |
| W        | W_202_ce1      | port    |          |
| W        | W_202_q1       | port    |          |
| W        | W_203_address0 | port    | offset   |
| W        | W_203_ce0      | port    |          |
| W        | W_203_q0       | port    |          |
| W        | W_203_address1 | port    | offset   |
| W        | W_203_ce1      | port    |          |
| W        | W_203_q1       | port    |          |
| W        | W_204_address0 | port    | offset   |
| W        | W_204_ce0      | port    |          |
| W        | W_204_q0       | port    |          |
| W        | W_204_address1 | port    | offset   |
| W        | W_204_ce1      | port    |          |
| W        | W_204_q1       | port    |          |
| W        | W_205_address0 | port    | offset   |
| W        | W_205_ce0      | port    |          |
| W        | W_205_q0       | port    |          |
| W        | W_205_address1 | port    | offset   |
| W        | W_205_ce1      | port    |          |
| W        | W_205_q1       | port    |          |
| W        | W_206_address0 | port    | offset   |
| W        | W_206_ce0      | port    |          |
| W        | W_206_q0       | port    |          |
| W        | W_206_address1 | port    | offset   |
| W        | W_206_ce1      | port    |          |
| W        | W_206_q1       | port    |          |
| W        | W_207_address0 | port    | offset   |
| W        | W_207_ce0      | port    |          |
| W        | W_207_q0       | port    |          |
| W        | W_207_address1 | port    | offset   |
| W        | W_207_ce1      | port    |          |
| W        | W_207_q1       | port    |          |
| W        | W_208_address0 | port    | offset   |
| W        | W_208_ce0      | port    |          |
| W        | W_208_q0       | port    |          |
| W        | W_208_address1 | port    | offset   |
| W        | W_208_ce1      | port    |          |
| W        | W_208_q1       | port    |          |
| W        | W_209_address0 | port    | offset   |
| W        | W_209_ce0      | port    |          |
| W        | W_209_q0       | port    |          |
| W        | W_209_address1 | port    | offset   |
| W        | W_209_ce1      | port    |          |
| W        | W_209_q1       | port    |          |
| W        | W_210_address0 | port    | offset   |
| W        | W_210_ce0      | port    |          |
| W        | W_210_q0       | port    |          |
| W        | W_210_address1 | port    | offset   |
| W        | W_210_ce1      | port    |          |
| W        | W_210_q1       | port    |          |
| W        | W_211_address0 | port    | offset   |
| W        | W_211_ce0      | port    |          |
| W        | W_211_q0       | port    |          |
| W        | W_211_address1 | port    | offset   |
| W        | W_211_ce1      | port    |          |
| W        | W_211_q1       | port    |          |
| W        | W_212_address0 | port    | offset   |
| W        | W_212_ce0      | port    |          |
| W        | W_212_q0       | port    |          |
| W        | W_212_address1 | port    | offset   |
| W        | W_212_ce1      | port    |          |
| W        | W_212_q1       | port    |          |
| W        | W_213_address0 | port    | offset   |
| W        | W_213_ce0      | port    |          |
| W        | W_213_q0       | port    |          |
| W        | W_213_address1 | port    | offset   |
| W        | W_213_ce1      | port    |          |
| W        | W_213_q1       | port    |          |
| W        | W_214_address0 | port    | offset   |
| W        | W_214_ce0      | port    |          |
| W        | W_214_q0       | port    |          |
| W        | W_214_address1 | port    | offset   |
| W        | W_214_ce1      | port    |          |
| W        | W_214_q1       | port    |          |
| W        | W_215_address0 | port    | offset   |
| W        | W_215_ce0      | port    |          |
| W        | W_215_q0       | port    |          |
| W        | W_215_address1 | port    | offset   |
| W        | W_215_ce1      | port    |          |
| W        | W_215_q1       | port    |          |
| W        | W_216_address0 | port    | offset   |
| W        | W_216_ce0      | port    |          |
| W        | W_216_q0       | port    |          |
| W        | W_216_address1 | port    | offset   |
| W        | W_216_ce1      | port    |          |
| W        | W_216_q1       | port    |          |
| W        | W_217_address0 | port    | offset   |
| W        | W_217_ce0      | port    |          |
| W        | W_217_q0       | port    |          |
| W        | W_217_address1 | port    | offset   |
| W        | W_217_ce1      | port    |          |
| W        | W_217_q1       | port    |          |
| W        | W_218_address0 | port    | offset   |
| W        | W_218_ce0      | port    |          |
| W        | W_218_q0       | port    |          |
| W        | W_218_address1 | port    | offset   |
| W        | W_218_ce1      | port    |          |
| W        | W_218_q1       | port    |          |
| W        | W_219_address0 | port    | offset   |
| W        | W_219_ce0      | port    |          |
| W        | W_219_q0       | port    |          |
| W        | W_219_address1 | port    | offset   |
| W        | W_219_ce1      | port    |          |
| W        | W_219_q1       | port    |          |
| W        | W_220_address0 | port    | offset   |
| W        | W_220_ce0      | port    |          |
| W        | W_220_q0       | port    |          |
| W        | W_220_address1 | port    | offset   |
| W        | W_220_ce1      | port    |          |
| W        | W_220_q1       | port    |          |
| W        | W_221_address0 | port    | offset   |
| W        | W_221_ce0      | port    |          |
| W        | W_221_q0       | port    |          |
| W        | W_221_address1 | port    | offset   |
| W        | W_221_ce1      | port    |          |
| W        | W_221_q1       | port    |          |
| W        | W_222_address0 | port    | offset   |
| W        | W_222_ce0      | port    |          |
| W        | W_222_q0       | port    |          |
| W        | W_222_address1 | port    | offset   |
| W        | W_222_ce1      | port    |          |
| W        | W_222_q1       | port    |          |
| W        | W_223_address0 | port    | offset   |
| W        | W_223_ce0      | port    |          |
| W        | W_223_q0       | port    |          |
| W        | W_223_address1 | port    | offset   |
| W        | W_223_ce1      | port    |          |
| W        | W_223_q1       | port    |          |
| W        | W_224_address0 | port    | offset   |
| W        | W_224_ce0      | port    |          |
| W        | W_224_q0       | port    |          |
| W        | W_224_address1 | port    | offset   |
| W        | W_224_ce1      | port    |          |
| W        | W_224_q1       | port    |          |
| W        | W_225_address0 | port    | offset   |
| W        | W_225_ce0      | port    |          |
| W        | W_225_q0       | port    |          |
| W        | W_225_address1 | port    | offset   |
| W        | W_225_ce1      | port    |          |
| W        | W_225_q1       | port    |          |
| W        | W_226_address0 | port    | offset   |
| W        | W_226_ce0      | port    |          |
| W        | W_226_q0       | port    |          |
| W        | W_226_address1 | port    | offset   |
| W        | W_226_ce1      | port    |          |
| W        | W_226_q1       | port    |          |
| W        | W_227_address0 | port    | offset   |
| W        | W_227_ce0      | port    |          |
| W        | W_227_q0       | port    |          |
| W        | W_227_address1 | port    | offset   |
| W        | W_227_ce1      | port    |          |
| W        | W_227_q1       | port    |          |
| W        | W_228_address0 | port    | offset   |
| W        | W_228_ce0      | port    |          |
| W        | W_228_q0       | port    |          |
| W        | W_228_address1 | port    | offset   |
| W        | W_228_ce1      | port    |          |
| W        | W_228_q1       | port    |          |
| W        | W_229_address0 | port    | offset   |
| W        | W_229_ce0      | port    |          |
| W        | W_229_q0       | port    |          |
| W        | W_229_address1 | port    | offset   |
| W        | W_229_ce1      | port    |          |
| W        | W_229_q1       | port    |          |
| W        | W_230_address0 | port    | offset   |
| W        | W_230_ce0      | port    |          |
| W        | W_230_q0       | port    |          |
| W        | W_230_address1 | port    | offset   |
| W        | W_230_ce1      | port    |          |
| W        | W_230_q1       | port    |          |
| W        | W_231_address0 | port    | offset   |
| W        | W_231_ce0      | port    |          |
| W        | W_231_q0       | port    |          |
| W        | W_231_address1 | port    | offset   |
| W        | W_231_ce1      | port    |          |
| W        | W_231_q1       | port    |          |
| W        | W_232_address0 | port    | offset   |
| W        | W_232_ce0      | port    |          |
| W        | W_232_q0       | port    |          |
| W        | W_232_address1 | port    | offset   |
| W        | W_232_ce1      | port    |          |
| W        | W_232_q1       | port    |          |
| W        | W_233_address0 | port    | offset   |
| W        | W_233_ce0      | port    |          |
| W        | W_233_q0       | port    |          |
| W        | W_233_address1 | port    | offset   |
| W        | W_233_ce1      | port    |          |
| W        | W_233_q1       | port    |          |
| W        | W_234_address0 | port    | offset   |
| W        | W_234_ce0      | port    |          |
| W        | W_234_q0       | port    |          |
| W        | W_234_address1 | port    | offset   |
| W        | W_234_ce1      | port    |          |
| W        | W_234_q1       | port    |          |
| W        | W_235_address0 | port    | offset   |
| W        | W_235_ce0      | port    |          |
| W        | W_235_q0       | port    |          |
| W        | W_235_address1 | port    | offset   |
| W        | W_235_ce1      | port    |          |
| W        | W_235_q1       | port    |          |
| W        | W_236_address0 | port    | offset   |
| W        | W_236_ce0      | port    |          |
| W        | W_236_q0       | port    |          |
| W        | W_236_address1 | port    | offset   |
| W        | W_236_ce1      | port    |          |
| W        | W_236_q1       | port    |          |
| W        | W_237_address0 | port    | offset   |
| W        | W_237_ce0      | port    |          |
| W        | W_237_q0       | port    |          |
| W        | W_237_address1 | port    | offset   |
| W        | W_237_ce1      | port    |          |
| W        | W_237_q1       | port    |          |
| W        | W_238_address0 | port    | offset   |
| W        | W_238_ce0      | port    |          |
| W        | W_238_q0       | port    |          |
| W        | W_238_address1 | port    | offset   |
| W        | W_238_ce1      | port    |          |
| W        | W_238_q1       | port    |          |
| W        | W_239_address0 | port    | offset   |
| W        | W_239_ce0      | port    |          |
| W        | W_239_q0       | port    |          |
| W        | W_239_address1 | port    | offset   |
| W        | W_239_ce1      | port    |          |
| W        | W_239_q1       | port    |          |
| W        | W_240_address0 | port    | offset   |
| W        | W_240_ce0      | port    |          |
| W        | W_240_q0       | port    |          |
| W        | W_240_address1 | port    | offset   |
| W        | W_240_ce1      | port    |          |
| W        | W_240_q1       | port    |          |
| W        | W_241_address0 | port    | offset   |
| W        | W_241_ce0      | port    |          |
| W        | W_241_q0       | port    |          |
| W        | W_241_address1 | port    | offset   |
| W        | W_241_ce1      | port    |          |
| W        | W_241_q1       | port    |          |
| W        | W_242_address0 | port    | offset   |
| W        | W_242_ce0      | port    |          |
| W        | W_242_q0       | port    |          |
| W        | W_242_address1 | port    | offset   |
| W        | W_242_ce1      | port    |          |
| W        | W_242_q1       | port    |          |
| W        | W_243_address0 | port    | offset   |
| W        | W_243_ce0      | port    |          |
| W        | W_243_q0       | port    |          |
| W        | W_243_address1 | port    | offset   |
| W        | W_243_ce1      | port    |          |
| W        | W_243_q1       | port    |          |
| W        | W_244_address0 | port    | offset   |
| W        | W_244_ce0      | port    |          |
| W        | W_244_q0       | port    |          |
| W        | W_244_address1 | port    | offset   |
| W        | W_244_ce1      | port    |          |
| W        | W_244_q1       | port    |          |
| W        | W_245_address0 | port    | offset   |
| W        | W_245_ce0      | port    |          |
| W        | W_245_q0       | port    |          |
| W        | W_245_address1 | port    | offset   |
| W        | W_245_ce1      | port    |          |
| W        | W_245_q1       | port    |          |
| W        | W_246_address0 | port    | offset   |
| W        | W_246_ce0      | port    |          |
| W        | W_246_q0       | port    |          |
| W        | W_246_address1 | port    | offset   |
| W        | W_246_ce1      | port    |          |
| W        | W_246_q1       | port    |          |
| W        | W_247_address0 | port    | offset   |
| W        | W_247_ce0      | port    |          |
| W        | W_247_q0       | port    |          |
| W        | W_247_address1 | port    | offset   |
| W        | W_247_ce1      | port    |          |
| W        | W_247_q1       | port    |          |
| W        | W_248_address0 | port    | offset   |
| W        | W_248_ce0      | port    |          |
| W        | W_248_q0       | port    |          |
| W        | W_248_address1 | port    | offset   |
| W        | W_248_ce1      | port    |          |
| W        | W_248_q1       | port    |          |
| W        | W_249_address0 | port    | offset   |
| W        | W_249_ce0      | port    |          |
| W        | W_249_q0       | port    |          |
| W        | W_249_address1 | port    | offset   |
| W        | W_249_ce1      | port    |          |
| W        | W_249_q1       | port    |          |
| W        | W_250_address0 | port    | offset   |
| W        | W_250_ce0      | port    |          |
| W        | W_250_q0       | port    |          |
| W        | W_250_address1 | port    | offset   |
| W        | W_250_ce1      | port    |          |
| W        | W_250_q1       | port    |          |
| W        | W_251_address0 | port    | offset   |
| W        | W_251_ce0      | port    |          |
| W        | W_251_q0       | port    |          |
| W        | W_251_address1 | port    | offset   |
| W        | W_251_ce1      | port    |          |
| W        | W_251_q1       | port    |          |
| W        | W_252_address0 | port    | offset   |
| W        | W_252_ce0      | port    |          |
| W        | W_252_q0       | port    |          |
| W        | W_252_address1 | port    | offset   |
| W        | W_252_ce1      | port    |          |
| W        | W_252_q1       | port    |          |
| W        | W_253_address0 | port    | offset   |
| W        | W_253_ce0      | port    |          |
| W        | W_253_q0       | port    |          |
| W        | W_253_address1 | port    | offset   |
| W        | W_253_ce1      | port    |          |
| W        | W_253_q1       | port    |          |
| W        | W_254_address0 | port    | offset   |
| W        | W_254_ce0      | port    |          |
| W        | W_254_q0       | port    |          |
| W        | W_254_address1 | port    | offset   |
| W        | W_254_ce1      | port    |          |
| W        | W_254_q1       | port    |          |
| W        | W_255_address0 | port    | offset   |
| W        | W_255_ce0      | port    |          |
| W        | W_255_q0       | port    |          |
| W        | W_255_address1 | port    | offset   |
| W        | W_255_ce1      | port    |          |
| W        | W_255_q1       | port    |          |
| W        | W_256_address0 | port    | offset   |
| W        | W_256_ce0      | port    |          |
| W        | W_256_q0       | port    |          |
| W        | W_256_address1 | port    | offset   |
| W        | W_256_ce1      | port    |          |
| W        | W_256_q1       | port    |          |
| W        | W_257_address0 | port    | offset   |
| W        | W_257_ce0      | port    |          |
| W        | W_257_q0       | port    |          |
| W        | W_257_address1 | port    | offset   |
| W        | W_257_ce1      | port    |          |
| W        | W_257_q1       | port    |          |
| W        | W_258_address0 | port    | offset   |
| W        | W_258_ce0      | port    |          |
| W        | W_258_q0       | port    |          |
| W        | W_258_address1 | port    | offset   |
| W        | W_258_ce1      | port    |          |
| W        | W_258_q1       | port    |          |
| W        | W_259_address0 | port    | offset   |
| W        | W_259_ce0      | port    |          |
| W        | W_259_q0       | port    |          |
| W        | W_259_address1 | port    | offset   |
| W        | W_259_ce1      | port    |          |
| W        | W_259_q1       | port    |          |
| W        | W_260_address0 | port    | offset   |
| W        | W_260_ce0      | port    |          |
| W        | W_260_q0       | port    |          |
| W        | W_260_address1 | port    | offset   |
| W        | W_260_ce1      | port    |          |
| W        | W_260_q1       | port    |          |
| W        | W_261_address0 | port    | offset   |
| W        | W_261_ce0      | port    |          |
| W        | W_261_q0       | port    |          |
| W        | W_261_address1 | port    | offset   |
| W        | W_261_ce1      | port    |          |
| W        | W_261_q1       | port    |          |
| W        | W_262_address0 | port    | offset   |
| W        | W_262_ce0      | port    |          |
| W        | W_262_q0       | port    |          |
| W        | W_262_address1 | port    | offset   |
| W        | W_262_ce1      | port    |          |
| W        | W_262_q1       | port    |          |
| W        | W_263_address0 | port    | offset   |
| W        | W_263_ce0      | port    |          |
| W        | W_263_q0       | port    |          |
| W        | W_263_address1 | port    | offset   |
| W        | W_263_ce1      | port    |          |
| W        | W_263_q1       | port    |          |
| W        | W_264_address0 | port    | offset   |
| W        | W_264_ce0      | port    |          |
| W        | W_264_q0       | port    |          |
| W        | W_264_address1 | port    | offset   |
| W        | W_264_ce1      | port    |          |
| W        | W_264_q1       | port    |          |
| W        | W_265_address0 | port    | offset   |
| W        | W_265_ce0      | port    |          |
| W        | W_265_q0       | port    |          |
| W        | W_265_address1 | port    | offset   |
| W        | W_265_ce1      | port    |          |
| W        | W_265_q1       | port    |          |
| W        | W_266_address0 | port    | offset   |
| W        | W_266_ce0      | port    |          |
| W        | W_266_q0       | port    |          |
| W        | W_266_address1 | port    | offset   |
| W        | W_266_ce1      | port    |          |
| W        | W_266_q1       | port    |          |
| W        | W_267_address0 | port    | offset   |
| W        | W_267_ce0      | port    |          |
| W        | W_267_q0       | port    |          |
| W        | W_267_address1 | port    | offset   |
| W        | W_267_ce1      | port    |          |
| W        | W_267_q1       | port    |          |
| W        | W_268_address0 | port    | offset   |
| W        | W_268_ce0      | port    |          |
| W        | W_268_q0       | port    |          |
| W        | W_268_address1 | port    | offset   |
| W        | W_268_ce1      | port    |          |
| W        | W_268_q1       | port    |          |
| W        | W_269_address0 | port    | offset   |
| W        | W_269_ce0      | port    |          |
| W        | W_269_q0       | port    |          |
| W        | W_269_address1 | port    | offset   |
| W        | W_269_ce1      | port    |          |
| W        | W_269_q1       | port    |          |
| W        | W_270_address0 | port    | offset   |
| W        | W_270_ce0      | port    |          |
| W        | W_270_q0       | port    |          |
| W        | W_270_address1 | port    | offset   |
| W        | W_270_ce1      | port    |          |
| W        | W_270_q1       | port    |          |
| W        | W_271_address0 | port    | offset   |
| W        | W_271_ce0      | port    |          |
| W        | W_271_q0       | port    |          |
| W        | W_271_address1 | port    | offset   |
| W        | W_271_ce1      | port    |          |
| W        | W_271_q1       | port    |          |
| W        | W_272_address0 | port    | offset   |
| W        | W_272_ce0      | port    |          |
| W        | W_272_q0       | port    |          |
| W        | W_272_address1 | port    | offset   |
| W        | W_272_ce1      | port    |          |
| W        | W_272_q1       | port    |          |
| W        | W_273_address0 | port    | offset   |
| W        | W_273_ce0      | port    |          |
| W        | W_273_q0       | port    |          |
| W        | W_273_address1 | port    | offset   |
| W        | W_273_ce1      | port    |          |
| W        | W_273_q1       | port    |          |
| W        | W_274_address0 | port    | offset   |
| W        | W_274_ce0      | port    |          |
| W        | W_274_q0       | port    |          |
| W        | W_274_address1 | port    | offset   |
| W        | W_274_ce1      | port    |          |
| W        | W_274_q1       | port    |          |
| W        | W_275_address0 | port    | offset   |
| W        | W_275_ce0      | port    |          |
| W        | W_275_q0       | port    |          |
| W        | W_275_address1 | port    | offset   |
| W        | W_275_ce1      | port    |          |
| W        | W_275_q1       | port    |          |
| W        | W_276_address0 | port    | offset   |
| W        | W_276_ce0      | port    |          |
| W        | W_276_q0       | port    |          |
| W        | W_276_address1 | port    | offset   |
| W        | W_276_ce1      | port    |          |
| W        | W_276_q1       | port    |          |
| W        | W_277_address0 | port    | offset   |
| W        | W_277_ce0      | port    |          |
| W        | W_277_q0       | port    |          |
| W        | W_277_address1 | port    | offset   |
| W        | W_277_ce1      | port    |          |
| W        | W_277_q1       | port    |          |
| W        | W_278_address0 | port    | offset   |
| W        | W_278_ce0      | port    |          |
| W        | W_278_q0       | port    |          |
| W        | W_278_address1 | port    | offset   |
| W        | W_278_ce1      | port    |          |
| W        | W_278_q1       | port    |          |
| W        | W_279_address0 | port    | offset   |
| W        | W_279_ce0      | port    |          |
| W        | W_279_q0       | port    |          |
| W        | W_279_address1 | port    | offset   |
| W        | W_279_ce1      | port    |          |
| W        | W_279_q1       | port    |          |
| W        | W_280_address0 | port    | offset   |
| W        | W_280_ce0      | port    |          |
| W        | W_280_q0       | port    |          |
| W        | W_280_address1 | port    | offset   |
| W        | W_280_ce1      | port    |          |
| W        | W_280_q1       | port    |          |
| W        | W_281_address0 | port    | offset   |
| W        | W_281_ce0      | port    |          |
| W        | W_281_q0       | port    |          |
| W        | W_281_address1 | port    | offset   |
| W        | W_281_ce1      | port    |          |
| W        | W_281_q1       | port    |          |
| W        | W_282_address0 | port    | offset   |
| W        | W_282_ce0      | port    |          |
| W        | W_282_q0       | port    |          |
| W        | W_282_address1 | port    | offset   |
| W        | W_282_ce1      | port    |          |
| W        | W_282_q1       | port    |          |
| W        | W_283_address0 | port    | offset   |
| W        | W_283_ce0      | port    |          |
| W        | W_283_q0       | port    |          |
| W        | W_283_address1 | port    | offset   |
| W        | W_283_ce1      | port    |          |
| W        | W_283_q1       | port    |          |
| W        | W_284_address0 | port    | offset   |
| W        | W_284_ce0      | port    |          |
| W        | W_284_q0       | port    |          |
| W        | W_284_address1 | port    | offset   |
| W        | W_284_ce1      | port    |          |
| W        | W_284_q1       | port    |          |
| W        | W_285_address0 | port    | offset   |
| W        | W_285_ce0      | port    |          |
| W        | W_285_q0       | port    |          |
| W        | W_285_address1 | port    | offset   |
| W        | W_285_ce1      | port    |          |
| W        | W_285_q1       | port    |          |
| W        | W_286_address0 | port    | offset   |
| W        | W_286_ce0      | port    |          |
| W        | W_286_q0       | port    |          |
| W        | W_286_address1 | port    | offset   |
| W        | W_286_ce1      | port    |          |
| W        | W_286_q1       | port    |          |
| W        | W_287_address0 | port    | offset   |
| W        | W_287_ce0      | port    |          |
| W        | W_287_q0       | port    |          |
| W        | W_287_address1 | port    | offset   |
| W        | W_287_ce1      | port    |          |
| W        | W_287_q1       | port    |          |
| W        | W_288_address0 | port    | offset   |
| W        | W_288_ce0      | port    |          |
| W        | W_288_q0       | port    |          |
| W        | W_288_address1 | port    | offset   |
| W        | W_288_ce1      | port    |          |
| W        | W_288_q1       | port    |          |
| W        | W_289_address0 | port    | offset   |
| W        | W_289_ce0      | port    |          |
| W        | W_289_q0       | port    |          |
| W        | W_289_address1 | port    | offset   |
| W        | W_289_ce1      | port    |          |
| W        | W_289_q1       | port    |          |
| W        | W_290_address0 | port    | offset   |
| W        | W_290_ce0      | port    |          |
| W        | W_290_q0       | port    |          |
| W        | W_290_address1 | port    | offset   |
| W        | W_290_ce1      | port    |          |
| W        | W_290_q1       | port    |          |
| W        | W_291_address0 | port    | offset   |
| W        | W_291_ce0      | port    |          |
| W        | W_291_q0       | port    |          |
| W        | W_291_address1 | port    | offset   |
| W        | W_291_ce1      | port    |          |
| W        | W_291_q1       | port    |          |
| W        | W_292_address0 | port    | offset   |
| W        | W_292_ce0      | port    |          |
| W        | W_292_q0       | port    |          |
| W        | W_292_address1 | port    | offset   |
| W        | W_292_ce1      | port    |          |
| W        | W_292_q1       | port    |          |
| W        | W_293_address0 | port    | offset   |
| W        | W_293_ce0      | port    |          |
| W        | W_293_q0       | port    |          |
| W        | W_293_address1 | port    | offset   |
| W        | W_293_ce1      | port    |          |
| W        | W_293_q1       | port    |          |
| W        | W_294_address0 | port    | offset   |
| W        | W_294_ce0      | port    |          |
| W        | W_294_q0       | port    |          |
| W        | W_294_address1 | port    | offset   |
| W        | W_294_ce1      | port    |          |
| W        | W_294_q1       | port    |          |
| W        | W_295_address0 | port    | offset   |
| W        | W_295_ce0      | port    |          |
| W        | W_295_q0       | port    |          |
| W        | W_295_address1 | port    | offset   |
| W        | W_295_ce1      | port    |          |
| W        | W_295_q1       | port    |          |
| W        | W_296_address0 | port    | offset   |
| W        | W_296_ce0      | port    |          |
| W        | W_296_q0       | port    |          |
| W        | W_296_address1 | port    | offset   |
| W        | W_296_ce1      | port    |          |
| W        | W_296_q1       | port    |          |
| W        | W_297_address0 | port    | offset   |
| W        | W_297_ce0      | port    |          |
| W        | W_297_q0       | port    |          |
| W        | W_297_address1 | port    | offset   |
| W        | W_297_ce1      | port    |          |
| W        | W_297_q1       | port    |          |
| W        | W_298_address0 | port    | offset   |
| W        | W_298_ce0      | port    |          |
| W        | W_298_q0       | port    |          |
| W        | W_298_address1 | port    | offset   |
| W        | W_298_ce1      | port    |          |
| W        | W_298_q1       | port    |          |
| W        | W_299_address0 | port    | offset   |
| W        | W_299_ce0      | port    |          |
| W        | W_299_q0       | port    |          |
| W        | W_299_address1 | port    | offset   |
| W        | W_299_ce1      | port    |          |
| W        | W_299_q1       | port    |          |
| W        | W_300_address0 | port    | offset   |
| W        | W_300_ce0      | port    |          |
| W        | W_300_q0       | port    |          |
| W        | W_300_address1 | port    | offset   |
| W        | W_300_ce1      | port    |          |
| W        | W_300_q1       | port    |          |
| W        | W_301_address0 | port    | offset   |
| W        | W_301_ce0      | port    |          |
| W        | W_301_q0       | port    |          |
| W        | W_301_address1 | port    | offset   |
| W        | W_301_ce1      | port    |          |
| W        | W_301_q1       | port    |          |
| W        | W_302_address0 | port    | offset   |
| W        | W_302_ce0      | port    |          |
| W        | W_302_q0       | port    |          |
| W        | W_302_address1 | port    | offset   |
| W        | W_302_ce1      | port    |          |
| W        | W_302_q1       | port    |          |
| W        | W_303_address0 | port    | offset   |
| W        | W_303_ce0      | port    |          |
| W        | W_303_q0       | port    |          |
| W        | W_303_address1 | port    | offset   |
| W        | W_303_ce1      | port    |          |
| W        | W_303_q1       | port    |          |
| W        | W_304_address0 | port    | offset   |
| W        | W_304_ce0      | port    |          |
| W        | W_304_q0       | port    |          |
| W        | W_304_address1 | port    | offset   |
| W        | W_304_ce1      | port    |          |
| W        | W_304_q1       | port    |          |
| W        | W_305_address0 | port    | offset   |
| W        | W_305_ce0      | port    |          |
| W        | W_305_q0       | port    |          |
| W        | W_305_address1 | port    | offset   |
| W        | W_305_ce1      | port    |          |
| W        | W_305_q1       | port    |          |
| W        | W_306_address0 | port    | offset   |
| W        | W_306_ce0      | port    |          |
| W        | W_306_q0       | port    |          |
| W        | W_306_address1 | port    | offset   |
| W        | W_306_ce1      | port    |          |
| W        | W_306_q1       | port    |          |
| W        | W_307_address0 | port    | offset   |
| W        | W_307_ce0      | port    |          |
| W        | W_307_q0       | port    |          |
| W        | W_307_address1 | port    | offset   |
| W        | W_307_ce1      | port    |          |
| W        | W_307_q1       | port    |          |
| W        | W_308_address0 | port    | offset   |
| W        | W_308_ce0      | port    |          |
| W        | W_308_q0       | port    |          |
| W        | W_308_address1 | port    | offset   |
| W        | W_308_ce1      | port    |          |
| W        | W_308_q1       | port    |          |
| W        | W_309_address0 | port    | offset   |
| W        | W_309_ce0      | port    |          |
| W        | W_309_q0       | port    |          |
| W        | W_309_address1 | port    | offset   |
| W        | W_309_ce1      | port    |          |
| W        | W_309_q1       | port    |          |
| W        | W_310_address0 | port    | offset   |
| W        | W_310_ce0      | port    |          |
| W        | W_310_q0       | port    |          |
| W        | W_310_address1 | port    | offset   |
| W        | W_310_ce1      | port    |          |
| W        | W_310_q1       | port    |          |
| W        | W_311_address0 | port    | offset   |
| W        | W_311_ce0      | port    |          |
| W        | W_311_q0       | port    |          |
| W        | W_311_address1 | port    | offset   |
| W        | W_311_ce1      | port    |          |
| W        | W_311_q1       | port    |          |
| W        | W_312_address0 | port    | offset   |
| W        | W_312_ce0      | port    |          |
| W        | W_312_q0       | port    |          |
| W        | W_312_address1 | port    | offset   |
| W        | W_312_ce1      | port    |          |
| W        | W_312_q1       | port    |          |
| W        | W_313_address0 | port    | offset   |
| W        | W_313_ce0      | port    |          |
| W        | W_313_q0       | port    |          |
| W        | W_313_address1 | port    | offset   |
| W        | W_313_ce1      | port    |          |
| W        | W_313_q1       | port    |          |
| W        | W_314_address0 | port    | offset   |
| W        | W_314_ce0      | port    |          |
| W        | W_314_q0       | port    |          |
| W        | W_314_address1 | port    | offset   |
| W        | W_314_ce1      | port    |          |
| W        | W_314_q1       | port    |          |
| W        | W_315_address0 | port    | offset   |
| W        | W_315_ce0      | port    |          |
| W        | W_315_q0       | port    |          |
| W        | W_315_address1 | port    | offset   |
| W        | W_315_ce1      | port    |          |
| W        | W_315_q1       | port    |          |
| W        | W_316_address0 | port    | offset   |
| W        | W_316_ce0      | port    |          |
| W        | W_316_q0       | port    |          |
| W        | W_316_address1 | port    | offset   |
| W        | W_316_ce1      | port    |          |
| W        | W_316_q1       | port    |          |
| W        | W_317_address0 | port    | offset   |
| W        | W_317_ce0      | port    |          |
| W        | W_317_q0       | port    |          |
| W        | W_317_address1 | port    | offset   |
| W        | W_317_ce1      | port    |          |
| W        | W_317_q1       | port    |          |
| W        | W_318_address0 | port    | offset   |
| W        | W_318_ce0      | port    |          |
| W        | W_318_q0       | port    |          |
| W        | W_318_address1 | port    | offset   |
| W        | W_318_ce1      | port    |          |
| W        | W_318_q1       | port    |          |
| W        | W_319_address0 | port    | offset   |
| W        | W_319_ce0      | port    |          |
| W        | W_319_q0       | port    |          |
| W        | W_319_address1 | port    | offset   |
| W        | W_319_ce1      | port    |          |
| W        | W_319_q1       | port    |          |
| W        | W_320_address0 | port    | offset   |
| W        | W_320_ce0      | port    |          |
| W        | W_320_q0       | port    |          |
| W        | W_320_address1 | port    | offset   |
| W        | W_320_ce1      | port    |          |
| W        | W_320_q1       | port    |          |
| W        | W_321_address0 | port    | offset   |
| W        | W_321_ce0      | port    |          |
| W        | W_321_q0       | port    |          |
| W        | W_321_address1 | port    | offset   |
| W        | W_321_ce1      | port    |          |
| W        | W_321_q1       | port    |          |
| W        | W_322_address0 | port    | offset   |
| W        | W_322_ce0      | port    |          |
| W        | W_322_q0       | port    |          |
| W        | W_322_address1 | port    | offset   |
| W        | W_322_ce1      | port    |          |
| W        | W_322_q1       | port    |          |
| W        | W_323_address0 | port    | offset   |
| W        | W_323_ce0      | port    |          |
| W        | W_323_q0       | port    |          |
| W        | W_323_address1 | port    | offset   |
| W        | W_323_ce1      | port    |          |
| W        | W_323_q1       | port    |          |
| W        | W_324_address0 | port    | offset   |
| W        | W_324_ce0      | port    |          |
| W        | W_324_q0       | port    |          |
| W        | W_324_address1 | port    | offset   |
| W        | W_324_ce1      | port    |          |
| W        | W_324_q1       | port    |          |
| W        | W_325_address0 | port    | offset   |
| W        | W_325_ce0      | port    |          |
| W        | W_325_q0       | port    |          |
| W        | W_325_address1 | port    | offset   |
| W        | W_325_ce1      | port    |          |
| W        | W_325_q1       | port    |          |
| W        | W_326_address0 | port    | offset   |
| W        | W_326_ce0      | port    |          |
| W        | W_326_q0       | port    |          |
| W        | W_326_address1 | port    | offset   |
| W        | W_326_ce1      | port    |          |
| W        | W_326_q1       | port    |          |
| W        | W_327_address0 | port    | offset   |
| W        | W_327_ce0      | port    |          |
| W        | W_327_q0       | port    |          |
| W        | W_327_address1 | port    | offset   |
| W        | W_327_ce1      | port    |          |
| W        | W_327_q1       | port    |          |
| W        | W_328_address0 | port    | offset   |
| W        | W_328_ce0      | port    |          |
| W        | W_328_q0       | port    |          |
| W        | W_328_address1 | port    | offset   |
| W        | W_328_ce1      | port    |          |
| W        | W_328_q1       | port    |          |
| W        | W_329_address0 | port    | offset   |
| W        | W_329_ce0      | port    |          |
| W        | W_329_q0       | port    |          |
| W        | W_329_address1 | port    | offset   |
| W        | W_329_ce1      | port    |          |
| W        | W_329_q1       | port    |          |
| W        | W_330_address0 | port    | offset   |
| W        | W_330_ce0      | port    |          |
| W        | W_330_q0       | port    |          |
| W        | W_330_address1 | port    | offset   |
| W        | W_330_ce1      | port    |          |
| W        | W_330_q1       | port    |          |
| W        | W_331_address0 | port    | offset   |
| W        | W_331_ce0      | port    |          |
| W        | W_331_q0       | port    |          |
| W        | W_331_address1 | port    | offset   |
| W        | W_331_ce1      | port    |          |
| W        | W_331_q1       | port    |          |
| W        | W_332_address0 | port    | offset   |
| W        | W_332_ce0      | port    |          |
| W        | W_332_q0       | port    |          |
| W        | W_332_address1 | port    | offset   |
| W        | W_332_ce1      | port    |          |
| W        | W_332_q1       | port    |          |
| W        | W_333_address0 | port    | offset   |
| W        | W_333_ce0      | port    |          |
| W        | W_333_q0       | port    |          |
| W        | W_333_address1 | port    | offset   |
| W        | W_333_ce1      | port    |          |
| W        | W_333_q1       | port    |          |
| W        | W_334_address0 | port    | offset   |
| W        | W_334_ce0      | port    |          |
| W        | W_334_q0       | port    |          |
| W        | W_334_address1 | port    | offset   |
| W        | W_334_ce1      | port    |          |
| W        | W_334_q1       | port    |          |
| W        | W_335_address0 | port    | offset   |
| W        | W_335_ce0      | port    |          |
| W        | W_335_q0       | port    |          |
| W        | W_335_address1 | port    | offset   |
| W        | W_335_ce1      | port    |          |
| W        | W_335_q1       | port    |          |
| W        | W_336_address0 | port    | offset   |
| W        | W_336_ce0      | port    |          |
| W        | W_336_q0       | port    |          |
| W        | W_336_address1 | port    | offset   |
| W        | W_336_ce1      | port    |          |
| W        | W_336_q1       | port    |          |
| W        | W_337_address0 | port    | offset   |
| W        | W_337_ce0      | port    |          |
| W        | W_337_q0       | port    |          |
| W        | W_337_address1 | port    | offset   |
| W        | W_337_ce1      | port    |          |
| W        | W_337_q1       | port    |          |
| W        | W_338_address0 | port    | offset   |
| W        | W_338_ce0      | port    |          |
| W        | W_338_q0       | port    |          |
| W        | W_338_address1 | port    | offset   |
| W        | W_338_ce1      | port    |          |
| W        | W_338_q1       | port    |          |
| W        | W_339_address0 | port    | offset   |
| W        | W_339_ce0      | port    |          |
| W        | W_339_q0       | port    |          |
| W        | W_339_address1 | port    | offset   |
| W        | W_339_ce1      | port    |          |
| W        | W_339_q1       | port    |          |
| W        | W_340_address0 | port    | offset   |
| W        | W_340_ce0      | port    |          |
| W        | W_340_q0       | port    |          |
| W        | W_340_address1 | port    | offset   |
| W        | W_340_ce1      | port    |          |
| W        | W_340_q1       | port    |          |
| W        | W_341_address0 | port    | offset   |
| W        | W_341_ce0      | port    |          |
| W        | W_341_q0       | port    |          |
| W        | W_341_address1 | port    | offset   |
| W        | W_341_ce1      | port    |          |
| W        | W_341_q1       | port    |          |
| W        | W_342_address0 | port    | offset   |
| W        | W_342_ce0      | port    |          |
| W        | W_342_q0       | port    |          |
| W        | W_342_address1 | port    | offset   |
| W        | W_342_ce1      | port    |          |
| W        | W_342_q1       | port    |          |
| W        | W_343_address0 | port    | offset   |
| W        | W_343_ce0      | port    |          |
| W        | W_343_q0       | port    |          |
| W        | W_343_address1 | port    | offset   |
| W        | W_343_ce1      | port    |          |
| W        | W_343_q1       | port    |          |
| W        | W_344_address0 | port    | offset   |
| W        | W_344_ce0      | port    |          |
| W        | W_344_q0       | port    |          |
| W        | W_344_address1 | port    | offset   |
| W        | W_344_ce1      | port    |          |
| W        | W_344_q1       | port    |          |
| W        | W_345_address0 | port    | offset   |
| W        | W_345_ce0      | port    |          |
| W        | W_345_q0       | port    |          |
| W        | W_345_address1 | port    | offset   |
| W        | W_345_ce1      | port    |          |
| W        | W_345_q1       | port    |          |
| W        | W_346_address0 | port    | offset   |
| W        | W_346_ce0      | port    |          |
| W        | W_346_q0       | port    |          |
| W        | W_346_address1 | port    | offset   |
| W        | W_346_ce1      | port    |          |
| W        | W_346_q1       | port    |          |
| W        | W_347_address0 | port    | offset   |
| W        | W_347_ce0      | port    |          |
| W        | W_347_q0       | port    |          |
| W        | W_347_address1 | port    | offset   |
| W        | W_347_ce1      | port    |          |
| W        | W_347_q1       | port    |          |
| W        | W_348_address0 | port    | offset   |
| W        | W_348_ce0      | port    |          |
| W        | W_348_q0       | port    |          |
| W        | W_348_address1 | port    | offset   |
| W        | W_348_ce1      | port    |          |
| W        | W_348_q1       | port    |          |
| W        | W_349_address0 | port    | offset   |
| W        | W_349_ce0      | port    |          |
| W        | W_349_q0       | port    |          |
| W        | W_349_address1 | port    | offset   |
| W        | W_349_ce1      | port    |          |
| W        | W_349_q1       | port    |          |
| W        | W_350_address0 | port    | offset   |
| W        | W_350_ce0      | port    |          |
| W        | W_350_q0       | port    |          |
| W        | W_350_address1 | port    | offset   |
| W        | W_350_ce1      | port    |          |
| W        | W_350_q1       | port    |          |
| W        | W_351_address0 | port    | offset   |
| W        | W_351_ce0      | port    |          |
| W        | W_351_q0       | port    |          |
| W        | W_351_address1 | port    | offset   |
| W        | W_351_ce1      | port    |          |
| W        | W_351_q1       | port    |          |
| W        | W_352_address0 | port    | offset   |
| W        | W_352_ce0      | port    |          |
| W        | W_352_q0       | port    |          |
| W        | W_352_address1 | port    | offset   |
| W        | W_352_ce1      | port    |          |
| W        | W_352_q1       | port    |          |
| W        | W_353_address0 | port    | offset   |
| W        | W_353_ce0      | port    |          |
| W        | W_353_q0       | port    |          |
| W        | W_353_address1 | port    | offset   |
| W        | W_353_ce1      | port    |          |
| W        | W_353_q1       | port    |          |
| W        | W_354_address0 | port    | offset   |
| W        | W_354_ce0      | port    |          |
| W        | W_354_q0       | port    |          |
| W        | W_354_address1 | port    | offset   |
| W        | W_354_ce1      | port    |          |
| W        | W_354_q1       | port    |          |
| W        | W_355_address0 | port    | offset   |
| W        | W_355_ce0      | port    |          |
| W        | W_355_q0       | port    |          |
| W        | W_355_address1 | port    | offset   |
| W        | W_355_ce1      | port    |          |
| W        | W_355_q1       | port    |          |
| W        | W_356_address0 | port    | offset   |
| W        | W_356_ce0      | port    |          |
| W        | W_356_q0       | port    |          |
| W        | W_356_address1 | port    | offset   |
| W        | W_356_ce1      | port    |          |
| W        | W_356_q1       | port    |          |
| W        | W_357_address0 | port    | offset   |
| W        | W_357_ce0      | port    |          |
| W        | W_357_q0       | port    |          |
| W        | W_357_address1 | port    | offset   |
| W        | W_357_ce1      | port    |          |
| W        | W_357_q1       | port    |          |
| W        | W_358_address0 | port    | offset   |
| W        | W_358_ce0      | port    |          |
| W        | W_358_q0       | port    |          |
| W        | W_358_address1 | port    | offset   |
| W        | W_358_ce1      | port    |          |
| W        | W_358_q1       | port    |          |
| W        | W_359_address0 | port    | offset   |
| W        | W_359_ce0      | port    |          |
| W        | W_359_q0       | port    |          |
| W        | W_359_address1 | port    | offset   |
| W        | W_359_ce1      | port    |          |
| W        | W_359_q1       | port    |          |
| W        | W_360_address0 | port    | offset   |
| W        | W_360_ce0      | port    |          |
| W        | W_360_q0       | port    |          |
| W        | W_360_address1 | port    | offset   |
| W        | W_360_ce1      | port    |          |
| W        | W_360_q1       | port    |          |
| W        | W_361_address0 | port    | offset   |
| W        | W_361_ce0      | port    |          |
| W        | W_361_q0       | port    |          |
| W        | W_361_address1 | port    | offset   |
| W        | W_361_ce1      | port    |          |
| W        | W_361_q1       | port    |          |
| W        | W_362_address0 | port    | offset   |
| W        | W_362_ce0      | port    |          |
| W        | W_362_q0       | port    |          |
| W        | W_362_address1 | port    | offset   |
| W        | W_362_ce1      | port    |          |
| W        | W_362_q1       | port    |          |
| W        | W_363_address0 | port    | offset   |
| W        | W_363_ce0      | port    |          |
| W        | W_363_q0       | port    |          |
| W        | W_363_address1 | port    | offset   |
| W        | W_363_ce1      | port    |          |
| W        | W_363_q1       | port    |          |
| W        | W_364_address0 | port    | offset   |
| W        | W_364_ce0      | port    |          |
| W        | W_364_q0       | port    |          |
| W        | W_364_address1 | port    | offset   |
| W        | W_364_ce1      | port    |          |
| W        | W_364_q1       | port    |          |
| W        | W_365_address0 | port    | offset   |
| W        | W_365_ce0      | port    |          |
| W        | W_365_q0       | port    |          |
| W        | W_365_address1 | port    | offset   |
| W        | W_365_ce1      | port    |          |
| W        | W_365_q1       | port    |          |
| W        | W_366_address0 | port    | offset   |
| W        | W_366_ce0      | port    |          |
| W        | W_366_q0       | port    |          |
| W        | W_366_address1 | port    | offset   |
| W        | W_366_ce1      | port    |          |
| W        | W_366_q1       | port    |          |
| W        | W_367_address0 | port    | offset   |
| W        | W_367_ce0      | port    |          |
| W        | W_367_q0       | port    |          |
| W        | W_367_address1 | port    | offset   |
| W        | W_367_ce1      | port    |          |
| W        | W_367_q1       | port    |          |
| W        | W_368_address0 | port    | offset   |
| W        | W_368_ce0      | port    |          |
| W        | W_368_q0       | port    |          |
| W        | W_368_address1 | port    | offset   |
| W        | W_368_ce1      | port    |          |
| W        | W_368_q1       | port    |          |
| W        | W_369_address0 | port    | offset   |
| W        | W_369_ce0      | port    |          |
| W        | W_369_q0       | port    |          |
| W        | W_369_address1 | port    | offset   |
| W        | W_369_ce1      | port    |          |
| W        | W_369_q1       | port    |          |
| W        | W_370_address0 | port    | offset   |
| W        | W_370_ce0      | port    |          |
| W        | W_370_q0       | port    |          |
| W        | W_370_address1 | port    | offset   |
| W        | W_370_ce1      | port    |          |
| W        | W_370_q1       | port    |          |
| W        | W_371_address0 | port    | offset   |
| W        | W_371_ce0      | port    |          |
| W        | W_371_q0       | port    |          |
| W        | W_371_address1 | port    | offset   |
| W        | W_371_ce1      | port    |          |
| W        | W_371_q1       | port    |          |
| W        | W_372_address0 | port    | offset   |
| W        | W_372_ce0      | port    |          |
| W        | W_372_q0       | port    |          |
| W        | W_372_address1 | port    | offset   |
| W        | W_372_ce1      | port    |          |
| W        | W_372_q1       | port    |          |
| W        | W_373_address0 | port    | offset   |
| W        | W_373_ce0      | port    |          |
| W        | W_373_q0       | port    |          |
| W        | W_373_address1 | port    | offset   |
| W        | W_373_ce1      | port    |          |
| W        | W_373_q1       | port    |          |
| W        | W_374_address0 | port    | offset   |
| W        | W_374_ce0      | port    |          |
| W        | W_374_q0       | port    |          |
| W        | W_374_address1 | port    | offset   |
| W        | W_374_ce1      | port    |          |
| W        | W_374_q1       | port    |          |
| W        | W_375_address0 | port    | offset   |
| W        | W_375_ce0      | port    |          |
| W        | W_375_q0       | port    |          |
| W        | W_375_address1 | port    | offset   |
| W        | W_375_ce1      | port    |          |
| W        | W_375_q1       | port    |          |
| W        | W_376_address0 | port    | offset   |
| W        | W_376_ce0      | port    |          |
| W        | W_376_q0       | port    |          |
| W        | W_376_address1 | port    | offset   |
| W        | W_376_ce1      | port    |          |
| W        | W_376_q1       | port    |          |
| W        | W_377_address0 | port    | offset   |
| W        | W_377_ce0      | port    |          |
| W        | W_377_q0       | port    |          |
| W        | W_377_address1 | port    | offset   |
| W        | W_377_ce1      | port    |          |
| W        | W_377_q1       | port    |          |
| W        | W_378_address0 | port    | offset   |
| W        | W_378_ce0      | port    |          |
| W        | W_378_q0       | port    |          |
| W        | W_378_address1 | port    | offset   |
| W        | W_378_ce1      | port    |          |
| W        | W_378_q1       | port    |          |
| W        | W_379_address0 | port    | offset   |
| W        | W_379_ce0      | port    |          |
| W        | W_379_q0       | port    |          |
| W        | W_379_address1 | port    | offset   |
| W        | W_379_ce1      | port    |          |
| W        | W_379_q1       | port    |          |
| W        | W_380_address0 | port    | offset   |
| W        | W_380_ce0      | port    |          |
| W        | W_380_q0       | port    |          |
| W        | W_380_address1 | port    | offset   |
| W        | W_380_ce1      | port    |          |
| W        | W_380_q1       | port    |          |
| W        | W_381_address0 | port    | offset   |
| W        | W_381_ce0      | port    |          |
| W        | W_381_q0       | port    |          |
| W        | W_381_address1 | port    | offset   |
| W        | W_381_ce1      | port    |          |
| W        | W_381_q1       | port    |          |
| W        | W_382_address0 | port    | offset   |
| W        | W_382_ce0      | port    |          |
| W        | W_382_q0       | port    |          |
| W        | W_382_address1 | port    | offset   |
| W        | W_382_ce1      | port    |          |
| W        | W_382_q1       | port    |          |
| W        | W_383_address0 | port    | offset   |
| W        | W_383_ce0      | port    |          |
| W        | W_383_q0       | port    |          |
| W        | W_383_address1 | port    | offset   |
| W        | W_383_ce1      | port    |          |
| W        | W_383_q1       | port    |          |
| bias     | bias_address0  | port    | offset   |
| bias     | bias_ce0       | port    |          |
| bias     | bias_q0        | port    |          |
| out      | out_r_address0 | port    | offset   |
| out      | out_r_ce0      | port    |          |
| out      | out_r_we0      | port    |          |
| out      | out_r_d0       | port    |          |
+----------+----------------+---------+----------+


================================================================
== Bind Op Report
================================================================
+-----------------------------------------------------+-----+--------+----------------+--------+-----------+---------+
| Name                                                | DSP | Pragma | Variable       | Op     | Impl      | Latency |
+-----------------------------------------------------+-----+--------+----------------+--------+-----------+---------+
| + vit_patch_embed                                   | 257 |        |                |        |           |         |
|   add_ln36_fu_8758_p2                               |     |        | add_ln36       | add    | fabric    | 0       |
|   add_ln36_1_fu_8764_p2                             |     |        | add_ln36_1     | add    | fabric    | 0       |
|   icmp_ln36_fu_8770_p2                              |     |        | icmp_ln36      | seteq  | auto      | 0       |
|   empty_17_fu_8822_p2                               |     |        | empty_17       | sub    | fabric    | 0       |
|   empty_18_fu_8870_p2                               |     |        | empty_18       | sub    | fabric    | 0       |
|   empty_19_fu_8916_p2                               |     |        | empty_19       | sub    | fabric    | 0       |
|   empty_20_fu_8922_p2                               |     |        | empty_20       | add    | fabric    | 0       |
|   empty_21_fu_8940_p2                               |     |        | empty_21       | sub    | fabric    | 0       |
|   empty_22_fu_9052_p2                               |     |        | empty_22       | sub    | fabric    | 0       |
|   empty_23_fu_9058_p2                               |     |        | empty_23       | add    | fabric    | 0       |
|   empty_24_fu_9075_p2                               |     |        | empty_24       | sub    | fabric    | 0       |
|   empty_25_fu_9119_p2                               |     |        | empty_25       | sub    | fabric    | 0       |
|   empty_26_fu_9125_p2                               |     |        | empty_26       | add    | fabric    | 0       |
|   empty_27_fu_9142_p2                               |     |        | empty_27       | sub    | fabric    | 0       |
|   empty_28_fu_9202_p2                               |     |        | empty_28       | sub    | fabric    | 0       |
|   empty_29_fu_9208_p2                               |     |        | empty_29       | add    | fabric    | 0       |
|   empty_30_fu_9225_p2                               |     |        | empty_30       | sub    | fabric    | 0       |
|   empty_31_fu_9269_p2                               |     |        | empty_31       | sub    | fabric    | 0       |
|   empty_32_fu_9275_p2                               |     |        | empty_32       | add    | fabric    | 0       |
|   empty_33_fu_9292_p2                               |     |        | empty_33       | sub    | fabric    | 0       |
|   empty_34_fu_9352_p2                               |     |        | empty_34       | sub    | fabric    | 0       |
|   empty_35_fu_9358_p2                               |     |        | empty_35       | add    | fabric    | 0       |
|   empty_36_fu_9375_p2                               |     |        | empty_36       | sub    | fabric    | 0       |
|   empty_37_fu_9419_p2                               |     |        | empty_37       | sub    | fabric    | 0       |
|   empty_38_fu_9425_p2                               |     |        | empty_38       | add    | fabric    | 0       |
|   empty_39_fu_9442_p2                               |     |        | empty_39       | sub    | fabric    | 0       |
|   empty_40_fu_9502_p2                               |     |        | empty_40       | sub    | fabric    | 0       |
|   empty_41_fu_9544_p2                               |     |        | empty_41       | sub    | fabric    | 0       |
|   empty_42_fu_9588_p2                               |     |        | empty_42       | sub    | fabric    | 0       |
|   empty_43_fu_9594_p2                               |     |        | empty_43       | add    | fabric    | 0       |
|   empty_44_fu_9611_p2                               |     |        | empty_44       | sub    | fabric    | 0       |
|   empty_45_fu_9667_p2                               |     |        | empty_45       | sub    | fabric    | 0       |
|   empty_46_fu_9673_p2                               |     |        | empty_46       | add    | fabric    | 0       |
|   empty_47_fu_9690_p2                               |     |        | empty_47       | sub    | fabric    | 0       |
|   empty_48_fu_9734_p2                               |     |        | empty_48       | sub    | fabric    | 0       |
|   empty_49_fu_9740_p2                               |     |        | empty_49       | add    | fabric    | 0       |
|   empty_50_fu_9757_p2                               |     |        | empty_50       | sub    | fabric    | 0       |
|   empty_51_fu_9817_p2                               |     |        | empty_51       | sub    | fabric    | 0       |
|   empty_52_fu_9823_p2                               |     |        | empty_52       | add    | fabric    | 0       |
|   empty_53_fu_9840_p2                               |     |        | empty_53       | sub    | fabric    | 0       |
|   empty_54_fu_9884_p2                               |     |        | empty_54       | sub    | fabric    | 0       |
|   empty_55_fu_9890_p2                               |     |        | empty_55       | add    | fabric    | 0       |
|   empty_56_fu_9907_p2                               |     |        | empty_56       | sub    | fabric    | 0       |
|   empty_57_fu_9967_p2                               |     |        | empty_57       | sub    | fabric    | 0       |
|   empty_58_fu_9973_p2                               |     |        | empty_58       | add    | fabric    | 0       |
|   empty_59_fu_9990_p2                               |     |        | empty_59       | sub    | fabric    | 0       |
|   empty_60_fu_10034_p2                              |     |        | empty_60       | sub    | fabric    | 0       |
|   empty_61_fu_10040_p2                              |     |        | empty_61       | add    | fabric    | 0       |
|   empty_62_fu_10057_p2                              |     |        | empty_62       | sub    | fabric    | 0       |
|   empty_63_fu_10130_p2                              |     |        | empty_63       | sub    | fabric    | 0       |
|   empty_64_fu_10136_p2                              |     |        | empty_64       | add    | fabric    | 0       |
|   empty_65_fu_10153_p2                              |     |        | empty_65       | sub    | fabric    | 0       |
|   empty_66_fu_10167_p2                              |     |        | empty_66       | add    | fabric    | 0       |
|   empty_67_fu_10183_p2                              |     |        | empty_67       | sub    | fabric    | 0       |
|   empty_68_fu_10189_p2                              |     |        | empty_68       | add    | fabric    | 0       |
|   empty_69_fu_10205_p2                              |     |        | empty_69       | sub    | fabric    | 0       |
|   empty_70_fu_10227_p2                              |     |        | empty_70       | add    | fabric    | 0       |
|   empty_71_fu_10243_p2                              |     |        | empty_71       | sub    | fabric    | 0       |
|   empty_72_fu_10249_p2                              |     |        | empty_72       | add    | fabric    | 0       |
|   empty_73_fu_10265_p2                              |     |        | empty_73       | sub    | fabric    | 0       |
|   empty_74_fu_10287_p2                              |     |        | empty_74       | add    | fabric    | 0       |
|   empty_75_fu_10303_p2                              |     |        | empty_75       | sub    | fabric    | 0       |
|   empty_76_fu_10309_p2                              |     |        | empty_76       | add    | fabric    | 0       |
|   empty_77_fu_10325_p2                              |     |        | empty_77       | sub    | fabric    | 0       |
|   empty_78_fu_10367_p2                              |     |        | empty_78       | sub    | fabric    | 0       |
|   empty_79_fu_10373_p2                              |     |        | empty_79       | add    | fabric    | 0       |
|   empty_80_fu_10389_p2                              |     |        | empty_80       | sub    | fabric    | 0       |
|   empty_81_fu_10411_p2                              |     |        | empty_81       | add    | fabric    | 0       |
|   empty_82_fu_10427_p2                              |     |        | empty_82       | sub    | fabric    | 0       |
|   empty_83_fu_10433_p2                              |     |        | empty_83       | add    | fabric    | 0       |
|   empty_84_fu_10449_p2                              |     |        | empty_84       | sub    | fabric    | 0       |
|   empty_85_fu_10471_p2                              |     |        | empty_85       | add    | fabric    | 0       |
|   empty_86_fu_10487_p2                              |     |        | empty_86       | sub    | fabric    | 0       |
|   empty_87_fu_10493_p2                              |     |        | empty_87       | add    | fabric    | 0       |
|   empty_88_fu_10509_p2                              |     |        | empty_88       | sub    | fabric    | 0       |
|   empty_89_fu_10531_p2                              |     |        | empty_89       | add    | fabric    | 0       |
|   empty_90_fu_10547_p2                              |     |        | empty_90       | sub    | fabric    | 0       |
|   empty_91_fu_10553_p2                              |     |        | empty_91       | add    | fabric    | 0       |
|   empty_92_fu_10569_p2                              |     |        | empty_92       | sub    | fabric    | 0       |
|   empty_93_fu_19477_p2                              |     |        | empty_93       | add    | fabric    | 0       |
|   empty_94_fu_19482_p2                              |     |        | empty_94       | add    | fabric    | 0       |
|   empty_95_fu_19503_p2                              |     |        | empty_95       | add    | fabric    | 0       |
|   empty_96_fu_19508_p2                              |     |        | empty_96       | add    | fabric    | 0       |
|   empty_97_fu_19529_p2                              |     |        | empty_97       | add    | fabric    | 0       |
|   empty_98_fu_19534_p2                              |     |        | empty_98       | add    | fabric    | 0       |
|   empty_99_fu_19555_p2                              |     |        | empty_99       | add    | fabric    | 0       |
|   empty_100_fu_19560_p2                             |     |        | empty_100      | add    | fabric    | 0       |
|   empty_101_fu_19581_p2                             |     |        | empty_101      | add    | fabric    | 0       |
|   empty_102_fu_19586_p2                             |     |        | empty_102      | add    | fabric    | 0       |
|   empty_103_fu_19607_p2                             |     |        | empty_103      | add    | fabric    | 0       |
|   empty_104_fu_19612_p2                             |     |        | empty_104      | add    | fabric    | 0       |
|   empty_105_fu_19633_p2                             |     |        | empty_105      | add    | fabric    | 0       |
|   empty_106_fu_19638_p2                             |     |        | empty_106      | add    | fabric    | 0       |
|   empty_107_fu_19659_p2                             |     |        | empty_107      | add    | fabric    | 0       |
|   empty_108_fu_19664_p2                             |     |        | empty_108      | add    | fabric    | 0       |
|   empty_109_fu_23199_p2                             |     |        | empty_109      | add    | fabric    | 0       |
|   empty_110_fu_23204_p2                             |     |        | empty_110      | add    | fabric    | 0       |
|   empty_111_fu_23225_p2                             |     |        | empty_111      | add    | fabric    | 0       |
|   empty_112_fu_23230_p2                             |     |        | empty_112      | add    | fabric    | 0       |
|   empty_113_fu_23251_p2                             |     |        | empty_113      | add    | fabric    | 0       |
|   empty_114_fu_23256_p2                             |     |        | empty_114      | add    | fabric    | 0       |
|   empty_115_fu_23277_p2                             |     |        | empty_115      | add    | fabric    | 0       |
|   empty_116_fu_23282_p2                             |     |        | empty_116      | add    | fabric    | 0       |
|   empty_117_fu_23303_p2                             |     |        | empty_117      | add    | fabric    | 0       |
|   empty_118_fu_23308_p2                             |     |        | empty_118      | add    | fabric    | 0       |
|   empty_119_fu_23329_p2                             |     |        | empty_119      | add    | fabric    | 0       |
|   empty_120_fu_23334_p2                             |     |        | empty_120      | add    | fabric    | 0       |
|   empty_121_fu_23355_p2                             |     |        | empty_121      | add    | fabric    | 0       |
|   empty_122_fu_23360_p2                             |     |        | empty_122      | add    | fabric    | 0       |
|   empty_123_fu_23381_p2                             |     |        | empty_123      | add    | fabric    | 0       |
|   empty_124_fu_23386_p2                             |     |        | empty_124      | add    | fabric    | 0       |
|   empty_125_fu_10634_p2                             |     |        | empty_125      | sub    | fabric    | 0       |
|   empty_127_fu_10644_p2                             |     |        | empty_127      | add    | fabric    | 0       |
|   empty_128_fu_10661_p2                             |     |        | empty_128      | sub    | fabric    | 0       |
|   empty_129_fu_10691_p2                             |     |        | empty_129      | add    | fabric    | 0       |
|   empty_130_fu_10707_p2                             |     |        | empty_130      | sub    | fabric    | 0       |
|   empty_131_fu_10713_p2                             |     |        | empty_131      | add    | fabric    | 0       |
|   empty_132_fu_10729_p2                             |     |        | empty_132      | sub    | fabric    | 0       |
|   empty_133_fu_10771_p2                             |     |        | empty_133      | add    | fabric    | 0       |
|   empty_134_fu_10787_p2                             |     |        | empty_134      | sub    | fabric    | 0       |
|   empty_135_fu_10793_p2                             |     |        | empty_135      | add    | fabric    | 0       |
|   empty_136_fu_10809_p2                             |     |        | empty_136      | sub    | fabric    | 0       |
|   empty_137_fu_10851_p2                             |     |        | empty_137      | add    | fabric    | 0       |
|   empty_138_fu_10867_p2                             |     |        | empty_138      | sub    | fabric    | 0       |
|   empty_139_fu_10873_p2                             |     |        | empty_139      | add    | fabric    | 0       |
|   empty_140_fu_10889_p2                             |     |        | empty_140      | sub    | fabric    | 0       |
|   empty_141_fu_10955_p2                             |     |        | empty_141      | sub    | fabric    | 0       |
|   empty_143_fu_10965_p2                             |     |        | empty_143      | add    | fabric    | 0       |
|   empty_144_fu_10981_p2                             |     |        | empty_144      | sub    | fabric    | 0       |
|   empty_145_fu_11019_p2                             |     |        | empty_145      | add    | fabric    | 0       |
|   empty_146_fu_11035_p2                             |     |        | empty_146      | sub    | fabric    | 0       |
|   empty_147_fu_11041_p2                             |     |        | empty_147      | add    | fabric    | 0       |
|   empty_148_fu_11057_p2                             |     |        | empty_148      | sub    | fabric    | 0       |
|   empty_149_fu_11099_p2                             |     |        | empty_149      | add    | fabric    | 0       |
|   empty_150_fu_11115_p2                             |     |        | empty_150      | sub    | fabric    | 0       |
|   empty_151_fu_11121_p2                             |     |        | empty_151      | add    | fabric    | 0       |
|   empty_152_fu_11137_p2                             |     |        | empty_152      | sub    | fabric    | 0       |
|   empty_153_fu_11179_p2                             |     |        | empty_153      | add    | fabric    | 0       |
|   empty_154_fu_11195_p2                             |     |        | empty_154      | sub    | fabric    | 0       |
|   empty_155_fu_11201_p2                             |     |        | empty_155      | add    | fabric    | 0       |
|   empty_156_fu_11217_p2                             |     |        | empty_156      | sub    | fabric    | 0       |
|   empty_157_fu_23407_p2                             |     |        | empty_157      | add    | fabric    | 0       |
|   empty_158_fu_23412_p2                             |     |        | empty_158      | add    | fabric    | 0       |
|   empty_159_fu_23433_p2                             |     |        | empty_159      | add    | fabric    | 0       |
|   empty_160_fu_23438_p2                             |     |        | empty_160      | add    | fabric    | 0       |
|   empty_161_fu_23459_p2                             |     |        | empty_161      | add    | fabric    | 0       |
|   empty_162_fu_23464_p2                             |     |        | empty_162      | add    | fabric    | 0       |
|   empty_163_fu_23485_p2                             |     |        | empty_163      | add    | fabric    | 0       |
|   empty_164_fu_23490_p2                             |     |        | empty_164      | add    | fabric    | 0       |
|   empty_165_fu_23511_p2                             |     |        | empty_165      | add    | fabric    | 0       |
|   empty_166_fu_23516_p2                             |     |        | empty_166      | add    | fabric    | 0       |
|   empty_167_fu_23537_p2                             |     |        | empty_167      | add    | fabric    | 0       |
|   empty_168_fu_23542_p2                             |     |        | empty_168      | add    | fabric    | 0       |
|   empty_169_fu_23563_p2                             |     |        | empty_169      | add    | fabric    | 0       |
|   empty_170_fu_23568_p2                             |     |        | empty_170      | add    | fabric    | 0       |
|   empty_171_fu_23589_p2                             |     |        | empty_171      | add    | fabric    | 0       |
|   empty_172_fu_23594_p2                             |     |        | empty_172      | add    | fabric    | 0       |
|   empty_173_fu_11298_p2                             |     |        | empty_173      | sub    | fabric    | 0       |
|   empty_174_fu_11304_p2                             |     |        | empty_174      | add    | fabric    | 0       |
|   empty_175_fu_11321_p2                             |     |        | empty_175      | sub    | fabric    | 0       |
|   empty_176_fu_11335_p2                             |     |        | empty_176      | add    | fabric    | 0       |
|   empty_177_fu_11351_p2                             |     |        | empty_177      | sub    | fabric    | 0       |
|   empty_178_fu_11357_p2                             |     |        | empty_178      | add    | fabric    | 0       |
|   empty_179_fu_11373_p2                             |     |        | empty_179      | sub    | fabric    | 0       |
|   empty_180_fu_11395_p2                             |     |        | empty_180      | add    | fabric    | 0       |
|   empty_181_fu_11411_p2                             |     |        | empty_181      | sub    | fabric    | 0       |
|   empty_182_fu_11417_p2                             |     |        | empty_182      | add    | fabric    | 0       |
|   empty_183_fu_11433_p2                             |     |        | empty_183      | sub    | fabric    | 0       |
|   empty_184_fu_11455_p2                             |     |        | empty_184      | add    | fabric    | 0       |
|   empty_185_fu_11471_p2                             |     |        | empty_185      | sub    | fabric    | 0       |
|   empty_186_fu_11477_p2                             |     |        | empty_186      | add    | fabric    | 0       |
|   empty_187_fu_11493_p2                             |     |        | empty_187      | sub    | fabric    | 0       |
|   empty_188_fu_11535_p2                             |     |        | empty_188      | sub    | fabric    | 0       |
|   empty_189_fu_11541_p2                             |     |        | empty_189      | add    | fabric    | 0       |
|   empty_190_fu_11557_p2                             |     |        | empty_190      | sub    | fabric    | 0       |
|   empty_191_fu_11579_p2                             |     |        | empty_191      | add    | fabric    | 0       |
|   empty_192_fu_11595_p2                             |     |        | empty_192      | sub    | fabric    | 0       |
|   empty_193_fu_11601_p2                             |     |        | empty_193      | add    | fabric    | 0       |
|   empty_194_fu_11617_p2                             |     |        | empty_194      | sub    | fabric    | 0       |
|   empty_195_fu_11639_p2                             |     |        | empty_195      | add    | fabric    | 0       |
|   empty_196_fu_11655_p2                             |     |        | empty_196      | sub    | fabric    | 0       |
|   empty_197_fu_11661_p2                             |     |        | empty_197      | add    | fabric    | 0       |
|   empty_198_fu_11677_p2                             |     |        | empty_198      | sub    | fabric    | 0       |
|   empty_199_fu_11699_p2                             |     |        | empty_199      | add    | fabric    | 0       |
|   empty_200_fu_11715_p2                             |     |        | empty_200      | sub    | fabric    | 0       |
|   empty_201_fu_11721_p2                             |     |        | empty_201      | add    | fabric    | 0       |
|   empty_202_fu_11737_p2                             |     |        | empty_202      | sub    | fabric    | 0       |
|   empty_203_fu_19941_p2                             |     |        | empty_203      | add    | fabric    | 0       |
|   empty_204_fu_19946_p2                             |     |        | empty_204      | add    | fabric    | 0       |
|   empty_205_fu_19967_p2                             |     |        | empty_205      | add    | fabric    | 0       |
|   empty_206_fu_19972_p2                             |     |        | empty_206      | add    | fabric    | 0       |
|   empty_207_fu_19993_p2                             |     |        | empty_207      | add    | fabric    | 0       |
|   empty_208_fu_19998_p2                             |     |        | empty_208      | add    | fabric    | 0       |
|   empty_209_fu_20019_p2                             |     |        | empty_209      | add    | fabric    | 0       |
|   empty_210_fu_20024_p2                             |     |        | empty_210      | add    | fabric    | 0       |
|   empty_211_fu_20045_p2                             |     |        | empty_211      | add    | fabric    | 0       |
|   empty_212_fu_20050_p2                             |     |        | empty_212      | add    | fabric    | 0       |
|   empty_213_fu_20071_p2                             |     |        | empty_213      | add    | fabric    | 0       |
|   empty_214_fu_20076_p2                             |     |        | empty_214      | add    | fabric    | 0       |
|   empty_215_fu_20097_p2                             |     |        | empty_215      | add    | fabric    | 0       |
|   empty_216_fu_20102_p2                             |     |        | empty_216      | add    | fabric    | 0       |
|   empty_217_fu_20123_p2                             |     |        | empty_217      | add    | fabric    | 0       |
|   empty_218_fu_20128_p2                             |     |        | empty_218      | add    | fabric    | 0       |
|   empty_219_fu_23615_p2                             |     |        | empty_219      | add    | fabric    | 0       |
|   empty_220_fu_23620_p2                             |     |        | empty_220      | add    | fabric    | 0       |
|   empty_221_fu_23641_p2                             |     |        | empty_221      | add    | fabric    | 0       |
|   empty_222_fu_23646_p2                             |     |        | empty_222      | add    | fabric    | 0       |
|   empty_223_fu_23667_p2                             |     |        | empty_223      | add    | fabric    | 0       |
|   empty_224_fu_23672_p2                             |     |        | empty_224      | add    | fabric    | 0       |
|   empty_225_fu_23693_p2                             |     |        | empty_225      | add    | fabric    | 0       |
|   empty_226_fu_23698_p2                             |     |        | empty_226      | add    | fabric    | 0       |
|   empty_227_fu_23719_p2                             |     |        | empty_227      | add    | fabric    | 0       |
|   empty_228_fu_23724_p2                             |     |        | empty_228      | add    | fabric    | 0       |
|   empty_229_fu_23745_p2                             |     |        | empty_229      | add    | fabric    | 0       |
|   empty_230_fu_23750_p2                             |     |        | empty_230      | add    | fabric    | 0       |
|   empty_231_fu_23771_p2                             |     |        | empty_231      | add    | fabric    | 0       |
|   empty_232_fu_23776_p2                             |     |        | empty_232      | add    | fabric    | 0       |
|   empty_233_fu_23797_p2                             |     |        | empty_233      | add    | fabric    | 0       |
|   empty_234_fu_23802_p2                             |     |        | empty_234      | add    | fabric    | 0       |
|   empty_235_fu_11802_p2                             |     |        | empty_235      | sub    | fabric    | 0       |
|   empty_236_fu_11808_p2                             |     |        | empty_236      | add    | fabric    | 0       |
|   empty_237_fu_11825_p2                             |     |        | empty_237      | sub    | fabric    | 0       |
|   empty_238_fu_11875_p2                             |     |        | empty_238      | add    | fabric    | 0       |
|   empty_239_fu_11891_p2                             |     |        | empty_239      | sub    | fabric    | 0       |
|   empty_240_fu_11897_p2                             |     |        | empty_240      | add    | fabric    | 0       |
|   empty_241_fu_11913_p2                             |     |        | empty_241      | sub    | fabric    | 0       |
|   empty_242_fu_11975_p2                             |     |        | empty_242      | add    | fabric    | 0       |
|   empty_243_fu_11991_p2                             |     |        | empty_243      | sub    | fabric    | 0       |
|   empty_244_fu_11997_p2                             |     |        | empty_244      | add    | fabric    | 0       |
|   empty_245_fu_12013_p2                             |     |        | empty_245      | sub    | fabric    | 0       |
|   empty_246_fu_12075_p2                             |     |        | empty_246      | add    | fabric    | 0       |
|   empty_247_fu_12091_p2                             |     |        | empty_247      | sub    | fabric    | 0       |
|   empty_248_fu_12097_p2                             |     |        | empty_248      | add    | fabric    | 0       |
|   empty_249_fu_12113_p2                             |     |        | empty_249      | sub    | fabric    | 0       |
|   empty_250_fu_12199_p2                             |     |        | empty_250      | sub    | fabric    | 0       |
|   empty_251_fu_12205_p2                             |     |        | empty_251      | add    | fabric    | 0       |
|   empty_252_fu_12221_p2                             |     |        | empty_252      | sub    | fabric    | 0       |
|   empty_253_fu_12279_p2                             |     |        | empty_253      | add    | fabric    | 0       |
|   empty_254_fu_12295_p2                             |     |        | empty_254      | sub    | fabric    | 0       |
|   empty_255_fu_12301_p2                             |     |        | empty_255      | add    | fabric    | 0       |
|   empty_256_fu_12317_p2                             |     |        | empty_256      | sub    | fabric    | 0       |
|   empty_257_fu_12379_p2                             |     |        | empty_257      | add    | fabric    | 0       |
|   empty_258_fu_12395_p2                             |     |        | empty_258      | sub    | fabric    | 0       |
|   empty_259_fu_12401_p2                             |     |        | empty_259      | add    | fabric    | 0       |
|   empty_260_fu_12417_p2                             |     |        | empty_260      | sub    | fabric    | 0       |
|   empty_261_fu_12479_p2                             |     |        | empty_261      | add    | fabric    | 0       |
|   empty_262_fu_12495_p2                             |     |        | empty_262      | sub    | fabric    | 0       |
|   empty_263_fu_12501_p2                             |     |        | empty_263      | add    | fabric    | 0       |
|   empty_264_fu_12517_p2                             |     |        | empty_264      | sub    | fabric    | 0       |
|   empty_265_fu_12618_p2                             |     |        | empty_265      | sub    | fabric    | 0       |
|   empty_266_fu_12624_p2                             |     |        | empty_266      | add    | fabric    | 0       |
|   empty_267_fu_12641_p2                             |     |        | empty_267      | sub    | fabric    | 0       |
|   empty_268_fu_12655_p2                             |     |        | empty_268      | add    | fabric    | 0       |
|   empty_269_fu_12671_p2                             |     |        | empty_269      | sub    | fabric    | 0       |
|   empty_270_fu_12677_p2                             |     |        | empty_270      | add    | fabric    | 0       |
|   empty_271_fu_12693_p2                             |     |        | empty_271      | sub    | fabric    | 0       |
|   empty_272_fu_12715_p2                             |     |        | empty_272      | add    | fabric    | 0       |
|   empty_273_fu_12731_p2                             |     |        | empty_273      | sub    | fabric    | 0       |
|   empty_274_fu_12737_p2                             |     |        | empty_274      | add    | fabric    | 0       |
|   empty_275_fu_12753_p2                             |     |        | empty_275      | sub    | fabric    | 0       |
|   empty_276_fu_12775_p2                             |     |        | empty_276      | add    | fabric    | 0       |
|   empty_277_fu_12791_p2                             |     |        | empty_277      | sub    | fabric    | 0       |
|   empty_278_fu_12797_p2                             |     |        | empty_278      | add    | fabric    | 0       |
|   empty_279_fu_12813_p2                             |     |        | empty_279      | sub    | fabric    | 0       |
|   empty_280_fu_12855_p2                             |     |        | empty_280      | sub    | fabric    | 0       |
|   empty_281_fu_12861_p2                             |     |        | empty_281      | add    | fabric    | 0       |
|   empty_282_fu_12877_p2                             |     |        | empty_282      | sub    | fabric    | 0       |
|   empty_283_fu_12899_p2                             |     |        | empty_283      | add    | fabric    | 0       |
|   empty_284_fu_12915_p2                             |     |        | empty_284      | sub    | fabric    | 0       |
|   empty_285_fu_12921_p2                             |     |        | empty_285      | add    | fabric    | 0       |
|   empty_286_fu_12937_p2                             |     |        | empty_286      | sub    | fabric    | 0       |
|   empty_287_fu_12959_p2                             |     |        | empty_287      | add    | fabric    | 0       |
|   empty_288_fu_12975_p2                             |     |        | empty_288      | sub    | fabric    | 0       |
|   empty_289_fu_12981_p2                             |     |        | empty_289      | add    | fabric    | 0       |
|   empty_290_fu_12997_p2                             |     |        | empty_290      | sub    | fabric    | 0       |
|   empty_291_fu_13019_p2                             |     |        | empty_291      | add    | fabric    | 0       |
|   empty_292_fu_13035_p2                             |     |        | empty_292      | sub    | fabric    | 0       |
|   empty_293_fu_13041_p2                             |     |        | empty_293      | add    | fabric    | 0       |
|   empty_294_fu_13057_p2                             |     |        | empty_294      | sub    | fabric    | 0       |
|   empty_295_fu_20405_p2                             |     |        | empty_295      | add    | fabric    | 0       |
|   empty_296_fu_20410_p2                             |     |        | empty_296      | add    | fabric    | 0       |
|   empty_297_fu_20431_p2                             |     |        | empty_297      | add    | fabric    | 0       |
|   empty_298_fu_20436_p2                             |     |        | empty_298      | add    | fabric    | 0       |
|   empty_299_fu_20457_p2                             |     |        | empty_299      | add    | fabric    | 0       |
|   empty_300_fu_20462_p2                             |     |        | empty_300      | add    | fabric    | 0       |
|   empty_301_fu_20483_p2                             |     |        | empty_301      | add    | fabric    | 0       |
|   empty_302_fu_20488_p2                             |     |        | empty_302      | add    | fabric    | 0       |
|   empty_303_fu_20509_p2                             |     |        | empty_303      | add    | fabric    | 0       |
|   empty_304_fu_20514_p2                             |     |        | empty_304      | add    | fabric    | 0       |
|   empty_305_fu_20535_p2                             |     |        | empty_305      | add    | fabric    | 0       |
|   empty_306_fu_20540_p2                             |     |        | empty_306      | add    | fabric    | 0       |
|   empty_307_fu_20561_p2                             |     |        | empty_307      | add    | fabric    | 0       |
|   empty_308_fu_20566_p2                             |     |        | empty_308      | add    | fabric    | 0       |
|   empty_309_fu_20587_p2                             |     |        | empty_309      | add    | fabric    | 0       |
|   empty_310_fu_20592_p2                             |     |        | empty_310      | add    | fabric    | 0       |
|   empty_311_fu_24079_p2                             |     |        | empty_311      | add    | fabric    | 0       |
|   empty_312_fu_24084_p2                             |     |        | empty_312      | add    | fabric    | 0       |
|   empty_313_fu_24105_p2                             |     |        | empty_313      | add    | fabric    | 0       |
|   empty_314_fu_24110_p2                             |     |        | empty_314      | add    | fabric    | 0       |
|   empty_315_fu_24131_p2                             |     |        | empty_315      | add    | fabric    | 0       |
|   empty_316_fu_24136_p2                             |     |        | empty_316      | add    | fabric    | 0       |
|   empty_317_fu_24157_p2                             |     |        | empty_317      | add    | fabric    | 0       |
|   empty_318_fu_24162_p2                             |     |        | empty_318      | add    | fabric    | 0       |
|   empty_319_fu_24183_p2                             |     |        | empty_319      | add    | fabric    | 0       |
|   empty_320_fu_24188_p2                             |     |        | empty_320      | add    | fabric    | 0       |
|   empty_321_fu_24209_p2                             |     |        | empty_321      | add    | fabric    | 0       |
|   empty_322_fu_24214_p2                             |     |        | empty_322      | add    | fabric    | 0       |
|   empty_323_fu_24235_p2                             |     |        | empty_323      | add    | fabric    | 0       |
|   empty_324_fu_24240_p2                             |     |        | empty_324      | add    | fabric    | 0       |
|   empty_325_fu_24261_p2                             |     |        | empty_325      | add    | fabric    | 0       |
|   empty_326_fu_24266_p2                             |     |        | empty_326      | add    | fabric    | 0       |
|   empty_327_fu_13122_p2                             |     |        | empty_327      | sub    | fabric    | 0       |
|   empty_329_fu_13132_p2                             |     |        | empty_329      | add    | fabric    | 0       |
|   empty_330_fu_13149_p2                             |     |        | empty_330      | sub    | fabric    | 0       |
|   empty_331_fu_13179_p2                             |     |        | empty_331      | add    | fabric    | 0       |
|   empty_332_fu_13195_p2                             |     |        | empty_332      | sub    | fabric    | 0       |
|   empty_333_fu_13201_p2                             |     |        | empty_333      | add    | fabric    | 0       |
|   empty_334_fu_13217_p2                             |     |        | empty_334      | sub    | fabric    | 0       |
|   empty_335_fu_13259_p2                             |     |        | empty_335      | add    | fabric    | 0       |
|   empty_336_fu_13275_p2                             |     |        | empty_336      | sub    | fabric    | 0       |
|   empty_337_fu_13281_p2                             |     |        | empty_337      | add    | fabric    | 0       |
|   empty_338_fu_13297_p2                             |     |        | empty_338      | sub    | fabric    | 0       |
|   empty_339_fu_13339_p2                             |     |        | empty_339      | add    | fabric    | 0       |
|   empty_340_fu_13355_p2                             |     |        | empty_340      | sub    | fabric    | 0       |
|   empty_341_fu_13361_p2                             |     |        | empty_341      | add    | fabric    | 0       |
|   empty_342_fu_13377_p2                             |     |        | empty_342      | sub    | fabric    | 0       |
|   empty_343_fu_13443_p2                             |     |        | empty_343      | sub    | fabric    | 0       |
|   empty_345_fu_13453_p2                             |     |        | empty_345      | add    | fabric    | 0       |
|   empty_346_fu_13469_p2                             |     |        | empty_346      | sub    | fabric    | 0       |
|   empty_347_fu_13507_p2                             |     |        | empty_347      | add    | fabric    | 0       |
|   empty_348_fu_13523_p2                             |     |        | empty_348      | sub    | fabric    | 0       |
|   empty_349_fu_13529_p2                             |     |        | empty_349      | add    | fabric    | 0       |
|   empty_350_fu_13545_p2                             |     |        | empty_350      | sub    | fabric    | 0       |
|   empty_351_fu_13587_p2                             |     |        | empty_351      | add    | fabric    | 0       |
|   empty_352_fu_13603_p2                             |     |        | empty_352      | sub    | fabric    | 0       |
|   empty_353_fu_13609_p2                             |     |        | empty_353      | add    | fabric    | 0       |
|   empty_354_fu_13625_p2                             |     |        | empty_354      | sub    | fabric    | 0       |
|   empty_355_fu_13672_p2                             |     |        | empty_355      | add    | fabric    | 0       |
|   empty_356_fu_13688_p2                             |     |        | empty_356      | sub    | fabric    | 0       |
|   empty_357_fu_13694_p2                             |     |        | empty_357      | add    | fabric    | 0       |
|   empty_358_fu_13710_p2                             |     |        | empty_358      | sub    | fabric    | 0       |
|   empty_359_fu_24287_p2                             |     |        | empty_359      | add    | fabric    | 0       |
|   empty_360_fu_24292_p2                             |     |        | empty_360      | add    | fabric    | 0       |
|   empty_361_fu_24313_p2                             |     |        | empty_361      | add    | fabric    | 0       |
|   empty_362_fu_24318_p2                             |     |        | empty_362      | add    | fabric    | 0       |
|   empty_363_fu_24339_p2                             |     |        | empty_363      | add    | fabric    | 0       |
|   empty_364_fu_24344_p2                             |     |        | empty_364      | add    | fabric    | 0       |
|   empty_365_fu_24365_p2                             |     |        | empty_365      | add    | fabric    | 0       |
|   empty_366_fu_24370_p2                             |     |        | empty_366      | add    | fabric    | 0       |
|   empty_367_fu_24391_p2                             |     |        | empty_367      | add    | fabric    | 0       |
|   empty_368_fu_24396_p2                             |     |        | empty_368      | add    | fabric    | 0       |
|   empty_369_fu_24417_p2                             |     |        | empty_369      | add    | fabric    | 0       |
|   empty_370_fu_13651_p2                             |     |        | empty_370      | add    | fabric    | 0       |
|   empty_371_fu_24438_p2                             |     |        | empty_371      | add    | fabric    | 0       |
|   empty_372_fu_24443_p2                             |     |        | empty_372      | add    | fabric    | 0       |
|   empty_373_fu_24464_p2                             |     |        | empty_373      | add    | fabric    | 0       |
|   empty_374_fu_24469_p2                             |     |        | empty_374      | add    | fabric    | 0       |
|   empty_375_fu_13791_p2                             |     |        | empty_375      | sub    | fabric    | 0       |
|   empty_376_fu_13797_p2                             |     |        | empty_376      | add    | fabric    | 0       |
|   empty_377_fu_13814_p2                             |     |        | empty_377      | sub    | fabric    | 0       |
|   empty_378_fu_13828_p2                             |     |        | empty_378      | add    | fabric    | 0       |
|   empty_379_fu_13844_p2                             |     |        | empty_379      | sub    | fabric    | 0       |
|   empty_380_fu_13850_p2                             |     |        | empty_380      | add    | fabric    | 0       |
|   empty_381_fu_13866_p2                             |     |        | empty_381      | sub    | fabric    | 0       |
|   empty_382_fu_13888_p2                             |     |        | empty_382      | add    | fabric    | 0       |
|   empty_383_fu_13904_p2                             |     |        | empty_383      | sub    | fabric    | 0       |
|   empty_384_fu_13910_p2                             |     |        | empty_384      | add    | fabric    | 0       |
|   empty_385_fu_13926_p2                             |     |        | empty_385      | sub    | fabric    | 0       |
|   empty_386_fu_13948_p2                             |     |        | empty_386      | add    | fabric    | 0       |
|   empty_387_fu_13964_p2                             |     |        | empty_387      | sub    | fabric    | 0       |
|   empty_388_fu_13970_p2                             |     |        | empty_388      | add    | fabric    | 0       |
|   empty_389_fu_13986_p2                             |     |        | empty_389      | sub    | fabric    | 0       |
|   empty_390_fu_14028_p2                             |     |        | empty_390      | sub    | fabric    | 0       |
|   empty_391_fu_14034_p2                             |     |        | empty_391      | add    | fabric    | 0       |
|   empty_392_fu_14050_p2                             |     |        | empty_392      | sub    | fabric    | 0       |
|   empty_393_fu_14072_p2                             |     |        | empty_393      | add    | fabric    | 0       |
|   empty_394_fu_14088_p2                             |     |        | empty_394      | sub    | fabric    | 0       |
|   empty_395_fu_14094_p2                             |     |        | empty_395      | add    | fabric    | 0       |
|   empty_396_fu_14110_p2                             |     |        | empty_396      | sub    | fabric    | 0       |
|   empty_397_fu_14132_p2                             |     |        | empty_397      | add    | fabric    | 0       |
|   empty_398_fu_14148_p2                             |     |        | empty_398      | sub    | fabric    | 0       |
|   empty_399_fu_14154_p2                             |     |        | empty_399      | add    | fabric    | 0       |
|   empty_400_fu_14170_p2                             |     |        | empty_400      | sub    | fabric    | 0       |
|   empty_401_fu_14192_p2                             |     |        | empty_401      | add    | fabric    | 0       |
|   empty_402_fu_14208_p2                             |     |        | empty_402      | sub    | fabric    | 0       |
|   empty_403_fu_14214_p2                             |     |        | empty_403      | add    | fabric    | 0       |
|   empty_404_fu_14230_p2                             |     |        | empty_404      | sub    | fabric    | 0       |
|   empty_405_fu_20869_p2                             |     |        | empty_405      | add    | fabric    | 0       |
|   empty_406_fu_20874_p2                             |     |        | empty_406      | add    | fabric    | 0       |
|   empty_407_fu_20895_p2                             |     |        | empty_407      | add    | fabric    | 0       |
|   empty_408_fu_20900_p2                             |     |        | empty_408      | add    | fabric    | 0       |
|   empty_409_fu_20926_p2                             |     |        | empty_409      | add    | fabric    | 0       |
|   empty_410_fu_20931_p2                             |     |        | empty_410      | add    | fabric    | 0       |
|   empty_411_fu_20952_p2                             |     |        | empty_411      | add    | fabric    | 0       |
|   empty_412_fu_20957_p2                             |     |        | empty_412      | add    | fabric    | 0       |
|   empty_413_fu_20978_p2                             |     |        | empty_413      | add    | fabric    | 0       |
|   empty_414_fu_20983_p2                             |     |        | empty_414      | add    | fabric    | 0       |
|   empty_415_fu_21004_p2                             |     |        | empty_415      | add    | fabric    | 0       |
|   empty_416_fu_21009_p2                             |     |        | empty_416      | add    | fabric    | 0       |
|   empty_417_fu_21030_p2                             |     |        | empty_417      | add    | fabric    | 0       |
|   empty_418_fu_21035_p2                             |     |        | empty_418      | add    | fabric    | 0       |
|   empty_419_fu_21056_p2                             |     |        | empty_419      | add    | fabric    | 0       |
|   empty_420_fu_21061_p2                             |     |        | empty_420      | add    | fabric    | 0       |
|   empty_421_fu_24490_p2                             |     |        | empty_421      | add    | fabric    | 0       |
|   empty_422_fu_24495_p2                             |     |        | empty_422      | add    | fabric    | 0       |
|   empty_423_fu_24516_p2                             |     |        | empty_423      | add    | fabric    | 0       |
|   empty_424_fu_20905_p2                             |     |        | empty_424      | add    | fabric    | 0       |
|   empty_425_fu_24537_p2                             |     |        | empty_425      | add    | fabric    | 0       |
|   empty_426_fu_24542_p2                             |     |        | empty_426      | add    | fabric    | 0       |
|   empty_427_fu_24563_p2                             |     |        | empty_427      | add    | fabric    | 0       |
|   empty_428_fu_24568_p2                             |     |        | empty_428      | add    | fabric    | 0       |
|   empty_429_fu_24589_p2                             |     |        | empty_429      | add    | fabric    | 0       |
|   empty_430_fu_24594_p2                             |     |        | empty_430      | add    | fabric    | 0       |
|   empty_431_fu_24615_p2                             |     |        | empty_431      | add    | fabric    | 0       |
|   empty_432_fu_24620_p2                             |     |        | empty_432      | add    | fabric    | 0       |
|   empty_433_fu_24641_p2                             |     |        | empty_433      | add    | fabric    | 0       |
|   empty_434_fu_24646_p2                             |     |        | empty_434      | add    | fabric    | 0       |
|   empty_435_fu_24667_p2                             |     |        | empty_435      | add    | fabric    | 0       |
|   empty_436_fu_24672_p2                             |     |        | empty_436      | add    | fabric    | 0       |
|   empty_437_fu_14295_p2                             |     |        | empty_437      | sub    | fabric    | 0       |
|   empty_438_fu_14301_p2                             |     |        | empty_438      | add    | fabric    | 0       |
|   empty_439_fu_14318_p2                             |     |        | empty_439      | sub    | fabric    | 0       |
|   empty_440_fu_14368_p2                             |     |        | empty_440      | add    | fabric    | 0       |
|   empty_441_fu_14384_p2                             |     |        | empty_441      | sub    | fabric    | 0       |
|   empty_442_fu_14390_p2                             |     |        | empty_442      | add    | fabric    | 0       |
|   empty_443_fu_14406_p2                             |     |        | empty_443      | sub    | fabric    | 0       |
|   empty_444_fu_14468_p2                             |     |        | empty_444      | add    | fabric    | 0       |
|   empty_445_fu_14484_p2                             |     |        | empty_445      | sub    | fabric    | 0       |
|   empty_446_fu_14490_p2                             |     |        | empty_446      | add    | fabric    | 0       |
|   empty_447_fu_14506_p2                             |     |        | empty_447      | sub    | fabric    | 0       |
|   empty_448_fu_14568_p2                             |     |        | empty_448      | add    | fabric    | 0       |
|   empty_449_fu_14584_p2                             |     |        | empty_449      | sub    | fabric    | 0       |
|   empty_450_fu_14590_p2                             |     |        | empty_450      | add    | fabric    | 0       |
|   empty_451_fu_14606_p2                             |     |        | empty_451      | sub    | fabric    | 0       |
|   empty_452_fu_14692_p2                             |     |        | empty_452      | sub    | fabric    | 0       |
|   empty_453_fu_14698_p2                             |     |        | empty_453      | add    | fabric    | 0       |
|   empty_454_fu_14714_p2                             |     |        | empty_454      | sub    | fabric    | 0       |
|   empty_455_fu_14772_p2                             |     |        | empty_455      | add    | fabric    | 0       |
|   empty_456_fu_14788_p2                             |     |        | empty_456      | sub    | fabric    | 0       |
|   empty_457_fu_14794_p2                             |     |        | empty_457      | add    | fabric    | 0       |
|   empty_458_fu_14810_p2                             |     |        | empty_458      | sub    | fabric    | 0       |
|   empty_459_fu_14872_p2                             |     |        | empty_459      | add    | fabric    | 0       |
|   empty_460_fu_14888_p2                             |     |        | empty_460      | sub    | fabric    | 0       |
|   empty_461_fu_14894_p2                             |     |        | empty_461      | add    | fabric    | 0       |
|   empty_462_fu_14910_p2                             |     |        | empty_462      | sub    | fabric    | 0       |
|   empty_463_fu_14972_p2                             |     |        | empty_463      | add    | fabric    | 0       |
|   empty_464_fu_14988_p2                             |     |        | empty_464      | sub    | fabric    | 0       |
|   empty_465_fu_14994_p2                             |     |        | empty_465      | add    | fabric    | 0       |
|   empty_466_fu_15010_p2                             |     |        | empty_466      | sub    | fabric    | 0       |
|   empty_467_fu_15111_p2                             |     |        | empty_467      | sub    | fabric    | 0       |
|   empty_468_fu_15117_p2                             |     |        | empty_468      | add    | fabric    | 0       |
|   empty_469_fu_15134_p2                             |     |        | empty_469      | sub    | fabric    | 0       |
|   empty_470_fu_15148_p2                             |     |        | empty_470      | add    | fabric    | 0       |
|   empty_471_fu_15164_p2                             |     |        | empty_471      | sub    | fabric    | 0       |
|   empty_472_fu_15170_p2                             |     |        | empty_472      | add    | fabric    | 0       |
|   empty_473_fu_15186_p2                             |     |        | empty_473      | sub    | fabric    | 0       |
|   empty_474_fu_15208_p2                             |     |        | empty_474      | add    | fabric    | 0       |
|   empty_475_fu_15224_p2                             |     |        | empty_475      | sub    | fabric    | 0       |
|   empty_476_fu_15230_p2                             |     |        | empty_476      | add    | fabric    | 0       |
|   empty_477_fu_15246_p2                             |     |        | empty_477      | sub    | fabric    | 0       |
|   empty_478_fu_15268_p2                             |     |        | empty_478      | add    | fabric    | 0       |
|   empty_479_fu_15284_p2                             |     |        | empty_479      | sub    | fabric    | 0       |
|   empty_480_fu_15290_p2                             |     |        | empty_480      | add    | fabric    | 0       |
|   empty_481_fu_15306_p2                             |     |        | empty_481      | sub    | fabric    | 0       |
|   empty_482_fu_15348_p2                             |     |        | empty_482      | sub    | fabric    | 0       |
|   empty_483_fu_15354_p2                             |     |        | empty_483      | add    | fabric    | 0       |
|   empty_484_fu_15370_p2                             |     |        | empty_484      | sub    | fabric    | 0       |
|   empty_485_fu_15392_p2                             |     |        | empty_485      | add    | fabric    | 0       |
|   empty_486_fu_15408_p2                             |     |        | empty_486      | sub    | fabric    | 0       |
|   empty_487_fu_15414_p2                             |     |        | empty_487      | add    | fabric    | 0       |
|   empty_488_fu_15430_p2                             |     |        | empty_488      | sub    | fabric    | 0       |
|   empty_489_fu_15452_p2                             |     |        | empty_489      | add    | fabric    | 0       |
|   empty_490_fu_15468_p2                             |     |        | empty_490      | sub    | fabric    | 0       |
|   empty_491_fu_15474_p2                             |     |        | empty_491      | add    | fabric    | 0       |
|   empty_492_fu_15490_p2                             |     |        | empty_492      | sub    | fabric    | 0       |
|   empty_493_fu_15512_p2                             |     |        | empty_493      | add    | fabric    | 0       |
|   empty_494_fu_15528_p2                             |     |        | empty_494      | sub    | fabric    | 0       |
|   empty_495_fu_15534_p2                             |     |        | empty_495      | add    | fabric    | 0       |
|   empty_496_fu_15550_p2                             |     |        | empty_496      | sub    | fabric    | 0       |
|   empty_497_fu_21338_p2                             |     |        | empty_497      | add    | fabric    | 0       |
|   empty_498_fu_21343_p2                             |     |        | empty_498      | add    | fabric    | 0       |
|   empty_499_fu_21364_p2                             |     |        | empty_499      | add    | fabric    | 0       |
|   empty_500_fu_21369_p2                             |     |        | empty_500      | add    | fabric    | 0       |
|   empty_501_fu_21390_p2                             |     |        | empty_501      | add    | fabric    | 0       |
|   empty_502_fu_21395_p2                             |     |        | empty_502      | add    | fabric    | 0       |
|   empty_503_fu_21416_p2                             |     |        | empty_503      | add    | fabric    | 0       |
|   empty_504_fu_21421_p2                             |     |        | empty_504      | add    | fabric    | 0       |
|   empty_505_fu_21442_p2                             |     |        | empty_505      | add    | fabric    | 0       |
|   empty_506_fu_21447_p2                             |     |        | empty_506      | add    | fabric    | 0       |
|   empty_507_fu_21468_p2                             |     |        | empty_507      | add    | fabric    | 0       |
|   empty_508_fu_21473_p2                             |     |        | empty_508      | add    | fabric    | 0       |
|   empty_509_fu_21494_p2                             |     |        | empty_509      | add    | fabric    | 0       |
|   empty_510_fu_21499_p2                             |     |        | empty_510      | add    | fabric    | 0       |
|   empty_511_fu_21520_p2                             |     |        | empty_511      | add    | fabric    | 0       |
|   empty_512_fu_21525_p2                             |     |        | empty_512      | add    | fabric    | 0       |
|   empty_513_fu_24949_p2                             |     |        | empty_513      | add    | fabric    | 0       |
|   empty_514_fu_24954_p2                             |     |        | empty_514      | add    | fabric    | 0       |
|   empty_515_fu_24975_p2                             |     |        | empty_515      | add    | fabric    | 0       |
|   empty_516_fu_24980_p2                             |     |        | empty_516      | add    | fabric    | 0       |
|   empty_517_fu_25001_p2                             |     |        | empty_517      | add    | fabric    | 0       |
|   empty_518_fu_25006_p2                             |     |        | empty_518      | add    | fabric    | 0       |
|   empty_519_fu_25027_p2                             |     |        | empty_519      | add    | fabric    | 0       |
|   empty_520_fu_25032_p2                             |     |        | empty_520      | add    | fabric    | 0       |
|   empty_521_fu_25053_p2                             |     |        | empty_521      | add    | fabric    | 0       |
|   empty_522_fu_25058_p2                             |     |        | empty_522      | add    | fabric    | 0       |
|   empty_523_fu_25079_p2                             |     |        | empty_523      | add    | fabric    | 0       |
|   empty_524_fu_25084_p2                             |     |        | empty_524      | add    | fabric    | 0       |
|   empty_525_fu_25105_p2                             |     |        | empty_525      | add    | fabric    | 0       |
|   empty_526_fu_25110_p2                             |     |        | empty_526      | add    | fabric    | 0       |
|   empty_527_fu_25131_p2                             |     |        | empty_527      | add    | fabric    | 0       |
|   empty_528_fu_25136_p2                             |     |        | empty_528      | add    | fabric    | 0       |
|   empty_529_fu_15615_p2                             |     |        | empty_529      | sub    | fabric    | 0       |
|   empty_531_fu_15625_p2                             |     |        | empty_531      | add    | fabric    | 0       |
|   empty_532_fu_15642_p2                             |     |        | empty_532      | sub    | fabric    | 0       |
|   empty_533_fu_15672_p2                             |     |        | empty_533      | add    | fabric    | 0       |
|   empty_534_fu_15688_p2                             |     |        | empty_534      | sub    | fabric    | 0       |
|   empty_535_fu_15694_p2                             |     |        | empty_535      | add    | fabric    | 0       |
|   empty_536_fu_15710_p2                             |     |        | empty_536      | sub    | fabric    | 0       |
|   empty_537_fu_15752_p2                             |     |        | empty_537      | add    | fabric    | 0       |
|   empty_538_fu_15768_p2                             |     |        | empty_538      | sub    | fabric    | 0       |
|   empty_539_fu_15774_p2                             |     |        | empty_539      | add    | fabric    | 0       |
|   empty_540_fu_15790_p2                             |     |        | empty_540      | sub    | fabric    | 0       |
|   empty_541_fu_15832_p2                             |     |        | empty_541      | add    | fabric    | 0       |
|   empty_542_fu_15848_p2                             |     |        | empty_542      | sub    | fabric    | 0       |
|   empty_543_fu_15854_p2                             |     |        | empty_543      | add    | fabric    | 0       |
|   empty_544_fu_15870_p2                             |     |        | empty_544      | sub    | fabric    | 0       |
|   empty_545_fu_15936_p2                             |     |        | empty_545      | sub    | fabric    | 0       |
|   empty_547_fu_15946_p2                             |     |        | empty_547      | add    | fabric    | 0       |
|   empty_548_fu_15962_p2                             |     |        | empty_548      | sub    | fabric    | 0       |
|   empty_549_fu_16006_p2                             |     |        | empty_549      | add    | fabric    | 0       |
|   empty_550_fu_16022_p2                             |     |        | empty_550      | sub    | fabric    | 0       |
|   empty_551_fu_16028_p2                             |     |        | empty_551      | add    | fabric    | 0       |
|   empty_552_fu_16044_p2                             |     |        | empty_552      | sub    | fabric    | 0       |
|   empty_553_fu_16086_p2                             |     |        | empty_553      | add    | fabric    | 0       |
|   empty_554_fu_16102_p2                             |     |        | empty_554      | sub    | fabric    | 0       |
|   empty_555_fu_16108_p2                             |     |        | empty_555      | add    | fabric    | 0       |
|   empty_556_fu_16124_p2                             |     |        | empty_556      | sub    | fabric    | 0       |
|   empty_557_fu_16166_p2                             |     |        | empty_557      | add    | fabric    | 0       |
|   empty_558_fu_16182_p2                             |     |        | empty_558      | sub    | fabric    | 0       |
|   empty_559_fu_16188_p2                             |     |        | empty_559      | add    | fabric    | 0       |
|   empty_560_fu_16204_p2                             |     |        | empty_560      | sub    | fabric    | 0       |
|   empty_561_fu_25157_p2                             |     |        | empty_561      | add    | fabric    | 0       |
|   empty_562_fu_25162_p2                             |     |        | empty_562      | add    | fabric    | 0       |
|   empty_563_fu_25183_p2                             |     |        | empty_563      | add    | fabric    | 0       |
|   empty_564_fu_25188_p2                             |     |        | empty_564      | add    | fabric    | 0       |
|   empty_565_fu_25209_p2                             |     |        | empty_565      | add    | fabric    | 0       |
|   empty_566_fu_25214_p2                             |     |        | empty_566      | add    | fabric    | 0       |
|   empty_567_fu_25235_p2                             |     |        | empty_567      | add    | fabric    | 0       |
|   empty_568_fu_25240_p2                             |     |        | empty_568      | add    | fabric    | 0       |
|   empty_569_fu_15988_p2                             |     |        | empty_569      | add    | fabric    | 0       |
|   empty_570_fu_25261_p2                             |     |        | empty_570      | add    | fabric    | 0       |
|   empty_571_fu_25282_p2                             |     |        | empty_571      | add    | fabric    | 0       |
|   empty_572_fu_25287_p2                             |     |        | empty_572      | add    | fabric    | 0       |
|   empty_573_fu_25308_p2                             |     |        | empty_573      | add    | fabric    | 0       |
|   empty_574_fu_25313_p2                             |     |        | empty_574      | add    | fabric    | 0       |
|   empty_575_fu_25334_p2                             |     |        | empty_575      | add    | fabric    | 0       |
|   empty_576_fu_25339_p2                             |     |        | empty_576      | add    | fabric    | 0       |
|   empty_577_fu_16285_p2                             |     |        | empty_577      | sub    | fabric    | 0       |
|   empty_578_fu_16291_p2                             |     |        | empty_578      | add    | fabric    | 0       |
|   empty_579_fu_16308_p2                             |     |        | empty_579      | sub    | fabric    | 0       |
|   empty_580_fu_16322_p2                             |     |        | empty_580      | add    | fabric    | 0       |
|   empty_581_fu_16338_p2                             |     |        | empty_581      | sub    | fabric    | 0       |
|   empty_582_fu_16344_p2                             |     |        | empty_582      | add    | fabric    | 0       |
|   empty_583_fu_16360_p2                             |     |        | empty_583      | sub    | fabric    | 0       |
|   empty_584_fu_16382_p2                             |     |        | empty_584      | add    | fabric    | 0       |
|   empty_585_fu_16398_p2                             |     |        | empty_585      | sub    | fabric    | 0       |
|   empty_586_fu_16404_p2                             |     |        | empty_586      | add    | fabric    | 0       |
|   empty_587_fu_16420_p2                             |     |        | empty_587      | sub    | fabric    | 0       |
|   empty_588_fu_16442_p2                             |     |        | empty_588      | add    | fabric    | 0       |
|   empty_589_fu_16458_p2                             |     |        | empty_589      | sub    | fabric    | 0       |
|   empty_590_fu_16464_p2                             |     |        | empty_590      | add    | fabric    | 0       |
|   empty_591_fu_16480_p2                             |     |        | empty_591      | sub    | fabric    | 0       |
|   empty_592_fu_16522_p2                             |     |        | empty_592      | sub    | fabric    | 0       |
|   empty_593_fu_16528_p2                             |     |        | empty_593      | add    | fabric    | 0       |
|   empty_594_fu_16544_p2                             |     |        | empty_594      | sub    | fabric    | 0       |
|   empty_595_fu_16566_p2                             |     |        | empty_595      | add    | fabric    | 0       |
|   empty_596_fu_16582_p2                             |     |        | empty_596      | sub    | fabric    | 0       |
|   empty_597_fu_16588_p2                             |     |        | empty_597      | add    | fabric    | 0       |
|   empty_598_fu_16604_p2                             |     |        | empty_598      | sub    | fabric    | 0       |
|   empty_599_fu_16626_p2                             |     |        | empty_599      | add    | fabric    | 0       |
|   empty_600_fu_16642_p2                             |     |        | empty_600      | sub    | fabric    | 0       |
|   empty_601_fu_16648_p2                             |     |        | empty_601      | add    | fabric    | 0       |
|   empty_602_fu_16664_p2                             |     |        | empty_602      | sub    | fabric    | 0       |
|   empty_603_fu_16686_p2                             |     |        | empty_603      | add    | fabric    | 0       |
|   empty_604_fu_16702_p2                             |     |        | empty_604      | sub    | fabric    | 0       |
|   empty_605_fu_16708_p2                             |     |        | empty_605      | add    | fabric    | 0       |
|   empty_606_fu_16724_p2                             |     |        | empty_606      | sub    | fabric    | 0       |
|   empty_607_fu_21802_p2                             |     |        | empty_607      | add    | fabric    | 0       |
|   empty_608_fu_21807_p2                             |     |        | empty_608      | add    | fabric    | 0       |
|   empty_609_fu_21833_p2                             |     |        | empty_609      | add    | fabric    | 0       |
|   empty_610_fu_21838_p2                             |     |        | empty_610      | add    | fabric    | 0       |
|   empty_611_fu_21859_p2                             |     |        | empty_611      | add    | fabric    | 0       |
|   empty_612_fu_21864_p2                             |     |        | empty_612      | add    | fabric    | 0       |
|   empty_613_fu_21885_p2                             |     |        | empty_613      | add    | fabric    | 0       |
|   empty_614_fu_21890_p2                             |     |        | empty_614      | add    | fabric    | 0       |
|   empty_615_fu_21911_p2                             |     |        | empty_615      | add    | fabric    | 0       |
|   empty_616_fu_21916_p2                             |     |        | empty_616      | add    | fabric    | 0       |
|   empty_617_fu_21937_p2                             |     |        | empty_617      | add    | fabric    | 0       |
|   empty_618_fu_21942_p2                             |     |        | empty_618      | add    | fabric    | 0       |
|   empty_619_fu_21963_p2                             |     |        | empty_619      | add    | fabric    | 0       |
|   empty_620_fu_21968_p2                             |     |        | empty_620      | add    | fabric    | 0       |
|   empty_621_fu_21989_p2                             |     |        | empty_621      | add    | fabric    | 0       |
|   empty_622_fu_21994_p2                             |     |        | empty_622      | add    | fabric    | 0       |
|   empty_623_fu_25360_p2                             |     |        | empty_623      | add    | fabric    | 0       |
|   empty_624_fu_21812_p2                             |     |        | empty_624      | add    | fabric    | 0       |
|   empty_625_fu_25381_p2                             |     |        | empty_625      | add    | fabric    | 0       |
|   empty_626_fu_25386_p2                             |     |        | empty_626      | add    | fabric    | 0       |
|   empty_627_fu_25407_p2                             |     |        | empty_627      | add    | fabric    | 0       |
|   empty_628_fu_25412_p2                             |     |        | empty_628      | add    | fabric    | 0       |
|   empty_629_fu_25433_p2                             |     |        | empty_629      | add    | fabric    | 0       |
|   empty_630_fu_25438_p2                             |     |        | empty_630      | add    | fabric    | 0       |
|   empty_631_fu_25459_p2                             |     |        | empty_631      | add    | fabric    | 0       |
|   empty_632_fu_25464_p2                             |     |        | empty_632      | add    | fabric    | 0       |
|   empty_633_fu_25485_p2                             |     |        | empty_633      | add    | fabric    | 0       |
|   empty_634_fu_25490_p2                             |     |        | empty_634      | add    | fabric    | 0       |
|   empty_635_fu_25511_p2                             |     |        | empty_635      | add    | fabric    | 0       |
|   empty_636_fu_25516_p2                             |     |        | empty_636      | add    | fabric    | 0       |
|   empty_637_fu_25537_p2                             |     |        | empty_637      | add    | fabric    | 0       |
|   empty_638_fu_25542_p2                             |     |        | empty_638      | add    | fabric    | 0       |
|   empty_639_fu_16789_p2                             |     |        | empty_639      | sub    | fabric    | 0       |
|   empty_640_fu_16795_p2                             |     |        | empty_640      | add    | fabric    | 0       |
|   empty_641_fu_16812_p2                             |     |        | empty_641      | sub    | fabric    | 0       |
|   empty_642_fu_16862_p2                             |     |        | empty_642      | add    | fabric    | 0       |
|   empty_643_fu_16878_p2                             |     |        | empty_643      | sub    | fabric    | 0       |
|   empty_644_fu_16884_p2                             |     |        | empty_644      | add    | fabric    | 0       |
|   empty_645_fu_16900_p2                             |     |        | empty_645      | sub    | fabric    | 0       |
|   empty_646_fu_16962_p2                             |     |        | empty_646      | add    | fabric    | 0       |
|   empty_647_fu_16978_p2                             |     |        | empty_647      | sub    | fabric    | 0       |
|   empty_648_fu_16984_p2                             |     |        | empty_648      | add    | fabric    | 0       |
|   empty_649_fu_17000_p2                             |     |        | empty_649      | sub    | fabric    | 0       |
|   empty_650_fu_17062_p2                             |     |        | empty_650      | add    | fabric    | 0       |
|   empty_651_fu_17078_p2                             |     |        | empty_651      | sub    | fabric    | 0       |
|   empty_652_fu_17084_p2                             |     |        | empty_652      | add    | fabric    | 0       |
|   empty_653_fu_17100_p2                             |     |        | empty_653      | sub    | fabric    | 0       |
|   empty_654_fu_17186_p2                             |     |        | empty_654      | sub    | fabric    | 0       |
|   empty_655_fu_17192_p2                             |     |        | empty_655      | add    | fabric    | 0       |
|   empty_656_fu_17208_p2                             |     |        | empty_656      | sub    | fabric    | 0       |
|   empty_657_fu_17266_p2                             |     |        | empty_657      | add    | fabric    | 0       |
|   empty_658_fu_17282_p2                             |     |        | empty_658      | sub    | fabric    | 0       |
|   empty_659_fu_17288_p2                             |     |        | empty_659      | add    | fabric    | 0       |
|   empty_660_fu_17304_p2                             |     |        | empty_660      | sub    | fabric    | 0       |
|   empty_661_fu_17366_p2                             |     |        | empty_661      | add    | fabric    | 0       |
|   empty_662_fu_17382_p2                             |     |        | empty_662      | sub    | fabric    | 0       |
|   empty_663_fu_17388_p2                             |     |        | empty_663      | add    | fabric    | 0       |
|   empty_664_fu_17404_p2                             |     |        | empty_664      | sub    | fabric    | 0       |
|   empty_665_fu_17466_p2                             |     |        | empty_665      | add    | fabric    | 0       |
|   empty_666_fu_17482_p2                             |     |        | empty_666      | sub    | fabric    | 0       |
|   empty_667_fu_17488_p2                             |     |        | empty_667      | add    | fabric    | 0       |
|   empty_668_fu_17504_p2                             |     |        | empty_668      | sub    | fabric    | 0       |
|   empty_669_fu_17605_p2                             |     |        | empty_669      | sub    | fabric    | 0       |
|   empty_670_fu_17611_p2                             |     |        | empty_670      | add    | fabric    | 0       |
|   empty_671_fu_17628_p2                             |     |        | empty_671      | sub    | fabric    | 0       |
|   empty_672_fu_17642_p2                             |     |        | empty_672      | add    | fabric    | 0       |
|   empty_673_fu_17658_p2                             |     |        | empty_673      | sub    | fabric    | 0       |
|   empty_674_fu_17664_p2                             |     |        | empty_674      | add    | fabric    | 0       |
|   empty_675_fu_17680_p2                             |     |        | empty_675      | sub    | fabric    | 0       |
|   empty_676_fu_17702_p2                             |     |        | empty_676      | add    | fabric    | 0       |
|   empty_677_fu_17718_p2                             |     |        | empty_677      | sub    | fabric    | 0       |
|   empty_678_fu_17724_p2                             |     |        | empty_678      | add    | fabric    | 0       |
|   empty_679_fu_17740_p2                             |     |        | empty_679      | sub    | fabric    | 0       |
|   empty_680_fu_17762_p2                             |     |        | empty_680      | add    | fabric    | 0       |
|   empty_681_fu_17778_p2                             |     |        | empty_681      | sub    | fabric    | 0       |
|   empty_682_fu_17784_p2                             |     |        | empty_682      | add    | fabric    | 0       |
|   empty_683_fu_17800_p2                             |     |        | empty_683      | sub    | fabric    | 0       |
|   empty_684_fu_17842_p2                             |     |        | empty_684      | sub    | fabric    | 0       |
|   empty_685_fu_17848_p2                             |     |        | empty_685      | add    | fabric    | 0       |
|   empty_686_fu_17864_p2                             |     |        | empty_686      | sub    | fabric    | 0       |
|   empty_687_fu_17886_p2                             |     |        | empty_687      | add    | fabric    | 0       |
|   empty_688_fu_17902_p2                             |     |        | empty_688      | sub    | fabric    | 0       |
|   empty_689_fu_17908_p2                             |     |        | empty_689      | add    | fabric    | 0       |
|   empty_690_fu_17924_p2                             |     |        | empty_690      | sub    | fabric    | 0       |
|   empty_691_fu_17946_p2                             |     |        | empty_691      | add    | fabric    | 0       |
|   empty_692_fu_17962_p2                             |     |        | empty_692      | sub    | fabric    | 0       |
|   empty_693_fu_17968_p2                             |     |        | empty_693      | add    | fabric    | 0       |
|   empty_694_fu_17984_p2                             |     |        | empty_694      | sub    | fabric    | 0       |
|   empty_695_fu_18006_p2                             |     |        | empty_695      | add    | fabric    | 0       |
|   empty_696_fu_18022_p2                             |     |        | empty_696      | sub    | fabric    | 0       |
|   empty_697_fu_18028_p2                             |     |        | empty_697      | add    | fabric    | 0       |
|   empty_698_fu_18044_p2                             |     |        | empty_698      | sub    | fabric    | 0       |
|   empty_699_fu_22271_p2                             |     |        | empty_699      | add    | fabric    | 0       |
|   empty_700_fu_22276_p2                             |     |        | empty_700      | add    | fabric    | 0       |
|   empty_701_fu_22297_p2                             |     |        | empty_701      | add    | fabric    | 0       |
|   empty_702_fu_22302_p2                             |     |        | empty_702      | add    | fabric    | 0       |
|   empty_703_fu_22323_p2                             |     |        | empty_703      | add    | fabric    | 0       |
|   empty_704_fu_22328_p2                             |     |        | empty_704      | add    | fabric    | 0       |
|   empty_705_fu_22349_p2                             |     |        | empty_705      | add    | fabric    | 0       |
|   empty_706_fu_22354_p2                             |     |        | empty_706      | add    | fabric    | 0       |
|   empty_707_fu_22375_p2                             |     |        | empty_707      | add    | fabric    | 0       |
|   empty_708_fu_22380_p2                             |     |        | empty_708      | add    | fabric    | 0       |
|   empty_709_fu_22401_p2                             |     |        | empty_709      | add    | fabric    | 0       |
|   empty_710_fu_22406_p2                             |     |        | empty_710      | add    | fabric    | 0       |
|   empty_711_fu_22427_p2                             |     |        | empty_711      | add    | fabric    | 0       |
|   empty_712_fu_22432_p2                             |     |        | empty_712      | add    | fabric    | 0       |
|   empty_713_fu_22453_p2                             |     |        | empty_713      | add    | fabric    | 0       |
|   empty_714_fu_22458_p2                             |     |        | empty_714      | add    | fabric    | 0       |
|   empty_715_fu_25819_p2                             |     |        | empty_715      | add    | fabric    | 0       |
|   empty_716_fu_25824_p2                             |     |        | empty_716      | add    | fabric    | 0       |
|   empty_717_fu_25845_p2                             |     |        | empty_717      | add    | fabric    | 0       |
|   empty_718_fu_25850_p2                             |     |        | empty_718      | add    | fabric    | 0       |
|   empty_719_fu_25871_p2                             |     |        | empty_719      | add    | fabric    | 0       |
|   empty_720_fu_25876_p2                             |     |        | empty_720      | add    | fabric    | 0       |
|   empty_721_fu_25897_p2                             |     |        | empty_721      | add    | fabric    | 0       |
|   empty_722_fu_25902_p2                             |     |        | empty_722      | add    | fabric    | 0       |
|   empty_723_fu_25923_p2                             |     |        | empty_723      | add    | fabric    | 0       |
|   empty_724_fu_25928_p2                             |     |        | empty_724      | add    | fabric    | 0       |
|   empty_725_fu_25949_p2                             |     |        | empty_725      | add    | fabric    | 0       |
|   empty_726_fu_25954_p2                             |     |        | empty_726      | add    | fabric    | 0       |
|   empty_727_fu_25975_p2                             |     |        | empty_727      | add    | fabric    | 0       |
|   empty_728_fu_25980_p2                             |     |        | empty_728      | add    | fabric    | 0       |
|   empty_729_fu_26001_p2                             |     |        | empty_729      | add    | fabric    | 0       |
|   empty_730_fu_26006_p2                             |     |        | empty_730      | add    | fabric    | 0       |
|   empty_731_fu_18109_p2                             |     |        | empty_731      | sub    | fabric    | 0       |
|   empty_733_fu_18119_p2                             |     |        | empty_733      | add    | fabric    | 0       |
|   empty_734_fu_18136_p2                             |     |        | empty_734      | sub    | fabric    | 0       |
|   empty_735_fu_18166_p2                             |     |        | empty_735      | add    | fabric    | 0       |
|   empty_736_fu_18182_p2                             |     |        | empty_736      | sub    | fabric    | 0       |
|   empty_737_fu_18188_p2                             |     |        | empty_737      | add    | fabric    | 0       |
|   empty_738_fu_18204_p2                             |     |        | empty_738      | sub    | fabric    | 0       |
|   empty_739_fu_18246_p2                             |     |        | empty_739      | add    | fabric    | 0       |
|   empty_740_fu_18262_p2                             |     |        | empty_740      | sub    | fabric    | 0       |
|   empty_741_fu_18268_p2                             |     |        | empty_741      | add    | fabric    | 0       |
|   empty_742_fu_18284_p2                             |     |        | empty_742      | sub    | fabric    | 0       |
|   empty_743_fu_18326_p2                             |     |        | empty_743      | add    | fabric    | 0       |
|   empty_744_fu_18342_p2                             |     |        | empty_744      | sub    | fabric    | 0       |
|   empty_745_fu_18348_p2                             |     |        | empty_745      | add    | fabric    | 0       |
|   empty_746_fu_18364_p2                             |     |        | empty_746      | sub    | fabric    | 0       |
|   empty_747_fu_18430_p2                             |     |        | empty_747      | sub    | fabric    | 0       |
|   empty_749_fu_18440_p2                             |     |        | empty_749      | add    | fabric    | 0       |
|   empty_750_fu_18456_p2                             |     |        | empty_750      | sub    | fabric    | 0       |
|   empty_751_fu_18494_p2                             |     |        | empty_751      | add    | fabric    | 0       |
|   empty_752_fu_18510_p2                             |     |        | empty_752      | sub    | fabric    | 0       |
|   empty_753_fu_18516_p2                             |     |        | empty_753      | add    | fabric    | 0       |
|   empty_754_fu_18532_p2                             |     |        | empty_754      | sub    | fabric    | 0       |
|   empty_755_fu_18574_p2                             |     |        | empty_755      | add    | fabric    | 0       |
|   empty_756_fu_18590_p2                             |     |        | empty_756      | sub    | fabric    | 0       |
|   empty_757_fu_18596_p2                             |     |        | empty_757      | add    | fabric    | 0       |
|   empty_758_fu_18612_p2                             |     |        | empty_758      | sub    | fabric    | 0       |
|   empty_759_fu_18654_p2                             |     |        | empty_759      | add    | fabric    | 0       |
|   empty_760_fu_18670_p2                             |     |        | empty_760      | sub    | fabric    | 0       |
|   empty_761_fu_18676_p2                             |     |        | empty_761      | add    | fabric    | 0       |
|   empty_762_fu_18692_p2                             |     |        | empty_762      | sub    | fabric    | 0       |
|   empty_763_fu_26027_p2                             |     |        | empty_763      | add    | fabric    | 0       |
|   empty_764_fu_26032_p2                             |     |        | empty_764      | add    | fabric    | 0       |
|   empty_765_fu_26053_p2                             |     |        | empty_765      | add    | fabric    | 0       |
|   empty_766_fu_26058_p2                             |     |        | empty_766      | add    | fabric    | 0       |
|   empty_767_fu_26079_p2                             |     |        | empty_767      | add    | fabric    | 0       |
|   empty_768_fu_26084_p2                             |     |        | empty_768      | add    | fabric    | 0       |
|   empty_769_fu_26105_p2                             |     |        | empty_769      | add    | fabric    | 0       |
|   empty_770_fu_26110_p2                             |     |        | empty_770      | add    | fabric    | 0       |
|   empty_771_fu_26131_p2                             |     |        | empty_771      | add    | fabric    | 0       |
|   empty_772_fu_26136_p2                             |     |        | empty_772      | add    | fabric    | 0       |
|   empty_773_fu_26157_p2                             |     |        | empty_773      | add    | fabric    | 0       |
|   empty_774_fu_26162_p2                             |     |        | empty_774      | add    | fabric    | 0       |
|   empty_775_fu_26183_p2                             |     |        | empty_775      | add    | fabric    | 0       |
|   empty_776_fu_26188_p2                             |     |        | empty_776      | add    | fabric    | 0       |
|   empty_777_fu_26209_p2                             |     |        | empty_777      | add    | fabric    | 0       |
|   empty_778_fu_26214_p2                             |     |        | empty_778      | add    | fabric    | 0       |
|   empty_779_fu_18773_p2                             |     |        | empty_779      | sub    | fabric    | 0       |
|   empty_780_fu_18779_p2                             |     |        | empty_780      | add    | fabric    | 0       |
|   empty_781_fu_18796_p2                             |     |        | empty_781      | sub    | fabric    | 0       |
|   empty_782_fu_18802_p2                             |     |        | empty_782      | add    | fabric    | 0       |
|   empty_783_fu_18885_p2                             |     |        | empty_783      | sub    | fabric    | 0       |
|   empty_784_fu_18807_p2                             |     |        | empty_784      | add    | fabric    | 0       |
|   empty_785_fu_18901_p2                             |     |        | empty_785      | sub    | fabric    | 0       |
|   empty_786_fu_18812_p2                             |     |        | empty_786      | add    | fabric    | 0       |
|   empty_787_fu_18933_p2                             |     |        | empty_787      | sub    | fabric    | 0       |
|   empty_788_fu_18817_p2                             |     |        | empty_788      | add    | fabric    | 0       |
|   empty_789_fu_18949_p2                             |     |        | empty_789      | sub    | fabric    | 0       |
|   empty_790_fu_18822_p2                             |     |        | empty_790      | add    | fabric    | 0       |
|   empty_791_fu_18981_p2                             |     |        | empty_791      | sub    | fabric    | 0       |
|   empty_792_fu_18827_p2                             |     |        | empty_792      | add    | fabric    | 0       |
|   empty_793_fu_18997_p2                             |     |        | empty_793      | sub    | fabric    | 0       |
|   empty_794_fu_19039_p2                             |     |        | empty_794      | sub    | fabric    | 0       |
|   empty_795_fu_18832_p2                             |     |        | empty_795      | add    | fabric    | 0       |
|   empty_796_fu_19055_p2                             |     |        | empty_796      | sub    | fabric    | 0       |
|   empty_797_fu_18837_p2                             |     |        | empty_797      | add    | fabric    | 0       |
|   empty_798_fu_19087_p2                             |     |        | empty_798      | sub    | fabric    | 0       |
|   empty_799_fu_18842_p2                             |     |        | empty_799      | add    | fabric    | 0       |
|   empty_800_fu_19103_p2                             |     |        | empty_800      | sub    | fabric    | 0       |
|   empty_801_fu_18847_p2                             |     |        | empty_801      | add    | fabric    | 0       |
|   empty_802_fu_19135_p2                             |     |        | empty_802      | sub    | fabric    | 0       |
|   empty_803_fu_18852_p2                             |     |        | empty_803      | add    | fabric    | 0       |
|   empty_804_fu_19151_p2                             |     |        | empty_804      | sub    | fabric    | 0       |
|   empty_805_fu_18857_p2                             |     |        | empty_805      | add    | fabric    | 0       |
|   empty_806_fu_19183_p2                             |     |        | empty_806      | sub    | fabric    | 0       |
|   empty_807_fu_18862_p2                             |     |        | empty_807      | add    | fabric    | 0       |
|   empty_808_fu_19199_p2                             |     |        | empty_808      | sub    | fabric    | 0       |
|   empty_809_fu_22735_p2                             |     |        | empty_809      | add    | fabric    | 0       |
|   empty_810_fu_22740_p2                             |     |        | empty_810      | add    | fabric    | 0       |
|   empty_811_fu_22761_p2                             |     |        | empty_811      | add    | fabric    | 0       |
|   empty_812_fu_22766_p2                             |     |        | empty_812      | add    | fabric    | 0       |
|   empty_813_fu_22787_p2                             |     |        | empty_813      | add    | fabric    | 0       |
|   empty_814_fu_22792_p2                             |     |        | empty_814      | add    | fabric    | 0       |
|   empty_815_fu_22813_p2                             |     |        | empty_815      | add    | fabric    | 0       |
|   empty_816_fu_22818_p2                             |     |        | empty_816      | add    | fabric    | 0       |
|   empty_817_fu_22839_p2                             |     |        | empty_817      | add    | fabric    | 0       |
|   empty_818_fu_22844_p2                             |     |        | empty_818      | add    | fabric    | 0       |
|   empty_819_fu_22865_p2                             |     |        | empty_819      | add    | fabric    | 0       |
|   empty_820_fu_22870_p2                             |     |        | empty_820      | add    | fabric    | 0       |
|   empty_821_fu_22891_p2                             |     |        | empty_821      | add    | fabric    | 0       |
|   empty_822_fu_22896_p2                             |     |        | empty_822      | add    | fabric    | 0       |
|   empty_823_fu_22917_p2                             |     |        | empty_823      | add    | fabric    | 0       |
|   empty_824_fu_22922_p2                             |     |        | empty_824      | add    | fabric    | 0       |
|   empty_825_fu_26235_p2                             |     |        | empty_825      | add    | fabric    | 0       |
|   empty_826_fu_26240_p2                             |     |        | empty_826      | add    | fabric    | 0       |
|   empty_827_fu_26261_p2                             |     |        | empty_827      | add    | fabric    | 0       |
|   empty_828_fu_26266_p2                             |     |        | empty_828      | add    | fabric    | 0       |
|   empty_829_fu_26287_p2                             |     |        | empty_829      | add    | fabric    | 0       |
|   empty_830_fu_26292_p2                             |     |        | empty_830      | add    | fabric    | 0       |
|   empty_831_fu_26313_p2                             |     |        | empty_831      | add    | fabric    | 0       |
|   empty_832_fu_26318_p2                             |     |        | empty_832      | add    | fabric    | 0       |
|   empty_833_fu_26339_p2                             |     |        | empty_833      | add    | fabric    | 0       |
|   empty_834_fu_26344_p2                             |     |        | empty_834      | add    | fabric    | 0       |
|   empty_835_fu_26365_p2                             |     |        | empty_835      | add    | fabric    | 0       |
|   empty_836_fu_26370_p2                             |     |        | empty_836      | add    | fabric    | 0       |
|   empty_837_fu_26391_p2                             |     |        | empty_837      | add    | fabric    | 0       |
|   empty_838_fu_26396_p2                             |     |        | empty_838      | add    | fabric    | 0       |
|   empty_839_fu_26417_p2                             |     |        | empty_839      | add    | fabric    | 0       |
|   empty_840_fu_26422_p2                             |     |        | empty_840      | add    | fabric    | 0       |
|   add_ln36_2_fu_8966_p2                             |     |        | add_ln36_2     | add    | fabric    | 0       |
|   icmp_ln36_1_fu_8972_p2                            |     |        | icmp_ln36_1    | setlt  | auto      | 0       |
|   select_ln36_fu_8978_p3                            |     |        | select_ln36    | select | auto_sel  | 0       |
|  + vit_patch_embed_Pipeline_J_LOOP                  | 257 |        |                |        |           |         |
|    add_ln40_fu_21240_p2                             |     |        | add_ln40       | add    | fabric    | 0       |
|    icmp_ln40_fu_21246_p2                            |     |        | icmp_ln40      | seteq  | auto      | 0       |
|    add_ln53_fu_35285_p2                             |     |        | add_ln53       | add    | fabric    | 0       |
|    dsp_dotpra3add_8s_8s_8s_8s_8s_8s_17s_18_4_1_U133 | 1   |        | mul_ln50       | mul    | dsp58_dp  | 3       |
|    dsp_dotpra3add_8s_8s_8s_8s_8s_8s_17s_18_4_1_U133 | 1   |        | sext_ln50_1    | sext   | dsp58_dp  | 3       |
|    dsp_dotpra3_8s_8s_8s_8s_8s_8s_17_4_1_U4          | 1   |        | mul_ln50_1     | mul    | dsp58_dp  | 3       |
|    dsp_dotpra3_8s_8s_8s_8s_8s_8s_17_4_1_U4          | 1   |        | sext_ln50_2    | sext   | dsp58_dp  | 3       |
|    mul_8s_8s_16_1_1_U1                              |     |        | mul_ln50_2     | mul    | auto      | 0       |
|    dsp_dotpra3_8s_8s_8s_8s_8s_8s_17_4_1_U5          | 1   |        | mul_ln50_3     | mul    | dsp58_dp  | 3       |
|    dsp_dotpra3_8s_8s_8s_8s_8s_8s_17_4_1_U5          | 1   |        | sext_ln50_4    | sext   | dsp58_dp  | 3       |
|    dsp_dotpra3_8s_8s_8s_8s_8s_8s_17_4_1_U6          | 1   |        | mul_ln50_4     | mul    | dsp58_dp  | 3       |
|    dsp_dotpra3_8s_8s_8s_8s_8s_8s_17_4_1_U6          | 1   |        | sext_ln50_5    | sext   | dsp58_dp  | 3       |
|    dsp_dotpra3_8s_8s_8s_8s_8s_8s_17_4_1_U7          | 1   |        | mul_ln50_5     | mul    | dsp58_dp  | 3       |
|    dsp_dotpra3_8s_8s_8s_8s_8s_8s_17_4_1_U7          | 1   |        | sext_ln50_6    | sext   | dsp58_dp  | 3       |
|    dsp_dotpra3add_8s_8s_8s_8s_8s_8s_17s_18_4_1_U134 | 1   |        | mul_ln50_6     | mul    | dsp58_dp  | 3       |
|    dsp_dotpra3add_8s_8s_8s_8s_8s_8s_17s_18_4_1_U134 | 1   |        | sext_ln50_7    | sext   | dsp58_dp  | 3       |
|    dsp_dotpra3_8s_8s_8s_8s_8s_8s_17_4_1_U8          | 1   |        | mul_ln50_7     | mul    | dsp58_dp  | 3       |
|    dsp_dotpra3_8s_8s_8s_8s_8s_8s_17_4_1_U8          | 1   |        | sext_ln50_8    | sext   | dsp58_dp  | 3       |
|    dsp_dotpra3add_8s_8s_8s_8s_8s_8s_17s_18_4_1_U135 | 1   |        | mul_ln50_8     | mul    | dsp58_dp  | 3       |
|    dsp_dotpra3add_8s_8s_8s_8s_8s_8s_17s_18_4_1_U135 | 1   |        | sext_ln50_9    | sext   | dsp58_dp  | 3       |
|    dsp_dotpra3_8s_8s_8s_8s_8s_8s_17_4_1_U4          | 1   |        | mul_ln50_9     | mul    | dsp58_dp  | 3       |
|    dsp_dotpra3_8s_8s_8s_8s_8s_8s_17_4_1_U4          | 1   |        | sext_ln50_10   | sext   | dsp58_dp  | 3       |
|    dsp_dotpra3_8s_8s_8s_8s_8s_8s_17_4_1_U9          | 1   |        | mul_ln50_10    | mul    | dsp58_dp  | 3       |
|    dsp_dotpra3_8s_8s_8s_8s_8s_8s_17_4_1_U9          | 1   |        | sext_ln50_11   | sext   | dsp58_dp  | 3       |
|    dsp_dotpra3add_8s_8s_8s_8s_8s_8s_17s_18_4_1_U136 | 1   |        | mul_ln50_11    | mul    | dsp58_dp  | 3       |
|    dsp_dotpra3add_8s_8s_8s_8s_8s_8s_17s_18_4_1_U136 | 1   |        | sext_ln50_12   | sext   | dsp58_dp  | 3       |
|    dsp_dotpra3_8s_8s_8s_8s_8s_8s_17_4_1_U10         | 1   |        | mul_ln50_12    | mul    | dsp58_dp  | 3       |
|    dsp_dotpra3_8s_8s_8s_8s_8s_8s_17_4_1_U10         | 1   |        | sext_ln50_13   | sext   | dsp58_dp  | 3       |
|    dsp_dotpra3add_8s_8s_8s_8s_8s_8s_18s_18_4_1_U137 | 1   |        | mul_ln50_13    | mul    | dsp58_dp  | 3       |
|    dsp_dotpra3add_8s_8s_8s_8s_8s_8s_18s_18_4_1_U137 | 1   |        | sext_ln50_14   | sext   | dsp58_dp  | 3       |
|    dsp_dotpra3add_8s_8s_8s_8s_8s_8s_17s_18_4_1_U138 | 1   |        | mul_ln50_14    | mul    | dsp58_dp  | 3       |
|    dsp_dotpra3add_8s_8s_8s_8s_8s_8s_17s_18_4_1_U138 | 1   |        | sext_ln50_15   | sext   | dsp58_dp  | 3       |
|    dsp_dotpra3_8s_8s_8s_8s_8s_8s_17_4_1_U11         | 1   |        | mul_ln50_15    | mul    | dsp58_dp  | 3       |
|    dsp_dotpra3_8s_8s_8s_8s_8s_8s_17_4_1_U11         | 1   |        | sext_ln50_16   | sext   | dsp58_dp  | 3       |
|    dsp_dotpra3_8s_8s_8s_8s_8s_8s_17_4_1_U12         | 1   |        | mul_ln50_16    | mul    | dsp58_dp  | 3       |
|    dsp_dotpra3_8s_8s_8s_8s_8s_8s_17_4_1_U12         | 1   |        | sext_ln50_17   | sext   | dsp58_dp  | 3       |
|    dsp_dotpra3add_8s_8s_8s_8s_8s_8s_17s_18_4_1_U139 | 1   |        | mul_ln50_17    | mul    | dsp58_dp  | 3       |
|    dsp_dotpra3add_8s_8s_8s_8s_8s_8s_17s_18_4_1_U139 | 1   |        | sext_ln50_18   | sext   | dsp58_dp  | 3       |
|    dsp_dotpra3_8s_8s_8s_8s_8s_8s_17_4_1_U13         | 1   |        | mul_ln50_18    | mul    | dsp58_dp  | 3       |
|    dsp_dotpra3_8s_8s_8s_8s_8s_8s_17_4_1_U13         | 1   |        | sext_ln50_19   | sext   | dsp58_dp  | 3       |
|    dsp_dotpra3add_8s_8s_8s_8s_8s_8s_17s_18_4_1_U140 | 1   |        | mul_ln50_19    | mul    | dsp58_dp  | 3       |
|    dsp_dotpra3add_8s_8s_8s_8s_8s_8s_17s_18_4_1_U140 | 1   |        | sext_ln50_20   | sext   | dsp58_dp  | 3       |
|    dsp_dotpra3add_8s_8s_8s_8s_8s_8s_17s_18_4_1_U141 | 1   |        | mul_ln50_20    | mul    | dsp58_dp  | 3       |
|    dsp_dotpra3add_8s_8s_8s_8s_8s_8s_17s_18_4_1_U141 | 1   |        | sext_ln50_21   | sext   | dsp58_dp  | 3       |
|    dsp_dotpra3add_8s_8s_8s_8s_8s_8s_17s_18_4_1_U142 | 1   |        | mul_ln50_21    | mul    | dsp58_dp  | 3       |
|    dsp_dotpra3add_8s_8s_8s_8s_8s_8s_17s_18_4_1_U142 | 1   |        | sext_ln50_22   | sext   | dsp58_dp  | 3       |
|    dsp_dotpra3_8s_8s_8s_8s_8s_8s_17_4_1_U4          | 1   |        | mul_ln50_22    | mul    | dsp58_dp  | 3       |
|    dsp_dotpra3_8s_8s_8s_8s_8s_8s_17_4_1_U4          | 1   |        | sext_ln50_23   | sext   | dsp58_dp  | 3       |
|    dsp_dotpra3_8s_8s_8s_8s_8s_8s_17_4_1_U12         | 1   |        | mul_ln50_23    | mul    | dsp58_dp  | 3       |
|    dsp_dotpra3_8s_8s_8s_8s_8s_8s_17_4_1_U12         | 1   |        | sext_ln50_24   | sext   | dsp58_dp  | 3       |
|    dsp_dotpra3add_8s_8s_8s_8s_8s_8s_17s_18_4_1_U143 | 1   |        | mul_ln50_24    | mul    | dsp58_dp  | 3       |
|    dsp_dotpra3add_8s_8s_8s_8s_8s_8s_17s_18_4_1_U143 | 1   |        | sext_ln50_25   | sext   | dsp58_dp  | 3       |
|    dsp_dotpra3_8s_8s_8s_8s_8s_8s_17_4_1_U12         | 1   |        | mul_ln50_25    | mul    | dsp58_dp  | 3       |
|    dsp_dotpra3_8s_8s_8s_8s_8s_8s_17_4_1_U12         | 1   |        | sext_ln50_26   | sext   | dsp58_dp  | 3       |
|    dsp_dotpra3_8s_8s_8s_8s_8s_8s_17_4_1_U14         | 1   |        | mul_ln50_26    | mul    | dsp58_dp  | 3       |
|    dsp_dotpra3_8s_8s_8s_8s_8s_8s_17_4_1_U14         | 1   |        | sext_ln50_27   | sext   | dsp58_dp  | 3       |
|    dsp_dotpra3add_8s_8s_8s_8s_8s_8s_17s_18_4_1_U144 | 1   |        | mul_ln50_27    | mul    | dsp58_dp  | 3       |
|    dsp_dotpra3add_8s_8s_8s_8s_8s_8s_17s_18_4_1_U144 | 1   |        | sext_ln50_28   | sext   | dsp58_dp  | 3       |
|    dsp_dotpra3add_8s_8s_8s_8s_8s_8s_17s_18_4_1_U139 | 1   |        | mul_ln50_28    | mul    | dsp58_dp  | 3       |
|    dsp_dotpra3add_8s_8s_8s_8s_8s_8s_17s_18_4_1_U139 | 1   |        | sext_ln50_29   | sext   | dsp58_dp  | 3       |
|    dsp_dotpra3add_8s_8s_8s_8s_8s_8s_17s_18_4_1_U145 | 1   |        | mul_ln50_29    | mul    | dsp58_dp  | 3       |
|    dsp_dotpra3add_8s_8s_8s_8s_8s_8s_17s_18_4_1_U145 | 1   |        | sext_ln50_30   | sext   | dsp58_dp  | 3       |
|    dsp_dotpra3add_8s_8s_8s_8s_8s_8s_17s_18_4_1_U146 | 1   |        | mul_ln50_30    | mul    | dsp58_dp  | 3       |
|    dsp_dotpra3add_8s_8s_8s_8s_8s_8s_17s_18_4_1_U146 | 1   |        | sext_ln50_31   | sext   | dsp58_dp  | 3       |
|    dsp_dotpra3add_8s_8s_8s_8s_8s_8s_17s_18_4_1_U147 | 1   |        | mul_ln50_31    | mul    | dsp58_dp  | 3       |
|    dsp_dotpra3add_8s_8s_8s_8s_8s_8s_17s_18_4_1_U147 | 1   |        | sext_ln50_32   | sext   | dsp58_dp  | 3       |
|    dsp_dotpra3_8s_8s_8s_8s_8s_8s_17_4_1_U15         | 1   |        | mul_ln50_32    | mul    | dsp58_dp  | 3       |
|    dsp_dotpra3_8s_8s_8s_8s_8s_8s_17_4_1_U15         | 1   |        | sext_ln50_33   | sext   | dsp58_dp  | 3       |
|    dsp_dotpra3add_8s_8s_8s_8s_8s_8s_17s_18_4_1_U148 | 1   |        | mul_ln50_33    | mul    | dsp58_dp  | 3       |
|    dsp_dotpra3add_8s_8s_8s_8s_8s_8s_17s_18_4_1_U148 | 1   |        | sext_ln50_34   | sext   | dsp58_dp  | 3       |
|    dsp_dotpra3_8s_8s_8s_8s_8s_8s_17_4_1_U16         | 1   |        | mul_ln50_34    | mul    | dsp58_dp  | 3       |
|    dsp_dotpra3_8s_8s_8s_8s_8s_8s_17_4_1_U16         | 1   |        | sext_ln50_35   | sext   | dsp58_dp  | 3       |
|    dsp_dotpra3_8s_8s_8s_8s_8s_8s_17_4_1_U17         | 1   |        | mul_ln50_35    | mul    | dsp58_dp  | 3       |
|    dsp_dotpra3_8s_8s_8s_8s_8s_8s_17_4_1_U17         | 1   |        | sext_ln50_36   | sext   | dsp58_dp  | 3       |
|    dsp_dotpra3_8s_8s_8s_8s_8s_8s_17_4_1_U18         | 1   |        | mul_ln50_36    | mul    | dsp58_dp  | 3       |
|    dsp_dotpra3_8s_8s_8s_8s_8s_8s_17_4_1_U18         | 1   |        | sext_ln50_37   | sext   | dsp58_dp  | 3       |
|    dsp_dotpra3_8s_8s_8s_8s_8s_8s_17_4_1_U19         | 1   |        | mul_ln50_37    | mul    | dsp58_dp  | 3       |
|    dsp_dotpra3_8s_8s_8s_8s_8s_8s_17_4_1_U19         | 1   |        | sext_ln50_38   | sext   | dsp58_dp  | 3       |
|    dsp_dotpra3add_8s_8s_8s_8s_8s_8s_17s_18_4_1_U133 | 1   |        | mul_ln50_38    | mul    | dsp58_dp  | 3       |
|    dsp_dotpra3add_8s_8s_8s_8s_8s_8s_17s_18_4_1_U133 | 1   |        | sext_ln50_39   | sext   | dsp58_dp  | 3       |
|    dsp_dotpra3_8s_8s_8s_8s_8s_8s_17_4_1_U20         | 1   |        | mul_ln50_39    | mul    | dsp58_dp  | 3       |
|    dsp_dotpra3_8s_8s_8s_8s_8s_8s_17_4_1_U20         | 1   |        | sext_ln50_40   | sext   | dsp58_dp  | 3       |
|    dsp_dotpra3add_8s_8s_8s_8s_8s_8s_17s_18_4_1_U145 | 1   |        | mul_ln50_40    | mul    | dsp58_dp  | 3       |
|    dsp_dotpra3add_8s_8s_8s_8s_8s_8s_17s_18_4_1_U145 | 1   |        | sext_ln50_41   | sext   | dsp58_dp  | 3       |
|    dsp_dotpra3add_8s_8s_8s_8s_8s_8s_17s_18_4_1_U149 | 1   |        | mul_ln50_41    | mul    | dsp58_dp  | 3       |
|    dsp_dotpra3add_8s_8s_8s_8s_8s_8s_17s_18_4_1_U149 | 1   |        | sext_ln50_42   | sext   | dsp58_dp  | 3       |
|    dsp_dotpra3add_8s_8s_8s_8s_8s_8s_17s_18_4_1_U146 | 1   |        | mul_ln50_42    | mul    | dsp58_dp  | 3       |
|    dsp_dotpra3add_8s_8s_8s_8s_8s_8s_17s_18_4_1_U146 | 1   |        | sext_ln50_43   | sext   | dsp58_dp  | 3       |
|    dsp_dotpra3add_8s_8s_8s_8s_8s_8s_17s_18_4_1_U139 | 1   |        | mul_ln50_43    | mul    | dsp58_dp  | 3       |
|    dsp_dotpra3add_8s_8s_8s_8s_8s_8s_17s_18_4_1_U139 | 1   |        | sext_ln50_44   | sext   | dsp58_dp  | 3       |
|    dsp_dotpra3add_8s_8s_8s_8s_8s_8s_17s_18_4_1_U144 | 1   |        | mul_ln50_44    | mul    | dsp58_dp  | 3       |
|    dsp_dotpra3add_8s_8s_8s_8s_8s_8s_17s_18_4_1_U144 | 1   |        | sext_ln50_45   | sext   | dsp58_dp  | 3       |
|    dsp_dotpra3_8s_8s_8s_8s_8s_8s_17_4_1_U21         | 1   |        | mul_ln50_45    | mul    | dsp58_dp  | 3       |
|    dsp_dotpra3_8s_8s_8s_8s_8s_8s_17_4_1_U21         | 1   |        | sext_ln50_46   | sext   | dsp58_dp  | 3       |
|    dsp_dotpra3add_8s_8s_8s_8s_8s_8s_17s_18_4_1_U150 | 1   |        | mul_ln50_46    | mul    | dsp58_dp  | 3       |
|    dsp_dotpra3add_8s_8s_8s_8s_8s_8s_17s_18_4_1_U150 | 1   |        | sext_ln50_47   | sext   | dsp58_dp  | 3       |
|    dsp_dotpra3add_8s_8s_8s_8s_8s_8s_17s_18_4_1_U151 | 1   |        | mul_ln50_47    | mul    | dsp58_dp  | 3       |
|    dsp_dotpra3add_8s_8s_8s_8s_8s_8s_17s_18_4_1_U151 | 1   |        | sext_ln50_48   | sext   | dsp58_dp  | 3       |
|    dsp_dotpra3add_8s_8s_8s_8s_8s_8s_17s_18_4_1_U152 | 1   |        | mul_ln50_48    | mul    | dsp58_dp  | 3       |
|    dsp_dotpra3add_8s_8s_8s_8s_8s_8s_17s_18_4_1_U152 | 1   |        | sext_ln50_49   | sext   | dsp58_dp  | 3       |
|    dsp_dotpra3_8s_8s_8s_8s_8s_8s_17_4_1_U22         | 1   |        | mul_ln50_49    | mul    | dsp58_dp  | 3       |
|    dsp_dotpra3_8s_8s_8s_8s_8s_8s_17_4_1_U22         | 1   |        | sext_ln50_50   | sext   | dsp58_dp  | 3       |
|    dsp_dotpra3_8s_8s_8s_8s_8s_8s_17_4_1_U23         | 1   |        | mul_ln50_50    | mul    | dsp58_dp  | 3       |
|    dsp_dotpra3_8s_8s_8s_8s_8s_8s_17_4_1_U23         | 1   |        | sext_ln50_51   | sext   | dsp58_dp  | 3       |
|    dsp_dotpra3add_8s_8s_8s_8s_8s_8s_17s_18_4_1_U153 | 1   |        | mul_ln50_51    | mul    | dsp58_dp  | 3       |
|    dsp_dotpra3add_8s_8s_8s_8s_8s_8s_17s_18_4_1_U153 | 1   |        | sext_ln50_52   | sext   | dsp58_dp  | 3       |
|    dsp_dotpra3add_8s_8s_8s_8s_8s_8s_17s_18_4_1_U154 | 1   |        | mul_ln50_52    | mul    | dsp58_dp  | 3       |
|    dsp_dotpra3add_8s_8s_8s_8s_8s_8s_17s_18_4_1_U154 | 1   |        | sext_ln50_53   | sext   | dsp58_dp  | 3       |
|    dsp_dotpra3add_8s_8s_8s_8s_8s_8s_17s_18_4_1_U155 | 1   |        | mul_ln50_53    | mul    | dsp58_dp  | 3       |
|    dsp_dotpra3add_8s_8s_8s_8s_8s_8s_17s_18_4_1_U155 | 1   |        | sext_ln50_54   | sext   | dsp58_dp  | 3       |
|    dsp_dotpra3add_8s_8s_8s_8s_8s_8s_17s_18_4_1_U145 | 1   |        | mul_ln50_54    | mul    | dsp58_dp  | 3       |
|    dsp_dotpra3add_8s_8s_8s_8s_8s_8s_17s_18_4_1_U145 | 1   |        | sext_ln50_55   | sext   | dsp58_dp  | 3       |
|    dsp_dotpra3_8s_8s_8s_8s_8s_8s_17_4_1_U24         | 1   |        | mul_ln50_55    | mul    | dsp58_dp  | 3       |
|    dsp_dotpra3_8s_8s_8s_8s_8s_8s_17_4_1_U24         | 1   |        | sext_ln50_56   | sext   | dsp58_dp  | 3       |
|    dsp_dotpra3add_8s_8s_8s_8s_8s_8s_17s_18_4_1_U156 | 1   |        | mul_ln50_56    | mul    | dsp58_dp  | 3       |
|    dsp_dotpra3add_8s_8s_8s_8s_8s_8s_17s_18_4_1_U156 | 1   |        | sext_ln50_57   | sext   | dsp58_dp  | 3       |
|    dsp_dotpra3add_8s_8s_8s_8s_8s_8s_17s_18_4_1_U146 | 1   |        | mul_ln50_57    | mul    | dsp58_dp  | 3       |
|    dsp_dotpra3add_8s_8s_8s_8s_8s_8s_17s_18_4_1_U146 | 1   |        | sext_ln50_58   | sext   | dsp58_dp  | 3       |
|    dsp_dotpra3_8s_8s_8s_8s_8s_8s_17_4_1_U25         | 1   |        | mul_ln50_58    | mul    | dsp58_dp  | 3       |
|    dsp_dotpra3_8s_8s_8s_8s_8s_8s_17_4_1_U25         | 1   |        | sext_ln50_59   | sext   | dsp58_dp  | 3       |
|    dsp_dotpra3_8s_8s_8s_8s_8s_8s_17_4_1_U26         | 1   |        | mul_ln50_59    | mul    | dsp58_dp  | 3       |
|    dsp_dotpra3_8s_8s_8s_8s_8s_8s_17_4_1_U26         | 1   |        | sext_ln50_60   | sext   | dsp58_dp  | 3       |
|    dsp_dotpra3add_8s_8s_8s_8s_8s_8s_17s_18_4_1_U157 | 1   |        | mul_ln50_60    | mul    | dsp58_dp  | 3       |
|    dsp_dotpra3add_8s_8s_8s_8s_8s_8s_17s_18_4_1_U157 | 1   |        | sext_ln50_61   | sext   | dsp58_dp  | 3       |
|    dsp_dotpra3add_8s_8s_8s_8s_8s_8s_17s_18_4_1_U144 | 1   |        | mul_ln50_61    | mul    | dsp58_dp  | 3       |
|    dsp_dotpra3add_8s_8s_8s_8s_8s_8s_17s_18_4_1_U144 | 1   |        | sext_ln50_62   | sext   | dsp58_dp  | 3       |
|    dsp_dotpra3_8s_8s_8s_8s_8s_8s_17_4_1_U27         | 1   |        | mul_ln50_62    | mul    | dsp58_dp  | 3       |
|    dsp_dotpra3_8s_8s_8s_8s_8s_8s_17_4_1_U27         | 1   |        | sext_ln50_63   | sext   | dsp58_dp  | 3       |
|    dsp_dotpra3_8s_8s_8s_8s_8s_8s_17_4_1_U28         | 1   |        | mul_ln50_63    | mul    | dsp58_dp  | 3       |
|    dsp_dotpra3_8s_8s_8s_8s_8s_8s_17_4_1_U28         | 1   |        | sext_ln50_64   | sext   | dsp58_dp  | 3       |
|    dsp_dotpra3add_8s_8s_8s_8s_8s_8s_17s_18_4_1_U158 | 1   |        | mul_ln50_64    | mul    | dsp58_dp  | 3       |
|    dsp_dotpra3add_8s_8s_8s_8s_8s_8s_17s_18_4_1_U158 | 1   |        | sext_ln50_65   | sext   | dsp58_dp  | 3       |
|    dsp_dotpra3_8s_8s_8s_8s_8s_8s_17_4_1_U29         | 1   |        | mul_ln50_65    | mul    | dsp58_dp  | 3       |
|    dsp_dotpra3_8s_8s_8s_8s_8s_8s_17_4_1_U29         | 1   |        | sext_ln50_66   | sext   | dsp58_dp  | 3       |
|    dsp_dotpra3_8s_8s_8s_8s_8s_8s_17_4_1_U30         | 1   |        | mul_ln50_66    | mul    | dsp58_dp  | 3       |
|    dsp_dotpra3_8s_8s_8s_8s_8s_8s_17_4_1_U30         | 1   |        | sext_ln50_67   | sext   | dsp58_dp  | 3       |
|    dsp_dotpra3add_8s_8s_8s_8s_8s_8s_17s_18_4_1_U159 | 1   |        | mul_ln50_67    | mul    | dsp58_dp  | 3       |
|    dsp_dotpra3add_8s_8s_8s_8s_8s_8s_17s_18_4_1_U159 | 1   |        | sext_ln50_68   | sext   | dsp58_dp  | 3       |
|    dsp_dotpra3_8s_8s_8s_8s_8s_8s_17_4_1_U31         | 1   |        | mul_ln50_68    | mul    | dsp58_dp  | 3       |
|    dsp_dotpra3_8s_8s_8s_8s_8s_8s_17_4_1_U31         | 1   |        | sext_ln50_69   | sext   | dsp58_dp  | 3       |
|    dsp_dotpra3add_8s_8s_8s_8s_8s_8s_17s_18_4_1_U160 | 1   |        | mul_ln50_69    | mul    | dsp58_dp  | 3       |
|    dsp_dotpra3add_8s_8s_8s_8s_8s_8s_17s_18_4_1_U160 | 1   |        | sext_ln50_70   | sext   | dsp58_dp  | 3       |
|    dsp_dotpra3add_8s_8s_8s_8s_8s_8s_17s_18_4_1_U161 | 1   |        | mul_ln50_70    | mul    | dsp58_dp  | 3       |
|    dsp_dotpra3add_8s_8s_8s_8s_8s_8s_17s_18_4_1_U161 | 1   |        | sext_ln50_71   | sext   | dsp58_dp  | 3       |
|    dsp_dotpra3add_8s_8s_8s_8s_8s_8s_17s_18_4_1_U162 | 1   |        | mul_ln50_71    | mul    | dsp58_dp  | 3       |
|    dsp_dotpra3add_8s_8s_8s_8s_8s_8s_17s_18_4_1_U162 | 1   |        | sext_ln50_72   | sext   | dsp58_dp  | 3       |
|    dsp_dotpra3add_8s_8s_8s_8s_8s_8s_17s_18_4_1_U163 | 1   |        | mul_ln50_72    | mul    | dsp58_dp  | 3       |
|    dsp_dotpra3add_8s_8s_8s_8s_8s_8s_17s_18_4_1_U163 | 1   |        | sext_ln50_73   | sext   | dsp58_dp  | 3       |
|    dsp_dotpra3add_8s_8s_8s_8s_8s_8s_17s_18_4_1_U164 | 1   |        | mul_ln50_73    | mul    | dsp58_dp  | 3       |
|    dsp_dotpra3add_8s_8s_8s_8s_8s_8s_17s_18_4_1_U164 | 1   |        | sext_ln50_74   | sext   | dsp58_dp  | 3       |
|    dsp_dotpra3_8s_8s_8s_8s_8s_8s_17_4_1_U32         | 1   |        | mul_ln50_74    | mul    | dsp58_dp  | 3       |
|    dsp_dotpra3_8s_8s_8s_8s_8s_8s_17_4_1_U32         | 1   |        | sext_ln50_75   | sext   | dsp58_dp  | 3       |
|    dsp_dotpra3_8s_8s_8s_8s_8s_8s_17_4_1_U33         | 1   |        | mul_ln50_75    | mul    | dsp58_dp  | 3       |
|    dsp_dotpra3_8s_8s_8s_8s_8s_8s_17_4_1_U33         | 1   |        | sext_ln50_76   | sext   | dsp58_dp  | 3       |
|    dsp_dotpra3add_8s_8s_8s_8s_8s_8s_17s_18_4_1_U165 | 1   |        | mul_ln50_76    | mul    | dsp58_dp  | 3       |
|    dsp_dotpra3add_8s_8s_8s_8s_8s_8s_17s_18_4_1_U165 | 1   |        | sext_ln50_77   | sext   | dsp58_dp  | 3       |
|    dsp_dotpra3add_8s_8s_8s_8s_8s_8s_17s_18_4_1_U166 | 1   |        | mul_ln50_77    | mul    | dsp58_dp  | 3       |
|    dsp_dotpra3add_8s_8s_8s_8s_8s_8s_17s_18_4_1_U166 | 1   |        | sext_ln50_78   | sext   | dsp58_dp  | 3       |
|    dsp_dotpra3_8s_8s_8s_8s_8s_8s_17_4_1_U34         | 1   |        | mul_ln50_78    | mul    | dsp58_dp  | 3       |
|    dsp_dotpra3_8s_8s_8s_8s_8s_8s_17_4_1_U34         | 1   |        | sext_ln50_79   | sext   | dsp58_dp  | 3       |
|    dsp_dotpra3add_8s_8s_8s_8s_8s_8s_17s_18_4_1_U167 | 1   |        | mul_ln50_79    | mul    | dsp58_dp  | 3       |
|    dsp_dotpra3add_8s_8s_8s_8s_8s_8s_17s_18_4_1_U167 | 1   |        | sext_ln50_80   | sext   | dsp58_dp  | 3       |
|    dsp_dotpra3_8s_8s_8s_8s_8s_8s_17_4_1_U35         | 1   |        | mul_ln50_80    | mul    | dsp58_dp  | 3       |
|    dsp_dotpra3_8s_8s_8s_8s_8s_8s_17_4_1_U35         | 1   |        | sext_ln50_81   | sext   | dsp58_dp  | 3       |
|    dsp_dotpra3_8s_8s_8s_8s_8s_8s_17_4_1_U36         | 1   |        | mul_ln50_81    | mul    | dsp58_dp  | 3       |
|    dsp_dotpra3_8s_8s_8s_8s_8s_8s_17_4_1_U36         | 1   |        | sext_ln50_82   | sext   | dsp58_dp  | 3       |
|    dsp_dotpra3_8s_8s_8s_8s_8s_8s_17_4_1_U37         | 1   |        | mul_ln50_82    | mul    | dsp58_dp  | 3       |
|    dsp_dotpra3_8s_8s_8s_8s_8s_8s_17_4_1_U37         | 1   |        | sext_ln50_83   | sext   | dsp58_dp  | 3       |
|    dsp_dotpra3add_8s_8s_8s_8s_8s_8s_17s_18_4_1_U168 | 1   |        | mul_ln50_83    | mul    | dsp58_dp  | 3       |
|    dsp_dotpra3add_8s_8s_8s_8s_8s_8s_17s_18_4_1_U168 | 1   |        | sext_ln50_84   | sext   | dsp58_dp  | 3       |
|    dsp_dotpra3_8s_8s_8s_8s_8s_8s_17_4_1_U31         | 1   |        | mul_ln50_84    | mul    | dsp58_dp  | 3       |
|    dsp_dotpra3_8s_8s_8s_8s_8s_8s_17_4_1_U31         | 1   |        | sext_ln50_85   | sext   | dsp58_dp  | 3       |
|    dsp_dotpra3_8s_8s_8s_8s_8s_8s_17_4_1_U38         | 1   |        | mul_ln50_85    | mul    | dsp58_dp  | 3       |
|    dsp_dotpra3_8s_8s_8s_8s_8s_8s_17_4_1_U38         | 1   |        | sext_ln50_86   | sext   | dsp58_dp  | 3       |
|    dsp_dotpra3add_8s_8s_8s_8s_8s_8s_17s_18_4_1_U169 | 1   |        | mul_ln50_86    | mul    | dsp58_dp  | 3       |
|    dsp_dotpra3add_8s_8s_8s_8s_8s_8s_17s_18_4_1_U169 | 1   |        | sext_ln50_87   | sext   | dsp58_dp  | 3       |
|    dsp_dotpra3_8s_8s_8s_8s_8s_8s_17_4_1_U27         | 1   |        | mul_ln50_87    | mul    | dsp58_dp  | 3       |
|    dsp_dotpra3_8s_8s_8s_8s_8s_8s_17_4_1_U27         | 1   |        | sext_ln50_88   | sext   | dsp58_dp  | 3       |
|    dsp_dotpra3_8s_8s_8s_8s_8s_8s_17_4_1_U39         | 1   |        | mul_ln50_88    | mul    | dsp58_dp  | 3       |
|    dsp_dotpra3_8s_8s_8s_8s_8s_8s_17_4_1_U39         | 1   |        | sext_ln50_89   | sext   | dsp58_dp  | 3       |
|    dsp_dotpra3add_8s_8s_8s_8s_8s_8s_17s_18_4_1_U170 | 1   |        | mul_ln50_89    | mul    | dsp58_dp  | 3       |
|    dsp_dotpra3add_8s_8s_8s_8s_8s_8s_17s_18_4_1_U170 | 1   |        | sext_ln50_90   | sext   | dsp58_dp  | 3       |
|    dsp_dotpra3_8s_8s_8s_8s_8s_8s_17_4_1_U40         | 1   |        | mul_ln50_90    | mul    | dsp58_dp  | 3       |
|    dsp_dotpra3_8s_8s_8s_8s_8s_8s_17_4_1_U40         | 1   |        | sext_ln50_91   | sext   | dsp58_dp  | 3       |
|    dsp_dotpra3add_8s_8s_8s_8s_8s_8s_17s_18_4_1_U171 | 1   |        | mul_ln50_91    | mul    | dsp58_dp  | 3       |
|    dsp_dotpra3add_8s_8s_8s_8s_8s_8s_17s_18_4_1_U171 | 1   |        | sext_ln50_92   | sext   | dsp58_dp  | 3       |
|    dsp_dotpra3_8s_8s_8s_8s_8s_8s_17_4_1_U41         | 1   |        | mul_ln50_92    | mul    | dsp58_dp  | 3       |
|    dsp_dotpra3_8s_8s_8s_8s_8s_8s_17_4_1_U41         | 1   |        | sext_ln50_93   | sext   | dsp58_dp  | 3       |
|    dsp_dotpra3_8s_8s_8s_8s_8s_8s_17_4_1_U42         | 1   |        | mul_ln50_93    | mul    | dsp58_dp  | 3       |
|    dsp_dotpra3_8s_8s_8s_8s_8s_8s_17_4_1_U42         | 1   |        | sext_ln50_94   | sext   | dsp58_dp  | 3       |
|    dsp_dotpra3_8s_8s_8s_8s_8s_8s_17_4_1_U43         | 1   |        | mul_ln50_94    | mul    | dsp58_dp  | 3       |
|    dsp_dotpra3_8s_8s_8s_8s_8s_8s_17_4_1_U43         | 1   |        | sext_ln50_95   | sext   | dsp58_dp  | 3       |
|    dsp_dotpra3add_8s_8s_8s_8s_8s_8s_17s_18_4_1_U172 | 1   |        | mul_ln50_95    | mul    | dsp58_dp  | 3       |
|    dsp_dotpra3add_8s_8s_8s_8s_8s_8s_17s_18_4_1_U172 | 1   |        | sext_ln50_96   | sext   | dsp58_dp  | 3       |
|    dsp_dotpra3add_8s_8s_8s_8s_8s_8s_17s_18_4_1_U173 | 1   |        | mul_ln50_96    | mul    | dsp58_dp  | 3       |
|    dsp_dotpra3add_8s_8s_8s_8s_8s_8s_17s_18_4_1_U173 | 1   |        | sext_ln50_97   | sext   | dsp58_dp  | 3       |
|    dsp_dotpra3_8s_8s_8s_8s_8s_8s_17_4_1_U44         | 1   |        | mul_ln50_97    | mul    | dsp58_dp  | 3       |
|    dsp_dotpra3_8s_8s_8s_8s_8s_8s_17_4_1_U44         | 1   |        | sext_ln50_98   | sext   | dsp58_dp  | 3       |
|    dsp_dotpra3_8s_8s_8s_8s_8s_8s_17_4_1_U45         | 1   |        | mul_ln50_98    | mul    | dsp58_dp  | 3       |
|    dsp_dotpra3_8s_8s_8s_8s_8s_8s_17_4_1_U45         | 1   |        | sext_ln50_99   | sext   | dsp58_dp  | 3       |
|    dsp_dotpra3_8s_8s_8s_8s_8s_8s_17_4_1_U31         | 1   |        | mul_ln50_99    | mul    | dsp58_dp  | 3       |
|    dsp_dotpra3_8s_8s_8s_8s_8s_8s_17_4_1_U31         | 1   |        | sext_ln50_100  | sext   | dsp58_dp  | 3       |
|    dsp_dotpra3add_8s_8s_8s_8s_8s_8s_17s_18_4_1_U174 | 1   |        | mul_ln50_100   | mul    | dsp58_dp  | 3       |
|    dsp_dotpra3add_8s_8s_8s_8s_8s_8s_17s_18_4_1_U174 | 1   |        | sext_ln50_101  | sext   | dsp58_dp  | 3       |
|    dsp_dotpra3_8s_8s_8s_8s_8s_8s_17_4_1_U46         | 1   |        | mul_ln50_101   | mul    | dsp58_dp  | 3       |
|    dsp_dotpra3_8s_8s_8s_8s_8s_8s_17_4_1_U46         | 1   |        | sext_ln50_102  | sext   | dsp58_dp  | 3       |
|    dsp_dotpra3_8s_8s_8s_8s_8s_8s_17_4_1_U47         | 1   |        | mul_ln50_102   | mul    | dsp58_dp  | 3       |
|    dsp_dotpra3_8s_8s_8s_8s_8s_8s_17_4_1_U47         | 1   |        | sext_ln50_103  | sext   | dsp58_dp  | 3       |
|    dsp_dotpra3_8s_8s_8s_8s_8s_8s_17_4_1_U34         | 1   |        | mul_ln50_103   | mul    | dsp58_dp  | 3       |
|    dsp_dotpra3_8s_8s_8s_8s_8s_8s_17_4_1_U34         | 1   |        | sext_ln50_104  | sext   | dsp58_dp  | 3       |
|    dsp_dotpra3_8s_8s_8s_8s_8s_8s_17_4_1_U48         | 1   |        | mul_ln50_104   | mul    | dsp58_dp  | 3       |
|    dsp_dotpra3_8s_8s_8s_8s_8s_8s_17_4_1_U48         | 1   |        | sext_ln50_105  | sext   | dsp58_dp  | 3       |
|    dsp_dotpra3_8s_8s_8s_8s_8s_8s_17_4_1_U49         | 1   |        | mul_ln50_105   | mul    | dsp58_dp  | 3       |
|    dsp_dotpra3_8s_8s_8s_8s_8s_8s_17_4_1_U49         | 1   |        | sext_ln50_106  | sext   | dsp58_dp  | 3       |
|    dsp_dotpra3_8s_8s_8s_8s_8s_8s_17_4_1_U50         | 1   |        | mul_ln50_106   | mul    | dsp58_dp  | 3       |
|    dsp_dotpra3_8s_8s_8s_8s_8s_8s_17_4_1_U50         | 1   |        | sext_ln50_107  | sext   | dsp58_dp  | 3       |
|    dsp_dotpra3_8s_8s_8s_8s_8s_8s_17_4_1_U27         | 1   |        | mul_ln50_107   | mul    | dsp58_dp  | 3       |
|    dsp_dotpra3_8s_8s_8s_8s_8s_8s_17_4_1_U27         | 1   |        | sext_ln50_108  | sext   | dsp58_dp  | 3       |
|    dsp_dotpra3add_8s_8s_8s_8s_8s_8s_17s_18_4_1_U175 | 1   |        | mul_ln50_108   | mul    | dsp58_dp  | 3       |
|    dsp_dotpra3add_8s_8s_8s_8s_8s_8s_17s_18_4_1_U175 | 1   |        | sext_ln50_109  | sext   | dsp58_dp  | 3       |
|    dsp_dotpra3add_8s_8s_8s_8s_8s_8s_17s_18_4_1_U176 | 1   |        | mul_ln50_109   | mul    | dsp58_dp  | 3       |
|    dsp_dotpra3add_8s_8s_8s_8s_8s_8s_17s_18_4_1_U176 | 1   |        | sext_ln50_110  | sext   | dsp58_dp  | 3       |
|    mac_muladd_8s_8s_16s_17_4_1_U51                  | 1   |        | mul_ln50_110   | mul    | dsp_slice | 3       |
|    mac_muladd_8s_8s_16s_17_4_1_U51                  | 1   |        | sext_ln50_111  | sext   | dsp_slice | 3       |
|    dsp_dotpra3_8s_8s_8s_8s_8s_8s_17_4_1_U52         | 1   |        | mul_ln50_111   | mul    | dsp58_dp  | 3       |
|    dsp_dotpra3_8s_8s_8s_8s_8s_8s_17_4_1_U52         | 1   |        | sext_ln50_112  | sext   | dsp58_dp  | 3       |
|    dsp_dotpra3_8s_8s_8s_8s_8s_8s_17_4_1_U53         | 1   |        | mul_ln50_112   | mul    | dsp58_dp  | 3       |
|    dsp_dotpra3_8s_8s_8s_8s_8s_8s_17_4_1_U53         | 1   |        | sext_ln50_113  | sext   | dsp58_dp  | 3       |
|    dsp_dotpra3add_8s_8s_8s_8s_8s_8s_17s_18_4_1_U177 | 1   |        | mul_ln50_113   | mul    | dsp58_dp  | 3       |
|    dsp_dotpra3add_8s_8s_8s_8s_8s_8s_17s_18_4_1_U177 | 1   |        | sext_ln50_114  | sext   | dsp58_dp  | 3       |
|    dsp_dotpra3_8s_8s_8s_8s_8s_8s_17_4_1_U54         | 1   |        | mul_ln50_114   | mul    | dsp58_dp  | 3       |
|    dsp_dotpra3_8s_8s_8s_8s_8s_8s_17_4_1_U54         | 1   |        | sext_ln50_115  | sext   | dsp58_dp  | 3       |
|    dsp_dotpra3_8s_8s_8s_8s_8s_8s_17_4_1_U55         | 1   |        | mul_ln50_115   | mul    | dsp58_dp  | 3       |
|    dsp_dotpra3_8s_8s_8s_8s_8s_8s_17_4_1_U55         | 1   |        | sext_ln50_116  | sext   | dsp58_dp  | 3       |
|    dsp_dotpra3add_8s_8s_8s_8s_8s_8s_17s_18_4_1_U178 | 1   |        | mul_ln50_116   | mul    | dsp58_dp  | 3       |
|    dsp_dotpra3add_8s_8s_8s_8s_8s_8s_17s_18_4_1_U178 | 1   |        | sext_ln50_117  | sext   | dsp58_dp  | 3       |
|    dsp_dotpra3_8s_8s_8s_8s_8s_8s_17_4_1_U14         | 1   |        | mul_ln50_117   | mul    | dsp58_dp  | 3       |
|    dsp_dotpra3_8s_8s_8s_8s_8s_8s_17_4_1_U14         | 1   |        | sext_ln50_118  | sext   | dsp58_dp  | 3       |
|    dsp_dotpra3_8s_8s_8s_8s_8s_8s_17_4_1_U56         | 1   |        | mul_ln50_118   | mul    | dsp58_dp  | 3       |
|    dsp_dotpra3_8s_8s_8s_8s_8s_8s_17_4_1_U56         | 1   |        | sext_ln50_119  | sext   | dsp58_dp  | 3       |
|    dsp_dotpra3_8s_8s_8s_8s_8s_8s_17_4_1_U57         | 1   |        | mul_ln50_119   | mul    | dsp58_dp  | 3       |
|    dsp_dotpra3_8s_8s_8s_8s_8s_8s_17_4_1_U57         | 1   |        | sext_ln50_120  | sext   | dsp58_dp  | 3       |
|    dsp_dotpra3add_8s_8s_8s_8s_8s_8s_17s_18_4_1_U179 | 1   |        | mul_ln50_120   | mul    | dsp58_dp  | 3       |
|    dsp_dotpra3add_8s_8s_8s_8s_8s_8s_17s_18_4_1_U179 | 1   |        | sext_ln50_121  | sext   | dsp58_dp  | 3       |
|    dsp_dotpra3_8s_8s_8s_8s_8s_8s_17_4_1_U58         | 1   |        | mul_ln50_121   | mul    | dsp58_dp  | 3       |
|    dsp_dotpra3_8s_8s_8s_8s_8s_8s_17_4_1_U58         | 1   |        | sext_ln50_122  | sext   | dsp58_dp  | 3       |
|    dsp_dotpra3_8s_8s_8s_8s_8s_8s_17_4_1_U29         | 1   |        | mul_ln50_122   | mul    | dsp58_dp  | 3       |
|    dsp_dotpra3_8s_8s_8s_8s_8s_8s_17_4_1_U29         | 1   |        | sext_ln50_123  | sext   | dsp58_dp  | 3       |
|    dsp_dotpra3_8s_8s_8s_8s_8s_8s_17_4_1_U34         | 1   |        | mul_ln50_123   | mul    | dsp58_dp  | 3       |
|    dsp_dotpra3_8s_8s_8s_8s_8s_8s_17_4_1_U34         | 1   |        | sext_ln50_124  | sext   | dsp58_dp  | 3       |
|    dsp_dotpra3_8s_8s_8s_8s_8s_8s_17_4_1_U52         | 1   |        | mul_ln50_124   | mul    | dsp58_dp  | 3       |
|    dsp_dotpra3_8s_8s_8s_8s_8s_8s_17_4_1_U52         | 1   |        | sext_ln50_125  | sext   | dsp58_dp  | 3       |
|    dsp_dotpra3_8s_8s_8s_8s_8s_8s_17_4_1_U59         | 1   |        | mul_ln50_125   | mul    | dsp58_dp  | 3       |
|    dsp_dotpra3_8s_8s_8s_8s_8s_8s_17_4_1_U59         | 1   |        | sext_ln50_126  | sext   | dsp58_dp  | 3       |
|    dsp_dotpra3_8s_8s_8s_8s_8s_8s_17_4_1_U60         | 1   |        | mul_ln50_126   | mul    | dsp58_dp  | 3       |
|    dsp_dotpra3_8s_8s_8s_8s_8s_8s_17_4_1_U60         | 1   |        | sext_ln50_127  | sext   | dsp58_dp  | 3       |
|    dsp_dotpra3_8s_8s_8s_8s_8s_8s_17_4_1_U61         | 1   |        | mul_ln50_127   | mul    | dsp58_dp  | 3       |
|    dsp_dotpra3_8s_8s_8s_8s_8s_8s_17_4_1_U61         | 1   |        | sext_ln50_128  | sext   | dsp58_dp  | 3       |
|    dsp_dotpra3_8s_8s_8s_8s_8s_8s_17_4_1_U47         | 1   |        | mul_ln50_128   | mul    | dsp58_dp  | 3       |
|    dsp_dotpra3_8s_8s_8s_8s_8s_8s_17_4_1_U47         | 1   |        | sext_ln50_129  | sext   | dsp58_dp  | 3       |
|    dsp_dotpra3_8s_8s_8s_8s_8s_8s_17_4_1_U62         | 1   |        | mul_ln50_129   | mul    | dsp58_dp  | 3       |
|    dsp_dotpra3_8s_8s_8s_8s_8s_8s_17_4_1_U62         | 1   |        | sext_ln50_130  | sext   | dsp58_dp  | 3       |
|    dsp_dotpra3_8s_8s_8s_8s_8s_8s_17_4_1_U63         | 1   |        | mul_ln50_130   | mul    | dsp58_dp  | 3       |
|    dsp_dotpra3_8s_8s_8s_8s_8s_8s_17_4_1_U63         | 1   |        | sext_ln50_131  | sext   | dsp58_dp  | 3       |
|    dsp_dotpra3add_8s_8s_8s_8s_8s_8s_17s_18_4_1_U180 | 1   |        | mul_ln50_131   | mul    | dsp58_dp  | 3       |
|    dsp_dotpra3add_8s_8s_8s_8s_8s_8s_17s_18_4_1_U180 | 1   |        | sext_ln50_132  | sext   | dsp58_dp  | 3       |
|    dsp_dotpra3add_8s_8s_8s_8s_8s_8s_17s_18_4_1_U177 | 1   |        | mul_ln50_132   | mul    | dsp58_dp  | 3       |
|    dsp_dotpra3add_8s_8s_8s_8s_8s_8s_17s_18_4_1_U177 | 1   |        | sext_ln50_133  | sext   | dsp58_dp  | 3       |
|    dsp_dotpra3_8s_8s_8s_8s_8s_8s_17_4_1_U24         | 1   |        | mul_ln50_133   | mul    | dsp58_dp  | 3       |
|    dsp_dotpra3_8s_8s_8s_8s_8s_8s_17_4_1_U24         | 1   |        | sext_ln50_134  | sext   | dsp58_dp  | 3       |
|    dsp_dotpra3add_8s_8s_8s_8s_8s_8s_17s_18_4_1_U181 | 1   |        | mul_ln50_134   | mul    | dsp58_dp  | 3       |
|    dsp_dotpra3add_8s_8s_8s_8s_8s_8s_17s_18_4_1_U181 | 1   |        | sext_ln50_135  | sext   | dsp58_dp  | 3       |
|    dsp_dotpra3add_8s_8s_8s_8s_8s_8s_17s_18_4_1_U133 | 1   |        | mul_ln50_135   | mul    | dsp58_dp  | 3       |
|    dsp_dotpra3add_8s_8s_8s_8s_8s_8s_17s_18_4_1_U133 | 1   |        | sext_ln50_136  | sext   | dsp58_dp  | 3       |
|    dsp_dotpra3_8s_8s_8s_8s_8s_8s_17_4_1_U64         | 1   |        | mul_ln50_136   | mul    | dsp58_dp  | 3       |
|    dsp_dotpra3_8s_8s_8s_8s_8s_8s_17_4_1_U64         | 1   |        | sext_ln50_137  | sext   | dsp58_dp  | 3       |
|    dsp_dotpra3add_8s_8s_8s_8s_8s_8s_17s_18_4_1_U182 | 1   |        | mul_ln50_137   | mul    | dsp58_dp  | 3       |
|    dsp_dotpra3add_8s_8s_8s_8s_8s_8s_17s_18_4_1_U182 | 1   |        | sext_ln50_138  | sext   | dsp58_dp  | 3       |
|    dsp_dotpra3_8s_8s_8s_8s_8s_8s_17_4_1_U42         | 1   |        | mul_ln50_138   | mul    | dsp58_dp  | 3       |
|    dsp_dotpra3_8s_8s_8s_8s_8s_8s_17_4_1_U42         | 1   |        | sext_ln50_139  | sext   | dsp58_dp  | 3       |
|    dsp_dotpra3add_8s_8s_8s_8s_8s_8s_17s_18_4_1_U183 | 1   |        | mul_ln50_139   | mul    | dsp58_dp  | 3       |
|    dsp_dotpra3add_8s_8s_8s_8s_8s_8s_17s_18_4_1_U183 | 1   |        | sext_ln50_140  | sext   | dsp58_dp  | 3       |
|    dsp_dotpra3add_8s_8s_8s_8s_8s_8s_17s_18_4_1_U141 | 1   |        | mul_ln50_140   | mul    | dsp58_dp  | 3       |
|    dsp_dotpra3add_8s_8s_8s_8s_8s_8s_17s_18_4_1_U141 | 1   |        | sext_ln50_141  | sext   | dsp58_dp  | 3       |
|    dsp_dotpra3add_8s_8s_8s_8s_8s_8s_17s_18_4_1_U155 | 1   |        | mul_ln50_141   | mul    | dsp58_dp  | 3       |
|    dsp_dotpra3add_8s_8s_8s_8s_8s_8s_17s_18_4_1_U155 | 1   |        | sext_ln50_142  | sext   | dsp58_dp  | 3       |
|    dsp_dotpra3add_8s_8s_8s_8s_8s_8s_17s_18_4_1_U184 | 1   |        | mul_ln50_142   | mul    | dsp58_dp  | 3       |
|    dsp_dotpra3add_8s_8s_8s_8s_8s_8s_17s_18_4_1_U184 | 1   |        | sext_ln50_143  | sext   | dsp58_dp  | 3       |
|    dsp_dotpra3add_8s_8s_8s_8s_8s_8s_17s_18_4_1_U185 | 1   |        | mul_ln50_143   | mul    | dsp58_dp  | 3       |
|    dsp_dotpra3add_8s_8s_8s_8s_8s_8s_17s_18_4_1_U185 | 1   |        | sext_ln50_144  | sext   | dsp58_dp  | 3       |
|    dsp_dotpra3add_8s_8s_8s_8s_8s_8s_17s_18_4_1_U186 | 1   |        | mul_ln50_144   | mul    | dsp58_dp  | 3       |
|    dsp_dotpra3add_8s_8s_8s_8s_8s_8s_17s_18_4_1_U186 | 1   |        | sext_ln50_145  | sext   | dsp58_dp  | 3       |
|    dsp_dotpra3add_8s_8s_8s_8s_8s_8s_17s_18_4_1_U187 | 1   |        | mul_ln50_145   | mul    | dsp58_dp  | 3       |
|    dsp_dotpra3add_8s_8s_8s_8s_8s_8s_17s_18_4_1_U187 | 1   |        | sext_ln50_146  | sext   | dsp58_dp  | 3       |
|    dsp_dotpra3add_8s_8s_8s_8s_8s_8s_17s_18_4_1_U188 | 1   |        | mul_ln50_146   | mul    | dsp58_dp  | 3       |
|    dsp_dotpra3add_8s_8s_8s_8s_8s_8s_17s_18_4_1_U188 | 1   |        | sext_ln50_147  | sext   | dsp58_dp  | 3       |
|    dsp_dotpra3_8s_8s_8s_8s_8s_8s_17_4_1_U15         | 1   |        | mul_ln50_147   | mul    | dsp58_dp  | 3       |
|    dsp_dotpra3_8s_8s_8s_8s_8s_8s_17_4_1_U15         | 1   |        | sext_ln50_148  | sext   | dsp58_dp  | 3       |
|    dsp_dotpra3_8s_8s_8s_8s_8s_8s_17_4_1_U65         | 1   |        | mul_ln50_148   | mul    | dsp58_dp  | 3       |
|    dsp_dotpra3_8s_8s_8s_8s_8s_8s_17_4_1_U65         | 1   |        | sext_ln50_149  | sext   | dsp58_dp  | 3       |
|    dsp_dotpra3add_8s_8s_8s_8s_8s_8s_17s_18_4_1_U177 | 1   |        | mul_ln50_149   | mul    | dsp58_dp  | 3       |
|    dsp_dotpra3add_8s_8s_8s_8s_8s_8s_17s_18_4_1_U177 | 1   |        | sext_ln50_150  | sext   | dsp58_dp  | 3       |
|    dsp_dotpra3add_8s_8s_8s_8s_8s_8s_17s_18_4_1_U189 | 1   |        | mul_ln50_150   | mul    | dsp58_dp  | 3       |
|    dsp_dotpra3add_8s_8s_8s_8s_8s_8s_17s_18_4_1_U189 | 1   |        | sext_ln50_151  | sext   | dsp58_dp  | 3       |
|    dsp_dotpra3add_8s_8s_8s_8s_8s_8s_17s_18_4_1_U190 | 1   |        | mul_ln50_151   | mul    | dsp58_dp  | 3       |
|    dsp_dotpra3add_8s_8s_8s_8s_8s_8s_17s_18_4_1_U190 | 1   |        | sext_ln50_152  | sext   | dsp58_dp  | 3       |
|    dsp_dotpra3_8s_8s_8s_8s_8s_8s_17_4_1_U37         | 1   |        | mul_ln50_152   | mul    | dsp58_dp  | 3       |
|    dsp_dotpra3_8s_8s_8s_8s_8s_8s_17_4_1_U37         | 1   |        | sext_ln50_153  | sext   | dsp58_dp  | 3       |
|    dsp_dotpra3_8s_8s_8s_8s_8s_8s_17_4_1_U66         | 1   |        | mul_ln50_153   | mul    | dsp58_dp  | 3       |
|    dsp_dotpra3_8s_8s_8s_8s_8s_8s_17_4_1_U66         | 1   |        | sext_ln50_154  | sext   | dsp58_dp  | 3       |
|    dsp_dotpra3add_8s_8s_8s_8s_8s_8s_17s_18_4_1_U191 | 1   |        | mul_ln50_154   | mul    | dsp58_dp  | 3       |
|    dsp_dotpra3add_8s_8s_8s_8s_8s_8s_17s_18_4_1_U191 | 1   |        | sext_ln50_155  | sext   | dsp58_dp  | 3       |
|    dsp_dotpra3add_8s_8s_8s_8s_8s_8s_17s_18_4_1_U192 | 1   |        | mul_ln50_155   | mul    | dsp58_dp  | 3       |
|    dsp_dotpra3add_8s_8s_8s_8s_8s_8s_17s_18_4_1_U192 | 1   |        | sext_ln50_156  | sext   | dsp58_dp  | 3       |
|    dsp_dotpra3_8s_8s_8s_8s_8s_8s_17_4_1_U50         | 1   |        | mul_ln50_156   | mul    | dsp58_dp  | 3       |
|    dsp_dotpra3_8s_8s_8s_8s_8s_8s_17_4_1_U50         | 1   |        | sext_ln50_157  | sext   | dsp58_dp  | 3       |
|    dsp_dotpra3add_8s_8s_8s_8s_8s_8s_17s_18_4_1_U180 | 1   |        | mul_ln50_157   | mul    | dsp58_dp  | 3       |
|    dsp_dotpra3add_8s_8s_8s_8s_8s_8s_17s_18_4_1_U180 | 1   |        | sext_ln50_158  | sext   | dsp58_dp  | 3       |
|    dsp_dotpra3_8s_8s_8s_8s_8s_8s_17_4_1_U62         | 1   |        | mul_ln50_158   | mul    | dsp58_dp  | 3       |
|    dsp_dotpra3_8s_8s_8s_8s_8s_8s_17_4_1_U62         | 1   |        | sext_ln50_159  | sext   | dsp58_dp  | 3       |
|    dsp_dotpra3add_8s_8s_8s_8s_8s_8s_17s_18_4_1_U142 | 1   |        | mul_ln50_159   | mul    | dsp58_dp  | 3       |
|    dsp_dotpra3add_8s_8s_8s_8s_8s_8s_17s_18_4_1_U142 | 1   |        | sext_ln50_160  | sext   | dsp58_dp  | 3       |
|    dsp_dotpra3_8s_8s_8s_8s_8s_8s_17_4_1_U67         | 1   |        | mul_ln50_160   | mul    | dsp58_dp  | 3       |
|    dsp_dotpra3_8s_8s_8s_8s_8s_8s_17_4_1_U67         | 1   |        | sext_ln50_161  | sext   | dsp58_dp  | 3       |
|    dsp_dotpra3_8s_8s_8s_8s_8s_8s_17_4_1_U25         | 1   |        | mul_ln50_161   | mul    | dsp58_dp  | 3       |
|    dsp_dotpra3_8s_8s_8s_8s_8s_8s_17_4_1_U25         | 1   |        | sext_ln50_162  | sext   | dsp58_dp  | 3       |
|    dsp_dotpra3_8s_8s_8s_8s_8s_8s_17_4_1_U68         | 1   |        | mul_ln50_162   | mul    | dsp58_dp  | 3       |
|    dsp_dotpra3_8s_8s_8s_8s_8s_8s_17_4_1_U68         | 1   |        | sext_ln50_163  | sext   | dsp58_dp  | 3       |
|    dsp_dotpra3_8s_8s_8s_8s_8s_8s_17_4_1_U47         | 1   |        | mul_ln50_163   | mul    | dsp58_dp  | 3       |
|    dsp_dotpra3_8s_8s_8s_8s_8s_8s_17_4_1_U47         | 1   |        | sext_ln50_164  | sext   | dsp58_dp  | 3       |
|    dsp_dotpra3add_8s_8s_8s_8s_8s_8s_32s_32_4_1_U193 | 1   |        | mul_ln50_164   | mul    | dsp58_dp  | 3       |
|    dsp_dotpra3add_8s_8s_8s_8s_8s_8s_32s_32_4_1_U193 | 1   |        | sext_ln50_165  | sext   | dsp58_dp  | 3       |
|    dsp_dotpra3_8s_8s_8s_8s_8s_8s_17_4_1_U28         | 1   |        | mul_ln50_165   | mul    | dsp58_dp  | 3       |
|    dsp_dotpra3_8s_8s_8s_8s_8s_8s_17_4_1_U28         | 1   |        | sext_ln50_166  | sext   | dsp58_dp  | 3       |
|    dsp_dotpra3add_8s_8s_8s_8s_8s_8s_17s_18_4_1_U194 | 1   |        | mul_ln50_166   | mul    | dsp58_dp  | 3       |
|    dsp_dotpra3add_8s_8s_8s_8s_8s_8s_17s_18_4_1_U194 | 1   |        | sext_ln50_167  | sext   | dsp58_dp  | 3       |
|    dsp_dotpra3_8s_8s_8s_8s_8s_8s_17_4_1_U69         | 1   |        | mul_ln50_167   | mul    | dsp58_dp  | 3       |
|    dsp_dotpra3_8s_8s_8s_8s_8s_8s_17_4_1_U69         | 1   |        | sext_ln50_168  | sext   | dsp58_dp  | 3       |
|    dsp_dotpra3_8s_8s_8s_8s_8s_8s_17_4_1_U70         | 1   |        | mul_ln50_168   | mul    | dsp58_dp  | 3       |
|    dsp_dotpra3_8s_8s_8s_8s_8s_8s_17_4_1_U70         | 1   |        | sext_ln50_169  | sext   | dsp58_dp  | 3       |
|    dsp_dotpra3add_8s_8s_8s_8s_8s_8s_17s_18_4_1_U157 | 1   |        | mul_ln50_169   | mul    | dsp58_dp  | 3       |
|    dsp_dotpra3add_8s_8s_8s_8s_8s_8s_17s_18_4_1_U157 | 1   |        | sext_ln50_170  | sext   | dsp58_dp  | 3       |
|    dsp_dotpra3_8s_8s_8s_8s_8s_8s_17_4_1_U71         | 1   |        | mul_ln50_170   | mul    | dsp58_dp  | 3       |
|    dsp_dotpra3_8s_8s_8s_8s_8s_8s_17_4_1_U71         | 1   |        | sext_ln50_171  | sext   | dsp58_dp  | 3       |
|    dsp_dotpra3_8s_8s_8s_8s_8s_8s_17_4_1_U72         | 1   |        | mul_ln50_171   | mul    | dsp58_dp  | 3       |
|    dsp_dotpra3_8s_8s_8s_8s_8s_8s_17_4_1_U72         | 1   |        | sext_ln50_172  | sext   | dsp58_dp  | 3       |
|    dsp_dotpra3add_8s_8s_8s_8s_8s_8s_17s_18_4_1_U183 | 1   |        | mul_ln50_172   | mul    | dsp58_dp  | 3       |
|    dsp_dotpra3add_8s_8s_8s_8s_8s_8s_17s_18_4_1_U183 | 1   |        | sext_ln50_173  | sext   | dsp58_dp  | 3       |
|    dsp_dotpra3add_8s_8s_8s_8s_8s_8s_17s_18_4_1_U195 | 1   |        | mul_ln50_173   | mul    | dsp58_dp  | 3       |
|    dsp_dotpra3add_8s_8s_8s_8s_8s_8s_17s_18_4_1_U195 | 1   |        | sext_ln50_174  | sext   | dsp58_dp  | 3       |
|    dsp_dotpra3_8s_8s_8s_8s_8s_8s_17_4_1_U73         | 1   |        | mul_ln50_174   | mul    | dsp58_dp  | 3       |
|    dsp_dotpra3_8s_8s_8s_8s_8s_8s_17_4_1_U73         | 1   |        | sext_ln50_175  | sext   | dsp58_dp  | 3       |
|    dsp_dotpra3_8s_8s_8s_8s_8s_8s_17_4_1_U74         | 1   |        | mul_ln50_175   | mul    | dsp58_dp  | 3       |
|    dsp_dotpra3_8s_8s_8s_8s_8s_8s_17_4_1_U74         | 1   |        | sext_ln50_176  | sext   | dsp58_dp  | 3       |
|    dsp_dotpra3_8s_8s_8s_8s_8s_8s_17_4_1_U75         | 1   |        | mul_ln50_176   | mul    | dsp58_dp  | 3       |
|    dsp_dotpra3_8s_8s_8s_8s_8s_8s_17_4_1_U75         | 1   |        | sext_ln50_177  | sext   | dsp58_dp  | 3       |
|    dsp_dotpra3add_8s_8s_8s_8s_8s_8s_17s_18_4_1_U196 | 1   |        | mul_ln50_177   | mul    | dsp58_dp  | 3       |
|    dsp_dotpra3add_8s_8s_8s_8s_8s_8s_17s_18_4_1_U196 | 1   |        | sext_ln50_178  | sext   | dsp58_dp  | 3       |
|    dsp_dotpra3add_8s_8s_8s_8s_8s_8s_17s_18_4_1_U197 | 1   |        | mul_ln50_178   | mul    | dsp58_dp  | 3       |
|    dsp_dotpra3add_8s_8s_8s_8s_8s_8s_17s_18_4_1_U197 | 1   |        | sext_ln50_179  | sext   | dsp58_dp  | 3       |
|    dsp_dotpra3_8s_8s_8s_8s_8s_8s_17_4_1_U76         | 1   |        | mul_ln50_179   | mul    | dsp58_dp  | 3       |
|    dsp_dotpra3_8s_8s_8s_8s_8s_8s_17_4_1_U76         | 1   |        | sext_ln50_180  | sext   | dsp58_dp  | 3       |
|    dsp_dotpra3add_8s_8s_8s_8s_8s_8s_17s_18_4_1_U149 | 1   |        | mul_ln50_180   | mul    | dsp58_dp  | 3       |
|    dsp_dotpra3add_8s_8s_8s_8s_8s_8s_17s_18_4_1_U149 | 1   |        | sext_ln50_181  | sext   | dsp58_dp  | 3       |
|    dsp_dotpra3_8s_8s_8s_8s_8s_8s_17_4_1_U77         | 1   |        | mul_ln50_181   | mul    | dsp58_dp  | 3       |
|    dsp_dotpra3_8s_8s_8s_8s_8s_8s_17_4_1_U77         | 1   |        | sext_ln50_182  | sext   | dsp58_dp  | 3       |
|    dsp_dotpra3add_8s_8s_8s_8s_8s_8s_17s_18_4_1_U171 | 1   |        | mul_ln50_182   | mul    | dsp58_dp  | 3       |
|    dsp_dotpra3add_8s_8s_8s_8s_8s_8s_17s_18_4_1_U171 | 1   |        | sext_ln50_183  | sext   | dsp58_dp  | 3       |
|    dsp_dotpra3_8s_8s_8s_8s_8s_8s_17_4_1_U16         | 1   |        | mul_ln50_183   | mul    | dsp58_dp  | 3       |
|    dsp_dotpra3_8s_8s_8s_8s_8s_8s_17_4_1_U16         | 1   |        | sext_ln50_184  | sext   | dsp58_dp  | 3       |
|    dsp_dotpra3_8s_8s_8s_8s_8s_8s_17_4_1_U58         | 1   |        | mul_ln50_184   | mul    | dsp58_dp  | 3       |
|    dsp_dotpra3_8s_8s_8s_8s_8s_8s_17_4_1_U58         | 1   |        | sext_ln50_185  | sext   | dsp58_dp  | 3       |
|    dsp_dotpra3add_8s_8s_8s_8s_8s_8s_17s_18_4_1_U198 | 1   |        | mul_ln50_185   | mul    | dsp58_dp  | 3       |
|    dsp_dotpra3add_8s_8s_8s_8s_8s_8s_17s_18_4_1_U198 | 1   |        | sext_ln50_186  | sext   | dsp58_dp  | 3       |
|    dsp_dotpra3_8s_8s_8s_8s_8s_8s_17_4_1_U78         | 1   |        | mul_ln50_186   | mul    | dsp58_dp  | 3       |
|    dsp_dotpra3_8s_8s_8s_8s_8s_8s_17_4_1_U78         | 1   |        | sext_ln50_187  | sext   | dsp58_dp  | 3       |
|    dsp_dotpra3_8s_8s_8s_8s_8s_8s_17_4_1_U9          | 1   |        | mul_ln50_187   | mul    | dsp58_dp  | 3       |
|    dsp_dotpra3_8s_8s_8s_8s_8s_8s_17_4_1_U9          | 1   |        | sext_ln50_188  | sext   | dsp58_dp  | 3       |
|    dsp_dotpra3add_8s_8s_8s_8s_8s_8s_17s_18_4_1_U199 | 1   |        | mul_ln50_188   | mul    | dsp58_dp  | 3       |
|    dsp_dotpra3add_8s_8s_8s_8s_8s_8s_17s_18_4_1_U199 | 1   |        | sext_ln50_189  | sext   | dsp58_dp  | 3       |
|    dsp_dotpra3_8s_8s_8s_8s_8s_8s_17_4_1_U55         | 1   |        | mul_ln50_189   | mul    | dsp58_dp  | 3       |
|    dsp_dotpra3_8s_8s_8s_8s_8s_8s_17_4_1_U55         | 1   |        | sext_ln50_190  | sext   | dsp58_dp  | 3       |
|    dsp_dotpra3_8s_8s_8s_8s_8s_8s_17_4_1_U79         | 1   |        | mul_ln50_190   | mul    | dsp58_dp  | 3       |
|    dsp_dotpra3_8s_8s_8s_8s_8s_8s_17_4_1_U79         | 1   |        | sext_ln50_191  | sext   | dsp58_dp  | 3       |
|    dsp_dotpra3add_8s_8s_8s_8s_8s_8s_17s_18_4_1_U200 | 1   |        | mul_ln50_191   | mul    | dsp58_dp  | 3       |
|    dsp_dotpra3add_8s_8s_8s_8s_8s_8s_17s_18_4_1_U200 | 1   |        | sext_ln50_192  | sext   | dsp58_dp  | 3       |
|    dsp_dotpra3add_8s_8s_8s_8s_8s_8s_17s_18_4_1_U174 | 1   |        | mul_ln50_192   | mul    | dsp58_dp  | 3       |
|    dsp_dotpra3add_8s_8s_8s_8s_8s_8s_17s_18_4_1_U174 | 1   |        | sext_ln50_193  | sext   | dsp58_dp  | 3       |
|    dsp_dotpra3add_8s_8s_8s_8s_8s_8s_17s_18_4_1_U163 | 1   |        | mul_ln50_193   | mul    | dsp58_dp  | 3       |
|    dsp_dotpra3add_8s_8s_8s_8s_8s_8s_17s_18_4_1_U163 | 1   |        | sext_ln50_194  | sext   | dsp58_dp  | 3       |
|    dsp_dotpra3_8s_8s_8s_8s_8s_8s_17_4_1_U19         | 1   |        | mul_ln50_194   | mul    | dsp58_dp  | 3       |
|    dsp_dotpra3_8s_8s_8s_8s_8s_8s_17_4_1_U19         | 1   |        | sext_ln50_195  | sext   | dsp58_dp  | 3       |
|    dsp_dotpra3_8s_8s_8s_8s_8s_8s_17_4_1_U57         | 1   |        | mul_ln50_195   | mul    | dsp58_dp  | 3       |
|    dsp_dotpra3_8s_8s_8s_8s_8s_8s_17_4_1_U57         | 1   |        | sext_ln50_196  | sext   | dsp58_dp  | 3       |
|    dsp_dotpra3add_8s_8s_8s_8s_8s_8s_17s_18_4_1_U180 | 1   |        | mul_ln50_196   | mul    | dsp58_dp  | 3       |
|    dsp_dotpra3add_8s_8s_8s_8s_8s_8s_17s_18_4_1_U180 | 1   |        | sext_ln50_197  | sext   | dsp58_dp  | 3       |
|    dsp_dotpra3_8s_8s_8s_8s_8s_8s_17_4_1_U80         | 1   |        | mul_ln50_197   | mul    | dsp58_dp  | 3       |
|    dsp_dotpra3_8s_8s_8s_8s_8s_8s_17_4_1_U80         | 1   |        | sext_ln50_198  | sext   | dsp58_dp  | 3       |
|    dsp_dotpra3add_8s_8s_8s_8s_8s_8s_17s_18_4_1_U183 | 1   |        | mul_ln50_198   | mul    | dsp58_dp  | 3       |
|    dsp_dotpra3add_8s_8s_8s_8s_8s_8s_17s_18_4_1_U183 | 1   |        | sext_ln50_199  | sext   | dsp58_dp  | 3       |
|    dsp_dotpra3_8s_8s_8s_8s_8s_8s_17_4_1_U42         | 1   |        | mul_ln50_199   | mul    | dsp58_dp  | 3       |
|    dsp_dotpra3_8s_8s_8s_8s_8s_8s_17_4_1_U42         | 1   |        | sext_ln50_200  | sext   | dsp58_dp  | 3       |
|    dsp_dotpra3add_8s_8s_8s_8s_8s_8s_17s_18_4_1_U152 | 1   |        | mul_ln50_200   | mul    | dsp58_dp  | 3       |
|    dsp_dotpra3add_8s_8s_8s_8s_8s_8s_17s_18_4_1_U152 | 1   |        | sext_ln50_201  | sext   | dsp58_dp  | 3       |
|    dsp_dotpra3_8s_8s_8s_8s_8s_8s_17_4_1_U81         | 1   |        | mul_ln50_201   | mul    | dsp58_dp  | 3       |
|    dsp_dotpra3_8s_8s_8s_8s_8s_8s_17_4_1_U81         | 1   |        | sext_ln50_202  | sext   | dsp58_dp  | 3       |
|    dsp_dotpra3_8s_8s_8s_8s_8s_8s_17_4_1_U82         | 1   |        | mul_ln50_202   | mul    | dsp58_dp  | 3       |
|    dsp_dotpra3_8s_8s_8s_8s_8s_8s_17_4_1_U82         | 1   |        | sext_ln50_203  | sext   | dsp58_dp  | 3       |
|    dsp_dotpra3_8s_8s_8s_8s_8s_8s_17_4_1_U83         | 1   |        | mul_ln50_203   | mul    | dsp58_dp  | 3       |
|    dsp_dotpra3_8s_8s_8s_8s_8s_8s_17_4_1_U83         | 1   |        | sext_ln50_204  | sext   | dsp58_dp  | 3       |
|    dsp_dotpra3add_8s_8s_8s_8s_8s_8s_17s_18_4_1_U201 | 1   |        | mul_ln50_204   | mul    | dsp58_dp  | 3       |
|    dsp_dotpra3add_8s_8s_8s_8s_8s_8s_17s_18_4_1_U201 | 1   |        | sext_ln50_205  | sext   | dsp58_dp  | 3       |
|    dsp_dotpra3_8s_8s_8s_8s_8s_8s_17_4_1_U73         | 1   |        | mul_ln50_205   | mul    | dsp58_dp  | 3       |
|    dsp_dotpra3_8s_8s_8s_8s_8s_8s_17_4_1_U73         | 1   |        | sext_ln50_206  | sext   | dsp58_dp  | 3       |
|    dsp_dotpra3add_8s_8s_8s_8s_8s_8s_17s_18_4_1_U202 | 1   |        | mul_ln50_206   | mul    | dsp58_dp  | 3       |
|    dsp_dotpra3add_8s_8s_8s_8s_8s_8s_17s_18_4_1_U202 | 1   |        | sext_ln50_207  | sext   | dsp58_dp  | 3       |
|    dsp_dotpra3add_8s_8s_8s_8s_8s_8s_17s_18_4_1_U203 | 1   |        | mul_ln50_207   | mul    | dsp58_dp  | 3       |
|    dsp_dotpra3add_8s_8s_8s_8s_8s_8s_17s_18_4_1_U203 | 1   |        | sext_ln50_208  | sext   | dsp58_dp  | 3       |
|    dsp_dotpra3add_8s_8s_8s_8s_8s_8s_17s_18_4_1_U204 | 1   |        | mul_ln50_208   | mul    | dsp58_dp  | 3       |
|    dsp_dotpra3add_8s_8s_8s_8s_8s_8s_17s_18_4_1_U204 | 1   |        | sext_ln50_209  | sext   | dsp58_dp  | 3       |
|    dsp_dotpra3add_8s_8s_8s_8s_8s_8s_17s_18_4_1_U205 | 1   |        | mul_ln50_209   | mul    | dsp58_dp  | 3       |
|    dsp_dotpra3add_8s_8s_8s_8s_8s_8s_17s_18_4_1_U205 | 1   |        | sext_ln50_210  | sext   | dsp58_dp  | 3       |
|    dsp_dotpra3_8s_8s_8s_8s_8s_8s_17_4_1_U84         | 1   |        | mul_ln50_210   | mul    | dsp58_dp  | 3       |
|    dsp_dotpra3_8s_8s_8s_8s_8s_8s_17_4_1_U84         | 1   |        | sext_ln50_211  | sext   | dsp58_dp  | 3       |
|    dsp_dotpra3add_8s_8s_8s_8s_8s_8s_17s_18_4_1_U159 | 1   |        | mul_ln50_211   | mul    | dsp58_dp  | 3       |
|    dsp_dotpra3add_8s_8s_8s_8s_8s_8s_17s_18_4_1_U159 | 1   |        | sext_ln50_212  | sext   | dsp58_dp  | 3       |
|    dsp_dotpra3add_8s_8s_8s_8s_8s_8s_17s_18_4_1_U206 | 1   |        | mul_ln50_212   | mul    | dsp58_dp  | 3       |
|    dsp_dotpra3add_8s_8s_8s_8s_8s_8s_17s_18_4_1_U206 | 1   |        | sext_ln50_213  | sext   | dsp58_dp  | 3       |
|    dsp_dotpra3_8s_8s_8s_8s_8s_8s_17_4_1_U13         | 1   |        | mul_ln50_213   | mul    | dsp58_dp  | 3       |
|    dsp_dotpra3_8s_8s_8s_8s_8s_8s_17_4_1_U13         | 1   |        | sext_ln50_214  | sext   | dsp58_dp  | 3       |
|    dsp_dotpra3add_8s_8s_8s_8s_8s_8s_17s_18_4_1_U156 | 1   |        | mul_ln50_214   | mul    | dsp58_dp  | 3       |
|    dsp_dotpra3add_8s_8s_8s_8s_8s_8s_17s_18_4_1_U156 | 1   |        | sext_ln50_215  | sext   | dsp58_dp  | 3       |
|    dsp_dotpra3add_8s_8s_8s_8s_8s_8s_17s_18_4_1_U207 | 1   |        | mul_ln50_215   | mul    | dsp58_dp  | 3       |
|    dsp_dotpra3add_8s_8s_8s_8s_8s_8s_17s_18_4_1_U207 | 1   |        | sext_ln50_216  | sext   | dsp58_dp  | 3       |
|    dsp_dotpra3_8s_8s_8s_8s_8s_8s_17_4_1_U36         | 1   |        | mul_ln50_216   | mul    | dsp58_dp  | 3       |
|    dsp_dotpra3_8s_8s_8s_8s_8s_8s_17_4_1_U36         | 1   |        | sext_ln50_217  | sext   | dsp58_dp  | 3       |
|    dsp_dotpra3_8s_8s_8s_8s_8s_8s_17_4_1_U44         | 1   |        | mul_ln50_217   | mul    | dsp58_dp  | 3       |
|    dsp_dotpra3_8s_8s_8s_8s_8s_8s_17_4_1_U44         | 1   |        | sext_ln50_218  | sext   | dsp58_dp  | 3       |
|    dsp_dotpra3add_8s_8s_8s_8s_8s_8s_17s_18_4_1_U208 | 1   |        | mul_ln50_218   | mul    | dsp58_dp  | 3       |
|    dsp_dotpra3add_8s_8s_8s_8s_8s_8s_17s_18_4_1_U208 | 1   |        | sext_ln50_219  | sext   | dsp58_dp  | 3       |
|    dsp_dotpra3_8s_8s_8s_8s_8s_8s_17_4_1_U14         | 1   |        | mul_ln50_219   | mul    | dsp58_dp  | 3       |
|    dsp_dotpra3_8s_8s_8s_8s_8s_8s_17_4_1_U14         | 1   |        | sext_ln50_220  | sext   | dsp58_dp  | 3       |
|    dsp_dotpra3add_8s_8s_8s_8s_8s_8s_17s_18_4_1_U209 | 1   |        | mul_ln50_220   | mul    | dsp58_dp  | 3       |
|    dsp_dotpra3add_8s_8s_8s_8s_8s_8s_17s_18_4_1_U209 | 1   |        | sext_ln50_221  | sext   | dsp58_dp  | 3       |
|    dsp_dotpra3add_8s_8s_8s_8s_8s_8s_17s_18_4_1_U210 | 1   |        | mul_ln50_221   | mul    | dsp58_dp  | 3       |
|    dsp_dotpra3add_8s_8s_8s_8s_8s_8s_17s_18_4_1_U210 | 1   |        | sext_ln50_222  | sext   | dsp58_dp  | 3       |
|    dsp_dotpra3add_8s_8s_8s_8s_8s_8s_17s_18_4_1_U211 | 1   |        | mul_ln50_222   | mul    | dsp58_dp  | 3       |
|    dsp_dotpra3add_8s_8s_8s_8s_8s_8s_17s_18_4_1_U211 | 1   |        | sext_ln50_223  | sext   | dsp58_dp  | 3       |
|    dsp_dotpra3_8s_8s_8s_8s_8s_8s_17_4_1_U85         | 1   |        | mul_ln50_223   | mul    | dsp58_dp  | 3       |
|    dsp_dotpra3_8s_8s_8s_8s_8s_8s_17_4_1_U85         | 1   |        | sext_ln50_224  | sext   | dsp58_dp  | 3       |
|    dsp_dotpra3_8s_8s_8s_8s_8s_8s_17_4_1_U43         | 1   |        | mul_ln50_224   | mul    | dsp58_dp  | 3       |
|    dsp_dotpra3_8s_8s_8s_8s_8s_8s_17_4_1_U43         | 1   |        | sext_ln50_225  | sext   | dsp58_dp  | 3       |
|    dsp_dotpra3add_8s_8s_8s_8s_8s_8s_17s_18_4_1_U212 | 1   |        | mul_ln50_225   | mul    | dsp58_dp  | 3       |
|    dsp_dotpra3add_8s_8s_8s_8s_8s_8s_17s_18_4_1_U212 | 1   |        | sext_ln50_226  | sext   | dsp58_dp  | 3       |
|    dsp_dotpra3_8s_8s_8s_8s_8s_8s_17_4_1_U73         | 1   |        | mul_ln50_226   | mul    | dsp58_dp  | 3       |
|    dsp_dotpra3_8s_8s_8s_8s_8s_8s_17_4_1_U73         | 1   |        | sext_ln50_227  | sext   | dsp58_dp  | 3       |
|    dsp_dotpra3add_8s_8s_8s_8s_8s_8s_32s_32_4_1_U193 | 1   |        | mul_ln50_227   | mul    | dsp58_dp  | 3       |
|    dsp_dotpra3add_8s_8s_8s_8s_8s_8s_32s_32_4_1_U193 | 1   |        | sext_ln50_228  | sext   | dsp58_dp  | 3       |
|    dsp_dotpra3_8s_8s_8s_8s_8s_8s_17_4_1_U86         | 1   |        | mul_ln50_228   | mul    | dsp58_dp  | 3       |
|    dsp_dotpra3_8s_8s_8s_8s_8s_8s_17_4_1_U86         | 1   |        | sext_ln50_229  | sext   | dsp58_dp  | 3       |
|    dsp_dotpra3_8s_8s_8s_8s_8s_8s_17_4_1_U87         | 1   |        | mul_ln50_229   | mul    | dsp58_dp  | 3       |
|    dsp_dotpra3_8s_8s_8s_8s_8s_8s_17_4_1_U87         | 1   |        | sext_ln50_230  | sext   | dsp58_dp  | 3       |
|    dsp_dotpra3add_8s_8s_8s_8s_8s_8s_17s_18_4_1_U213 | 1   |        | mul_ln50_230   | mul    | dsp58_dp  | 3       |
|    dsp_dotpra3add_8s_8s_8s_8s_8s_8s_17s_18_4_1_U213 | 1   |        | sext_ln50_231  | sext   | dsp58_dp  | 3       |
|    dsp_dotpra3_8s_8s_8s_8s_8s_8s_17_4_1_U30         | 1   |        | mul_ln50_231   | mul    | dsp58_dp  | 3       |
|    dsp_dotpra3_8s_8s_8s_8s_8s_8s_17_4_1_U30         | 1   |        | sext_ln50_232  | sext   | dsp58_dp  | 3       |
|    dsp_dotpra3_8s_8s_8s_8s_8s_8s_17_4_1_U88         | 1   |        | mul_ln50_232   | mul    | dsp58_dp  | 3       |
|    dsp_dotpra3_8s_8s_8s_8s_8s_8s_17_4_1_U88         | 1   |        | sext_ln50_233  | sext   | dsp58_dp  | 3       |
|    dsp_dotpra3_8s_8s_8s_8s_8s_8s_17_4_1_U46         | 1   |        | mul_ln50_233   | mul    | dsp58_dp  | 3       |
|    dsp_dotpra3_8s_8s_8s_8s_8s_8s_17_4_1_U46         | 1   |        | sext_ln50_234  | sext   | dsp58_dp  | 3       |
|    dsp_dotpra3_8s_8s_8s_8s_8s_8s_17_4_1_U37         | 1   |        | mul_ln50_234   | mul    | dsp58_dp  | 3       |
|    dsp_dotpra3_8s_8s_8s_8s_8s_8s_17_4_1_U37         | 1   |        | sext_ln50_235  | sext   | dsp58_dp  | 3       |
|    dsp_dotpra3_8s_8s_8s_8s_8s_8s_17_4_1_U89         | 1   |        | mul_ln50_235   | mul    | dsp58_dp  | 3       |
|    dsp_dotpra3_8s_8s_8s_8s_8s_8s_17_4_1_U89         | 1   |        | sext_ln50_236  | sext   | dsp58_dp  | 3       |
|    dsp_dotpra3add_8s_8s_8s_8s_8s_8s_17s_18_4_1_U214 | 1   |        | mul_ln50_236   | mul    | dsp58_dp  | 3       |
|    dsp_dotpra3add_8s_8s_8s_8s_8s_8s_17s_18_4_1_U214 | 1   |        | sext_ln50_237  | sext   | dsp58_dp  | 3       |
|    dsp_dotpra3add_8s_8s_8s_8s_8s_8s_17s_18_4_1_U213 | 1   |        | mul_ln50_237   | mul    | dsp58_dp  | 3       |
|    dsp_dotpra3add_8s_8s_8s_8s_8s_8s_17s_18_4_1_U213 | 1   |        | sext_ln50_238  | sext   | dsp58_dp  | 3       |
|    dsp_dotpra3_8s_8s_8s_8s_8s_8s_17_4_1_U78         | 1   |        | mul_ln50_238   | mul    | dsp58_dp  | 3       |
|    dsp_dotpra3_8s_8s_8s_8s_8s_8s_17_4_1_U78         | 1   |        | sext_ln50_239  | sext   | dsp58_dp  | 3       |
|    dsp_dotpra3add_8s_8s_8s_8s_8s_8s_17s_18_4_1_U215 | 1   |        | mul_ln50_239   | mul    | dsp58_dp  | 3       |
|    dsp_dotpra3add_8s_8s_8s_8s_8s_8s_17s_18_4_1_U215 | 1   |        | sext_ln50_240  | sext   | dsp58_dp  | 3       |
|    dsp_dotpra3add_8s_8s_8s_8s_8s_8s_17s_18_4_1_U155 | 1   |        | mul_ln50_240   | mul    | dsp58_dp  | 3       |
|    dsp_dotpra3add_8s_8s_8s_8s_8s_8s_17s_18_4_1_U155 | 1   |        | sext_ln50_241  | sext   | dsp58_dp  | 3       |
|    dsp_dotpra3_8s_8s_8s_8s_8s_8s_17_4_1_U59         | 1   |        | mul_ln50_241   | mul    | dsp58_dp  | 3       |
|    dsp_dotpra3_8s_8s_8s_8s_8s_8s_17_4_1_U59         | 1   |        | sext_ln50_242  | sext   | dsp58_dp  | 3       |
|    dsp_dotpra3add_8s_8s_8s_8s_8s_8s_17s_18_4_1_U216 | 1   |        | mul_ln50_242   | mul    | dsp58_dp  | 3       |
|    dsp_dotpra3add_8s_8s_8s_8s_8s_8s_17s_18_4_1_U216 | 1   |        | sext_ln50_243  | sext   | dsp58_dp  | 3       |
|    dsp_dotpra3add_8s_8s_8s_8s_8s_8s_17s_18_4_1_U217 | 1   |        | mul_ln50_243   | mul    | dsp58_dp  | 3       |
|    dsp_dotpra3add_8s_8s_8s_8s_8s_8s_17s_18_4_1_U217 | 1   |        | sext_ln50_244  | sext   | dsp58_dp  | 3       |
|    dsp_dotpra3_8s_8s_8s_8s_8s_8s_17_4_1_U41         | 1   |        | mul_ln50_244   | mul    | dsp58_dp  | 3       |
|    dsp_dotpra3_8s_8s_8s_8s_8s_8s_17_4_1_U41         | 1   |        | sext_ln50_245  | sext   | dsp58_dp  | 3       |
|    dsp_dotpra3add_8s_8s_8s_8s_8s_8s_17s_18_4_1_U218 | 1   |        | mul_ln50_245   | mul    | dsp58_dp  | 3       |
|    dsp_dotpra3add_8s_8s_8s_8s_8s_8s_17s_18_4_1_U218 | 1   |        | sext_ln50_246  | sext   | dsp58_dp  | 3       |
|    dsp_dotpra3_8s_8s_8s_8s_8s_8s_17_4_1_U90         | 1   |        | mul_ln50_246   | mul    | dsp58_dp  | 3       |
|    dsp_dotpra3_8s_8s_8s_8s_8s_8s_17_4_1_U90         | 1   |        | sext_ln50_247  | sext   | dsp58_dp  | 3       |
|    dsp_dotpra3add_8s_8s_8s_8s_8s_8s_17s_18_4_1_U219 | 1   |        | mul_ln50_247   | mul    | dsp58_dp  | 3       |
|    dsp_dotpra3add_8s_8s_8s_8s_8s_8s_17s_18_4_1_U219 | 1   |        | sext_ln50_248  | sext   | dsp58_dp  | 3       |
|    dsp_dotpra3_8s_8s_8s_8s_8s_8s_17_4_1_U22         | 1   |        | mul_ln50_248   | mul    | dsp58_dp  | 3       |
|    dsp_dotpra3_8s_8s_8s_8s_8s_8s_17_4_1_U22         | 1   |        | sext_ln50_249  | sext   | dsp58_dp  | 3       |
|    dsp_dotpra3add_8s_8s_8s_8s_8s_8s_17s_18_4_1_U220 | 1   |        | mul_ln50_249   | mul    | dsp58_dp  | 3       |
|    dsp_dotpra3add_8s_8s_8s_8s_8s_8s_17s_18_4_1_U220 | 1   |        | sext_ln50_250  | sext   | dsp58_dp  | 3       |
|    dsp_dotpra3_8s_8s_8s_8s_8s_8s_17_4_1_U91         | 1   |        | mul_ln50_250   | mul    | dsp58_dp  | 3       |
|    dsp_dotpra3_8s_8s_8s_8s_8s_8s_17_4_1_U91         | 1   |        | sext_ln50_251  | sext   | dsp58_dp  | 3       |
|    dsp_dotpra3add_8s_8s_8s_8s_8s_8s_17s_18_4_1_U214 | 1   |        | mul_ln50_251   | mul    | dsp58_dp  | 3       |
|    dsp_dotpra3add_8s_8s_8s_8s_8s_8s_17s_18_4_1_U214 | 1   |        | sext_ln50_252  | sext   | dsp58_dp  | 3       |
|    dsp_dotpra3_8s_8s_8s_8s_8s_8s_17_4_1_U92         | 1   |        | mul_ln50_252   | mul    | dsp58_dp  | 3       |
|    dsp_dotpra3_8s_8s_8s_8s_8s_8s_17_4_1_U92         | 1   |        | sext_ln50_253  | sext   | dsp58_dp  | 3       |
|    dsp_dotpra3_8s_8s_8s_8s_8s_8s_17_4_1_U93         | 1   |        | mul_ln50_253   | mul    | dsp58_dp  | 3       |
|    dsp_dotpra3_8s_8s_8s_8s_8s_8s_17_4_1_U93         | 1   |        | sext_ln50_254  | sext   | dsp58_dp  | 3       |
|    dsp_dotpra3add_8s_8s_8s_8s_8s_8s_17s_18_4_1_U221 | 1   |        | mul_ln50_254   | mul    | dsp58_dp  | 3       |
|    dsp_dotpra3add_8s_8s_8s_8s_8s_8s_17s_18_4_1_U221 | 1   |        | sext_ln50_255  | sext   | dsp58_dp  | 3       |
|    dsp_dotpra3add_8s_8s_8s_8s_8s_8s_17s_18_4_1_U222 | 1   |        | mul_ln50_255   | mul    | dsp58_dp  | 3       |
|    dsp_dotpra3add_8s_8s_8s_8s_8s_8s_17s_18_4_1_U222 | 1   |        | sext_ln50_256  | sext   | dsp58_dp  | 3       |
|    dsp_dotpra3add_8s_8s_8s_8s_8s_8s_17s_18_4_1_U223 | 1   |        | mul_ln50_256   | mul    | dsp58_dp  | 3       |
|    dsp_dotpra3add_8s_8s_8s_8s_8s_8s_17s_18_4_1_U223 | 1   |        | sext_ln50_257  | sext   | dsp58_dp  | 3       |
|    dsp_dotpra3_8s_8s_8s_8s_8s_8s_17_4_1_U94         | 1   |        | mul_ln50_257   | mul    | dsp58_dp  | 3       |
|    dsp_dotpra3_8s_8s_8s_8s_8s_8s_17_4_1_U94         | 1   |        | sext_ln50_258  | sext   | dsp58_dp  | 3       |
|    dsp_dotpra3_8s_8s_8s_8s_8s_8s_17_4_1_U95         | 1   |        | mul_ln50_258   | mul    | dsp58_dp  | 3       |
|    dsp_dotpra3_8s_8s_8s_8s_8s_8s_17_4_1_U95         | 1   |        | sext_ln50_259  | sext   | dsp58_dp  | 3       |
|    dsp_dotpra3add_8s_8s_8s_8s_8s_8s_17s_18_4_1_U224 | 1   |        | mul_ln50_259   | mul    | dsp58_dp  | 3       |
|    dsp_dotpra3add_8s_8s_8s_8s_8s_8s_17s_18_4_1_U224 | 1   |        | sext_ln50_260  | sext   | dsp58_dp  | 3       |
|    dsp_dotpra3add_8s_8s_8s_8s_8s_8s_17s_18_4_1_U225 | 1   |        | mul_ln50_260   | mul    | dsp58_dp  | 3       |
|    dsp_dotpra3add_8s_8s_8s_8s_8s_8s_17s_18_4_1_U225 | 1   |        | sext_ln50_261  | sext   | dsp58_dp  | 3       |
|    mac_muladd_8s_8s_16s_17_4_1_U96                  | 1   |        | mul_ln50_261   | mul    | dsp_slice | 3       |
|    mac_muladd_8s_8s_16s_17_4_1_U96                  | 1   |        | sext_ln50_262  | sext   | dsp_slice | 3       |
|    dsp_dotpra3add_8s_8s_8s_8s_8s_8s_17s_18_4_1_U226 | 1   |        | mul_ln50_262   | mul    | dsp58_dp  | 3       |
|    dsp_dotpra3add_8s_8s_8s_8s_8s_8s_17s_18_4_1_U226 | 1   |        | sext_ln50_263  | sext   | dsp58_dp  | 3       |
|    dsp_dotpra3_8s_8s_8s_8s_8s_8s_17_4_1_U97         | 1   |        | mul_ln50_263   | mul    | dsp58_dp  | 3       |
|    dsp_dotpra3_8s_8s_8s_8s_8s_8s_17_4_1_U97         | 1   |        | sext_ln50_264  | sext   | dsp58_dp  | 3       |
|    dsp_dotpra3add_8s_8s_8s_8s_8s_8s_17s_18_4_1_U153 | 1   |        | mul_ln50_264   | mul    | dsp58_dp  | 3       |
|    dsp_dotpra3add_8s_8s_8s_8s_8s_8s_17s_18_4_1_U153 | 1   |        | sext_ln50_265  | sext   | dsp58_dp  | 3       |
|    dsp_dotpra3_8s_8s_8s_8s_8s_8s_17_4_1_U79         | 1   |        | mul_ln50_265   | mul    | dsp58_dp  | 3       |
|    dsp_dotpra3_8s_8s_8s_8s_8s_8s_17_4_1_U79         | 1   |        | sext_ln50_266  | sext   | dsp58_dp  | 3       |
|    dsp_dotpra3_8s_8s_8s_8s_8s_8s_17_4_1_U98         | 1   |        | mul_ln50_266   | mul    | dsp58_dp  | 3       |
|    dsp_dotpra3_8s_8s_8s_8s_8s_8s_17_4_1_U98         | 1   |        | sext_ln50_267  | sext   | dsp58_dp  | 3       |
|    dsp_dotpra3add_8s_8s_8s_8s_8s_8s_17s_18_4_1_U227 | 1   |        | mul_ln50_267   | mul    | dsp58_dp  | 3       |
|    dsp_dotpra3add_8s_8s_8s_8s_8s_8s_17s_18_4_1_U227 | 1   |        | sext_ln50_268  | sext   | dsp58_dp  | 3       |
|    dsp_dotpra3add_8s_8s_8s_8s_8s_8s_17s_18_4_1_U206 | 1   |        | mul_ln50_268   | mul    | dsp58_dp  | 3       |
|    dsp_dotpra3add_8s_8s_8s_8s_8s_8s_17s_18_4_1_U206 | 1   |        | sext_ln50_269  | sext   | dsp58_dp  | 3       |
|    dsp_dotpra3_8s_8s_8s_8s_8s_8s_17_4_1_U55         | 1   |        | mul_ln50_269   | mul    | dsp58_dp  | 3       |
|    dsp_dotpra3_8s_8s_8s_8s_8s_8s_17_4_1_U55         | 1   |        | sext_ln50_270  | sext   | dsp58_dp  | 3       |
|    dsp_dotpra3_8s_8s_8s_8s_8s_8s_17_4_1_U99         | 1   |        | mul_ln50_270   | mul    | dsp58_dp  | 3       |
|    dsp_dotpra3_8s_8s_8s_8s_8s_8s_17_4_1_U99         | 1   |        | sext_ln50_271  | sext   | dsp58_dp  | 3       |
|    dsp_dotpra3_8s_8s_8s_8s_8s_8s_17_4_1_U100        | 1   |        | mul_ln50_271   | mul    | dsp58_dp  | 3       |
|    dsp_dotpra3_8s_8s_8s_8s_8s_8s_17_4_1_U100        | 1   |        | sext_ln50_272  | sext   | dsp58_dp  | 3       |
|    dsp_dotpra3add_8s_8s_8s_8s_8s_8s_17s_18_4_1_U228 | 1   |        | mul_ln50_272   | mul    | dsp58_dp  | 3       |
|    dsp_dotpra3add_8s_8s_8s_8s_8s_8s_17s_18_4_1_U228 | 1   |        | sext_ln50_273  | sext   | dsp58_dp  | 3       |
|    dsp_dotpra3_8s_8s_8s_8s_8s_8s_17_4_1_U101        | 1   |        | mul_ln50_273   | mul    | dsp58_dp  | 3       |
|    dsp_dotpra3_8s_8s_8s_8s_8s_8s_17_4_1_U101        | 1   |        | sext_ln50_274  | sext   | dsp58_dp  | 3       |
|    dsp_dotpra3add_8s_8s_8s_8s_8s_8s_17s_18_4_1_U185 | 1   |        | mul_ln50_274   | mul    | dsp58_dp  | 3       |
|    dsp_dotpra3add_8s_8s_8s_8s_8s_8s_17s_18_4_1_U185 | 1   |        | sext_ln50_275  | sext   | dsp58_dp  | 3       |
|    dsp_dotpra3_8s_8s_8s_8s_8s_8s_17_4_1_U102        | 1   |        | mul_ln50_275   | mul    | dsp58_dp  | 3       |
|    dsp_dotpra3_8s_8s_8s_8s_8s_8s_17_4_1_U102        | 1   |        | sext_ln50_276  | sext   | dsp58_dp  | 3       |
|    dsp_dotpra3add_8s_8s_8s_8s_8s_8s_18s_18_4_1_U137 | 1   |        | mul_ln50_276   | mul    | dsp58_dp  | 3       |
|    dsp_dotpra3add_8s_8s_8s_8s_8s_8s_18s_18_4_1_U137 | 1   |        | sext_ln50_277  | sext   | dsp58_dp  | 3       |
|    dsp_dotpra3add_8s_8s_8s_8s_8s_8s_17s_18_4_1_U229 | 1   |        | mul_ln50_277   | mul    | dsp58_dp  | 3       |
|    dsp_dotpra3add_8s_8s_8s_8s_8s_8s_17s_18_4_1_U229 | 1   |        | sext_ln50_278  | sext   | dsp58_dp  | 3       |
|    dsp_dotpra3_8s_8s_8s_8s_8s_8s_17_4_1_U88         | 1   |        | mul_ln50_278   | mul    | dsp58_dp  | 3       |
|    dsp_dotpra3_8s_8s_8s_8s_8s_8s_17_4_1_U88         | 1   |        | sext_ln50_279  | sext   | dsp58_dp  | 3       |
|    dsp_dotpra3add_8s_8s_8s_8s_8s_8s_17s_18_4_1_U230 | 1   |        | mul_ln50_279   | mul    | dsp58_dp  | 3       |
|    dsp_dotpra3add_8s_8s_8s_8s_8s_8s_17s_18_4_1_U230 | 1   |        | sext_ln50_280  | sext   | dsp58_dp  | 3       |
|    dsp_dotpra3add_8s_8s_8s_8s_8s_8s_17s_18_4_1_U231 | 1   |        | mul_ln50_280   | mul    | dsp58_dp  | 3       |
|    dsp_dotpra3add_8s_8s_8s_8s_8s_8s_17s_18_4_1_U231 | 1   |        | sext_ln50_281  | sext   | dsp58_dp  | 3       |
|    dsp_dotpra3add_8s_8s_8s_8s_8s_8s_17s_18_4_1_U208 | 1   |        | mul_ln50_281   | mul    | dsp58_dp  | 3       |
|    dsp_dotpra3add_8s_8s_8s_8s_8s_8s_17s_18_4_1_U208 | 1   |        | sext_ln50_282  | sext   | dsp58_dp  | 3       |
|    dsp_dotpra3_8s_8s_8s_8s_8s_8s_17_4_1_U28         | 1   |        | mul_ln50_282   | mul    | dsp58_dp  | 3       |
|    dsp_dotpra3_8s_8s_8s_8s_8s_8s_17_4_1_U28         | 1   |        | sext_ln50_283  | sext   | dsp58_dp  | 3       |
|    dsp_dotpra3_8s_8s_8s_8s_8s_8s_17_4_1_U103        | 1   |        | mul_ln50_283   | mul    | dsp58_dp  | 3       |
|    dsp_dotpra3_8s_8s_8s_8s_8s_8s_17_4_1_U103        | 1   |        | sext_ln50_284  | sext   | dsp58_dp  | 3       |
|    dsp_dotpra3_8s_8s_8s_8s_8s_8s_17_4_1_U104        | 1   |        | mul_ln50_284   | mul    | dsp58_dp  | 3       |
|    dsp_dotpra3_8s_8s_8s_8s_8s_8s_17_4_1_U104        | 1   |        | sext_ln50_285  | sext   | dsp58_dp  | 3       |
|    dsp_dotpra3_8s_8s_8s_8s_8s_8s_17_4_1_U89         | 1   |        | mul_ln50_285   | mul    | dsp58_dp  | 3       |
|    dsp_dotpra3_8s_8s_8s_8s_8s_8s_17_4_1_U89         | 1   |        | sext_ln50_286  | sext   | dsp58_dp  | 3       |
|    dsp_dotpra3add_8s_8s_8s_8s_8s_8s_17s_18_4_1_U160 | 1   |        | mul_ln50_286   | mul    | dsp58_dp  | 3       |
|    dsp_dotpra3add_8s_8s_8s_8s_8s_8s_17s_18_4_1_U160 | 1   |        | sext_ln50_287  | sext   | dsp58_dp  | 3       |
|    dsp_dotpra3add_8s_8s_8s_8s_8s_8s_17s_18_4_1_U156 | 1   |        | mul_ln50_287   | mul    | dsp58_dp  | 3       |
|    dsp_dotpra3add_8s_8s_8s_8s_8s_8s_17s_18_4_1_U156 | 1   |        | sext_ln50_288  | sext   | dsp58_dp  | 3       |
|    dsp_dotpra3add_8s_8s_8s_8s_8s_8s_17s_18_4_1_U222 | 1   |        | mul_ln50_288   | mul    | dsp58_dp  | 3       |
|    dsp_dotpra3add_8s_8s_8s_8s_8s_8s_17s_18_4_1_U222 | 1   |        | sext_ln50_289  | sext   | dsp58_dp  | 3       |
|    dsp_dotpra3_8s_8s_8s_8s_8s_8s_17_4_1_U101        | 1   |        | mul_ln50_289   | mul    | dsp58_dp  | 3       |
|    dsp_dotpra3_8s_8s_8s_8s_8s_8s_17_4_1_U101        | 1   |        | sext_ln50_290  | sext   | dsp58_dp  | 3       |
|    dsp_dotpra3add_8s_8s_8s_8s_8s_8s_17s_18_4_1_U232 | 1   |        | mul_ln50_290   | mul    | dsp58_dp  | 3       |
|    dsp_dotpra3add_8s_8s_8s_8s_8s_8s_17s_18_4_1_U232 | 1   |        | sext_ln50_291  | sext   | dsp58_dp  | 3       |
|    dsp_dotpra3_8s_8s_8s_8s_8s_8s_17_4_1_U64         | 1   |        | mul_ln50_291   | mul    | dsp58_dp  | 3       |
|    dsp_dotpra3_8s_8s_8s_8s_8s_8s_17_4_1_U64         | 1   |        | sext_ln50_292  | sext   | dsp58_dp  | 3       |
|    dsp_dotpra3_8s_8s_8s_8s_8s_8s_17_4_1_U75         | 1   |        | mul_ln50_292   | mul    | dsp58_dp  | 3       |
|    dsp_dotpra3_8s_8s_8s_8s_8s_8s_17_4_1_U75         | 1   |        | sext_ln50_293  | sext   | dsp58_dp  | 3       |
|    dsp_dotpra3_8s_8s_8s_8s_8s_8s_17_4_1_U105        | 1   |        | mul_ln50_293   | mul    | dsp58_dp  | 3       |
|    dsp_dotpra3_8s_8s_8s_8s_8s_8s_17_4_1_U105        | 1   |        | sext_ln50_294  | sext   | dsp58_dp  | 3       |
|    dsp_dotpra3_8s_8s_8s_8s_8s_8s_17_4_1_U106        | 1   |        | mul_ln50_294   | mul    | dsp58_dp  | 3       |
|    dsp_dotpra3_8s_8s_8s_8s_8s_8s_17_4_1_U106        | 1   |        | sext_ln50_295  | sext   | dsp58_dp  | 3       |
|    dsp_dotpra3add_8s_8s_8s_8s_8s_8s_17s_18_4_1_U233 | 1   |        | mul_ln50_295   | mul    | dsp58_dp  | 3       |
|    dsp_dotpra3add_8s_8s_8s_8s_8s_8s_17s_18_4_1_U233 | 1   |        | sext_ln50_296  | sext   | dsp58_dp  | 3       |
|    dsp_dotpra3add_8s_8s_8s_8s_8s_8s_17s_18_4_1_U174 | 1   |        | mul_ln50_296   | mul    | dsp58_dp  | 3       |
|    dsp_dotpra3add_8s_8s_8s_8s_8s_8s_17s_18_4_1_U174 | 1   |        | sext_ln50_297  | sext   | dsp58_dp  | 3       |
|    dsp_dotpra3add_8s_8s_8s_8s_8s_8s_17s_18_4_1_U150 | 1   |        | mul_ln50_297   | mul    | dsp58_dp  | 3       |
|    dsp_dotpra3add_8s_8s_8s_8s_8s_8s_17s_18_4_1_U150 | 1   |        | sext_ln50_298  | sext   | dsp58_dp  | 3       |
|    dsp_dotpra3add_8s_8s_8s_8s_8s_8s_17s_18_4_1_U151 | 1   |        | mul_ln50_298   | mul    | dsp58_dp  | 3       |
|    dsp_dotpra3add_8s_8s_8s_8s_8s_8s_17s_18_4_1_U151 | 1   |        | sext_ln50_299  | sext   | dsp58_dp  | 3       |
|    dsp_dotpra3_8s_8s_8s_8s_8s_8s_17_4_1_U57         | 1   |        | mul_ln50_299   | mul    | dsp58_dp  | 3       |
|    dsp_dotpra3_8s_8s_8s_8s_8s_8s_17_4_1_U57         | 1   |        | sext_ln50_300  | sext   | dsp58_dp  | 3       |
|    dsp_dotpra3add_8s_8s_8s_8s_8s_8s_17s_18_4_1_U234 | 1   |        | mul_ln50_300   | mul    | dsp58_dp  | 3       |
|    dsp_dotpra3add_8s_8s_8s_8s_8s_8s_17s_18_4_1_U234 | 1   |        | sext_ln50_301  | sext   | dsp58_dp  | 3       |
|    dsp_dotpra3add_8s_8s_8s_8s_8s_8s_17s_18_4_1_U235 | 1   |        | mul_ln50_301   | mul    | dsp58_dp  | 3       |
|    dsp_dotpra3add_8s_8s_8s_8s_8s_8s_17s_18_4_1_U235 | 1   |        | sext_ln50_302  | sext   | dsp58_dp  | 3       |
|    dsp_dotpra3add_8s_8s_8s_8s_8s_8s_17s_18_4_1_U229 | 1   |        | mul_ln50_302   | mul    | dsp58_dp  | 3       |
|    dsp_dotpra3add_8s_8s_8s_8s_8s_8s_17s_18_4_1_U229 | 1   |        | sext_ln50_303  | sext   | dsp58_dp  | 3       |
|    dsp_dotpra3_8s_8s_8s_8s_8s_8s_17_4_1_U18         | 1   |        | mul_ln50_303   | mul    | dsp58_dp  | 3       |
|    dsp_dotpra3_8s_8s_8s_8s_8s_8s_17_4_1_U18         | 1   |        | sext_ln50_304  | sext   | dsp58_dp  | 3       |
|    dsp_dotpra3add_8s_8s_8s_8s_8s_8s_17s_18_4_1_U140 | 1   |        | mul_ln50_304   | mul    | dsp58_dp  | 3       |
|    dsp_dotpra3add_8s_8s_8s_8s_8s_8s_17s_18_4_1_U140 | 1   |        | sext_ln50_305  | sext   | dsp58_dp  | 3       |
|    dsp_dotpra3_8s_8s_8s_8s_8s_8s_17_4_1_U107        | 1   |        | mul_ln50_305   | mul    | dsp58_dp  | 3       |
|    dsp_dotpra3_8s_8s_8s_8s_8s_8s_17_4_1_U107        | 1   |        | sext_ln50_306  | sext   | dsp58_dp  | 3       |
|    dsp_dotpra3add_8s_8s_8s_8s_8s_8s_17s_18_4_1_U188 | 1   |        | mul_ln50_306   | mul    | dsp58_dp  | 3       |
|    dsp_dotpra3add_8s_8s_8s_8s_8s_8s_17s_18_4_1_U188 | 1   |        | sext_ln50_307  | sext   | dsp58_dp  | 3       |
|    dsp_dotpra3add_8s_8s_8s_8s_8s_8s_17s_18_4_1_U173 | 1   |        | mul_ln50_307   | mul    | dsp58_dp  | 3       |
|    dsp_dotpra3add_8s_8s_8s_8s_8s_8s_17s_18_4_1_U173 | 1   |        | sext_ln50_308  | sext   | dsp58_dp  | 3       |
|    dsp_dotpra3add_8s_8s_8s_8s_8s_8s_17s_18_4_1_U149 | 1   |        | mul_ln50_308   | mul    | dsp58_dp  | 3       |
|    dsp_dotpra3add_8s_8s_8s_8s_8s_8s_17s_18_4_1_U149 | 1   |        | sext_ln50_309  | sext   | dsp58_dp  | 3       |
|    dsp_dotpra3_8s_8s_8s_8s_8s_8s_17_4_1_U101        | 1   |        | mul_ln50_309   | mul    | dsp58_dp  | 3       |
|    dsp_dotpra3_8s_8s_8s_8s_8s_8s_17_4_1_U101        | 1   |        | sext_ln50_310  | sext   | dsp58_dp  | 3       |
|    dsp_dotpra3add_8s_8s_8s_8s_8s_8s_17s_18_4_1_U236 | 1   |        | mul_ln50_310   | mul    | dsp58_dp  | 3       |
|    dsp_dotpra3add_8s_8s_8s_8s_8s_8s_17s_18_4_1_U236 | 1   |        | sext_ln50_311  | sext   | dsp58_dp  | 3       |
|    dsp_dotpra3_8s_8s_8s_8s_8s_8s_17_4_1_U108        | 1   |        | mul_ln50_311   | mul    | dsp58_dp  | 3       |
|    dsp_dotpra3_8s_8s_8s_8s_8s_8s_17_4_1_U108        | 1   |        | sext_ln50_312  | sext   | dsp58_dp  | 3       |
|    dsp_dotpra3add_8s_8s_8s_8s_8s_8s_17s_18_4_1_U199 | 1   |        | mul_ln50_312   | mul    | dsp58_dp  | 3       |
|    dsp_dotpra3add_8s_8s_8s_8s_8s_8s_17s_18_4_1_U199 | 1   |        | sext_ln50_313  | sext   | dsp58_dp  | 3       |
|    dsp_dotpra3add_8s_8s_8s_8s_8s_8s_17s_18_4_1_U237 | 1   |        | mul_ln50_313   | mul    | dsp58_dp  | 3       |
|    dsp_dotpra3add_8s_8s_8s_8s_8s_8s_17s_18_4_1_U237 | 1   |        | sext_ln50_314  | sext   | dsp58_dp  | 3       |
|    dsp_dotpra3_8s_8s_8s_8s_8s_8s_17_4_1_U11         | 1   |        | mul_ln50_314   | mul    | dsp58_dp  | 3       |
|    dsp_dotpra3_8s_8s_8s_8s_8s_8s_17_4_1_U11         | 1   |        | sext_ln50_315  | sext   | dsp58_dp  | 3       |
|    dsp_dotpra3_8s_8s_8s_8s_8s_8s_17_4_1_U8          | 1   |        | mul_ln50_315   | mul    | dsp58_dp  | 3       |
|    dsp_dotpra3_8s_8s_8s_8s_8s_8s_17_4_1_U8          | 1   |        | sext_ln50_316  | sext   | dsp58_dp  | 3       |
|    dsp_dotpra3add_8s_8s_8s_8s_8s_8s_17s_18_4_1_U222 | 1   |        | mul_ln50_316   | mul    | dsp58_dp  | 3       |
|    dsp_dotpra3add_8s_8s_8s_8s_8s_8s_17s_18_4_1_U222 | 1   |        | sext_ln50_317  | sext   | dsp58_dp  | 3       |
|    dsp_dotpra3_8s_8s_8s_8s_8s_8s_17_4_1_U88         | 1   |        | mul_ln50_317   | mul    | dsp58_dp  | 3       |
|    dsp_dotpra3_8s_8s_8s_8s_8s_8s_17_4_1_U88         | 1   |        | sext_ln50_318  | sext   | dsp58_dp  | 3       |
|    dsp_dotpra3add_8s_8s_8s_8s_8s_8s_17s_18_4_1_U136 | 1   |        | mul_ln50_318   | mul    | dsp58_dp  | 3       |
|    dsp_dotpra3add_8s_8s_8s_8s_8s_8s_17s_18_4_1_U136 | 1   |        | sext_ln50_319  | sext   | dsp58_dp  | 3       |
|    dsp_dotpra3add_8s_8s_8s_8s_8s_8s_17s_18_4_1_U224 | 1   |        | mul_ln50_319   | mul    | dsp58_dp  | 3       |
|    dsp_dotpra3add_8s_8s_8s_8s_8s_8s_17s_18_4_1_U224 | 1   |        | sext_ln50_320  | sext   | dsp58_dp  | 3       |
|    dsp_dotpra3_8s_8s_8s_8s_8s_8s_17_4_1_U48         | 1   |        | mul_ln50_320   | mul    | dsp58_dp  | 3       |
|    dsp_dotpra3_8s_8s_8s_8s_8s_8s_17_4_1_U48         | 1   |        | sext_ln50_321  | sext   | dsp58_dp  | 3       |
|    dsp_dotpra3add_8s_8s_8s_8s_8s_8s_17s_18_4_1_U143 | 1   |        | mul_ln50_321   | mul    | dsp58_dp  | 3       |
|    dsp_dotpra3add_8s_8s_8s_8s_8s_8s_17s_18_4_1_U143 | 1   |        | sext_ln50_322  | sext   | dsp58_dp  | 3       |
|    dsp_dotpra3add_8s_8s_8s_8s_8s_8s_32s_32_4_1_U193 | 1   |        | mul_ln50_322   | mul    | dsp58_dp  | 3       |
|    dsp_dotpra3add_8s_8s_8s_8s_8s_8s_32s_32_4_1_U193 | 1   |        | sext_ln50_323  | sext   | dsp58_dp  | 3       |
|    dsp_dotpra3add_8s_8s_8s_8s_8s_8s_17s_18_4_1_U206 | 1   |        | mul_ln50_323   | mul    | dsp58_dp  | 3       |
|    dsp_dotpra3add_8s_8s_8s_8s_8s_8s_17s_18_4_1_U206 | 1   |        | sext_ln50_324  | sext   | dsp58_dp  | 3       |
|    dsp_dotpra3_8s_8s_8s_8s_8s_8s_17_4_1_U89         | 1   |        | mul_ln50_324   | mul    | dsp58_dp  | 3       |
|    dsp_dotpra3_8s_8s_8s_8s_8s_8s_17_4_1_U89         | 1   |        | sext_ln50_325  | sext   | dsp58_dp  | 3       |
|    dsp_dotpra3_8s_8s_8s_8s_8s_8s_17_4_1_U79         | 1   |        | mul_ln50_325   | mul    | dsp58_dp  | 3       |
|    dsp_dotpra3_8s_8s_8s_8s_8s_8s_17_4_1_U79         | 1   |        | sext_ln50_326  | sext   | dsp58_dp  | 3       |
|    dsp_dotpra3add_8s_8s_8s_8s_8s_8s_17s_18_4_1_U191 | 1   |        | mul_ln50_326   | mul    | dsp58_dp  | 3       |
|    dsp_dotpra3add_8s_8s_8s_8s_8s_8s_17s_18_4_1_U191 | 1   |        | sext_ln50_327  | sext   | dsp58_dp  | 3       |
|    dsp_dotpra3_8s_8s_8s_8s_8s_8s_17_4_1_U7          | 1   |        | mul_ln50_327   | mul    | dsp58_dp  | 3       |
|    dsp_dotpra3_8s_8s_8s_8s_8s_8s_17_4_1_U7          | 1   |        | sext_ln50_328  | sext   | dsp58_dp  | 3       |
|    dsp_dotpra3_8s_8s_8s_8s_8s_8s_17_4_1_U61         | 1   |        | mul_ln50_328   | mul    | dsp58_dp  | 3       |
|    dsp_dotpra3_8s_8s_8s_8s_8s_8s_17_4_1_U61         | 1   |        | sext_ln50_329  | sext   | dsp58_dp  | 3       |
|    dsp_dotpra3_8s_8s_8s_8s_8s_8s_17_4_1_U93         | 1   |        | mul_ln50_329   | mul    | dsp58_dp  | 3       |
|    dsp_dotpra3_8s_8s_8s_8s_8s_8s_17_4_1_U93         | 1   |        | sext_ln50_330  | sext   | dsp58_dp  | 3       |
|    dsp_dotpra3add_8s_8s_8s_8s_8s_8s_17s_18_4_1_U238 | 1   |        | mul_ln50_330   | mul    | dsp58_dp  | 3       |
|    dsp_dotpra3add_8s_8s_8s_8s_8s_8s_17s_18_4_1_U238 | 1   |        | sext_ln50_331  | sext   | dsp58_dp  | 3       |
|    dsp_dotpra3_8s_8s_8s_8s_8s_8s_17_4_1_U108        | 1   |        | mul_ln50_331   | mul    | dsp58_dp  | 3       |
|    dsp_dotpra3_8s_8s_8s_8s_8s_8s_17_4_1_U108        | 1   |        | sext_ln50_332  | sext   | dsp58_dp  | 3       |
|    dsp_dotpra3_8s_8s_8s_8s_8s_8s_17_4_1_U100        | 1   |        | mul_ln50_332   | mul    | dsp58_dp  | 3       |
|    dsp_dotpra3_8s_8s_8s_8s_8s_8s_17_4_1_U100        | 1   |        | sext_ln50_333  | sext   | dsp58_dp  | 3       |
|    dsp_dotpra3_8s_8s_8s_8s_8s_8s_17_4_1_U60         | 1   |        | mul_ln50_333   | mul    | dsp58_dp  | 3       |
|    dsp_dotpra3_8s_8s_8s_8s_8s_8s_17_4_1_U60         | 1   |        | sext_ln50_334  | sext   | dsp58_dp  | 3       |
|    dsp_dotpra3add_8s_8s_8s_8s_8s_8s_17s_18_4_1_U235 | 1   |        | mul_ln50_334   | mul    | dsp58_dp  | 3       |
|    dsp_dotpra3add_8s_8s_8s_8s_8s_8s_17s_18_4_1_U235 | 1   |        | sext_ln50_335  | sext   | dsp58_dp  | 3       |
|    dsp_dotpra3add_8s_8s_8s_8s_8s_8s_17s_18_4_1_U184 | 1   |        | mul_ln50_335   | mul    | dsp58_dp  | 3       |
|    dsp_dotpra3add_8s_8s_8s_8s_8s_8s_17s_18_4_1_U184 | 1   |        | sext_ln50_336  | sext   | dsp58_dp  | 3       |
|    dsp_dotpra3_8s_8s_8s_8s_8s_8s_17_4_1_U109        | 1   |        | mul_ln50_336   | mul    | dsp58_dp  | 3       |
|    dsp_dotpra3_8s_8s_8s_8s_8s_8s_17_4_1_U109        | 1   |        | sext_ln50_337  | sext   | dsp58_dp  | 3       |
|    dsp_dotpra3_8s_8s_8s_8s_8s_8s_17_4_1_U110        | 1   |        | mul_ln50_337   | mul    | dsp58_dp  | 3       |
|    dsp_dotpra3_8s_8s_8s_8s_8s_8s_17_4_1_U110        | 1   |        | sext_ln50_338  | sext   | dsp58_dp  | 3       |
|    dsp_dotpra3_8s_8s_8s_8s_8s_8s_17_4_1_U81         | 1   |        | mul_ln50_338   | mul    | dsp58_dp  | 3       |
|    dsp_dotpra3_8s_8s_8s_8s_8s_8s_17_4_1_U81         | 1   |        | sext_ln50_339  | sext   | dsp58_dp  | 3       |
|    dsp_dotpra3add_8s_8s_8s_8s_8s_8s_17s_18_4_1_U148 | 1   |        | mul_ln50_339   | mul    | dsp58_dp  | 3       |
|    dsp_dotpra3add_8s_8s_8s_8s_8s_8s_17s_18_4_1_U148 | 1   |        | sext_ln50_340  | sext   | dsp58_dp  | 3       |
|    dsp_dotpra3add_8s_8s_8s_8s_8s_8s_17s_18_4_1_U204 | 1   |        | mul_ln50_340   | mul    | dsp58_dp  | 3       |
|    dsp_dotpra3add_8s_8s_8s_8s_8s_8s_17s_18_4_1_U204 | 1   |        | sext_ln50_341  | sext   | dsp58_dp  | 3       |
|    dsp_dotpra3_8s_8s_8s_8s_8s_8s_17_4_1_U44         | 1   |        | mul_ln50_341   | mul    | dsp58_dp  | 3       |
|    dsp_dotpra3_8s_8s_8s_8s_8s_8s_17_4_1_U44         | 1   |        | sext_ln50_342  | sext   | dsp58_dp  | 3       |
|    dsp_dotpra3add_8s_8s_8s_8s_8s_8s_17s_18_4_1_U162 | 1   |        | mul_ln50_342   | mul    | dsp58_dp  | 3       |
|    dsp_dotpra3add_8s_8s_8s_8s_8s_8s_17s_18_4_1_U162 | 1   |        | sext_ln50_343  | sext   | dsp58_dp  | 3       |
|    dsp_dotpra3_8s_8s_8s_8s_8s_8s_17_4_1_U63         | 1   |        | mul_ln50_343   | mul    | dsp58_dp  | 3       |
|    dsp_dotpra3_8s_8s_8s_8s_8s_8s_17_4_1_U63         | 1   |        | sext_ln50_344  | sext   | dsp58_dp  | 3       |
|    dsp_dotpra3_8s_8s_8s_8s_8s_8s_17_4_1_U111        | 1   |        | mul_ln50_344   | mul    | dsp58_dp  | 3       |
|    dsp_dotpra3_8s_8s_8s_8s_8s_8s_17_4_1_U111        | 1   |        | sext_ln50_345  | sext   | dsp58_dp  | 3       |
|    dsp_dotpra3_8s_8s_8s_8s_8s_8s_17_4_1_U21         | 1   |        | mul_ln50_345   | mul    | dsp58_dp  | 3       |
|    dsp_dotpra3_8s_8s_8s_8s_8s_8s_17_4_1_U21         | 1   |        | sext_ln50_346  | sext   | dsp58_dp  | 3       |
|    dsp_dotpra3add_8s_8s_8s_8s_8s_8s_17s_18_4_1_U135 | 1   |        | mul_ln50_346   | mul    | dsp58_dp  | 3       |
|    dsp_dotpra3add_8s_8s_8s_8s_8s_8s_17s_18_4_1_U135 | 1   |        | sext_ln50_347  | sext   | dsp58_dp  | 3       |
|    dsp_dotpra3add_8s_8s_8s_8s_8s_8s_17s_18_4_1_U239 | 1   |        | mul_ln50_347   | mul    | dsp58_dp  | 3       |
|    dsp_dotpra3add_8s_8s_8s_8s_8s_8s_17s_18_4_1_U239 | 1   |        | sext_ln50_348  | sext   | dsp58_dp  | 3       |
|    dsp_dotpra3add_8s_8s_8s_8s_8s_8s_17s_18_4_1_U202 | 1   |        | mul_ln50_348   | mul    | dsp58_dp  | 3       |
|    dsp_dotpra3add_8s_8s_8s_8s_8s_8s_17s_18_4_1_U202 | 1   |        | sext_ln50_349  | sext   | dsp58_dp  | 3       |
|    dsp_dotpra3_8s_8s_8s_8s_8s_8s_17_4_1_U45         | 1   |        | mul_ln50_349   | mul    | dsp58_dp  | 3       |
|    dsp_dotpra3_8s_8s_8s_8s_8s_8s_17_4_1_U45         | 1   |        | sext_ln50_350  | sext   | dsp58_dp  | 3       |
|    dsp_dotpra3_8s_8s_8s_8s_8s_8s_17_4_1_U112        | 1   |        | mul_ln50_350   | mul    | dsp58_dp  | 3       |
|    dsp_dotpra3_8s_8s_8s_8s_8s_8s_17_4_1_U112        | 1   |        | sext_ln50_351  | sext   | dsp58_dp  | 3       |
|    dsp_dotpra3_8s_8s_8s_8s_8s_8s_17_4_1_U113        | 1   |        | mul_ln50_351   | mul    | dsp58_dp  | 3       |
|    dsp_dotpra3_8s_8s_8s_8s_8s_8s_17_4_1_U113        | 1   |        | sext_ln50_352  | sext   | dsp58_dp  | 3       |
|    dsp_dotpra3_8s_8s_8s_8s_8s_8s_17_4_1_U114        | 1   |        | mul_ln50_352   | mul    | dsp58_dp  | 3       |
|    dsp_dotpra3_8s_8s_8s_8s_8s_8s_17_4_1_U114        | 1   |        | sext_ln50_353  | sext   | dsp58_dp  | 3       |
|    dsp_dotpra3add_8s_8s_8s_8s_8s_8s_17s_18_4_1_U135 | 1   |        | mul_ln50_353   | mul    | dsp58_dp  | 3       |
|    dsp_dotpra3add_8s_8s_8s_8s_8s_8s_17s_18_4_1_U135 | 1   |        | sext_ln50_354  | sext   | dsp58_dp  | 3       |
|    dsp_dotpra3_8s_8s_8s_8s_8s_8s_17_4_1_U54         | 1   |        | mul_ln50_354   | mul    | dsp58_dp  | 3       |
|    dsp_dotpra3_8s_8s_8s_8s_8s_8s_17_4_1_U54         | 1   |        | sext_ln50_355  | sext   | dsp58_dp  | 3       |
|    dsp_dotpra3_8s_8s_8s_8s_8s_8s_17_4_1_U36         | 1   |        | mul_ln50_355   | mul    | dsp58_dp  | 3       |
|    dsp_dotpra3_8s_8s_8s_8s_8s_8s_17_4_1_U36         | 1   |        | sext_ln50_356  | sext   | dsp58_dp  | 3       |
|    dsp_dotpra3_8s_8s_8s_8s_8s_8s_17_4_1_U115        | 1   |        | mul_ln50_356   | mul    | dsp58_dp  | 3       |
|    dsp_dotpra3_8s_8s_8s_8s_8s_8s_17_4_1_U115        | 1   |        | sext_ln50_357  | sext   | dsp58_dp  | 3       |
|    dsp_dotpra3_8s_8s_8s_8s_8s_8s_17_4_1_U72         | 1   |        | mul_ln50_357   | mul    | dsp58_dp  | 3       |
|    dsp_dotpra3_8s_8s_8s_8s_8s_8s_17_4_1_U72         | 1   |        | sext_ln50_358  | sext   | dsp58_dp  | 3       |
|    dsp_dotpra3add_8s_8s_8s_8s_8s_8s_17s_18_4_1_U240 | 1   |        | mul_ln50_358   | mul    | dsp58_dp  | 3       |
|    dsp_dotpra3add_8s_8s_8s_8s_8s_8s_17s_18_4_1_U240 | 1   |        | sext_ln50_359  | sext   | dsp58_dp  | 3       |
|    dsp_dotpra3add_8s_8s_8s_8s_8s_8s_17s_18_4_1_U241 | 1   |        | mul_ln50_359   | mul    | dsp58_dp  | 3       |
|    dsp_dotpra3add_8s_8s_8s_8s_8s_8s_17s_18_4_1_U241 | 1   |        | sext_ln50_360  | sext   | dsp58_dp  | 3       |
|    dsp_dotpra3_8s_8s_8s_8s_8s_8s_17_4_1_U116        | 1   |        | mul_ln50_360   | mul    | dsp58_dp  | 3       |
|    dsp_dotpra3_8s_8s_8s_8s_8s_8s_17_4_1_U116        | 1   |        | sext_ln50_361  | sext   | dsp58_dp  | 3       |
|    dsp_dotpra3add_8s_8s_8s_8s_8s_8s_17s_18_4_1_U176 | 1   |        | mul_ln50_361   | mul    | dsp58_dp  | 3       |
|    dsp_dotpra3add_8s_8s_8s_8s_8s_8s_17s_18_4_1_U176 | 1   |        | sext_ln50_362  | sext   | dsp58_dp  | 3       |
|    dsp_dotpra3add_8s_8s_8s_8s_8s_8s_17s_18_4_1_U242 | 1   |        | mul_ln50_362   | mul    | dsp58_dp  | 3       |
|    dsp_dotpra3add_8s_8s_8s_8s_8s_8s_17s_18_4_1_U242 | 1   |        | sext_ln50_363  | sext   | dsp58_dp  | 3       |
|    dsp_dotpra3_8s_8s_8s_8s_8s_8s_17_4_1_U35         | 1   |        | mul_ln50_363   | mul    | dsp58_dp  | 3       |
|    dsp_dotpra3_8s_8s_8s_8s_8s_8s_17_4_1_U35         | 1   |        | sext_ln50_364  | sext   | dsp58_dp  | 3       |
|    dsp_dotpra3add_8s_8s_8s_8s_8s_8s_17s_18_4_1_U192 | 1   |        | mul_ln50_364   | mul    | dsp58_dp  | 3       |
|    dsp_dotpra3add_8s_8s_8s_8s_8s_8s_17s_18_4_1_U192 | 1   |        | sext_ln50_365  | sext   | dsp58_dp  | 3       |
|    dsp_dotpra3add_8s_8s_8s_8s_8s_8s_17s_18_4_1_U225 | 1   |        | mul_ln50_365   | mul    | dsp58_dp  | 3       |
|    dsp_dotpra3add_8s_8s_8s_8s_8s_8s_17s_18_4_1_U225 | 1   |        | sext_ln50_366  | sext   | dsp58_dp  | 3       |
|    dsp_dotpra3add_8s_8s_8s_8s_8s_8s_17s_18_4_1_U152 | 1   |        | mul_ln50_366   | mul    | dsp58_dp  | 3       |
|    dsp_dotpra3add_8s_8s_8s_8s_8s_8s_17s_18_4_1_U152 | 1   |        | sext_ln50_367  | sext   | dsp58_dp  | 3       |
|    dsp_dotpra3add_8s_8s_8s_8s_8s_8s_17s_18_4_1_U200 | 1   |        | mul_ln50_367   | mul    | dsp58_dp  | 3       |
|    dsp_dotpra3add_8s_8s_8s_8s_8s_8s_17s_18_4_1_U200 | 1   |        | sext_ln50_368  | sext   | dsp58_dp  | 3       |
|    dsp_dotpra3add_8s_8s_8s_8s_8s_8s_17s_18_4_1_U161 | 1   |        | mul_ln50_368   | mul    | dsp58_dp  | 3       |
|    dsp_dotpra3add_8s_8s_8s_8s_8s_8s_17s_18_4_1_U161 | 1   |        | sext_ln50_369  | sext   | dsp58_dp  | 3       |
|    dsp_dotpra3_8s_8s_8s_8s_8s_8s_17_4_1_U19         | 1   |        | mul_ln50_369   | mul    | dsp58_dp  | 3       |
|    dsp_dotpra3_8s_8s_8s_8s_8s_8s_17_4_1_U19         | 1   |        | sext_ln50_370  | sext   | dsp58_dp  | 3       |
|    dsp_dotpra3_8s_8s_8s_8s_8s_8s_17_4_1_U117        | 1   |        | mul_ln50_370   | mul    | dsp58_dp  | 3       |
|    dsp_dotpra3_8s_8s_8s_8s_8s_8s_17_4_1_U117        | 1   |        | sext_ln50_371  | sext   | dsp58_dp  | 3       |
|    dsp_dotpra3add_8s_8s_8s_8s_8s_8s_17s_18_4_1_U243 | 1   |        | mul_ln50_371   | mul    | dsp58_dp  | 3       |
|    dsp_dotpra3add_8s_8s_8s_8s_8s_8s_17s_18_4_1_U243 | 1   |        | sext_ln50_372  | sext   | dsp58_dp  | 3       |
|    dsp_dotpra3_8s_8s_8s_8s_8s_8s_17_4_1_U9          | 1   |        | mul_ln50_372   | mul    | dsp58_dp  | 3       |
|    dsp_dotpra3_8s_8s_8s_8s_8s_8s_17_4_1_U9          | 1   |        | sext_ln50_373  | sext   | dsp58_dp  | 3       |
|    dsp_dotpra3add_8s_8s_8s_8s_8s_8s_17s_18_4_1_U244 | 1   |        | mul_ln50_373   | mul    | dsp58_dp  | 3       |
|    dsp_dotpra3add_8s_8s_8s_8s_8s_8s_17s_18_4_1_U244 | 1   |        | sext_ln50_374  | sext   | dsp58_dp  | 3       |
|    dsp_dotpra3_8s_8s_8s_8s_8s_8s_17_4_1_U65         | 1   |        | mul_ln50_374   | mul    | dsp58_dp  | 3       |
|    dsp_dotpra3_8s_8s_8s_8s_8s_8s_17_4_1_U65         | 1   |        | sext_ln50_375  | sext   | dsp58_dp  | 3       |
|    dsp_dotpra3_8s_8s_8s_8s_8s_8s_17_4_1_U118        | 1   |        | mul_ln50_375   | mul    | dsp58_dp  | 3       |
|    dsp_dotpra3_8s_8s_8s_8s_8s_8s_17_4_1_U118        | 1   |        | sext_ln50_376  | sext   | dsp58_dp  | 3       |
|    dsp_dotpra3add_8s_8s_8s_8s_8s_8s_17s_18_4_1_U245 | 1   |        | mul_ln50_376   | mul    | dsp58_dp  | 3       |
|    dsp_dotpra3add_8s_8s_8s_8s_8s_8s_17s_18_4_1_U245 | 1   |        | sext_ln50_377  | sext   | dsp58_dp  | 3       |
|    dsp_dotpra3_8s_8s_8s_8s_8s_8s_17_4_1_U10         | 1   |        | mul_ln50_377   | mul    | dsp58_dp  | 3       |
|    dsp_dotpra3_8s_8s_8s_8s_8s_8s_17_4_1_U10         | 1   |        | sext_ln50_378  | sext   | dsp58_dp  | 3       |
|    dsp_dotpra3add_8s_8s_8s_8s_8s_8s_17s_18_4_1_U138 | 1   |        | mul_ln50_378   | mul    | dsp58_dp  | 3       |
|    dsp_dotpra3add_8s_8s_8s_8s_8s_8s_17s_18_4_1_U138 | 1   |        | sext_ln50_379  | sext   | dsp58_dp  | 3       |
|    dsp_dotpra3add_8s_8s_8s_8s_8s_8s_17s_18_4_1_U208 | 1   |        | mul_ln50_379   | mul    | dsp58_dp  | 3       |
|    dsp_dotpra3add_8s_8s_8s_8s_8s_8s_17s_18_4_1_U208 | 1   |        | sext_ln50_380  | sext   | dsp58_dp  | 3       |
|    dsp_dotpra3add_8s_8s_8s_8s_8s_8s_17s_18_4_1_U224 | 1   |        | mul_ln50_380   | mul    | dsp58_dp  | 3       |
|    dsp_dotpra3add_8s_8s_8s_8s_8s_8s_17s_18_4_1_U224 | 1   |        | sext_ln50_381  | sext   | dsp58_dp  | 3       |
|    dsp_dotpra3add_8s_8s_8s_8s_8s_8s_17s_18_4_1_U167 | 1   |        | mul_ln50_381   | mul    | dsp58_dp  | 3       |
|    dsp_dotpra3add_8s_8s_8s_8s_8s_8s_17s_18_4_1_U167 | 1   |        | sext_ln50_382  | sext   | dsp58_dp  | 3       |
|    dsp_dotpra3_8s_8s_8s_8s_8s_8s_17_4_1_U112        | 1   |        | mul_ln50_382   | mul    | dsp58_dp  | 3       |
|    dsp_dotpra3_8s_8s_8s_8s_8s_8s_17_4_1_U112        | 1   |        | sext_ln50_383  | sext   | dsp58_dp  | 3       |
|    dsp_dotpra3add_8s_8s_8s_8s_8s_8s_17s_18_4_1_U246 | 1   |        | mul_ln50_383   | mul    | dsp58_dp  | 3       |
|    dsp_dotpra3add_8s_8s_8s_8s_8s_8s_17s_18_4_1_U246 | 1   |        | sext_ln50_384  | sext   | dsp58_dp  | 3       |
|    dsp_dotpra3_8s_8s_8s_8s_8s_8s_17_4_1_U20         | 1   |        | mul_ln50_384   | mul    | dsp58_dp  | 3       |
|    dsp_dotpra3_8s_8s_8s_8s_8s_8s_17_4_1_U20         | 1   |        | sext_ln50_385  | sext   | dsp58_dp  | 3       |
|    dsp_dotpra3add_8s_8s_8s_8s_8s_8s_17s_18_4_1_U182 | 1   |        | mul_ln50_385   | mul    | dsp58_dp  | 3       |
|    dsp_dotpra3add_8s_8s_8s_8s_8s_8s_17s_18_4_1_U182 | 1   |        | sext_ln50_386  | sext   | dsp58_dp  | 3       |
|    dsp_dotpra3add_8s_8s_8s_8s_8s_8s_17s_18_4_1_U181 | 1   |        | mul_ln50_386   | mul    | dsp58_dp  | 3       |
|    dsp_dotpra3add_8s_8s_8s_8s_8s_8s_17s_18_4_1_U181 | 1   |        | sext_ln50_387  | sext   | dsp58_dp  | 3       |
|    dsp_dotpra3_8s_8s_8s_8s_8s_8s_17_4_1_U86         | 1   |        | mul_ln50_387   | mul    | dsp58_dp  | 3       |
|    dsp_dotpra3_8s_8s_8s_8s_8s_8s_17_4_1_U86         | 1   |        | sext_ln50_388  | sext   | dsp58_dp  | 3       |
|    dsp_dotpra3_8s_8s_8s_8s_8s_8s_17_4_1_U119        | 1   |        | mul_ln50_388   | mul    | dsp58_dp  | 3       |
|    dsp_dotpra3_8s_8s_8s_8s_8s_8s_17_4_1_U119        | 1   |        | sext_ln50_389  | sext   | dsp58_dp  | 3       |
|    dsp_dotpra3_8s_8s_8s_8s_8s_8s_17_4_1_U119        | 1   |        | mul_ln50_389   | mul    | dsp58_dp  | 3       |
|    dsp_dotpra3_8s_8s_8s_8s_8s_8s_17_4_1_U119        | 1   |        | sext_ln50_390  | sext   | dsp58_dp  | 3       |
|    dsp_dotpra3add_8s_8s_8s_8s_8s_8s_17s_18_4_1_U172 | 1   |        | mul_ln50_390   | mul    | dsp58_dp  | 3       |
|    dsp_dotpra3add_8s_8s_8s_8s_8s_8s_17s_18_4_1_U172 | 1   |        | sext_ln50_391  | sext   | dsp58_dp  | 3       |
|    dsp_dotpra3_8s_8s_8s_8s_8s_8s_17_4_1_U119        | 1   |        | mul_ln50_391   | mul    | dsp58_dp  | 3       |
|    dsp_dotpra3_8s_8s_8s_8s_8s_8s_17_4_1_U119        | 1   |        | sext_ln50_392  | sext   | dsp58_dp  | 3       |
|    dsp_dotpra3_8s_8s_8s_8s_8s_8s_17_4_1_U38         | 1   |        | mul_ln50_392   | mul    | dsp58_dp  | 3       |
|    dsp_dotpra3_8s_8s_8s_8s_8s_8s_17_4_1_U38         | 1   |        | sext_ln50_393  | sext   | dsp58_dp  | 3       |
|    dsp_dotpra3_8s_8s_8s_8s_8s_8s_17_4_1_U32         | 1   |        | mul_ln50_393   | mul    | dsp58_dp  | 3       |
|    dsp_dotpra3_8s_8s_8s_8s_8s_8s_17_4_1_U32         | 1   |        | sext_ln50_394  | sext   | dsp58_dp  | 3       |
|    dsp_dotpra3_8s_8s_8s_8s_8s_8s_17_4_1_U56         | 1   |        | mul_ln50_394   | mul    | dsp58_dp  | 3       |
|    dsp_dotpra3_8s_8s_8s_8s_8s_8s_17_4_1_U56         | 1   |        | sext_ln50_395  | sext   | dsp58_dp  | 3       |
|    dsp_dotpra3add_8s_8s_8s_8s_8s_8s_17s_18_4_1_U237 | 1   |        | mul_ln50_395   | mul    | dsp58_dp  | 3       |
|    dsp_dotpra3add_8s_8s_8s_8s_8s_8s_17s_18_4_1_U237 | 1   |        | sext_ln50_396  | sext   | dsp58_dp  | 3       |
|    dsp_dotpra3add_8s_8s_8s_8s_8s_8s_17s_18_4_1_U231 | 1   |        | mul_ln50_396   | mul    | dsp58_dp  | 3       |
|    dsp_dotpra3add_8s_8s_8s_8s_8s_8s_17s_18_4_1_U231 | 1   |        | sext_ln50_397  | sext   | dsp58_dp  | 3       |
|    dsp_dotpra3_8s_8s_8s_8s_8s_8s_17_4_1_U120        | 1   |        | mul_ln50_397   | mul    | dsp58_dp  | 3       |
|    dsp_dotpra3_8s_8s_8s_8s_8s_8s_17_4_1_U120        | 1   |        | sext_ln50_398  | sext   | dsp58_dp  | 3       |
|    dsp_dotpra3_8s_8s_8s_8s_8s_8s_17_4_1_U13         | 1   |        | mul_ln50_398   | mul    | dsp58_dp  | 3       |
|    dsp_dotpra3_8s_8s_8s_8s_8s_8s_17_4_1_U13         | 1   |        | sext_ln50_399  | sext   | dsp58_dp  | 3       |
|    dsp_dotpra3add_8s_8s_8s_8s_8s_8s_17s_18_4_1_U169 | 1   |        | mul_ln50_399   | mul    | dsp58_dp  | 3       |
|    dsp_dotpra3add_8s_8s_8s_8s_8s_8s_17s_18_4_1_U169 | 1   |        | sext_ln50_400  | sext   | dsp58_dp  | 3       |
|    dsp_dotpra3add_8s_8s_8s_8s_8s_8s_17s_18_4_1_U240 | 1   |        | mul_ln50_400   | mul    | dsp58_dp  | 3       |
|    dsp_dotpra3add_8s_8s_8s_8s_8s_8s_17s_18_4_1_U240 | 1   |        | sext_ln50_401  | sext   | dsp58_dp  | 3       |
|    dsp_dotpra3_8s_8s_8s_8s_8s_8s_17_4_1_U75         | 1   |        | mul_ln50_401   | mul    | dsp58_dp  | 3       |
|    dsp_dotpra3_8s_8s_8s_8s_8s_8s_17_4_1_U75         | 1   |        | sext_ln50_402  | sext   | dsp58_dp  | 3       |
|    dsp_dotpra3_8s_8s_8s_8s_8s_8s_17_4_1_U121        | 1   |        | mul_ln50_402   | mul    | dsp58_dp  | 3       |
|    dsp_dotpra3_8s_8s_8s_8s_8s_8s_17_4_1_U121        | 1   |        | sext_ln50_403  | sext   | dsp58_dp  | 3       |
|    dsp_dotpra3add_8s_8s_8s_8s_8s_8s_17s_18_4_1_U247 | 1   |        | mul_ln50_403   | mul    | dsp58_dp  | 3       |
|    dsp_dotpra3add_8s_8s_8s_8s_8s_8s_17s_18_4_1_U247 | 1   |        | sext_ln50_404  | sext   | dsp58_dp  | 3       |
|    dsp_dotpra3_8s_8s_8s_8s_8s_8s_17_4_1_U17         | 1   |        | mul_ln50_404   | mul    | dsp58_dp  | 3       |
|    dsp_dotpra3_8s_8s_8s_8s_8s_8s_17_4_1_U17         | 1   |        | sext_ln50_405  | sext   | dsp58_dp  | 3       |
|    dsp_dotpra3_8s_8s_8s_8s_8s_8s_17_4_1_U85         | 1   |        | mul_ln50_405   | mul    | dsp58_dp  | 3       |
|    dsp_dotpra3_8s_8s_8s_8s_8s_8s_17_4_1_U85         | 1   |        | sext_ln50_406  | sext   | dsp58_dp  | 3       |
|    dsp_dotpra3_8s_8s_8s_8s_8s_8s_17_4_1_U53         | 1   |        | mul_ln50_406   | mul    | dsp58_dp  | 3       |
|    dsp_dotpra3_8s_8s_8s_8s_8s_8s_17_4_1_U53         | 1   |        | sext_ln50_407  | sext   | dsp58_dp  | 3       |
|    dsp_dotpra3add_8s_8s_8s_8s_8s_8s_17s_18_4_1_U242 | 1   |        | mul_ln50_407   | mul    | dsp58_dp  | 3       |
|    dsp_dotpra3add_8s_8s_8s_8s_8s_8s_17s_18_4_1_U242 | 1   |        | sext_ln50_408  | sext   | dsp58_dp  | 3       |
|    dsp_dotpra3add_8s_8s_8s_8s_8s_8s_17s_18_4_1_U168 | 1   |        | mul_ln50_408   | mul    | dsp58_dp  | 3       |
|    dsp_dotpra3add_8s_8s_8s_8s_8s_8s_17s_18_4_1_U168 | 1   |        | sext_ln50_409  | sext   | dsp58_dp  | 3       |
|    dsp_dotpra3add_8s_8s_8s_8s_8s_8s_17s_18_4_1_U248 | 1   |        | mul_ln50_409   | mul    | dsp58_dp  | 3       |
|    dsp_dotpra3add_8s_8s_8s_8s_8s_8s_17s_18_4_1_U248 | 1   |        | sext_ln50_410  | sext   | dsp58_dp  | 3       |
|    dsp_dotpra3add_8s_8s_8s_8s_8s_8s_17s_18_4_1_U233 | 1   |        | mul_ln50_410   | mul    | dsp58_dp  | 3       |
|    dsp_dotpra3add_8s_8s_8s_8s_8s_8s_17s_18_4_1_U233 | 1   |        | sext_ln50_411  | sext   | dsp58_dp  | 3       |
|    dsp_dotpra3_8s_8s_8s_8s_8s_8s_17_4_1_U105        | 1   |        | mul_ln50_411   | mul    | dsp58_dp  | 3       |
|    dsp_dotpra3_8s_8s_8s_8s_8s_8s_17_4_1_U105        | 1   |        | sext_ln50_412  | sext   | dsp58_dp  | 3       |
|    dsp_dotpra3add_8s_8s_8s_8s_8s_8s_17s_18_4_1_U166 | 1   |        | mul_ln50_412   | mul    | dsp58_dp  | 3       |
|    dsp_dotpra3add_8s_8s_8s_8s_8s_8s_17s_18_4_1_U166 | 1   |        | sext_ln50_413  | sext   | dsp58_dp  | 3       |
|    dsp_dotpra3_8s_8s_8s_8s_8s_8s_17_4_1_U83         | 1   |        | mul_ln50_413   | mul    | dsp58_dp  | 3       |
|    dsp_dotpra3_8s_8s_8s_8s_8s_8s_17_4_1_U83         | 1   |        | sext_ln50_414  | sext   | dsp58_dp  | 3       |
|    dsp_dotpra3add_8s_8s_8s_8s_8s_8s_17s_18_4_1_U164 | 1   |        | mul_ln50_414   | mul    | dsp58_dp  | 3       |
|    dsp_dotpra3add_8s_8s_8s_8s_8s_8s_17s_18_4_1_U164 | 1   |        | sext_ln50_415  | sext   | dsp58_dp  | 3       |
|    dsp_dotpra3_8s_8s_8s_8s_8s_8s_17_4_1_U112        | 1   |        | mul_ln50_415   | mul    | dsp58_dp  | 3       |
|    dsp_dotpra3_8s_8s_8s_8s_8s_8s_17_4_1_U112        | 1   |        | sext_ln50_416  | sext   | dsp58_dp  | 3       |
|    dsp_dotpra3_8s_8s_8s_8s_8s_8s_17_4_1_U103        | 1   |        | mul_ln50_416   | mul    | dsp58_dp  | 3       |
|    dsp_dotpra3_8s_8s_8s_8s_8s_8s_17_4_1_U103        | 1   |        | sext_ln50_417  | sext   | dsp58_dp  | 3       |
|    dsp_dotpra3add_8s_8s_8s_8s_8s_8s_17s_18_4_1_U209 | 1   |        | mul_ln50_417   | mul    | dsp58_dp  | 3       |
|    dsp_dotpra3add_8s_8s_8s_8s_8s_8s_17s_18_4_1_U209 | 1   |        | sext_ln50_418  | sext   | dsp58_dp  | 3       |
|    dsp_dotpra3_8s_8s_8s_8s_8s_8s_17_4_1_U66         | 1   |        | mul_ln50_418   | mul    | dsp58_dp  | 3       |
|    dsp_dotpra3_8s_8s_8s_8s_8s_8s_17_4_1_U66         | 1   |        | sext_ln50_419  | sext   | dsp58_dp  | 3       |
|    dsp_dotpra3add_8s_8s_8s_8s_8s_8s_17s_18_4_1_U199 | 1   |        | mul_ln50_419   | mul    | dsp58_dp  | 3       |
|    dsp_dotpra3add_8s_8s_8s_8s_8s_8s_17s_18_4_1_U199 | 1   |        | sext_ln50_420  | sext   | dsp58_dp  | 3       |
|    dsp_dotpra3add_8s_8s_8s_8s_8s_8s_17s_18_4_1_U249 | 1   |        | mul_ln50_420   | mul    | dsp58_dp  | 3       |
|    dsp_dotpra3add_8s_8s_8s_8s_8s_8s_17s_18_4_1_U249 | 1   |        | sext_ln50_421  | sext   | dsp58_dp  | 3       |
|    dsp_dotpra3add_8s_8s_8s_8s_8s_8s_17s_18_4_1_U207 | 1   |        | mul_ln50_421   | mul    | dsp58_dp  | 3       |
|    dsp_dotpra3add_8s_8s_8s_8s_8s_8s_17s_18_4_1_U207 | 1   |        | sext_ln50_422  | sext   | dsp58_dp  | 3       |
|    dsp_dotpra3add_8s_8s_8s_8s_8s_8s_17s_18_4_1_U230 | 1   |        | mul_ln50_422   | mul    | dsp58_dp  | 3       |
|    dsp_dotpra3add_8s_8s_8s_8s_8s_8s_17s_18_4_1_U230 | 1   |        | sext_ln50_423  | sext   | dsp58_dp  | 3       |
|    dsp_dotpra3add_8s_8s_8s_8s_8s_8s_17s_18_4_1_U188 | 1   |        | mul_ln50_423   | mul    | dsp58_dp  | 3       |
|    dsp_dotpra3add_8s_8s_8s_8s_8s_8s_17s_18_4_1_U188 | 1   |        | sext_ln50_424  | sext   | dsp58_dp  | 3       |
|    dsp_dotpra3add_8s_8s_8s_8s_8s_8s_17s_18_4_1_U158 | 1   |        | mul_ln50_424   | mul    | dsp58_dp  | 3       |
|    dsp_dotpra3add_8s_8s_8s_8s_8s_8s_17s_18_4_1_U158 | 1   |        | sext_ln50_425  | sext   | dsp58_dp  | 3       |
|    dsp_dotpra3add_8s_8s_8s_8s_8s_8s_17s_18_4_1_U138 | 1   |        | mul_ln50_425   | mul    | dsp58_dp  | 3       |
|    dsp_dotpra3add_8s_8s_8s_8s_8s_8s_17s_18_4_1_U138 | 1   |        | sext_ln50_426  | sext   | dsp58_dp  | 3       |
|    dsp_dotpra3_8s_8s_8s_8s_8s_8s_17_4_1_U23         | 1   |        | mul_ln50_426   | mul    | dsp58_dp  | 3       |
|    dsp_dotpra3_8s_8s_8s_8s_8s_8s_17_4_1_U23         | 1   |        | sext_ln50_427  | sext   | dsp58_dp  | 3       |
|    dsp_dotpra3add_8s_8s_8s_8s_8s_8s_17s_18_4_1_U239 | 1   |        | mul_ln50_427   | mul    | dsp58_dp  | 3       |
|    dsp_dotpra3add_8s_8s_8s_8s_8s_8s_17s_18_4_1_U239 | 1   |        | sext_ln50_428  | sext   | dsp58_dp  | 3       |
|    dsp_dotpra3add_8s_8s_8s_8s_8s_8s_17s_18_4_1_U220 | 1   |        | mul_ln50_428   | mul    | dsp58_dp  | 3       |
|    dsp_dotpra3add_8s_8s_8s_8s_8s_8s_17s_18_4_1_U220 | 1   |        | sext_ln50_429  | sext   | dsp58_dp  | 3       |
|    dsp_dotpra3add_8s_8s_8s_8s_8s_8s_17s_18_4_1_U223 | 1   |        | mul_ln50_429   | mul    | dsp58_dp  | 3       |
|    dsp_dotpra3add_8s_8s_8s_8s_8s_8s_17s_18_4_1_U223 | 1   |        | sext_ln50_430  | sext   | dsp58_dp  | 3       |
|    dsp_dotpra3_8s_8s_8s_8s_8s_8s_17_4_1_U111        | 1   |        | mul_ln50_430   | mul    | dsp58_dp  | 3       |
|    dsp_dotpra3_8s_8s_8s_8s_8s_8s_17_4_1_U111        | 1   |        | sext_ln50_431  | sext   | dsp58_dp  | 3       |
|    dsp_dotpra3add_8s_8s_8s_8s_8s_8s_17s_18_4_1_U203 | 1   |        | mul_ln50_431   | mul    | dsp58_dp  | 3       |
|    dsp_dotpra3add_8s_8s_8s_8s_8s_8s_17s_18_4_1_U203 | 1   |        | sext_ln50_432  | sext   | dsp58_dp  | 3       |
|    dsp_dotpra3_8s_8s_8s_8s_8s_8s_17_4_1_U69         | 1   |        | mul_ln50_432   | mul    | dsp58_dp  | 3       |
|    dsp_dotpra3_8s_8s_8s_8s_8s_8s_17_4_1_U69         | 1   |        | sext_ln50_433  | sext   | dsp58_dp  | 3       |
|    dsp_dotpra3_8s_8s_8s_8s_8s_8s_17_4_1_U90         | 1   |        | mul_ln50_433   | mul    | dsp58_dp  | 3       |
|    dsp_dotpra3_8s_8s_8s_8s_8s_8s_17_4_1_U90         | 1   |        | sext_ln50_434  | sext   | dsp58_dp  | 3       |
|    dsp_dotpra3add_8s_8s_8s_8s_8s_8s_17s_18_4_1_U195 | 1   |        | mul_ln50_434   | mul    | dsp58_dp  | 3       |
|    dsp_dotpra3add_8s_8s_8s_8s_8s_8s_17s_18_4_1_U195 | 1   |        | sext_ln50_435  | sext   | dsp58_dp  | 3       |
|    dsp_dotpra3_8s_8s_8s_8s_8s_8s_17_4_1_U117        | 1   |        | mul_ln50_435   | mul    | dsp58_dp  | 3       |
|    dsp_dotpra3_8s_8s_8s_8s_8s_8s_17_4_1_U117        | 1   |        | sext_ln50_436  | sext   | dsp58_dp  | 3       |
|    dsp_dotpra3_8s_8s_8s_8s_8s_8s_17_4_1_U118        | 1   |        | mul_ln50_436   | mul    | dsp58_dp  | 3       |
|    dsp_dotpra3_8s_8s_8s_8s_8s_8s_17_4_1_U118        | 1   |        | sext_ln50_437  | sext   | dsp58_dp  | 3       |
|    dsp_dotpra3_8s_8s_8s_8s_8s_8s_17_4_1_U110        | 1   |        | mul_ln50_437   | mul    | dsp58_dp  | 3       |
|    dsp_dotpra3_8s_8s_8s_8s_8s_8s_17_4_1_U110        | 1   |        | sext_ln50_438  | sext   | dsp58_dp  | 3       |
|    dsp_dotpra3_8s_8s_8s_8s_8s_8s_17_4_1_U39         | 1   |        | mul_ln50_438   | mul    | dsp58_dp  | 3       |
|    dsp_dotpra3_8s_8s_8s_8s_8s_8s_17_4_1_U39         | 1   |        | sext_ln50_439  | sext   | dsp58_dp  | 3       |
|    dsp_dotpra3_8s_8s_8s_8s_8s_8s_17_4_1_U64         | 1   |        | mul_ln50_439   | mul    | dsp58_dp  | 3       |
|    dsp_dotpra3_8s_8s_8s_8s_8s_8s_17_4_1_U64         | 1   |        | sext_ln50_440  | sext   | dsp58_dp  | 3       |
|    dsp_dotpra3_8s_8s_8s_8s_8s_8s_17_4_1_U122        | 1   |        | mul_ln50_440   | mul    | dsp58_dp  | 3       |
|    dsp_dotpra3_8s_8s_8s_8s_8s_8s_17_4_1_U122        | 1   |        | sext_ln50_441  | sext   | dsp58_dp  | 3       |
|    dsp_dotpra3_8s_8s_8s_8s_8s_8s_17_4_1_U123        | 1   |        | mul_ln50_441   | mul    | dsp58_dp  | 3       |
|    dsp_dotpra3_8s_8s_8s_8s_8s_8s_17_4_1_U123        | 1   |        | sext_ln50_442  | sext   | dsp58_dp  | 3       |
|    dsp_dotpra3_8s_8s_8s_8s_8s_8s_17_4_1_U104        | 1   |        | mul_ln50_442   | mul    | dsp58_dp  | 3       |
|    dsp_dotpra3_8s_8s_8s_8s_8s_8s_17_4_1_U104        | 1   |        | sext_ln50_443  | sext   | dsp58_dp  | 3       |
|    dsp_dotpra3add_8s_8s_8s_8s_8s_8s_17s_18_4_1_U170 | 1   |        | mul_ln50_443   | mul    | dsp58_dp  | 3       |
|    dsp_dotpra3add_8s_8s_8s_8s_8s_8s_17s_18_4_1_U170 | 1   |        | sext_ln50_444  | sext   | dsp58_dp  | 3       |
|    dsp_dotpra3add_8s_8s_8s_8s_8s_8s_17s_18_4_1_U240 | 1   |        | mul_ln50_444   | mul    | dsp58_dp  | 3       |
|    dsp_dotpra3add_8s_8s_8s_8s_8s_8s_17s_18_4_1_U240 | 1   |        | sext_ln50_445  | sext   | dsp58_dp  | 3       |
|    dsp_dotpra3_8s_8s_8s_8s_8s_8s_17_4_1_U124        | 1   |        | mul_ln50_445   | mul    | dsp58_dp  | 3       |
|    dsp_dotpra3_8s_8s_8s_8s_8s_8s_17_4_1_U124        | 1   |        | sext_ln50_446  | sext   | dsp58_dp  | 3       |
|    dsp_dotpra3add_8s_8s_8s_8s_8s_8s_17s_18_4_1_U190 | 1   |        | mul_ln50_446   | mul    | dsp58_dp  | 3       |
|    dsp_dotpra3add_8s_8s_8s_8s_8s_8s_17s_18_4_1_U190 | 1   |        | sext_ln50_447  | sext   | dsp58_dp  | 3       |
|    dsp_dotpra3_8s_8s_8s_8s_8s_8s_17_4_1_U76         | 1   |        | mul_ln50_447   | mul    | dsp58_dp  | 3       |
|    dsp_dotpra3_8s_8s_8s_8s_8s_8s_17_4_1_U76         | 1   |        | sext_ln50_448  | sext   | dsp58_dp  | 3       |
|    dsp_dotpra3add_8s_8s_8s_8s_8s_8s_17s_18_4_1_U197 | 1   |        | mul_ln50_448   | mul    | dsp58_dp  | 3       |
|    dsp_dotpra3add_8s_8s_8s_8s_8s_8s_17s_18_4_1_U197 | 1   |        | sext_ln50_449  | sext   | dsp58_dp  | 3       |
|    dsp_dotpra3add_8s_8s_8s_8s_8s_8s_17s_18_4_1_U244 | 1   |        | mul_ln50_449   | mul    | dsp58_dp  | 3       |
|    dsp_dotpra3add_8s_8s_8s_8s_8s_8s_17s_18_4_1_U244 | 1   |        | sext_ln50_450  | sext   | dsp58_dp  | 3       |
|    dsp_dotpra3add_8s_8s_8s_8s_8s_8s_17s_18_4_1_U250 | 1   |        | mul_ln50_450   | mul    | dsp58_dp  | 3       |
|    dsp_dotpra3add_8s_8s_8s_8s_8s_8s_17s_18_4_1_U250 | 1   |        | sext_ln50_451  | sext   | dsp58_dp  | 3       |
|    dsp_dotpra3_8s_8s_8s_8s_8s_8s_17_4_1_U82         | 1   |        | mul_ln50_451   | mul    | dsp58_dp  | 3       |
|    dsp_dotpra3_8s_8s_8s_8s_8s_8s_17_4_1_U82         | 1   |        | sext_ln50_452  | sext   | dsp58_dp  | 3       |
|    dsp_dotpra3add_8s_8s_8s_8s_8s_8s_17s_18_4_1_U251 | 1   |        | mul_ln50_452   | mul    | dsp58_dp  | 3       |
|    dsp_dotpra3add_8s_8s_8s_8s_8s_8s_17s_18_4_1_U251 | 1   |        | sext_ln50_453  | sext   | dsp58_dp  | 3       |
|    dsp_dotpra3add_8s_8s_8s_8s_8s_8s_17s_18_4_1_U216 | 1   |        | mul_ln50_453   | mul    | dsp58_dp  | 3       |
|    dsp_dotpra3add_8s_8s_8s_8s_8s_8s_17s_18_4_1_U216 | 1   |        | sext_ln50_454  | sext   | dsp58_dp  | 3       |
|    dsp_dotpra3add_8s_8s_8s_8s_8s_8s_17s_18_4_1_U248 | 1   |        | mul_ln50_454   | mul    | dsp58_dp  | 3       |
|    dsp_dotpra3add_8s_8s_8s_8s_8s_8s_17s_18_4_1_U248 | 1   |        | sext_ln50_455  | sext   | dsp58_dp  | 3       |
|    dsp_dotpra3add_8s_8s_8s_8s_8s_8s_17s_18_4_1_U210 | 1   |        | mul_ln50_455   | mul    | dsp58_dp  | 3       |
|    dsp_dotpra3add_8s_8s_8s_8s_8s_8s_17s_18_4_1_U210 | 1   |        | sext_ln50_456  | sext   | dsp58_dp  | 3       |
|    dsp_dotpra3add_8s_8s_8s_8s_8s_8s_17s_18_4_1_U170 | 1   |        | mul_ln50_456   | mul    | dsp58_dp  | 3       |
|    dsp_dotpra3add_8s_8s_8s_8s_8s_8s_17s_18_4_1_U170 | 1   |        | sext_ln50_457  | sext   | dsp58_dp  | 3       |
|    dsp_dotpra3add_8s_8s_8s_8s_8s_8s_17s_18_4_1_U232 | 1   |        | mul_ln50_457   | mul    | dsp58_dp  | 3       |
|    dsp_dotpra3add_8s_8s_8s_8s_8s_8s_17s_18_4_1_U232 | 1   |        | sext_ln50_458  | sext   | dsp58_dp  | 3       |
|    dsp_dotpra3add_8s_8s_8s_8s_8s_8s_17s_18_4_1_U196 | 1   |        | mul_ln50_458   | mul    | dsp58_dp  | 3       |
|    dsp_dotpra3add_8s_8s_8s_8s_8s_8s_17s_18_4_1_U196 | 1   |        | sext_ln50_459  | sext   | dsp58_dp  | 3       |
|    dsp_dotpra3add_8s_8s_8s_8s_8s_8s_17s_18_4_1_U247 | 1   |        | mul_ln50_459   | mul    | dsp58_dp  | 3       |
|    dsp_dotpra3add_8s_8s_8s_8s_8s_8s_17s_18_4_1_U247 | 1   |        | sext_ln50_460  | sext   | dsp58_dp  | 3       |
|    dsp_dotpra3add_8s_8s_8s_8s_8s_8s_17s_18_4_1_U242 | 1   |        | mul_ln50_460   | mul    | dsp58_dp  | 3       |
|    dsp_dotpra3add_8s_8s_8s_8s_8s_8s_17s_18_4_1_U242 | 1   |        | sext_ln50_461  | sext   | dsp58_dp  | 3       |
|    dsp_dotpra3_8s_8s_8s_8s_8s_8s_17_4_1_U50         | 1   |        | mul_ln50_461   | mul    | dsp58_dp  | 3       |
|    dsp_dotpra3_8s_8s_8s_8s_8s_8s_17_4_1_U50         | 1   |        | sext_ln50_462  | sext   | dsp58_dp  | 3       |
|    dsp_dotpra3add_8s_8s_8s_8s_8s_8s_17s_18_4_1_U252 | 1   |        | mul_ln50_462   | mul    | dsp58_dp  | 3       |
|    dsp_dotpra3add_8s_8s_8s_8s_8s_8s_17s_18_4_1_U252 | 1   |        | sext_ln50_463  | sext   | dsp58_dp  | 3       |
|    dsp_dotpra3_8s_8s_8s_8s_8s_8s_17_4_1_U121        | 1   |        | mul_ln50_463   | mul    | dsp58_dp  | 3       |
|    dsp_dotpra3_8s_8s_8s_8s_8s_8s_17_4_1_U121        | 1   |        | sext_ln50_464  | sext   | dsp58_dp  | 3       |
|    dsp_dotpra3_8s_8s_8s_8s_8s_8s_17_4_1_U77         | 1   |        | mul_ln50_464   | mul    | dsp58_dp  | 3       |
|    dsp_dotpra3_8s_8s_8s_8s_8s_8s_17_4_1_U77         | 1   |        | sext_ln50_465  | sext   | dsp58_dp  | 3       |
|    dsp_dotpra3_8s_8s_8s_8s_8s_8s_17_4_1_U107        | 1   |        | mul_ln50_465   | mul    | dsp58_dp  | 3       |
|    dsp_dotpra3_8s_8s_8s_8s_8s_8s_17_4_1_U107        | 1   |        | sext_ln50_466  | sext   | dsp58_dp  | 3       |
|    dsp_dotpra3add_8s_8s_8s_8s_8s_8s_17s_18_4_1_U221 | 1   |        | mul_ln50_466   | mul    | dsp58_dp  | 3       |
|    dsp_dotpra3add_8s_8s_8s_8s_8s_8s_17s_18_4_1_U221 | 1   |        | sext_ln50_467  | sext   | dsp58_dp  | 3       |
|    dsp_dotpra3add_8s_8s_8s_8s_8s_8s_17s_18_4_1_U251 | 1   |        | mul_ln50_467   | mul    | dsp58_dp  | 3       |
|    dsp_dotpra3add_8s_8s_8s_8s_8s_8s_17s_18_4_1_U251 | 1   |        | sext_ln50_468  | sext   | dsp58_dp  | 3       |
|    dsp_dotpra3_8s_8s_8s_8s_8s_8s_17_4_1_U20         | 1   |        | mul_ln50_468   | mul    | dsp58_dp  | 3       |
|    dsp_dotpra3_8s_8s_8s_8s_8s_8s_17_4_1_U20         | 1   |        | sext_ln50_469  | sext   | dsp58_dp  | 3       |
|    dsp_dotpra3add_8s_8s_8s_8s_8s_8s_17s_18_4_1_U211 | 1   |        | mul_ln50_469   | mul    | dsp58_dp  | 3       |
|    dsp_dotpra3add_8s_8s_8s_8s_8s_8s_17s_18_4_1_U211 | 1   |        | sext_ln50_470  | sext   | dsp58_dp  | 3       |
|    dsp_dotpra3add_8s_8s_8s_8s_8s_8s_17s_18_4_1_U237 | 1   |        | mul_ln50_470   | mul    | dsp58_dp  | 3       |
|    dsp_dotpra3add_8s_8s_8s_8s_8s_8s_17s_18_4_1_U237 | 1   |        | sext_ln50_471  | sext   | dsp58_dp  | 3       |
|    dsp_dotpra3add_8s_8s_8s_8s_8s_8s_17s_18_4_1_U194 | 1   |        | mul_ln50_471   | mul    | dsp58_dp  | 3       |
|    dsp_dotpra3add_8s_8s_8s_8s_8s_8s_17s_18_4_1_U194 | 1   |        | sext_ln50_472  | sext   | dsp58_dp  | 3       |
|    dsp_dotpra3_8s_8s_8s_8s_8s_8s_17_4_1_U91         | 1   |        | mul_ln50_472   | mul    | dsp58_dp  | 3       |
|    dsp_dotpra3_8s_8s_8s_8s_8s_8s_17_4_1_U91         | 1   |        | sext_ln50_473  | sext   | dsp58_dp  | 3       |
|    dsp_dotpra3_8s_8s_8s_8s_8s_8s_17_4_1_U125        | 1   |        | mul_ln50_473   | mul    | dsp58_dp  | 3       |
|    dsp_dotpra3_8s_8s_8s_8s_8s_8s_17_4_1_U125        | 1   |        | sext_ln50_474  | sext   | dsp58_dp  | 3       |
|    dsp_dotpra3add_8s_8s_8s_8s_8s_8s_17s_18_4_1_U142 | 1   |        | mul_ln50_474   | mul    | dsp58_dp  | 3       |
|    dsp_dotpra3add_8s_8s_8s_8s_8s_8s_17s_18_4_1_U142 | 1   |        | sext_ln50_475  | sext   | dsp58_dp  | 3       |
|    dsp_dotpra3_8s_8s_8s_8s_8s_8s_17_4_1_U15         | 1   |        | mul_ln50_475   | mul    | dsp58_dp  | 3       |
|    dsp_dotpra3_8s_8s_8s_8s_8s_8s_17_4_1_U15         | 1   |        | sext_ln50_476  | sext   | dsp58_dp  | 3       |
|    dsp_dotpra3add_8s_8s_8s_8s_8s_8s_17s_18_4_1_U251 | 1   |        | mul_ln50_476   | mul    | dsp58_dp  | 3       |
|    dsp_dotpra3add_8s_8s_8s_8s_8s_8s_17s_18_4_1_U251 | 1   |        | sext_ln50_477  | sext   | dsp58_dp  | 3       |
|    dsp_dotpra3add_8s_8s_8s_8s_8s_8s_17s_18_4_1_U158 | 1   |        | mul_ln50_477   | mul    | dsp58_dp  | 3       |
|    dsp_dotpra3add_8s_8s_8s_8s_8s_8s_17s_18_4_1_U158 | 1   |        | sext_ln50_478  | sext   | dsp58_dp  | 3       |
|    dsp_dotpra3_8s_8s_8s_8s_8s_8s_17_4_1_U29         | 1   |        | mul_ln50_478   | mul    | dsp58_dp  | 3       |
|    dsp_dotpra3_8s_8s_8s_8s_8s_8s_17_4_1_U29         | 1   |        | sext_ln50_479  | sext   | dsp58_dp  | 3       |
|    dsp_dotpra3add_8s_8s_8s_8s_8s_8s_17s_18_4_1_U253 | 1   |        | mul_ln50_479   | mul    | dsp58_dp  | 3       |
|    dsp_dotpra3add_8s_8s_8s_8s_8s_8s_17s_18_4_1_U253 | 1   |        | sext_ln50_480  | sext   | dsp58_dp  | 3       |
|    dsp_dotpra3add_8s_8s_8s_8s_8s_8s_17s_18_4_1_U246 | 1   |        | mul_ln50_480   | mul    | dsp58_dp  | 3       |
|    dsp_dotpra3add_8s_8s_8s_8s_8s_8s_17s_18_4_1_U246 | 1   |        | sext_ln50_481  | sext   | dsp58_dp  | 3       |
|    dsp_dotpra3_8s_8s_8s_8s_8s_8s_17_4_1_U126        | 1   |        | mul_ln50_481   | mul    | dsp58_dp  | 3       |
|    dsp_dotpra3_8s_8s_8s_8s_8s_8s_17_4_1_U126        | 1   |        | sext_ln50_482  | sext   | dsp58_dp  | 3       |
|    dsp_dotpra3add_8s_8s_8s_8s_8s_8s_17s_18_4_1_U254 | 1   |        | mul_ln50_482   | mul    | dsp58_dp  | 3       |
|    dsp_dotpra3add_8s_8s_8s_8s_8s_8s_17s_18_4_1_U254 | 1   |        | sext_ln50_483  | sext   | dsp58_dp  | 3       |
|    dsp_dotpra3_8s_8s_8s_8s_8s_8s_17_4_1_U125        | 1   |        | mul_ln50_483   | mul    | dsp58_dp  | 3       |
|    dsp_dotpra3_8s_8s_8s_8s_8s_8s_17_4_1_U125        | 1   |        | sext_ln50_484  | sext   | dsp58_dp  | 3       |
|    dsp_dotpra3add_8s_8s_8s_8s_8s_8s_17s_18_4_1_U250 | 1   |        | mul_ln50_484   | mul    | dsp58_dp  | 3       |
|    dsp_dotpra3add_8s_8s_8s_8s_8s_8s_17s_18_4_1_U250 | 1   |        | sext_ln50_485  | sext   | dsp58_dp  | 3       |
|    dsp_dotpra3add_8s_8s_8s_8s_8s_8s_17s_18_4_1_U186 | 1   |        | mul_ln50_485   | mul    | dsp58_dp  | 3       |
|    dsp_dotpra3add_8s_8s_8s_8s_8s_8s_17s_18_4_1_U186 | 1   |        | sext_ln50_486  | sext   | dsp58_dp  | 3       |
|    dsp_dotpra3_8s_8s_8s_8s_8s_8s_17_4_1_U84         | 1   |        | mul_ln50_486   | mul    | dsp58_dp  | 3       |
|    dsp_dotpra3_8s_8s_8s_8s_8s_8s_17_4_1_U84         | 1   |        | sext_ln50_487  | sext   | dsp58_dp  | 3       |
|    dsp_dotpra3add_8s_8s_8s_8s_8s_8s_17s_18_4_1_U173 | 1   |        | mul_ln50_487   | mul    | dsp58_dp  | 3       |
|    dsp_dotpra3add_8s_8s_8s_8s_8s_8s_17s_18_4_1_U173 | 1   |        | sext_ln50_488  | sext   | dsp58_dp  | 3       |
|    dsp_dotpra3add_8s_8s_8s_8s_8s_8s_17s_18_4_1_U178 | 1   |        | mul_ln50_488   | mul    | dsp58_dp  | 3       |
|    dsp_dotpra3add_8s_8s_8s_8s_8s_8s_17s_18_4_1_U178 | 1   |        | sext_ln50_489  | sext   | dsp58_dp  | 3       |
|    dsp_dotpra3add_8s_8s_8s_8s_8s_8s_17s_18_4_1_U212 | 1   |        | mul_ln50_489   | mul    | dsp58_dp  | 3       |
|    dsp_dotpra3add_8s_8s_8s_8s_8s_8s_17s_18_4_1_U212 | 1   |        | sext_ln50_490  | sext   | dsp58_dp  | 3       |
|    dsp_dotpra3_8s_8s_8s_8s_8s_8s_17_4_1_U52         | 1   |        | mul_ln50_490   | mul    | dsp58_dp  | 3       |
|    dsp_dotpra3_8s_8s_8s_8s_8s_8s_17_4_1_U52         | 1   |        | sext_ln50_491  | sext   | dsp58_dp  | 3       |
|    dsp_dotpra3add_8s_8s_8s_8s_8s_8s_17s_18_4_1_U218 | 1   |        | mul_ln50_491   | mul    | dsp58_dp  | 3       |
|    dsp_dotpra3add_8s_8s_8s_8s_8s_8s_17s_18_4_1_U218 | 1   |        | sext_ln50_492  | sext   | dsp58_dp  | 3       |
|    dsp_dotpra3_8s_8s_8s_8s_8s_8s_17_4_1_U33         | 1   |        | mul_ln50_492   | mul    | dsp58_dp  | 3       |
|    dsp_dotpra3_8s_8s_8s_8s_8s_8s_17_4_1_U33         | 1   |        | sext_ln50_493  | sext   | dsp58_dp  | 3       |
|    dsp_dotpra3add_8s_8s_8s_8s_8s_8s_17s_18_4_1_U231 | 1   |        | mul_ln50_493   | mul    | dsp58_dp  | 3       |
|    dsp_dotpra3add_8s_8s_8s_8s_8s_8s_17s_18_4_1_U231 | 1   |        | sext_ln50_494  | sext   | dsp58_dp  | 3       |
|    dsp_dotpra3_8s_8s_8s_8s_8s_8s_17_4_1_U16         | 1   |        | mul_ln50_494   | mul    | dsp58_dp  | 3       |
|    dsp_dotpra3_8s_8s_8s_8s_8s_8s_17_4_1_U16         | 1   |        | sext_ln50_495  | sext   | dsp58_dp  | 3       |
|    dsp_dotpra3_8s_8s_8s_8s_8s_8s_17_4_1_U118        | 1   |        | mul_ln50_495   | mul    | dsp58_dp  | 3       |
|    dsp_dotpra3_8s_8s_8s_8s_8s_8s_17_4_1_U118        | 1   |        | sext_ln50_496  | sext   | dsp58_dp  | 3       |
|    dsp_dotpra3_8s_8s_8s_8s_8s_8s_17_4_1_U98         | 1   |        | mul_ln50_496   | mul    | dsp58_dp  | 3       |
|    dsp_dotpra3_8s_8s_8s_8s_8s_8s_17_4_1_U98         | 1   |        | sext_ln50_497  | sext   | dsp58_dp  | 3       |
|    dsp_dotpra3_8s_8s_8s_8s_8s_8s_17_4_1_U123        | 1   |        | mul_ln50_497   | mul    | dsp58_dp  | 3       |
|    dsp_dotpra3_8s_8s_8s_8s_8s_8s_17_4_1_U123        | 1   |        | sext_ln50_498  | sext   | dsp58_dp  | 3       |
|    dsp_dotpra3add_8s_8s_8s_8s_8s_8s_17s_18_4_1_U178 | 1   |        | mul_ln50_498   | mul    | dsp58_dp  | 3       |
|    dsp_dotpra3add_8s_8s_8s_8s_8s_8s_17s_18_4_1_U178 | 1   |        | sext_ln50_499  | sext   | dsp58_dp  | 3       |
|    dsp_dotpra3_8s_8s_8s_8s_8s_8s_17_4_1_U120        | 1   |        | mul_ln50_499   | mul    | dsp58_dp  | 3       |
|    dsp_dotpra3_8s_8s_8s_8s_8s_8s_17_4_1_U120        | 1   |        | sext_ln50_500  | sext   | dsp58_dp  | 3       |
|    dsp_dotpra3add_8s_8s_8s_8s_8s_8s_17s_18_4_1_U217 | 1   |        | mul_ln50_500   | mul    | dsp58_dp  | 3       |
|    dsp_dotpra3add_8s_8s_8s_8s_8s_8s_17s_18_4_1_U217 | 1   |        | sext_ln50_501  | sext   | dsp58_dp  | 3       |
|    dsp_dotpra3_8s_8s_8s_8s_8s_8s_17_4_1_U80         | 1   |        | mul_ln50_501   | mul    | dsp58_dp  | 3       |
|    dsp_dotpra3_8s_8s_8s_8s_8s_8s_17_4_1_U80         | 1   |        | sext_ln50_502  | sext   | dsp58_dp  | 3       |
|    dsp_dotpra3add_8s_8s_8s_8s_8s_8s_17s_18_4_1_U143 | 1   |        | mul_ln50_502   | mul    | dsp58_dp  | 3       |
|    dsp_dotpra3add_8s_8s_8s_8s_8s_8s_17s_18_4_1_U143 | 1   |        | sext_ln50_503  | sext   | dsp58_dp  | 3       |
|    dsp_dotpra3_8s_8s_8s_8s_8s_8s_17_4_1_U71         | 1   |        | mul_ln50_503   | mul    | dsp58_dp  | 3       |
|    dsp_dotpra3_8s_8s_8s_8s_8s_8s_17_4_1_U71         | 1   |        | sext_ln50_504  | sext   | dsp58_dp  | 3       |
|    dsp_dotpra3_8s_8s_8s_8s_8s_8s_17_4_1_U68         | 1   |        | mul_ln50_504   | mul    | dsp58_dp  | 3       |
|    dsp_dotpra3_8s_8s_8s_8s_8s_8s_17_4_1_U68         | 1   |        | sext_ln50_505  | sext   | dsp58_dp  | 3       |
|    dsp_dotpra3_8s_8s_8s_8s_8s_8s_17_4_1_U70         | 1   |        | mul_ln50_505   | mul    | dsp58_dp  | 3       |
|    dsp_dotpra3_8s_8s_8s_8s_8s_8s_17_4_1_U70         | 1   |        | sext_ln50_506  | sext   | dsp58_dp  | 3       |
|    dsp_dotpra3add_8s_8s_8s_8s_8s_8s_17s_18_4_1_U243 | 1   |        | mul_ln50_506   | mul    | dsp58_dp  | 3       |
|    dsp_dotpra3add_8s_8s_8s_8s_8s_8s_17s_18_4_1_U243 | 1   |        | sext_ln50_507  | sext   | dsp58_dp  | 3       |
|    dsp_dotpra3add_8s_8s_8s_8s_8s_8s_17s_18_4_1_U241 | 1   |        | mul_ln50_507   | mul    | dsp58_dp  | 3       |
|    dsp_dotpra3add_8s_8s_8s_8s_8s_8s_17s_18_4_1_U241 | 1   |        | sext_ln50_508  | sext   | dsp58_dp  | 3       |
|    dsp_dotpra3add_8s_8s_8s_8s_8s_8s_17s_18_4_1_U255 | 1   |        | mul_ln50_508   | mul    | dsp58_dp  | 3       |
|    dsp_dotpra3add_8s_8s_8s_8s_8s_8s_17s_18_4_1_U255 | 1   |        | sext_ln50_509  | sext   | dsp58_dp  | 3       |
|    dsp_dotpra3add_8s_8s_8s_8s_8s_8s_17s_18_4_1_U239 | 1   |        | mul_ln50_509   | mul    | dsp58_dp  | 3       |
|    dsp_dotpra3add_8s_8s_8s_8s_8s_8s_17s_18_4_1_U239 | 1   |        | sext_ln50_510  | sext   | dsp58_dp  | 3       |
|    dsp_dotpra3_8s_8s_8s_8s_8s_8s_17_4_1_U116        | 1   |        | mul_ln50_510   | mul    | dsp58_dp  | 3       |
|    dsp_dotpra3_8s_8s_8s_8s_8s_8s_17_4_1_U116        | 1   |        | sext_ln50_511  | sext   | dsp58_dp  | 3       |
|    mac_muladd_8s_8s_16s_17_4_1_U127                 | 1   |        | mul_ln50_511   | mul    | dsp_slice | 3       |
|    mac_muladd_8s_8s_16s_17_4_1_U127                 | 1   |        | sext_ln50_512  | sext   | dsp_slice | 3       |
|    dsp_dotpra3add_8s_8s_8s_8s_8s_8s_17s_18_4_1_U163 | 1   |        | mul_ln50_512   | mul    | dsp58_dp  | 3       |
|    dsp_dotpra3add_8s_8s_8s_8s_8s_8s_17s_18_4_1_U163 | 1   |        | sext_ln50_513  | sext   | dsp58_dp  | 3       |
|    dsp_dotpra3_8s_8s_8s_8s_8s_8s_17_4_1_U39         | 1   |        | mul_ln50_513   | mul    | dsp58_dp  | 3       |
|    dsp_dotpra3_8s_8s_8s_8s_8s_8s_17_4_1_U39         | 1   |        | sext_ln50_514  | sext   | dsp58_dp  | 3       |
|    dsp_dotpra3_8s_8s_8s_8s_8s_8s_17_4_1_U21         | 1   |        | mul_ln50_514   | mul    | dsp58_dp  | 3       |
|    dsp_dotpra3_8s_8s_8s_8s_8s_8s_17_4_1_U21         | 1   |        | sext_ln50_515  | sext   | dsp58_dp  | 3       |
|    dsp_dotpra3add_8s_8s_8s_8s_8s_8s_17s_18_4_1_U140 | 1   |        | mul_ln50_515   | mul    | dsp58_dp  | 3       |
|    dsp_dotpra3add_8s_8s_8s_8s_8s_8s_17s_18_4_1_U140 | 1   |        | sext_ln50_516  | sext   | dsp58_dp  | 3       |
|    dsp_dotpra3add_8s_8s_8s_8s_8s_8s_17s_18_4_1_U248 | 1   |        | mul_ln50_516   | mul    | dsp58_dp  | 3       |
|    dsp_dotpra3add_8s_8s_8s_8s_8s_8s_17s_18_4_1_U248 | 1   |        | sext_ln50_517  | sext   | dsp58_dp  | 3       |
|    dsp_dotpra3_8s_8s_8s_8s_8s_8s_17_4_1_U30         | 1   |        | mul_ln50_517   | mul    | dsp58_dp  | 3       |
|    dsp_dotpra3_8s_8s_8s_8s_8s_8s_17_4_1_U30         | 1   |        | sext_ln50_518  | sext   | dsp58_dp  | 3       |
|    dsp_dotpra3add_8s_8s_8s_8s_8s_8s_17s_18_4_1_U171 | 1   |        | mul_ln50_518   | mul    | dsp58_dp  | 3       |
|    dsp_dotpra3add_8s_8s_8s_8s_8s_8s_17s_18_4_1_U171 | 1   |        | sext_ln50_519  | sext   | dsp58_dp  | 3       |
|    dsp_dotpra3_8s_8s_8s_8s_8s_8s_17_4_1_U62         | 1   |        | mul_ln50_519   | mul    | dsp58_dp  | 3       |
|    dsp_dotpra3_8s_8s_8s_8s_8s_8s_17_4_1_U62         | 1   |        | sext_ln50_520  | sext   | dsp58_dp  | 3       |
|    mul_8s_8s_16_1_1_U2                              |     |        | mul_ln50_520   | mul    | auto      | 0       |
|    dsp_dotpra3add_8s_8s_8s_8s_8s_8s_17s_18_4_1_U250 | 1   |        | mul_ln50_521   | mul    | dsp58_dp  | 3       |
|    dsp_dotpra3add_8s_8s_8s_8s_8s_8s_17s_18_4_1_U250 | 1   |        | sext_ln50_522  | sext   | dsp58_dp  | 3       |
|    dsp_dotpra3_8s_8s_8s_8s_8s_8s_17_4_1_U32         | 1   |        | mul_ln50_522   | mul    | dsp58_dp  | 3       |
|    dsp_dotpra3_8s_8s_8s_8s_8s_8s_17_4_1_U32         | 1   |        | sext_ln50_523  | sext   | dsp58_dp  | 3       |
|    dsp_dotpra3_8s_8s_8s_8s_8s_8s_17_4_1_U40         | 1   |        | mul_ln50_523   | mul    | dsp58_dp  | 3       |
|    dsp_dotpra3_8s_8s_8s_8s_8s_8s_17_4_1_U40         | 1   |        | sext_ln50_524  | sext   | dsp58_dp  | 3       |
|    dsp_dotpra3add_8s_8s_8s_8s_8s_8s_17s_18_4_1_U168 | 1   |        | mul_ln50_524   | mul    | dsp58_dp  | 3       |
|    dsp_dotpra3add_8s_8s_8s_8s_8s_8s_17s_18_4_1_U168 | 1   |        | sext_ln50_525  | sext   | dsp58_dp  | 3       |
|    dsp_dotpra3_8s_8s_8s_8s_8s_8s_17_4_1_U97         | 1   |        | mul_ln50_525   | mul    | dsp58_dp  | 3       |
|    dsp_dotpra3_8s_8s_8s_8s_8s_8s_17_4_1_U97         | 1   |        | sext_ln50_526  | sext   | dsp58_dp  | 3       |
|    dsp_dotpra3_8s_8s_8s_8s_8s_8s_17_4_1_U110        | 1   |        | mul_ln50_526   | mul    | dsp58_dp  | 3       |
|    dsp_dotpra3_8s_8s_8s_8s_8s_8s_17_4_1_U110        | 1   |        | sext_ln50_527  | sext   | dsp58_dp  | 3       |
|    dsp_dotpra3_8s_8s_8s_8s_8s_8s_17_4_1_U48         | 1   |        | mul_ln50_527   | mul    | dsp58_dp  | 3       |
|    dsp_dotpra3_8s_8s_8s_8s_8s_8s_17_4_1_U48         | 1   |        | sext_ln50_528  | sext   | dsp58_dp  | 3       |
|    dsp_dotpra3add_8s_8s_8s_8s_8s_8s_17s_18_4_1_U187 | 1   |        | mul_ln50_528   | mul    | dsp58_dp  | 3       |
|    dsp_dotpra3add_8s_8s_8s_8s_8s_8s_17s_18_4_1_U187 | 1   |        | sext_ln50_529  | sext   | dsp58_dp  | 3       |
|    dsp_dotpra3add_8s_8s_8s_8s_8s_8s_17s_18_4_1_U175 | 1   |        | mul_ln50_529   | mul    | dsp58_dp  | 3       |
|    dsp_dotpra3add_8s_8s_8s_8s_8s_8s_17s_18_4_1_U175 | 1   |        | sext_ln50_530  | sext   | dsp58_dp  | 3       |
|    dsp_dotpra3_8s_8s_8s_8s_8s_8s_17_4_1_U128        | 1   |        | mul_ln50_530   | mul    | dsp58_dp  | 3       |
|    dsp_dotpra3_8s_8s_8s_8s_8s_8s_17_4_1_U128        | 1   |        | sext_ln50_531  | sext   | dsp58_dp  | 3       |
|    dsp_dotpra3_8s_8s_8s_8s_8s_8s_17_4_1_U105        | 1   |        | mul_ln50_531   | mul    | dsp58_dp  | 3       |
|    dsp_dotpra3_8s_8s_8s_8s_8s_8s_17_4_1_U105        | 1   |        | sext_ln50_532  | sext   | dsp58_dp  | 3       |
|    dsp_dotpra3_8s_8s_8s_8s_8s_8s_17_4_1_U22         | 1   |        | mul_ln50_532   | mul    | dsp58_dp  | 3       |
|    dsp_dotpra3_8s_8s_8s_8s_8s_8s_17_4_1_U22         | 1   |        | sext_ln50_533  | sext   | dsp58_dp  | 3       |
|    dsp_dotpra3_8s_8s_8s_8s_8s_8s_17_4_1_U60         | 1   |        | mul_ln50_533   | mul    | dsp58_dp  | 3       |
|    dsp_dotpra3_8s_8s_8s_8s_8s_8s_17_4_1_U60         | 1   |        | sext_ln50_534  | sext   | dsp58_dp  | 3       |
|    dsp_dotpra3_8s_8s_8s_8s_8s_8s_17_4_1_U129        | 1   |        | mul_ln50_534   | mul    | dsp58_dp  | 3       |
|    dsp_dotpra3_8s_8s_8s_8s_8s_8s_17_4_1_U129        | 1   |        | sext_ln50_535  | sext   | dsp58_dp  | 3       |
|    dsp_dotpra3_8s_8s_8s_8s_8s_8s_17_4_1_U125        | 1   |        | mul_ln50_535   | mul    | dsp58_dp  | 3       |
|    dsp_dotpra3_8s_8s_8s_8s_8s_8s_17_4_1_U125        | 1   |        | sext_ln50_536  | sext   | dsp58_dp  | 3       |
|    dsp_dotpra3_8s_8s_8s_8s_8s_8s_17_4_1_U58         | 1   |        | mul_ln50_536   | mul    | dsp58_dp  | 3       |
|    dsp_dotpra3_8s_8s_8s_8s_8s_8s_17_4_1_U58         | 1   |        | sext_ln50_537  | sext   | dsp58_dp  | 3       |
|    dsp_dotpra3add_8s_8s_8s_8s_8s_8s_17s_18_4_1_U198 | 1   |        | mul_ln50_537   | mul    | dsp58_dp  | 3       |
|    dsp_dotpra3add_8s_8s_8s_8s_8s_8s_17s_18_4_1_U198 | 1   |        | sext_ln50_538  | sext   | dsp58_dp  | 3       |
|    dsp_dotpra3add_8s_8s_8s_8s_8s_8s_17s_18_4_1_U215 | 1   |        | mul_ln50_538   | mul    | dsp58_dp  | 3       |
|    dsp_dotpra3add_8s_8s_8s_8s_8s_8s_17s_18_4_1_U215 | 1   |        | sext_ln50_539  | sext   | dsp58_dp  | 3       |
|    dsp_dotpra3add_8s_8s_8s_8s_8s_8s_18s_18_4_1_U137 | 1   |        | mul_ln50_539   | mul    | dsp58_dp  | 3       |
|    dsp_dotpra3add_8s_8s_8s_8s_8s_8s_18s_18_4_1_U137 | 1   |        | sext_ln50_540  | sext   | dsp58_dp  | 3       |
|    dsp_dotpra3add_8s_8s_8s_8s_8s_8s_17s_18_4_1_U153 | 1   |        | mul_ln50_540   | mul    | dsp58_dp  | 3       |
|    dsp_dotpra3add_8s_8s_8s_8s_8s_8s_17s_18_4_1_U153 | 1   |        | sext_ln50_541  | sext   | dsp58_dp  | 3       |
|    dsp_dotpra3_8s_8s_8s_8s_8s_8s_17_4_1_U114        | 1   |        | mul_ln50_541   | mul    | dsp58_dp  | 3       |
|    dsp_dotpra3_8s_8s_8s_8s_8s_8s_17_4_1_U114        | 1   |        | sext_ln50_542  | sext   | dsp58_dp  | 3       |
|    dsp_dotpra3add_8s_8s_8s_8s_8s_8s_17s_18_4_1_U244 | 1   |        | mul_ln50_542   | mul    | dsp58_dp  | 3       |
|    dsp_dotpra3add_8s_8s_8s_8s_8s_8s_17s_18_4_1_U244 | 1   |        | sext_ln50_543  | sext   | dsp58_dp  | 3       |
|    dsp_dotpra3add_8s_8s_8s_8s_8s_8s_17s_18_4_1_U161 | 1   |        | mul_ln50_543   | mul    | dsp58_dp  | 3       |
|    dsp_dotpra3add_8s_8s_8s_8s_8s_8s_17s_18_4_1_U161 | 1   |        | sext_ln50_544  | sext   | dsp58_dp  | 3       |
|    dsp_dotpra3_8s_8s_8s_8s_8s_8s_17_4_1_U46         | 1   |        | mul_ln50_544   | mul    | dsp58_dp  | 3       |
|    dsp_dotpra3_8s_8s_8s_8s_8s_8s_17_4_1_U46         | 1   |        | sext_ln50_545  | sext   | dsp58_dp  | 3       |
|    dsp_dotpra3_8s_8s_8s_8s_8s_8s_17_4_1_U59         | 1   |        | mul_ln50_545   | mul    | dsp58_dp  | 3       |
|    dsp_dotpra3_8s_8s_8s_8s_8s_8s_17_4_1_U59         | 1   |        | sext_ln50_546  | sext   | dsp58_dp  | 3       |
|    dsp_dotpra3add_8s_8s_8s_8s_8s_8s_17s_18_4_1_U186 | 1   |        | mul_ln50_546   | mul    | dsp58_dp  | 3       |
|    dsp_dotpra3add_8s_8s_8s_8s_8s_8s_17s_18_4_1_U186 | 1   |        | sext_ln50_547  | sext   | dsp58_dp  | 3       |
|    dsp_dotpra3_8s_8s_8s_8s_8s_8s_17_4_1_U115        | 1   |        | mul_ln50_547   | mul    | dsp58_dp  | 3       |
|    dsp_dotpra3_8s_8s_8s_8s_8s_8s_17_4_1_U115        | 1   |        | sext_ln50_548  | sext   | dsp58_dp  | 3       |
|    dsp_dotpra3_8s_8s_8s_8s_8s_8s_17_4_1_U11         | 1   |        | mul_ln50_548   | mul    | dsp58_dp  | 3       |
|    dsp_dotpra3_8s_8s_8s_8s_8s_8s_17_4_1_U11         | 1   |        | sext_ln50_549  | sext   | dsp58_dp  | 3       |
|    dsp_dotpra3_8s_8s_8s_8s_8s_8s_17_4_1_U126        | 1   |        | mul_ln50_549   | mul    | dsp58_dp  | 3       |
|    dsp_dotpra3_8s_8s_8s_8s_8s_8s_17_4_1_U126        | 1   |        | sext_ln50_550  | sext   | dsp58_dp  | 3       |
|    dsp_dotpra3_8s_8s_8s_8s_8s_8s_17_4_1_U99         | 1   |        | mul_ln50_550   | mul    | dsp58_dp  | 3       |
|    dsp_dotpra3_8s_8s_8s_8s_8s_8s_17_4_1_U99         | 1   |        | sext_ln50_551  | sext   | dsp58_dp  | 3       |
|    dsp_dotpra3add_8s_8s_8s_8s_8s_8s_17s_18_4_1_U136 | 1   |        | mul_ln50_551   | mul    | dsp58_dp  | 3       |
|    dsp_dotpra3add_8s_8s_8s_8s_8s_8s_17s_18_4_1_U136 | 1   |        | sext_ln50_552  | sext   | dsp58_dp  | 3       |
|    dsp_dotpra3_8s_8s_8s_8s_8s_8s_17_4_1_U130        | 1   |        | mul_ln50_552   | mul    | dsp58_dp  | 3       |
|    dsp_dotpra3_8s_8s_8s_8s_8s_8s_17_4_1_U130        | 1   |        | sext_ln50_553  | sext   | dsp58_dp  | 3       |
|    dsp_dotpra3add_8s_8s_8s_8s_8s_8s_17s_18_4_1_U189 | 1   |        | mul_ln50_553   | mul    | dsp58_dp  | 3       |
|    dsp_dotpra3add_8s_8s_8s_8s_8s_8s_17s_18_4_1_U189 | 1   |        | sext_ln50_554  | sext   | dsp58_dp  | 3       |
|    dsp_dotpra3_8s_8s_8s_8s_8s_8s_17_4_1_U103        | 1   |        | mul_ln50_554   | mul    | dsp58_dp  | 3       |
|    dsp_dotpra3_8s_8s_8s_8s_8s_8s_17_4_1_U103        | 1   |        | sext_ln50_555  | sext   | dsp58_dp  | 3       |
|    dsp_dotpra3_8s_8s_8s_8s_8s_8s_17_4_1_U41         | 1   |        | mul_ln50_555   | mul    | dsp58_dp  | 3       |
|    dsp_dotpra3_8s_8s_8s_8s_8s_8s_17_4_1_U41         | 1   |        | sext_ln50_556  | sext   | dsp58_dp  | 3       |
|    dsp_dotpra3add_8s_8s_8s_8s_8s_8s_17s_18_4_1_U200 | 1   |        | mul_ln50_556   | mul    | dsp58_dp  | 3       |
|    dsp_dotpra3add_8s_8s_8s_8s_8s_8s_17s_18_4_1_U200 | 1   |        | sext_ln50_557  | sext   | dsp58_dp  | 3       |
|    dsp_dotpra3_8s_8s_8s_8s_8s_8s_17_4_1_U129        | 1   |        | mul_ln50_557   | mul    | dsp58_dp  | 3       |
|    dsp_dotpra3_8s_8s_8s_8s_8s_8s_17_4_1_U129        | 1   |        | sext_ln50_558  | sext   | dsp58_dp  | 3       |
|    dsp_dotpra3add_8s_8s_8s_8s_8s_8s_17s_18_4_1_U201 | 1   |        | mul_ln50_558   | mul    | dsp58_dp  | 3       |
|    dsp_dotpra3add_8s_8s_8s_8s_8s_8s_17s_18_4_1_U201 | 1   |        | sext_ln50_559  | sext   | dsp58_dp  | 3       |
|    dsp_dotpra3_8s_8s_8s_8s_8s_8s_17_4_1_U35         | 1   |        | mul_ln50_559   | mul    | dsp58_dp  | 3       |
|    dsp_dotpra3_8s_8s_8s_8s_8s_8s_17_4_1_U35         | 1   |        | sext_ln50_560  | sext   | dsp58_dp  | 3       |
|    dsp_dotpra3_8s_8s_8s_8s_8s_8s_17_4_1_U123        | 1   |        | mul_ln50_560   | mul    | dsp58_dp  | 3       |
|    dsp_dotpra3_8s_8s_8s_8s_8s_8s_17_4_1_U123        | 1   |        | sext_ln50_561  | sext   | dsp58_dp  | 3       |
|    dsp_dotpra3add_8s_8s_8s_8s_8s_8s_17s_18_4_1_U247 | 1   |        | mul_ln50_561   | mul    | dsp58_dp  | 3       |
|    dsp_dotpra3add_8s_8s_8s_8s_8s_8s_17s_18_4_1_U247 | 1   |        | sext_ln50_562  | sext   | dsp58_dp  | 3       |
|    dsp_dotpra3add_8s_8s_8s_8s_8s_8s_17s_18_4_1_U192 | 1   |        | mul_ln50_562   | mul    | dsp58_dp  | 3       |
|    dsp_dotpra3add_8s_8s_8s_8s_8s_8s_17s_18_4_1_U192 | 1   |        | sext_ln50_563  | sext   | dsp58_dp  | 3       |
|    dsp_dotpra3_8s_8s_8s_8s_8s_8s_17_4_1_U131        | 1   |        | mul_ln50_563   | mul    | dsp58_dp  | 3       |
|    dsp_dotpra3_8s_8s_8s_8s_8s_8s_17_4_1_U131        | 1   |        | sext_ln50_564  | sext   | dsp58_dp  | 3       |
|    dsp_dotpra3_8s_8s_8s_8s_8s_8s_17_4_1_U49         | 1   |        | mul_ln50_564   | mul    | dsp58_dp  | 3       |
|    dsp_dotpra3_8s_8s_8s_8s_8s_8s_17_4_1_U49         | 1   |        | sext_ln50_565  | sext   | dsp58_dp  | 3       |
|    dsp_dotpra3add_8s_8s_8s_8s_8s_8s_17s_18_4_1_U234 | 1   |        | mul_ln50_565   | mul    | dsp58_dp  | 3       |
|    dsp_dotpra3add_8s_8s_8s_8s_8s_8s_17s_18_4_1_U234 | 1   |        | sext_ln50_566  | sext   | dsp58_dp  | 3       |
|    dsp_dotpra3_8s_8s_8s_8s_8s_8s_17_4_1_U95         | 1   |        | mul_ln50_566   | mul    | dsp58_dp  | 3       |
|    dsp_dotpra3_8s_8s_8s_8s_8s_8s_17_4_1_U95         | 1   |        | sext_ln50_567  | sext   | dsp58_dp  | 3       |
|    dsp_dotpra3_8s_8s_8s_8s_8s_8s_17_4_1_U45         | 1   |        | mul_ln50_567   | mul    | dsp58_dp  | 3       |
|    dsp_dotpra3_8s_8s_8s_8s_8s_8s_17_4_1_U45         | 1   |        | sext_ln50_568  | sext   | dsp58_dp  | 3       |
|    dsp_dotpra3add_8s_8s_8s_8s_8s_8s_17s_18_4_1_U256 | 1   |        | mul_ln50_568   | mul    | dsp58_dp  | 3       |
|    dsp_dotpra3add_8s_8s_8s_8s_8s_8s_17s_18_4_1_U256 | 1   |        | sext_ln50_569  | sext   | dsp58_dp  | 3       |
|    dsp_dotpra3add_8s_8s_8s_8s_8s_8s_17s_18_4_1_U150 | 1   |        | mul_ln50_569   | mul    | dsp58_dp  | 3       |
|    dsp_dotpra3add_8s_8s_8s_8s_8s_8s_17s_18_4_1_U150 | 1   |        | sext_ln50_570  | sext   | dsp58_dp  | 3       |
|    dsp_dotpra3_8s_8s_8s_8s_8s_8s_17_4_1_U18         | 1   |        | mul_ln50_570   | mul    | dsp58_dp  | 3       |
|    dsp_dotpra3_8s_8s_8s_8s_8s_8s_17_4_1_U18         | 1   |        | sext_ln50_571  | sext   | dsp58_dp  | 3       |
|    dsp_dotpra3_8s_8s_8s_8s_8s_8s_17_4_1_U7          | 1   |        | mul_ln50_571   | mul    | dsp58_dp  | 3       |
|    dsp_dotpra3_8s_8s_8s_8s_8s_8s_17_4_1_U7          | 1   |        | sext_ln50_572  | sext   | dsp58_dp  | 3       |
|    dsp_dotpra3_8s_8s_8s_8s_8s_8s_17_4_1_U124        | 1   |        | mul_ln50_572   | mul    | dsp58_dp  | 3       |
|    dsp_dotpra3_8s_8s_8s_8s_8s_8s_17_4_1_U124        | 1   |        | sext_ln50_573  | sext   | dsp58_dp  | 3       |
|    dsp_dotpra3add_8s_8s_8s_8s_8s_8s_17s_18_4_1_U257 | 1   |        | mul_ln50_573   | mul    | dsp58_dp  | 3       |
|    dsp_dotpra3add_8s_8s_8s_8s_8s_8s_17s_18_4_1_U257 | 1   |        | sext_ln50_574  | sext   | dsp58_dp  | 3       |
|    dsp_dotpra3add_8s_8s_8s_8s_8s_8s_17s_18_4_1_U179 | 1   |        | mul_ln50_574   | mul    | dsp58_dp  | 3       |
|    dsp_dotpra3add_8s_8s_8s_8s_8s_8s_17s_18_4_1_U179 | 1   |        | sext_ln50_575  | sext   | dsp58_dp  | 3       |
|    dsp_dotpra3add_8s_8s_8s_8s_8s_8s_17s_18_4_1_U205 | 1   |        | mul_ln50_575   | mul    | dsp58_dp  | 3       |
|    dsp_dotpra3add_8s_8s_8s_8s_8s_8s_17s_18_4_1_U205 | 1   |        | sext_ln50_576  | sext   | dsp58_dp  | 3       |
|    dsp_dotpra3add_8s_8s_8s_8s_8s_8s_17s_18_4_1_U230 | 1   |        | mul_ln50_576   | mul    | dsp58_dp  | 3       |
|    dsp_dotpra3add_8s_8s_8s_8s_8s_8s_17s_18_4_1_U230 | 1   |        | sext_ln50_577  | sext   | dsp58_dp  | 3       |
|    dsp_dotpra3add_8s_8s_8s_8s_8s_8s_17s_18_4_1_U252 | 1   |        | mul_ln50_577   | mul    | dsp58_dp  | 3       |
|    dsp_dotpra3add_8s_8s_8s_8s_8s_8s_17s_18_4_1_U252 | 1   |        | sext_ln50_578  | sext   | dsp58_dp  | 3       |
|    dsp_dotpra3add_8s_8s_8s_8s_8s_8s_17s_18_4_1_U219 | 1   |        | mul_ln50_578   | mul    | dsp58_dp  | 3       |
|    dsp_dotpra3add_8s_8s_8s_8s_8s_8s_17s_18_4_1_U219 | 1   |        | sext_ln50_579  | sext   | dsp58_dp  | 3       |
|    dsp_dotpra3add_8s_8s_8s_8s_8s_8s_17s_18_4_1_U185 | 1   |        | mul_ln50_579   | mul    | dsp58_dp  | 3       |
|    dsp_dotpra3add_8s_8s_8s_8s_8s_8s_17s_18_4_1_U185 | 1   |        | sext_ln50_580  | sext   | dsp58_dp  | 3       |
|    dsp_dotpra3_8s_8s_8s_8s_8s_8s_17_4_1_U129        | 1   |        | mul_ln50_580   | mul    | dsp58_dp  | 3       |
|    dsp_dotpra3_8s_8s_8s_8s_8s_8s_17_4_1_U129        | 1   |        | sext_ln50_581  | sext   | dsp58_dp  | 3       |
|    dsp_dotpra3add_8s_8s_8s_8s_8s_8s_17s_18_4_1_U228 | 1   |        | mul_ln50_581   | mul    | dsp58_dp  | 3       |
|    dsp_dotpra3add_8s_8s_8s_8s_8s_8s_17s_18_4_1_U228 | 1   |        | sext_ln50_582  | sext   | dsp58_dp  | 3       |
|    dsp_dotpra3_8s_8s_8s_8s_8s_8s_17_4_1_U78         | 1   |        | mul_ln50_582   | mul    | dsp58_dp  | 3       |
|    dsp_dotpra3_8s_8s_8s_8s_8s_8s_17_4_1_U78         | 1   |        | sext_ln50_583  | sext   | dsp58_dp  | 3       |
|    dsp_dotpra3_8s_8s_8s_8s_8s_8s_17_4_1_U104        | 1   |        | mul_ln50_583   | mul    | dsp58_dp  | 3       |
|    dsp_dotpra3_8s_8s_8s_8s_8s_8s_17_4_1_U104        | 1   |        | sext_ln50_584  | sext   | dsp58_dp  | 3       |
|    dsp_dotpra3add_8s_8s_8s_8s_8s_8s_17s_18_4_1_U151 | 1   |        | mul_ln50_584   | mul    | dsp58_dp  | 3       |
|    dsp_dotpra3add_8s_8s_8s_8s_8s_8s_17s_18_4_1_U151 | 1   |        | sext_ln50_585  | sext   | dsp58_dp  | 3       |
|    dsp_dotpra3_8s_8s_8s_8s_8s_8s_17_4_1_U53         | 1   |        | mul_ln50_585   | mul    | dsp58_dp  | 3       |
|    dsp_dotpra3_8s_8s_8s_8s_8s_8s_17_4_1_U53         | 1   |        | sext_ln50_586  | sext   | dsp58_dp  | 3       |
|    dsp_dotpra3_8s_8s_8s_8s_8s_8s_17_4_1_U6          | 1   |        | mul_ln50_586   | mul    | dsp58_dp  | 3       |
|    dsp_dotpra3_8s_8s_8s_8s_8s_8s_17_4_1_U6          | 1   |        | sext_ln50_587  | sext   | dsp58_dp  | 3       |
|    dsp_dotpra3_8s_8s_8s_8s_8s_8s_17_4_1_U17         | 1   |        | mul_ln50_587   | mul    | dsp58_dp  | 3       |
|    dsp_dotpra3_8s_8s_8s_8s_8s_8s_17_4_1_U17         | 1   |        | sext_ln50_588  | sext   | dsp58_dp  | 3       |
|    dsp_dotpra3_8s_8s_8s_8s_8s_8s_17_4_1_U132        | 1   |        | mul_ln50_588   | mul    | dsp58_dp  | 3       |
|    dsp_dotpra3_8s_8s_8s_8s_8s_8s_17_4_1_U132        | 1   |        | sext_ln50_589  | sext   | dsp58_dp  | 3       |
|    dsp_dotpra3_8s_8s_8s_8s_8s_8s_17_4_1_U63         | 1   |        | mul_ln50_589   | mul    | dsp58_dp  | 3       |
|    dsp_dotpra3_8s_8s_8s_8s_8s_8s_17_4_1_U63         | 1   |        | sext_ln50_590  | sext   | dsp58_dp  | 3       |
|    dsp_dotpra3add_8s_8s_8s_8s_8s_8s_17s_18_4_1_U227 | 1   |        | mul_ln50_590   | mul    | dsp58_dp  | 3       |
|    dsp_dotpra3add_8s_8s_8s_8s_8s_8s_17s_18_4_1_U227 | 1   |        | sext_ln50_591  | sext   | dsp58_dp  | 3       |
|    dsp_dotpra3add_8s_8s_8s_8s_8s_8s_17s_18_4_1_U220 | 1   |        | mul_ln50_591   | mul    | dsp58_dp  | 3       |
|    dsp_dotpra3add_8s_8s_8s_8s_8s_8s_17s_18_4_1_U220 | 1   |        | sext_ln50_592  | sext   | dsp58_dp  | 3       |
|    dsp_dotpra3_8s_8s_8s_8s_8s_8s_17_4_1_U94         | 1   |        | mul_ln50_592   | mul    | dsp58_dp  | 3       |
|    dsp_dotpra3_8s_8s_8s_8s_8s_8s_17_4_1_U94         | 1   |        | sext_ln50_593  | sext   | dsp58_dp  | 3       |
|    dsp_dotpra3_8s_8s_8s_8s_8s_8s_17_4_1_U126        | 1   |        | mul_ln50_593   | mul    | dsp58_dp  | 3       |
|    dsp_dotpra3_8s_8s_8s_8s_8s_8s_17_4_1_U126        | 1   |        | sext_ln50_594  | sext   | dsp58_dp  | 3       |
|    dsp_dotpra3add_8s_8s_8s_8s_8s_8s_17s_18_4_1_U223 | 1   |        | mul_ln50_594   | mul    | dsp58_dp  | 3       |
|    dsp_dotpra3add_8s_8s_8s_8s_8s_8s_17s_18_4_1_U223 | 1   |        | sext_ln50_595  | sext   | dsp58_dp  | 3       |
|    dsp_dotpra3_8s_8s_8s_8s_8s_8s_17_4_1_U68         | 1   |        | mul_ln50_595   | mul    | dsp58_dp  | 3       |
|    dsp_dotpra3_8s_8s_8s_8s_8s_8s_17_4_1_U68         | 1   |        | sext_ln50_596  | sext   | dsp58_dp  | 3       |
|    dsp_dotpra3_8s_8s_8s_8s_8s_8s_17_4_1_U122        | 1   |        | mul_ln50_596   | mul    | dsp58_dp  | 3       |
|    dsp_dotpra3_8s_8s_8s_8s_8s_8s_17_4_1_U122        | 1   |        | sext_ln50_597  | sext   | dsp58_dp  | 3       |
|    dsp_dotpra3_8s_8s_8s_8s_8s_8s_17_4_1_U131        | 1   |        | mul_ln50_597   | mul    | dsp58_dp  | 3       |
|    dsp_dotpra3_8s_8s_8s_8s_8s_8s_17_4_1_U131        | 1   |        | sext_ln50_598  | sext   | dsp58_dp  | 3       |
|    dsp_dotpra3_8s_8s_8s_8s_8s_8s_17_4_1_U71         | 1   |        | mul_ln50_598   | mul    | dsp58_dp  | 3       |
|    dsp_dotpra3_8s_8s_8s_8s_8s_8s_17_4_1_U71         | 1   |        | sext_ln50_599  | sext   | dsp58_dp  | 3       |
|    dsp_dotpra3_8s_8s_8s_8s_8s_8s_17_4_1_U120        | 1   |        | mul_ln50_599   | mul    | dsp58_dp  | 3       |
|    dsp_dotpra3_8s_8s_8s_8s_8s_8s_17_4_1_U120        | 1   |        | sext_ln50_600  | sext   | dsp58_dp  | 3       |
|    dsp_dotpra3add_8s_8s_8s_8s_8s_8s_17s_18_4_1_U256 | 1   |        | mul_ln50_600   | mul    | dsp58_dp  | 3       |
|    dsp_dotpra3add_8s_8s_8s_8s_8s_8s_17s_18_4_1_U256 | 1   |        | sext_ln50_601  | sext   | dsp58_dp  | 3       |
|    dsp_dotpra3add_8s_8s_8s_8s_8s_8s_17s_18_4_1_U201 | 1   |        | mul_ln50_601   | mul    | dsp58_dp  | 3       |
|    dsp_dotpra3add_8s_8s_8s_8s_8s_8s_17s_18_4_1_U201 | 1   |        | sext_ln50_602  | sext   | dsp58_dp  | 3       |
|    dsp_dotpra3add_8s_8s_8s_8s_8s_8s_17s_18_4_1_U226 | 1   |        | mul_ln50_602   | mul    | dsp58_dp  | 3       |
|    dsp_dotpra3add_8s_8s_8s_8s_8s_8s_17s_18_4_1_U226 | 1   |        | sext_ln50_603  | sext   | dsp58_dp  | 3       |
|    dsp_dotpra3add_8s_8s_8s_8s_8s_8s_17s_18_4_1_U198 | 1   |        | mul_ln50_603   | mul    | dsp58_dp  | 3       |
|    dsp_dotpra3add_8s_8s_8s_8s_8s_8s_17s_18_4_1_U198 | 1   |        | sext_ln50_604  | sext   | dsp58_dp  | 3       |
|    dsp_dotpra3add_8s_8s_8s_8s_8s_8s_17s_18_4_1_U246 | 1   |        | mul_ln50_604   | mul    | dsp58_dp  | 3       |
|    dsp_dotpra3add_8s_8s_8s_8s_8s_8s_17s_18_4_1_U246 | 1   |        | sext_ln50_605  | sext   | dsp58_dp  | 3       |
|    dsp_dotpra3add_8s_8s_8s_8s_8s_8s_17s_18_4_1_U258 | 1   |        | mul_ln50_605   | mul    | dsp58_dp  | 3       |
|    dsp_dotpra3add_8s_8s_8s_8s_8s_8s_17s_18_4_1_U258 | 1   |        | sext_ln50_606  | sext   | dsp58_dp  | 3       |
|    dsp_dotpra3_8s_8s_8s_8s_8s_8s_17_4_1_U61         | 1   |        | mul_ln50_606   | mul    | dsp58_dp  | 3       |
|    dsp_dotpra3_8s_8s_8s_8s_8s_8s_17_4_1_U61         | 1   |        | sext_ln50_607  | sext   | dsp58_dp  | 3       |
|    dsp_dotpra3add_8s_8s_8s_8s_8s_8s_17s_18_4_1_U254 | 1   |        | mul_ln50_607   | mul    | dsp58_dp  | 3       |
|    dsp_dotpra3add_8s_8s_8s_8s_8s_8s_17s_18_4_1_U254 | 1   |        | sext_ln50_608  | sext   | dsp58_dp  | 3       |
|    dsp_dotpra3add_8s_8s_8s_8s_8s_8s_17s_18_4_1_U255 | 1   |        | mul_ln50_608   | mul    | dsp58_dp  | 3       |
|    dsp_dotpra3add_8s_8s_8s_8s_8s_8s_17s_18_4_1_U255 | 1   |        | sext_ln50_609  | sext   | dsp58_dp  | 3       |
|    dsp_dotpra3add_8s_8s_8s_8s_8s_8s_17s_18_4_1_U249 | 1   |        | mul_ln50_609   | mul    | dsp58_dp  | 3       |
|    dsp_dotpra3add_8s_8s_8s_8s_8s_8s_17s_18_4_1_U249 | 1   |        | sext_ln50_610  | sext   | dsp58_dp  | 3       |
|    dsp_dotpra3add_8s_8s_8s_8s_8s_8s_17s_18_4_1_U182 | 1   |        | mul_ln50_610   | mul    | dsp58_dp  | 3       |
|    dsp_dotpra3add_8s_8s_8s_8s_8s_8s_17s_18_4_1_U182 | 1   |        | sext_ln50_611  | sext   | dsp58_dp  | 3       |
|    dsp_dotpra3_8s_8s_8s_8s_8s_8s_17_4_1_U74         | 1   |        | mul_ln50_611   | mul    | dsp58_dp  | 3       |
|    dsp_dotpra3_8s_8s_8s_8s_8s_8s_17_4_1_U74         | 1   |        | sext_ln50_612  | sext   | dsp58_dp  | 3       |
|    dsp_dotpra3add_8s_8s_8s_8s_8s_8s_17s_18_4_1_U165 | 1   |        | mul_ln50_612   | mul    | dsp58_dp  | 3       |
|    dsp_dotpra3add_8s_8s_8s_8s_8s_8s_17s_18_4_1_U165 | 1   |        | sext_ln50_613  | sext   | dsp58_dp  | 3       |
|    dsp_dotpra3add_8s_8s_8s_8s_8s_8s_17s_18_4_1_U162 | 1   |        | mul_ln50_613   | mul    | dsp58_dp  | 3       |
|    dsp_dotpra3add_8s_8s_8s_8s_8s_8s_17s_18_4_1_U162 | 1   |        | sext_ln50_614  | sext   | dsp58_dp  | 3       |
|    dsp_dotpra3_8s_8s_8s_8s_8s_8s_17_4_1_U113        | 1   |        | mul_ln50_614   | mul    | dsp58_dp  | 3       |
|    dsp_dotpra3_8s_8s_8s_8s_8s_8s_17_4_1_U113        | 1   |        | sext_ln50_615  | sext   | dsp58_dp  | 3       |
|    dsp_dotpra3_8s_8s_8s_8s_8s_8s_17_4_1_U87         | 1   |        | mul_ln50_615   | mul    | dsp58_dp  | 3       |
|    dsp_dotpra3_8s_8s_8s_8s_8s_8s_17_4_1_U87         | 1   |        | sext_ln50_616  | sext   | dsp58_dp  | 3       |
|    dsp_dotpra3add_8s_8s_8s_8s_8s_8s_17s_18_4_1_U204 | 1   |        | mul_ln50_616   | mul    | dsp58_dp  | 3       |
|    dsp_dotpra3add_8s_8s_8s_8s_8s_8s_17s_18_4_1_U204 | 1   |        | sext_ln50_617  | sext   | dsp58_dp  | 3       |
|    dsp_dotpra3_8s_8s_8s_8s_8s_8s_17_4_1_U8          | 1   |        | mul_ln50_617   | mul    | dsp58_dp  | 3       |
|    dsp_dotpra3_8s_8s_8s_8s_8s_8s_17_4_1_U8          | 1   |        | sext_ln50_618  | sext   | dsp58_dp  | 3       |
|    dsp_dotpra3_8s_8s_8s_8s_8s_8s_17_4_1_U87         | 1   |        | mul_ln50_618   | mul    | dsp58_dp  | 3       |
|    dsp_dotpra3_8s_8s_8s_8s_8s_8s_17_4_1_U87         | 1   |        | sext_ln50_619  | sext   | dsp58_dp  | 3       |
|    dsp_dotpra3add_8s_8s_8s_8s_8s_8s_17s_18_4_1_U213 | 1   |        | mul_ln50_619   | mul    | dsp58_dp  | 3       |
|    dsp_dotpra3add_8s_8s_8s_8s_8s_8s_17s_18_4_1_U213 | 1   |        | sext_ln50_620  | sext   | dsp58_dp  | 3       |
|    dsp_dotpra3add_8s_8s_8s_8s_8s_8s_17s_18_4_1_U169 | 1   |        | mul_ln50_620   | mul    | dsp58_dp  | 3       |
|    dsp_dotpra3add_8s_8s_8s_8s_8s_8s_17s_18_4_1_U169 | 1   |        | sext_ln50_621  | sext   | dsp58_dp  | 3       |
|    dsp_dotpra3_8s_8s_8s_8s_8s_8s_17_4_1_U106        | 1   |        | mul_ln50_621   | mul    | dsp58_dp  | 3       |
|    dsp_dotpra3_8s_8s_8s_8s_8s_8s_17_4_1_U106        | 1   |        | sext_ln50_622  | sext   | dsp58_dp  | 3       |
|    dsp_dotpra3add_8s_8s_8s_8s_8s_8s_17s_18_4_1_U184 | 1   |        | mul_ln50_622   | mul    | dsp58_dp  | 3       |
|    dsp_dotpra3add_8s_8s_8s_8s_8s_8s_17s_18_4_1_U184 | 1   |        | sext_ln50_623  | sext   | dsp58_dp  | 3       |
|    dsp_dotpra3add_8s_8s_8s_8s_8s_8s_17s_18_4_1_U160 | 1   |        | mul_ln50_623   | mul    | dsp58_dp  | 3       |
|    dsp_dotpra3add_8s_8s_8s_8s_8s_8s_17s_18_4_1_U160 | 1   |        | sext_ln50_624  | sext   | dsp58_dp  | 3       |
|    dsp_dotpra3add_8s_8s_8s_8s_8s_8s_17s_18_4_1_U259 | 1   |        | mul_ln50_624   | mul    | dsp58_dp  | 3       |
|    dsp_dotpra3add_8s_8s_8s_8s_8s_8s_17s_18_4_1_U259 | 1   |        | sext_ln50_625  | sext   | dsp58_dp  | 3       |
|    dsp_dotpra3_8s_8s_8s_8s_8s_8s_17_4_1_U95         | 1   |        | mul_ln50_625   | mul    | dsp58_dp  | 3       |
|    dsp_dotpra3_8s_8s_8s_8s_8s_8s_17_4_1_U95         | 1   |        | sext_ln50_626  | sext   | dsp58_dp  | 3       |
|    dsp_dotpra3_8s_8s_8s_8s_8s_8s_17_4_1_U26         | 1   |        | mul_ln50_626   | mul    | dsp58_dp  | 3       |
|    dsp_dotpra3_8s_8s_8s_8s_8s_8s_17_4_1_U26         | 1   |        | sext_ln50_627  | sext   | dsp58_dp  | 3       |
|    dsp_dotpra3add_8s_8s_8s_8s_8s_8s_17s_18_4_1_U207 | 1   |        | mul_ln50_627   | mul    | dsp58_dp  | 3       |
|    dsp_dotpra3add_8s_8s_8s_8s_8s_8s_17s_18_4_1_U207 | 1   |        | sext_ln50_628  | sext   | dsp58_dp  | 3       |
|    dsp_dotpra3add_8s_8s_8s_8s_8s_8s_17s_18_4_1_U253 | 1   |        | mul_ln50_628   | mul    | dsp58_dp  | 3       |
|    dsp_dotpra3add_8s_8s_8s_8s_8s_8s_17s_18_4_1_U253 | 1   |        | sext_ln50_629  | sext   | dsp58_dp  | 3       |
|    dsp_dotpra3add_8s_8s_8s_8s_8s_8s_17s_18_4_1_U214 | 1   |        | mul_ln50_629   | mul    | dsp58_dp  | 3       |
|    dsp_dotpra3add_8s_8s_8s_8s_8s_8s_17s_18_4_1_U214 | 1   |        | sext_ln50_630  | sext   | dsp58_dp  | 3       |
|    dsp_dotpra3_8s_8s_8s_8s_8s_8s_17_4_1_U92         | 1   |        | mul_ln50_630   | mul    | dsp58_dp  | 3       |
|    dsp_dotpra3_8s_8s_8s_8s_8s_8s_17_4_1_U92         | 1   |        | sext_ln50_631  | sext   | dsp58_dp  | 3       |
|    dsp_dotpra3add_8s_8s_8s_8s_8s_8s_17s_18_4_1_U190 | 1   |        | mul_ln50_631   | mul    | dsp58_dp  | 3       |
|    dsp_dotpra3add_8s_8s_8s_8s_8s_8s_17s_18_4_1_U190 | 1   |        | sext_ln50_632  | sext   | dsp58_dp  | 3       |
|    dsp_dotpra3_8s_8s_8s_8s_8s_8s_17_4_1_U66         | 1   |        | mul_ln50_632   | mul    | dsp58_dp  | 3       |
|    dsp_dotpra3_8s_8s_8s_8s_8s_8s_17_4_1_U66         | 1   |        | sext_ln50_633  | sext   | dsp58_dp  | 3       |
|    dsp_dotpra3_8s_8s_8s_8s_8s_8s_17_4_1_U130        | 1   |        | mul_ln50_633   | mul    | dsp58_dp  | 3       |
|    dsp_dotpra3_8s_8s_8s_8s_8s_8s_17_4_1_U130        | 1   |        | sext_ln50_634  | sext   | dsp58_dp  | 3       |
|    dsp_dotpra3_8s_8s_8s_8s_8s_8s_17_4_1_U23         | 1   |        | mul_ln50_634   | mul    | dsp58_dp  | 3       |
|    dsp_dotpra3_8s_8s_8s_8s_8s_8s_17_4_1_U23         | 1   |        | sext_ln50_635  | sext   | dsp58_dp  | 3       |
|    dsp_dotpra3_8s_8s_8s_8s_8s_8s_17_4_1_U128        | 1   |        | mul_ln50_635   | mul    | dsp58_dp  | 3       |
|    dsp_dotpra3_8s_8s_8s_8s_8s_8s_17_4_1_U128        | 1   |        | sext_ln50_636  | sext   | dsp58_dp  | 3       |
|    dsp_dotpra3add_8s_8s_8s_8s_8s_8s_17s_18_4_1_U167 | 1   |        | mul_ln50_636   | mul    | dsp58_dp  | 3       |
|    dsp_dotpra3add_8s_8s_8s_8s_8s_8s_17s_18_4_1_U167 | 1   |        | sext_ln50_637  | sext   | dsp58_dp  | 3       |
|    dsp_dotpra3add_8s_8s_8s_8s_8s_8s_17s_18_4_1_U194 | 1   |        | mul_ln50_637   | mul    | dsp58_dp  | 3       |
|    dsp_dotpra3add_8s_8s_8s_8s_8s_8s_17s_18_4_1_U194 | 1   |        | sext_ln50_638  | sext   | dsp58_dp  | 3       |
|    dsp_dotpra3add_8s_8s_8s_8s_8s_8s_17s_18_4_1_U181 | 1   |        | mul_ln50_638   | mul    | dsp58_dp  | 3       |
|    dsp_dotpra3add_8s_8s_8s_8s_8s_8s_17s_18_4_1_U181 | 1   |        | sext_ln50_639  | sext   | dsp58_dp  | 3       |
|    dsp_dotpra3add_8s_8s_8s_8s_8s_8s_17s_18_4_1_U258 | 1   |        | mul_ln50_639   | mul    | dsp58_dp  | 3       |
|    dsp_dotpra3add_8s_8s_8s_8s_8s_8s_17s_18_4_1_U258 | 1   |        | sext_ln50_640  | sext   | dsp58_dp  | 3       |
|    dsp_dotpra3_8s_8s_8s_8s_8s_8s_17_4_1_U67         | 1   |        | mul_ln50_640   | mul    | dsp58_dp  | 3       |
|    dsp_dotpra3_8s_8s_8s_8s_8s_8s_17_4_1_U67         | 1   |        | sext_ln50_641  | sext   | dsp58_dp  | 3       |
|    dsp_dotpra3_8s_8s_8s_8s_8s_8s_17_4_1_U54         | 1   |        | mul_ln50_641   | mul    | dsp58_dp  | 3       |
|    dsp_dotpra3_8s_8s_8s_8s_8s_8s_17_4_1_U54         | 1   |        | sext_ln50_642  | sext   | dsp58_dp  | 3       |
|    dsp_dotpra3add_8s_8s_8s_8s_8s_8s_17s_18_4_1_U236 | 1   |        | mul_ln50_642   | mul    | dsp58_dp  | 3       |
|    dsp_dotpra3add_8s_8s_8s_8s_8s_8s_17s_18_4_1_U236 | 1   |        | sext_ln50_643  | sext   | dsp58_dp  | 3       |
|    dsp_dotpra3_8s_8s_8s_8s_8s_8s_17_4_1_U131        | 1   |        | mul_ln50_643   | mul    | dsp58_dp  | 3       |
|    dsp_dotpra3_8s_8s_8s_8s_8s_8s_17_4_1_U131        | 1   |        | sext_ln50_644  | sext   | dsp58_dp  | 3       |
|    dsp_dotpra3add_8s_8s_8s_8s_8s_8s_17s_18_4_1_U148 | 1   |        | mul_ln50_644   | mul    | dsp58_dp  | 3       |
|    dsp_dotpra3add_8s_8s_8s_8s_8s_8s_17s_18_4_1_U148 | 1   |        | sext_ln50_645  | sext   | dsp58_dp  | 3       |
|    dsp_dotpra3add_8s_8s_8s_8s_8s_8s_17s_18_4_1_U216 | 1   |        | mul_ln50_645   | mul    | dsp58_dp  | 3       |
|    dsp_dotpra3add_8s_8s_8s_8s_8s_8s_17s_18_4_1_U216 | 1   |        | sext_ln50_646  | sext   | dsp58_dp  | 3       |
|    dsp_dotpra3_8s_8s_8s_8s_8s_8s_17_4_1_U102        | 1   |        | mul_ln50_646   | mul    | dsp58_dp  | 3       |
|    dsp_dotpra3_8s_8s_8s_8s_8s_8s_17_4_1_U102        | 1   |        | sext_ln50_647  | sext   | dsp58_dp  | 3       |
|    dsp_dotpra3_8s_8s_8s_8s_8s_8s_17_4_1_U92         | 1   |        | mul_ln50_647   | mul    | dsp58_dp  | 3       |
|    dsp_dotpra3_8s_8s_8s_8s_8s_8s_17_4_1_U92         | 1   |        | sext_ln50_648  | sext   | dsp58_dp  | 3       |
|    dsp_dotpra3add_8s_8s_8s_8s_8s_8s_17s_18_4_1_U243 | 1   |        | mul_ln50_648   | mul    | dsp58_dp  | 3       |
|    dsp_dotpra3add_8s_8s_8s_8s_8s_8s_17s_18_4_1_U243 | 1   |        | sext_ln50_649  | sext   | dsp58_dp  | 3       |
|    dsp_dotpra3_8s_8s_8s_8s_8s_8s_17_4_1_U132        | 1   |        | mul_ln50_649   | mul    | dsp58_dp  | 3       |
|    dsp_dotpra3_8s_8s_8s_8s_8s_8s_17_4_1_U132        | 1   |        | sext_ln50_650  | sext   | dsp58_dp  | 3       |
|    dsp_dotpra3add_8s_8s_8s_8s_8s_8s_17s_18_4_1_U134 | 1   |        | mul_ln50_650   | mul    | dsp58_dp  | 3       |
|    dsp_dotpra3add_8s_8s_8s_8s_8s_8s_17s_18_4_1_U134 | 1   |        | sext_ln50_651  | sext   | dsp58_dp  | 3       |
|    dsp_dotpra3add_8s_8s_8s_8s_8s_8s_17s_18_4_1_U257 | 1   |        | mul_ln50_651   | mul    | dsp58_dp  | 3       |
|    dsp_dotpra3add_8s_8s_8s_8s_8s_8s_17s_18_4_1_U257 | 1   |        | sext_ln50_652  | sext   | dsp58_dp  | 3       |
|    dsp_dotpra3_8s_8s_8s_8s_8s_8s_17_4_1_U33         | 1   |        | mul_ln50_652   | mul    | dsp58_dp  | 3       |
|    dsp_dotpra3_8s_8s_8s_8s_8s_8s_17_4_1_U33         | 1   |        | sext_ln50_653  | sext   | dsp58_dp  | 3       |
|    dsp_dotpra3_8s_8s_8s_8s_8s_8s_17_4_1_U81         | 1   |        | mul_ln50_653   | mul    | dsp58_dp  | 3       |
|    dsp_dotpra3_8s_8s_8s_8s_8s_8s_17_4_1_U81         | 1   |        | sext_ln50_654  | sext   | dsp58_dp  | 3       |
|    dsp_dotpra3add_8s_8s_8s_8s_8s_8s_17s_18_4_1_U256 | 1   |        | mul_ln50_654   | mul    | dsp58_dp  | 3       |
|    dsp_dotpra3add_8s_8s_8s_8s_8s_8s_17s_18_4_1_U256 | 1   |        | sext_ln50_655  | sext   | dsp58_dp  | 3       |
|    dsp_dotpra3_8s_8s_8s_8s_8s_8s_17_4_1_U107        | 1   |        | mul_ln50_655   | mul    | dsp58_dp  | 3       |
|    dsp_dotpra3_8s_8s_8s_8s_8s_8s_17_4_1_U107        | 1   |        | sext_ln50_656  | sext   | dsp58_dp  | 3       |
|    dsp_dotpra3add_8s_8s_8s_8s_8s_8s_17s_18_4_1_U141 | 1   |        | mul_ln50_656   | mul    | dsp58_dp  | 3       |
|    dsp_dotpra3add_8s_8s_8s_8s_8s_8s_17s_18_4_1_U141 | 1   |        | sext_ln50_657  | sext   | dsp58_dp  | 3       |
|    dsp_dotpra3add_8s_8s_8s_8s_8s_8s_17s_18_4_1_U176 | 1   |        | mul_ln50_657   | mul    | dsp58_dp  | 3       |
|    dsp_dotpra3add_8s_8s_8s_8s_8s_8s_17s_18_4_1_U176 | 1   |        | sext_ln50_658  | sext   | dsp58_dp  | 3       |
|    dsp_dotpra3_8s_8s_8s_8s_8s_8s_17_4_1_U116        | 1   |        | mul_ln50_658   | mul    | dsp58_dp  | 3       |
|    dsp_dotpra3_8s_8s_8s_8s_8s_8s_17_4_1_U116        | 1   |        | sext_ln50_659  | sext   | dsp58_dp  | 3       |
|    dsp_dotpra3add_8s_8s_8s_8s_8s_8s_17s_18_4_1_U202 | 1   |        | mul_ln50_659   | mul    | dsp58_dp  | 3       |
|    dsp_dotpra3add_8s_8s_8s_8s_8s_8s_17s_18_4_1_U202 | 1   |        | sext_ln50_660  | sext   | dsp58_dp  | 3       |
|    dsp_dotpra3_8s_8s_8s_8s_8s_8s_17_4_1_U76         | 1   |        | mul_ln50_660   | mul    | dsp58_dp  | 3       |
|    dsp_dotpra3_8s_8s_8s_8s_8s_8s_17_4_1_U76         | 1   |        | sext_ln50_661  | sext   | dsp58_dp  | 3       |
|    dsp_dotpra3add_8s_8s_8s_8s_8s_8s_17s_18_4_1_U238 | 1   |        | mul_ln50_661   | mul    | dsp58_dp  | 3       |
|    dsp_dotpra3add_8s_8s_8s_8s_8s_8s_17s_18_4_1_U238 | 1   |        | sext_ln50_662  | sext   | dsp58_dp  | 3       |
|    dsp_dotpra3_8s_8s_8s_8s_8s_8s_17_4_1_U108        | 1   |        | mul_ln50_662   | mul    | dsp58_dp  | 3       |
|    dsp_dotpra3_8s_8s_8s_8s_8s_8s_17_4_1_U108        | 1   |        | sext_ln50_663  | sext   | dsp58_dp  | 3       |
|    dsp_dotpra3_8s_8s_8s_8s_8s_8s_17_4_1_U100        | 1   |        | mul_ln50_663   | mul    | dsp58_dp  | 3       |
|    dsp_dotpra3_8s_8s_8s_8s_8s_8s_17_4_1_U100        | 1   |        | sext_ln50_664  | sext   | dsp58_dp  | 3       |
|    dsp_dotpra3add_8s_8s_8s_8s_8s_8s_17s_18_4_1_U241 | 1   |        | mul_ln50_664   | mul    | dsp58_dp  | 3       |
|    dsp_dotpra3add_8s_8s_8s_8s_8s_8s_17s_18_4_1_U241 | 1   |        | sext_ln50_665  | sext   | dsp58_dp  | 3       |
|    dsp_dotpra3_8s_8s_8s_8s_8s_8s_17_4_1_U80         | 1   |        | mul_ln50_665   | mul    | dsp58_dp  | 3       |
|    dsp_dotpra3_8s_8s_8s_8s_8s_8s_17_4_1_U80         | 1   |        | sext_ln50_666  | sext   | dsp58_dp  | 3       |
|    dsp_dotpra3add_8s_8s_8s_8s_8s_8s_17s_18_4_1_U232 | 1   |        | mul_ln50_666   | mul    | dsp58_dp  | 3       |
|    dsp_dotpra3add_8s_8s_8s_8s_8s_8s_17s_18_4_1_U232 | 1   |        | sext_ln50_667  | sext   | dsp58_dp  | 3       |
|    dsp_dotpra3_8s_8s_8s_8s_8s_8s_17_4_1_U124        | 1   |        | mul_ln50_667   | mul    | dsp58_dp  | 3       |
|    dsp_dotpra3_8s_8s_8s_8s_8s_8s_17_4_1_U124        | 1   |        | sext_ln50_668  | sext   | dsp58_dp  | 3       |
|    dsp_dotpra3_8s_8s_8s_8s_8s_8s_17_4_1_U56         | 1   |        | mul_ln50_668   | mul    | dsp58_dp  | 3       |
|    dsp_dotpra3_8s_8s_8s_8s_8s_8s_17_4_1_U56         | 1   |        | sext_ln50_669  | sext   | dsp58_dp  | 3       |
|    dsp_dotpra3add_8s_8s_8s_8s_8s_8s_17s_18_4_1_U212 | 1   |        | mul_ln50_669   | mul    | dsp58_dp  | 3       |
|    dsp_dotpra3add_8s_8s_8s_8s_8s_8s_17s_18_4_1_U212 | 1   |        | sext_ln50_670  | sext   | dsp58_dp  | 3       |
|    mul_8s_8s_16_1_1_U3                              |     |        | mul_ln50_670   | mul    | auto      | 0       |
|    dsp_dotpra3_8s_8s_8s_8s_8s_8s_17_4_1_U102        | 1   |        | mul_ln50_671   | mul    | dsp58_dp  | 3       |
|    dsp_dotpra3_8s_8s_8s_8s_8s_8s_17_4_1_U102        | 1   |        | sext_ln50_672  | sext   | dsp58_dp  | 3       |
|    dsp_dotpra3add_8s_8s_8s_8s_8s_8s_17s_18_4_1_U229 | 1   |        | mul_ln50_672   | mul    | dsp58_dp  | 3       |
|    dsp_dotpra3add_8s_8s_8s_8s_8s_8s_17s_18_4_1_U229 | 1   |        | sext_ln50_673  | sext   | dsp58_dp  | 3       |
|    dsp_dotpra3add_8s_8s_8s_8s_8s_8s_17s_18_4_1_U238 | 1   |        | mul_ln50_673   | mul    | dsp58_dp  | 3       |
|    dsp_dotpra3add_8s_8s_8s_8s_8s_8s_17s_18_4_1_U238 | 1   |        | sext_ln50_674  | sext   | dsp58_dp  | 3       |
|    dsp_dotpra3add_8s_8s_8s_8s_8s_8s_17s_18_4_1_U245 | 1   |        | mul_ln50_674   | mul    | dsp58_dp  | 3       |
|    dsp_dotpra3add_8s_8s_8s_8s_8s_8s_17s_18_4_1_U245 | 1   |        | sext_ln50_675  | sext   | dsp58_dp  | 3       |
|    dsp_dotpra3_8s_8s_8s_8s_8s_8s_17_4_1_U49         | 1   |        | mul_ln50_675   | mul    | dsp58_dp  | 3       |
|    dsp_dotpra3_8s_8s_8s_8s_8s_8s_17_4_1_U49         | 1   |        | sext_ln50_676  | sext   | dsp58_dp  | 3       |
|    dsp_dotpra3_8s_8s_8s_8s_8s_8s_17_4_1_U93         | 1   |        | mul_ln50_676   | mul    | dsp58_dp  | 3       |
|    dsp_dotpra3_8s_8s_8s_8s_8s_8s_17_4_1_U93         | 1   |        | sext_ln50_677  | sext   | dsp58_dp  | 3       |
|    dsp_dotpra3add_8s_8s_8s_8s_8s_8s_17s_18_4_1_U172 | 1   |        | mul_ln50_677   | mul    | dsp58_dp  | 3       |
|    dsp_dotpra3add_8s_8s_8s_8s_8s_8s_17s_18_4_1_U172 | 1   |        | sext_ln50_678  | sext   | dsp58_dp  | 3       |
|    dsp_dotpra3add_8s_8s_8s_8s_8s_8s_17s_18_4_1_U175 | 1   |        | mul_ln50_678   | mul    | dsp58_dp  | 3       |
|    dsp_dotpra3add_8s_8s_8s_8s_8s_8s_17s_18_4_1_U175 | 1   |        | sext_ln50_679  | sext   | dsp58_dp  | 3       |
|    dsp_dotpra3add_8s_8s_8s_8s_8s_8s_17s_18_4_1_U187 | 1   |        | mul_ln50_679   | mul    | dsp58_dp  | 3       |
|    dsp_dotpra3add_8s_8s_8s_8s_8s_8s_17s_18_4_1_U187 | 1   |        | sext_ln50_680  | sext   | dsp58_dp  | 3       |
|    dsp_dotpra3_8s_8s_8s_8s_8s_8s_17_4_1_U6          | 1   |        | mul_ln50_680   | mul    | dsp58_dp  | 3       |
|    dsp_dotpra3_8s_8s_8s_8s_8s_8s_17_4_1_U6          | 1   |        | sext_ln50_681  | sext   | dsp58_dp  | 3       |
|    dsp_dotpra3_8s_8s_8s_8s_8s_8s_17_4_1_U94         | 1   |        | mul_ln50_681   | mul    | dsp58_dp  | 3       |
|    dsp_dotpra3_8s_8s_8s_8s_8s_8s_17_4_1_U94         | 1   |        | sext_ln50_682  | sext   | dsp58_dp  | 3       |
|    dsp_dotpra3_8s_8s_8s_8s_8s_8s_17_4_1_U65         | 1   |        | mul_ln50_682   | mul    | dsp58_dp  | 3       |
|    dsp_dotpra3_8s_8s_8s_8s_8s_8s_17_4_1_U65         | 1   |        | sext_ln50_683  | sext   | dsp58_dp  | 3       |
|    dsp_dotpra3add_8s_8s_8s_8s_8s_8s_17s_18_4_1_U215 | 1   |        | mul_ln50_683   | mul    | dsp58_dp  | 3       |
|    dsp_dotpra3add_8s_8s_8s_8s_8s_8s_17s_18_4_1_U215 | 1   |        | sext_ln50_684  | sext   | dsp58_dp  | 3       |
|    dsp_dotpra3add_8s_8s_8s_8s_8s_8s_17s_18_4_1_U195 | 1   |        | mul_ln50_684   | mul    | dsp58_dp  | 3       |
|    dsp_dotpra3add_8s_8s_8s_8s_8s_8s_17s_18_4_1_U195 | 1   |        | sext_ln50_685  | sext   | dsp58_dp  | 3       |
|    dsp_dotpra3add_8s_8s_8s_8s_8s_8s_17s_18_4_1_U226 | 1   |        | mul_ln50_685   | mul    | dsp58_dp  | 3       |
|    dsp_dotpra3add_8s_8s_8s_8s_8s_8s_17s_18_4_1_U226 | 1   |        | sext_ln50_686  | sext   | dsp58_dp  | 3       |
|    dsp_dotpra3add_8s_8s_8s_8s_8s_8s_17s_18_4_1_U154 | 1   |        | mul_ln50_686   | mul    | dsp58_dp  | 3       |
|    dsp_dotpra3add_8s_8s_8s_8s_8s_8s_17s_18_4_1_U154 | 1   |        | sext_ln50_687  | sext   | dsp58_dp  | 3       |
|    dsp_dotpra3add_8s_8s_8s_8s_8s_8s_17s_18_4_1_U258 | 1   |        | mul_ln50_687   | mul    | dsp58_dp  | 3       |
|    dsp_dotpra3add_8s_8s_8s_8s_8s_8s_17s_18_4_1_U258 | 1   |        | sext_ln50_688  | sext   | dsp58_dp  | 3       |
|    dsp_dotpra3_8s_8s_8s_8s_8s_8s_17_4_1_U40         | 1   |        | mul_ln50_688   | mul    | dsp58_dp  | 3       |
|    dsp_dotpra3_8s_8s_8s_8s_8s_8s_17_4_1_U40         | 1   |        | sext_ln50_689  | sext   | dsp58_dp  | 3       |
|    dsp_dotpra3add_8s_8s_8s_8s_8s_8s_17s_18_4_1_U259 | 1   |        | mul_ln50_689   | mul    | dsp58_dp  | 3       |
|    dsp_dotpra3add_8s_8s_8s_8s_8s_8s_17s_18_4_1_U259 | 1   |        | sext_ln50_690  | sext   | dsp58_dp  | 3       |
|    dsp_dotpra3_8s_8s_8s_8s_8s_8s_17_4_1_U69         | 1   |        | mul_ln50_690   | mul    | dsp58_dp  | 3       |
|    dsp_dotpra3_8s_8s_8s_8s_8s_8s_17_4_1_U69         | 1   |        | sext_ln50_691  | sext   | dsp58_dp  | 3       |
|    dsp_dotpra3add_8s_8s_8s_8s_8s_8s_17s_18_4_1_U147 | 1   |        | mul_ln50_691   | mul    | dsp58_dp  | 3       |
|    dsp_dotpra3add_8s_8s_8s_8s_8s_8s_17s_18_4_1_U147 | 1   |        | sext_ln50_692  | sext   | dsp58_dp  | 3       |
|    dsp_dotpra3add_8s_8s_8s_8s_8s_8s_17s_18_4_1_U159 | 1   |        | mul_ln50_692   | mul    | dsp58_dp  | 3       |
|    dsp_dotpra3add_8s_8s_8s_8s_8s_8s_17s_18_4_1_U159 | 1   |        | sext_ln50_693  | sext   | dsp58_dp  | 3       |
|    dsp_dotpra3add_8s_8s_8s_8s_8s_8s_17s_18_4_1_U219 | 1   |        | mul_ln50_693   | mul    | dsp58_dp  | 3       |
|    dsp_dotpra3add_8s_8s_8s_8s_8s_8s_17s_18_4_1_U219 | 1   |        | sext_ln50_694  | sext   | dsp58_dp  | 3       |
|    dsp_dotpra3_8s_8s_8s_8s_8s_8s_17_4_1_U38         | 1   |        | mul_ln50_694   | mul    | dsp58_dp  | 3       |
|    dsp_dotpra3_8s_8s_8s_8s_8s_8s_17_4_1_U38         | 1   |        | sext_ln50_695  | sext   | dsp58_dp  | 3       |
|    dsp_dotpra3add_8s_8s_8s_8s_8s_8s_17s_18_4_1_U225 | 1   |        | mul_ln50_695   | mul    | dsp58_dp  | 3       |
|    dsp_dotpra3add_8s_8s_8s_8s_8s_8s_17s_18_4_1_U225 | 1   |        | sext_ln50_696  | sext   | dsp58_dp  | 3       |
|    dsp_dotpra3add_8s_8s_8s_8s_8s_8s_17s_18_4_1_U249 | 1   |        | mul_ln50_696   | mul    | dsp58_dp  | 3       |
|    dsp_dotpra3add_8s_8s_8s_8s_8s_8s_17s_18_4_1_U249 | 1   |        | sext_ln50_697  | sext   | dsp58_dp  | 3       |
|    dsp_dotpra3add_8s_8s_8s_8s_8s_8s_17s_18_4_1_U253 | 1   |        | mul_ln50_697   | mul    | dsp58_dp  | 3       |
|    dsp_dotpra3add_8s_8s_8s_8s_8s_8s_17s_18_4_1_U253 | 1   |        | sext_ln50_698  | sext   | dsp58_dp  | 3       |
|    dsp_dotpra3_8s_8s_8s_8s_8s_8s_17_4_1_U82         | 1   |        | mul_ln50_698   | mul    | dsp58_dp  | 3       |
|    dsp_dotpra3_8s_8s_8s_8s_8s_8s_17_4_1_U82         | 1   |        | sext_ln50_699  | sext   | dsp58_dp  | 3       |
|    dsp_dotpra3_8s_8s_8s_8s_8s_8s_17_4_1_U26         | 1   |        | mul_ln50_699   | mul    | dsp58_dp  | 3       |
|    dsp_dotpra3_8s_8s_8s_8s_8s_8s_17_4_1_U26         | 1   |        | sext_ln50_700  | sext   | dsp58_dp  | 3       |
|    dsp_dotpra3add_8s_8s_8s_8s_8s_8s_17s_18_4_1_U134 | 1   |        | mul_ln50_700   | mul    | dsp58_dp  | 3       |
|    dsp_dotpra3add_8s_8s_8s_8s_8s_8s_17s_18_4_1_U134 | 1   |        | sext_ln50_701  | sext   | dsp58_dp  | 3       |
|    dsp_dotpra3add_8s_8s_8s_8s_8s_8s_17s_18_4_1_U235 | 1   |        | mul_ln50_701   | mul    | dsp58_dp  | 3       |
|    dsp_dotpra3add_8s_8s_8s_8s_8s_8s_17s_18_4_1_U235 | 1   |        | sext_ln50_702  | sext   | dsp58_dp  | 3       |
|    dsp_dotpra3_8s_8s_8s_8s_8s_8s_17_4_1_U109        | 1   |        | mul_ln50_702   | mul    | dsp58_dp  | 3       |
|    dsp_dotpra3_8s_8s_8s_8s_8s_8s_17_4_1_U109        | 1   |        | sext_ln50_703  | sext   | dsp58_dp  | 3       |
|    dsp_dotpra3add_8s_8s_8s_8s_8s_8s_17s_18_4_1_U252 | 1   |        | mul_ln50_703   | mul    | dsp58_dp  | 3       |
|    dsp_dotpra3add_8s_8s_8s_8s_8s_8s_17s_18_4_1_U252 | 1   |        | sext_ln50_704  | sext   | dsp58_dp  | 3       |
|    dsp_dotpra3add_8s_8s_8s_8s_8s_8s_17s_18_4_1_U228 | 1   |        | mul_ln50_704   | mul    | dsp58_dp  | 3       |
|    dsp_dotpra3add_8s_8s_8s_8s_8s_8s_17s_18_4_1_U228 | 1   |        | sext_ln50_705  | sext   | dsp58_dp  | 3       |
|    dsp_dotpra3add_8s_8s_8s_8s_8s_8s_17s_18_4_1_U209 | 1   |        | mul_ln50_705   | mul    | dsp58_dp  | 3       |
|    dsp_dotpra3add_8s_8s_8s_8s_8s_8s_17s_18_4_1_U209 | 1   |        | sext_ln50_706  | sext   | dsp58_dp  | 3       |
|    dsp_dotpra3add_8s_8s_8s_8s_8s_8s_17s_18_4_1_U236 | 1   |        | mul_ln50_706   | mul    | dsp58_dp  | 3       |
|    dsp_dotpra3add_8s_8s_8s_8s_8s_8s_17s_18_4_1_U236 | 1   |        | sext_ln50_707  | sext   | dsp58_dp  | 3       |
|    dsp_dotpra3add_8s_8s_8s_8s_8s_8s_17s_18_4_1_U234 | 1   |        | mul_ln50_707   | mul    | dsp58_dp  | 3       |
|    dsp_dotpra3add_8s_8s_8s_8s_8s_8s_17s_18_4_1_U234 | 1   |        | sext_ln50_708  | sext   | dsp58_dp  | 3       |
|    dsp_dotpra3add_8s_8s_8s_8s_8s_8s_17s_18_4_1_U210 | 1   |        | mul_ln50_708   | mul    | dsp58_dp  | 3       |
|    dsp_dotpra3add_8s_8s_8s_8s_8s_8s_17s_18_4_1_U210 | 1   |        | sext_ln50_709  | sext   | dsp58_dp  | 3       |
|    dsp_dotpra3add_8s_8s_8s_8s_8s_8s_17s_18_4_1_U233 | 1   |        | mul_ln50_709   | mul    | dsp58_dp  | 3       |
|    dsp_dotpra3add_8s_8s_8s_8s_8s_8s_17s_18_4_1_U233 | 1   |        | sext_ln50_710  | sext   | dsp58_dp  | 3       |
|    dsp_dotpra3_8s_8s_8s_8s_8s_8s_17_4_1_U132        | 1   |        | mul_ln50_710   | mul    | dsp58_dp  | 3       |
|    dsp_dotpra3_8s_8s_8s_8s_8s_8s_17_4_1_U132        | 1   |        | sext_ln50_711  | sext   | dsp58_dp  | 3       |
|    dsp_dotpra3add_8s_8s_8s_8s_8s_8s_17s_18_4_1_U227 | 1   |        | mul_ln50_711   | mul    | dsp58_dp  | 3       |
|    dsp_dotpra3add_8s_8s_8s_8s_8s_8s_17s_18_4_1_U227 | 1   |        | sext_ln50_712  | sext   | dsp58_dp  | 3       |
|    dsp_dotpra3_8s_8s_8s_8s_8s_8s_17_4_1_U99         | 1   |        | mul_ln50_712   | mul    | dsp58_dp  | 3       |
|    dsp_dotpra3_8s_8s_8s_8s_8s_8s_17_4_1_U99         | 1   |        | sext_ln50_713  | sext   | dsp58_dp  | 3       |
|    dsp_dotpra3add_8s_8s_8s_8s_8s_8s_17s_18_4_1_U211 | 1   |        | mul_ln50_713   | mul    | dsp58_dp  | 3       |
|    dsp_dotpra3add_8s_8s_8s_8s_8s_8s_17s_18_4_1_U211 | 1   |        | sext_ln50_714  | sext   | dsp58_dp  | 3       |
|    dsp_dotpra3_8s_8s_8s_8s_8s_8s_17_4_1_U43         | 1   |        | mul_ln50_714   | mul    | dsp58_dp  | 3       |
|    dsp_dotpra3_8s_8s_8s_8s_8s_8s_17_4_1_U43         | 1   |        | sext_ln50_715  | sext   | dsp58_dp  | 3       |
|    dsp_dotpra3add_8s_8s_8s_8s_8s_8s_17s_18_4_1_U197 | 1   |        | mul_ln50_715   | mul    | dsp58_dp  | 3       |
|    dsp_dotpra3add_8s_8s_8s_8s_8s_8s_17s_18_4_1_U197 | 1   |        | sext_ln50_716  | sext   | dsp58_dp  | 3       |
|    dsp_dotpra3_8s_8s_8s_8s_8s_8s_17_4_1_U130        | 1   |        | mul_ln50_716   | mul    | dsp58_dp  | 3       |
|    dsp_dotpra3_8s_8s_8s_8s_8s_8s_17_4_1_U130        | 1   |        | sext_ln50_717  | sext   | dsp58_dp  | 3       |
|    dsp_dotpra3add_8s_8s_8s_8s_8s_8s_17s_18_4_1_U157 | 1   |        | mul_ln50_717   | mul    | dsp58_dp  | 3       |
|    dsp_dotpra3add_8s_8s_8s_8s_8s_8s_17s_18_4_1_U157 | 1   |        | sext_ln50_718  | sext   | dsp58_dp  | 3       |
|    dsp_dotpra3_8s_8s_8s_8s_8s_8s_17_4_1_U115        | 1   |        | mul_ln50_718   | mul    | dsp58_dp  | 3       |
|    dsp_dotpra3_8s_8s_8s_8s_8s_8s_17_4_1_U115        | 1   |        | sext_ln50_719  | sext   | dsp58_dp  | 3       |
|    dsp_dotpra3add_8s_8s_8s_8s_8s_8s_17s_18_4_1_U165 | 1   |        | mul_ln50_719   | mul    | dsp58_dp  | 3       |
|    dsp_dotpra3add_8s_8s_8s_8s_8s_8s_17s_18_4_1_U165 | 1   |        | sext_ln50_720  | sext   | dsp58_dp  | 3       |
|    dsp_dotpra3add_8s_8s_8s_8s_8s_8s_17s_18_4_1_U179 | 1   |        | mul_ln50_720   | mul    | dsp58_dp  | 3       |
|    dsp_dotpra3add_8s_8s_8s_8s_8s_8s_17s_18_4_1_U179 | 1   |        | sext_ln50_721  | sext   | dsp58_dp  | 3       |
|    dsp_dotpra3_8s_8s_8s_8s_8s_8s_17_4_1_U70         | 1   |        | mul_ln50_721   | mul    | dsp58_dp  | 3       |
|    dsp_dotpra3_8s_8s_8s_8s_8s_8s_17_4_1_U70         | 1   |        | sext_ln50_722  | sext   | dsp58_dp  | 3       |
|    dsp_dotpra3_8s_8s_8s_8s_8s_8s_17_4_1_U90         | 1   |        | mul_ln50_722   | mul    | dsp58_dp  | 3       |
|    dsp_dotpra3_8s_8s_8s_8s_8s_8s_17_4_1_U90         | 1   |        | sext_ln50_723  | sext   | dsp58_dp  | 3       |
|    dsp_dotpra3_8s_8s_8s_8s_8s_8s_17_4_1_U72         | 1   |        | mul_ln50_723   | mul    | dsp58_dp  | 3       |
|    dsp_dotpra3_8s_8s_8s_8s_8s_8s_17_4_1_U72         | 1   |        | sext_ln50_724  | sext   | dsp58_dp  | 3       |
|    dsp_dotpra3_8s_8s_8s_8s_8s_8s_17_4_1_U25         | 1   |        | mul_ln50_724   | mul    | dsp58_dp  | 3       |
|    dsp_dotpra3_8s_8s_8s_8s_8s_8s_17_4_1_U25         | 1   |        | sext_ln50_725  | sext   | dsp58_dp  | 3       |
|    dsp_dotpra3add_8s_8s_8s_8s_8s_8s_17s_18_4_1_U221 | 1   |        | mul_ln50_725   | mul    | dsp58_dp  | 3       |
|    dsp_dotpra3add_8s_8s_8s_8s_8s_8s_17s_18_4_1_U221 | 1   |        | sext_ln50_726  | sext   | dsp58_dp  | 3       |
|    dsp_dotpra3add_8s_8s_8s_8s_8s_8s_17s_18_4_1_U255 | 1   |        | mul_ln50_726   | mul    | dsp58_dp  | 3       |
|    dsp_dotpra3add_8s_8s_8s_8s_8s_8s_17s_18_4_1_U255 | 1   |        | sext_ln50_727  | sext   | dsp58_dp  | 3       |
|    dsp_dotpra3_8s_8s_8s_8s_8s_8s_17_4_1_U91         | 1   |        | mul_ln50_727   | mul    | dsp58_dp  | 3       |
|    dsp_dotpra3_8s_8s_8s_8s_8s_8s_17_4_1_U91         | 1   |        | sext_ln50_728  | sext   | dsp58_dp  | 3       |
|    dsp_dotpra3_8s_8s_8s_8s_8s_8s_17_4_1_U117        | 1   |        | mul_ln50_728   | mul    | dsp58_dp  | 3       |
|    dsp_dotpra3_8s_8s_8s_8s_8s_8s_17_4_1_U117        | 1   |        | sext_ln50_729  | sext   | dsp58_dp  | 3       |
|    dsp_dotpra3add_8s_8s_8s_8s_8s_8s_17s_18_4_1_U257 | 1   |        | mul_ln50_729   | mul    | dsp58_dp  | 3       |
|    dsp_dotpra3add_8s_8s_8s_8s_8s_8s_17s_18_4_1_U257 | 1   |        | sext_ln50_730  | sext   | dsp58_dp  | 3       |
|    dsp_dotpra3add_8s_8s_8s_8s_8s_8s_17s_18_4_1_U218 | 1   |        | mul_ln50_730   | mul    | dsp58_dp  | 3       |
|    dsp_dotpra3add_8s_8s_8s_8s_8s_8s_17s_18_4_1_U218 | 1   |        | sext_ln50_731  | sext   | dsp58_dp  | 3       |
|    dsp_dotpra3add_8s_8s_8s_8s_8s_8s_17s_18_4_1_U203 | 1   |        | mul_ln50_731   | mul    | dsp58_dp  | 3       |
|    dsp_dotpra3add_8s_8s_8s_8s_8s_8s_17s_18_4_1_U203 | 1   |        | sext_ln50_732  | sext   | dsp58_dp  | 3       |
|    dsp_dotpra3_8s_8s_8s_8s_8s_8s_17_4_1_U106        | 1   |        | mul_ln50_732   | mul    | dsp58_dp  | 3       |
|    dsp_dotpra3_8s_8s_8s_8s_8s_8s_17_4_1_U106        | 1   |        | sext_ln50_733  | sext   | dsp58_dp  | 3       |
|    dsp_dotpra3add_8s_8s_8s_8s_8s_8s_17s_18_4_1_U166 | 1   |        | mul_ln50_733   | mul    | dsp58_dp  | 3       |
|    dsp_dotpra3add_8s_8s_8s_8s_8s_8s_17s_18_4_1_U166 | 1   |        | sext_ln50_734  | sext   | dsp58_dp  | 3       |
|    dsp_dotpra3add_8s_8s_8s_8s_8s_8s_17s_18_4_1_U245 | 1   |        | mul_ln50_734   | mul    | dsp58_dp  | 3       |
|    dsp_dotpra3add_8s_8s_8s_8s_8s_8s_17s_18_4_1_U245 | 1   |        | sext_ln50_735  | sext   | dsp58_dp  | 3       |
|    dsp_dotpra3add_8s_8s_8s_8s_8s_8s_17s_18_4_1_U196 | 1   |        | mul_ln50_735   | mul    | dsp58_dp  | 3       |
|    dsp_dotpra3add_8s_8s_8s_8s_8s_8s_17s_18_4_1_U196 | 1   |        | sext_ln50_736  | sext   | dsp58_dp  | 3       |
|    dsp_dotpra3_8s_8s_8s_8s_8s_8s_17_4_1_U114        | 1   |        | mul_ln50_736   | mul    | dsp58_dp  | 3       |
|    dsp_dotpra3_8s_8s_8s_8s_8s_8s_17_4_1_U114        | 1   |        | sext_ln50_737  | sext   | dsp58_dp  | 3       |
|    dsp_dotpra3add_8s_8s_8s_8s_8s_8s_17s_18_4_1_U147 | 1   |        | mul_ln50_737   | mul    | dsp58_dp  | 3       |
|    dsp_dotpra3add_8s_8s_8s_8s_8s_8s_17s_18_4_1_U147 | 1   |        | sext_ln50_738  | sext   | dsp58_dp  | 3       |
|    dsp_dotpra3_8s_8s_8s_8s_8s_8s_17_4_1_U10         | 1   |        | mul_ln50_738   | mul    | dsp58_dp  | 3       |
|    dsp_dotpra3_8s_8s_8s_8s_8s_8s_17_4_1_U10         | 1   |        | sext_ln50_739  | sext   | dsp58_dp  | 3       |
|    dsp_dotpra3_8s_8s_8s_8s_8s_8s_17_4_1_U109        | 1   |        | mul_ln50_739   | mul    | dsp58_dp  | 3       |
|    dsp_dotpra3_8s_8s_8s_8s_8s_8s_17_4_1_U109        | 1   |        | sext_ln50_740  | sext   | dsp58_dp  | 3       |
|    dsp_dotpra3add_8s_8s_8s_8s_8s_8s_17s_18_4_1_U217 | 1   |        | mul_ln50_740   | mul    | dsp58_dp  | 3       |
|    dsp_dotpra3add_8s_8s_8s_8s_8s_8s_17s_18_4_1_U217 | 1   |        | sext_ln50_741  | sext   | dsp58_dp  | 3       |
|    dsp_dotpra3add_8s_8s_8s_8s_8s_8s_17s_18_4_1_U189 | 1   |        | mul_ln50_741   | mul    | dsp58_dp  | 3       |
|    dsp_dotpra3add_8s_8s_8s_8s_8s_8s_17s_18_4_1_U189 | 1   |        | sext_ln50_742  | sext   | dsp58_dp  | 3       |
|    dsp_dotpra3_8s_8s_8s_8s_8s_8s_17_4_1_U85         | 1   |        | mul_ln50_742   | mul    | dsp58_dp  | 3       |
|    dsp_dotpra3_8s_8s_8s_8s_8s_8s_17_4_1_U85         | 1   |        | sext_ln50_743  | sext   | dsp58_dp  | 3       |
|    dsp_dotpra3_8s_8s_8s_8s_8s_8s_17_4_1_U86         | 1   |        | mul_ln50_743   | mul    | dsp58_dp  | 3       |
|    dsp_dotpra3_8s_8s_8s_8s_8s_8s_17_4_1_U86         | 1   |        | sext_ln50_744  | sext   | dsp58_dp  | 3       |
|    dsp_dotpra3_8s_8s_8s_8s_8s_8s_17_4_1_U98         | 1   |        | mul_ln50_744   | mul    | dsp58_dp  | 3       |
|    dsp_dotpra3_8s_8s_8s_8s_8s_8s_17_4_1_U98         | 1   |        | sext_ln50_745  | sext   | dsp58_dp  | 3       |
|    dsp_dotpra3add_8s_8s_8s_8s_8s_8s_17s_18_4_1_U191 | 1   |        | mul_ln50_745   | mul    | dsp58_dp  | 3       |
|    dsp_dotpra3add_8s_8s_8s_8s_8s_8s_17s_18_4_1_U191 | 1   |        | sext_ln50_746  | sext   | dsp58_dp  | 3       |
|    dsp_dotpra3_8s_8s_8s_8s_8s_8s_17_4_1_U77         | 1   |        | mul_ln50_746   | mul    | dsp58_dp  | 3       |
|    dsp_dotpra3_8s_8s_8s_8s_8s_8s_17_4_1_U77         | 1   |        | sext_ln50_747  | sext   | dsp58_dp  | 3       |
|    dsp_dotpra3_8s_8s_8s_8s_8s_8s_17_4_1_U128        | 1   |        | mul_ln50_747   | mul    | dsp58_dp  | 3       |
|    dsp_dotpra3_8s_8s_8s_8s_8s_8s_17_4_1_U128        | 1   |        | sext_ln50_748  | sext   | dsp58_dp  | 3       |
|    dsp_dotpra3add_8s_8s_8s_8s_8s_8s_17s_18_4_1_U254 | 1   |        | mul_ln50_748   | mul    | dsp58_dp  | 3       |
|    dsp_dotpra3add_8s_8s_8s_8s_8s_8s_17s_18_4_1_U254 | 1   |        | sext_ln50_749  | sext   | dsp58_dp  | 3       |
|    dsp_dotpra3_8s_8s_8s_8s_8s_8s_17_4_1_U24         | 1   |        | mul_ln50_749   | mul    | dsp58_dp  | 3       |
|    dsp_dotpra3_8s_8s_8s_8s_8s_8s_17_4_1_U24         | 1   |        | sext_ln50_750  | sext   | dsp58_dp  | 3       |
|    dsp_dotpra3_8s_8s_8s_8s_8s_8s_17_4_1_U121        | 1   |        | mul_ln50_750   | mul    | dsp58_dp  | 3       |
|    dsp_dotpra3_8s_8s_8s_8s_8s_8s_17_4_1_U121        | 1   |        | sext_ln50_751  | sext   | dsp58_dp  | 3       |
|    dsp_dotpra3add_8s_8s_8s_8s_8s_8s_17s_18_4_1_U154 | 1   |        | mul_ln50_751   | mul    | dsp58_dp  | 3       |
|    dsp_dotpra3add_8s_8s_8s_8s_8s_8s_17s_18_4_1_U154 | 1   |        | sext_ln50_752  | sext   | dsp58_dp  | 3       |
|    dsp_dotpra3_8s_8s_8s_8s_8s_8s_17_4_1_U67         | 1   |        | mul_ln50_752   | mul    | dsp58_dp  | 3       |
|    dsp_dotpra3_8s_8s_8s_8s_8s_8s_17_4_1_U67         | 1   |        | sext_ln50_753  | sext   | dsp58_dp  | 3       |
|    dsp_dotpra3add_8s_8s_8s_8s_8s_8s_17s_18_4_1_U164 | 1   |        | mul_ln50_753   | mul    | dsp58_dp  | 3       |
|    dsp_dotpra3add_8s_8s_8s_8s_8s_8s_17s_18_4_1_U164 | 1   |        | sext_ln50_754  | sext   | dsp58_dp  | 3       |
|    dsp_dotpra3_8s_8s_8s_8s_8s_8s_17_4_1_U74         | 1   |        | mul_ln50_754   | mul    | dsp58_dp  | 3       |
|    dsp_dotpra3_8s_8s_8s_8s_8s_8s_17_4_1_U74         | 1   |        | sext_ln50_755  | sext   | dsp58_dp  | 3       |
|    dsp_dotpra3_8s_8s_8s_8s_8s_8s_17_4_1_U97         | 1   |        | mul_ln50_755   | mul    | dsp58_dp  | 3       |
|    dsp_dotpra3_8s_8s_8s_8s_8s_8s_17_4_1_U97         | 1   |        | sext_ln50_756  | sext   | dsp58_dp  | 3       |
|    dsp_dotpra3_8s_8s_8s_8s_8s_8s_17_4_1_U84         | 1   |        | mul_ln50_756   | mul    | dsp58_dp  | 3       |
|    dsp_dotpra3_8s_8s_8s_8s_8s_8s_17_4_1_U84         | 1   |        | sext_ln50_757  | sext   | dsp58_dp  | 3       |
|    dsp_dotpra3add_8s_8s_8s_8s_8s_8s_17s_18_4_1_U259 | 1   |        | mul_ln50_757   | mul    | dsp58_dp  | 3       |
|    dsp_dotpra3add_8s_8s_8s_8s_8s_8s_17s_18_4_1_U259 | 1   |        | sext_ln50_758  | sext   | dsp58_dp  | 3       |
|    dsp_dotpra3_8s_8s_8s_8s_8s_8s_17_4_1_U122        | 1   |        | mul_ln50_758   | mul    | dsp58_dp  | 3       |
|    dsp_dotpra3_8s_8s_8s_8s_8s_8s_17_4_1_U122        | 1   |        | sext_ln50_759  | sext   | dsp58_dp  | 3       |
|    dsp_dotpra3add_8s_8s_8s_8s_8s_8s_17s_18_4_1_U260 | 1   |        | mul_ln50_759   | mul    | dsp58_dp  | 3       |
|    dsp_dotpra3add_8s_8s_8s_8s_8s_8s_17s_18_4_1_U260 | 1   |        | sext_ln50_760  | sext   | dsp58_dp  | 3       |
|    dsp_dotpra3_8s_8s_8s_8s_8s_8s_17_4_1_U5          | 1   |        | mul_ln50_760   | mul    | dsp58_dp  | 3       |
|    dsp_dotpra3_8s_8s_8s_8s_8s_8s_17_4_1_U5          | 1   |        | sext_ln50_761  | sext   | dsp58_dp  | 3       |
|    dsp_dotpra3add_8s_8s_8s_8s_8s_8s_17s_18_4_1_U260 | 1   |        | mul_ln50_761   | mul    | dsp58_dp  | 3       |
|    dsp_dotpra3add_8s_8s_8s_8s_8s_8s_17s_18_4_1_U260 | 1   |        | sext_ln50_762  | sext   | dsp58_dp  | 3       |
|    dsp_dotpra3_8s_8s_8s_8s_8s_8s_17_4_1_U113        | 1   |        | mul_ln50_762   | mul    | dsp58_dp  | 3       |
|    dsp_dotpra3_8s_8s_8s_8s_8s_8s_17_4_1_U113        | 1   |        | sext_ln50_763  | sext   | dsp58_dp  | 3       |
|    dsp_dotpra3_8s_8s_8s_8s_8s_8s_17_4_1_U5          | 1   |        | mul_ln50_763   | mul    | dsp58_dp  | 3       |
|    dsp_dotpra3_8s_8s_8s_8s_8s_8s_17_4_1_U5          | 1   |        | sext_ln50_764  | sext   | dsp58_dp  | 3       |
|    dsp_dotpra3add_8s_8s_8s_8s_8s_8s_17s_18_4_1_U260 | 1   |        | mul_ln50_764   | mul    | dsp58_dp  | 3       |
|    dsp_dotpra3add_8s_8s_8s_8s_8s_8s_17s_18_4_1_U260 | 1   |        | sext_ln50_765  | sext   | dsp58_dp  | 3       |
|    dsp_dotpra3add_8s_8s_8s_8s_8s_8s_17s_18_4_1_U205 | 1   |        | mul_ln50_765   | mul    | dsp58_dp  | 3       |
|    dsp_dotpra3add_8s_8s_8s_8s_8s_8s_17s_18_4_1_U205 | 1   |        | sext_ln50_766  | sext   | dsp58_dp  | 3       |
|    dsp_dotpra3_8s_8s_8s_8s_8s_8s_17_4_1_U111        | 1   |        | mul_ln50_766   | mul    | dsp58_dp  | 3       |
|    dsp_dotpra3_8s_8s_8s_8s_8s_8s_17_4_1_U111        | 1   |        | sext_ln50_767  | sext   | dsp58_dp  | 3       |
|    dsp_dotpra3_8s_8s_8s_8s_8s_8s_17_4_1_U83         | 1   |        | mul_ln50_767   | mul    | dsp58_dp  | 3       |
|    dsp_dotpra3_8s_8s_8s_8s_8s_8s_17_4_1_U83         | 1   |        | sext_ln50_768  | sext   | dsp58_dp  | 3       |
|    mac_muladd_8s_8s_16s_17_4_1_U51                  | 1   |        | add_ln50       | add    | dsp_slice | 3       |
|    grp_fu_37678_p6                                  |     |        | add_ln50_1     | add    | fabric    | 0       |
|    dsp_dotpra3add_8s_8s_8s_8s_8s_8s_32s_32_4_1_U193 | 1   |        | add_ln50_2     | add    | dsp58_dp  | 3       |
|    dsp_dotpra3add_8s_8s_8s_8s_8s_8s_32s_32_4_1_U193 | 1   |        | add_ln50_3     | add    | dsp58_dp  | 3       |
|    dsp_dotpra3add_8s_8s_8s_8s_8s_8s_32s_32_4_1_U193 | 1   |        | sext_ln50_770  | sext   | dsp58_dp  | 3       |
|    dsp_dotpra3add_8s_8s_8s_8s_8s_8s_32s_32_4_1_U193 | 1   |        | add_ln50_4     | add    | dsp58_dp  | 3       |
|    dsp_dotpra3add_8s_8s_8s_8s_8s_8s_17s_18_4_1_U253 | 1   |        | add_ln50_5     | add    | dsp58_dp  | 3       |
|    dsp_dotpra3add_8s_8s_8s_8s_8s_8s_17s_18_4_1_U253 | 1   |        | add_ln50_6     | add    | dsp58_dp  | 3       |
|    dsp_dotpra3add_8s_8s_8s_8s_8s_8s_17s_18_4_1_U253 | 1   |        | sext_ln50_771  | sext   | dsp58_dp  | 3       |
|    dsp_dotpra3_8s_8s_8s_8s_8s_8s_17_4_1_U94         | 1   |        | add_ln50_7     | add    | dsp58_dp  | 3       |
|    dsp_dotpra3_8s_8s_8s_8s_8s_8s_17_4_1_U94         | 1   |        | add_ln50_8     | add    | dsp58_dp  | 3       |
|    dsp_dotpra3add_8s_8s_8s_8s_8s_8s_17s_18_4_1_U253 | 1   |        | add_ln50_9     | add    | dsp58_dp  | 3       |
|    add_ln50_10_fu_33618_p2                          |     |        | add_ln50_10    | add    | fabric    | 0       |
|    dsp_dotpra3add_8s_8s_8s_8s_8s_8s_17s_18_4_1_U249 | 1   |        | add_ln50_11    | add    | dsp58_dp  | 3       |
|    dsp_dotpra3add_8s_8s_8s_8s_8s_8s_17s_18_4_1_U249 | 1   |        | add_ln50_12    | add    | dsp58_dp  | 3       |
|    dsp_dotpra3add_8s_8s_8s_8s_8s_8s_17s_18_4_1_U249 | 1   |        | sext_ln50_774  | sext   | dsp58_dp  | 3       |
|    dsp_dotpra3_8s_8s_8s_8s_8s_8s_17_4_1_U101        | 1   |        | add_ln50_13    | add    | dsp58_dp  | 3       |
|    dsp_dotpra3_8s_8s_8s_8s_8s_8s_17_4_1_U101        | 1   |        | add_ln50_14    | add    | dsp58_dp  | 3       |
|    dsp_dotpra3add_8s_8s_8s_8s_8s_8s_17s_18_4_1_U249 | 1   |        | add_ln50_15    | add    | dsp58_dp  | 3       |
|    dsp_dotpra3add_8s_8s_8s_8s_8s_8s_17s_18_4_1_U182 | 1   |        | add_ln50_16    | add    | dsp58_dp  | 3       |
|    dsp_dotpra3add_8s_8s_8s_8s_8s_8s_17s_18_4_1_U182 | 1   |        | add_ln50_17    | add    | dsp58_dp  | 3       |
|    dsp_dotpra3add_8s_8s_8s_8s_8s_8s_17s_18_4_1_U182 | 1   |        | sext_ln50_777  | sext   | dsp58_dp  | 3       |
|    dsp_dotpra3_8s_8s_8s_8s_8s_8s_17_4_1_U121        | 1   |        | add_ln50_18    | add    | dsp58_dp  | 3       |
|    dsp_dotpra3_8s_8s_8s_8s_8s_8s_17_4_1_U121        | 1   |        | add_ln50_19    | add    | dsp58_dp  | 3       |
|    dsp_dotpra3add_8s_8s_8s_8s_8s_8s_17s_18_4_1_U182 | 1   |        | add_ln50_20    | add    | dsp58_dp  | 3       |
|    add_ln50_21_fu_33629_p2                          |     |        | add_ln50_21    | add    | fabric    | 0       |
|    dsp_dotpra3add_8s_8s_8s_8s_8s_8s_17s_18_4_1_U219 | 1   |        | add_ln50_23    | add    | dsp58_dp  | 3       |
|    dsp_dotpra3add_8s_8s_8s_8s_8s_8s_17s_18_4_1_U219 | 1   |        | add_ln50_24    | add    | dsp58_dp  | 3       |
|    dsp_dotpra3add_8s_8s_8s_8s_8s_8s_17s_18_4_1_U219 | 1   |        | sext_ln50_781  | sext   | dsp58_dp  | 3       |
|    dsp_dotpra3_8s_8s_8s_8s_8s_8s_17_4_1_U79         | 1   |        | add_ln50_25    | add    | dsp58_dp  | 3       |
|    dsp_dotpra3_8s_8s_8s_8s_8s_8s_17_4_1_U79         | 1   |        | add_ln50_26    | add    | dsp58_dp  | 3       |
|    dsp_dotpra3add_8s_8s_8s_8s_8s_8s_17s_18_4_1_U219 | 1   |        | add_ln50_27    | add    | dsp58_dp  | 3       |
|    dsp_dotpra3add_8s_8s_8s_8s_8s_8s_17s_18_4_1_U133 | 1   |        | add_ln50_28    | add    | dsp58_dp  | 3       |
|    dsp_dotpra3add_8s_8s_8s_8s_8s_8s_17s_18_4_1_U133 | 1   |        | add_ln50_29    | add    | dsp58_dp  | 3       |
|    dsp_dotpra3add_8s_8s_8s_8s_8s_8s_17s_18_4_1_U133 | 1   |        | sext_ln50_784  | sext   | dsp58_dp  | 3       |
|    dsp_dotpra3_8s_8s_8s_8s_8s_8s_17_4_1_U14         | 1   |        | add_ln50_30    | add    | dsp58_dp  | 3       |
|    dsp_dotpra3_8s_8s_8s_8s_8s_8s_17_4_1_U14         | 1   |        | add_ln50_31    | add    | dsp58_dp  | 3       |
|    dsp_dotpra3add_8s_8s_8s_8s_8s_8s_17s_18_4_1_U133 | 1   |        | add_ln50_32    | add    | dsp58_dp  | 3       |
|    add_ln50_33_fu_33651_p2                          |     |        | add_ln50_33    | add    | fabric    | 0       |
|    dsp_dotpra3add_8s_8s_8s_8s_8s_8s_17s_18_4_1_U234 | 1   |        | add_ln50_34    | add    | dsp58_dp  | 3       |
|    dsp_dotpra3add_8s_8s_8s_8s_8s_8s_17s_18_4_1_U234 | 1   |        | add_ln50_35    | add    | dsp58_dp  | 3       |
|    dsp_dotpra3add_8s_8s_8s_8s_8s_8s_17s_18_4_1_U234 | 1   |        | sext_ln50_788  | sext   | dsp58_dp  | 3       |
|    dsp_dotpra3_8s_8s_8s_8s_8s_8s_17_4_1_U30         | 1   |        | add_ln50_36    | add    | dsp58_dp  | 3       |
|    dsp_dotpra3_8s_8s_8s_8s_8s_8s_17_4_1_U30         | 1   |        | add_ln50_37    | add    | dsp58_dp  | 3       |
|    dsp_dotpra3add_8s_8s_8s_8s_8s_8s_17s_18_4_1_U234 | 1   |        | add_ln50_38    | add    | dsp58_dp  | 3       |
|    dsp_dotpra3add_8s_8s_8s_8s_8s_8s_17s_18_4_1_U135 | 1   |        | add_ln50_39    | add    | dsp58_dp  | 3       |
|    dsp_dotpra3add_8s_8s_8s_8s_8s_8s_17s_18_4_1_U135 | 1   |        | add_ln50_40    | add    | dsp58_dp  | 3       |
|    dsp_dotpra3add_8s_8s_8s_8s_8s_8s_17s_18_4_1_U135 | 1   |        | sext_ln50_791  | sext   | dsp58_dp  | 3       |
|    dsp_dotpra3_8s_8s_8s_8s_8s_8s_17_4_1_U41         | 1   |        | add_ln50_41    | add    | dsp58_dp  | 3       |
|    dsp_dotpra3_8s_8s_8s_8s_8s_8s_17_4_1_U41         | 1   |        | add_ln50_42    | add    | dsp58_dp  | 3       |
|    dsp_dotpra3add_8s_8s_8s_8s_8s_8s_17s_18_4_1_U135 | 1   |        | add_ln50_43    | add    | dsp58_dp  | 3       |
|    add_ln50_44_fu_33667_p2                          |     |        | add_ln50_44    | add    | fabric    | 0       |
|    add_ln50_45_fu_33677_p2                          |     |        | add_ln50_45    | add    | fabric    | 0       |
|    dsp_dotpra3add_8s_8s_8s_8s_8s_8s_17s_18_4_1_U221 | 1   |        | add_ln50_47    | add    | dsp58_dp  | 3       |
|    dsp_dotpra3add_8s_8s_8s_8s_8s_8s_17s_18_4_1_U221 | 1   |        | add_ln50_48    | add    | dsp58_dp  | 3       |
|    dsp_dotpra3add_8s_8s_8s_8s_8s_8s_17s_18_4_1_U221 | 1   |        | sext_ln50_796  | sext   | dsp58_dp  | 3       |
|    dsp_dotpra3_8s_8s_8s_8s_8s_8s_17_4_1_U23         | 1   |        | add_ln50_49    | add    | dsp58_dp  | 3       |
|    dsp_dotpra3_8s_8s_8s_8s_8s_8s_17_4_1_U23         | 1   |        | add_ln50_50    | add    | dsp58_dp  | 3       |
|    dsp_dotpra3add_8s_8s_8s_8s_8s_8s_17s_18_4_1_U221 | 1   |        | add_ln50_51    | add    | dsp58_dp  | 3       |
|    dsp_dotpra3add_8s_8s_8s_8s_8s_8s_17s_18_4_1_U156 | 1   |        | add_ln50_52    | add    | dsp58_dp  | 3       |
|    dsp_dotpra3add_8s_8s_8s_8s_8s_8s_17s_18_4_1_U156 | 1   |        | add_ln50_53    | add    | dsp58_dp  | 3       |
|    dsp_dotpra3add_8s_8s_8s_8s_8s_8s_17s_18_4_1_U156 | 1   |        | sext_ln50_799  | sext   | dsp58_dp  | 3       |
|    dsp_dotpra3_8s_8s_8s_8s_8s_8s_17_4_1_U132        | 1   |        | add_ln50_54    | add    | dsp58_dp  | 3       |
|    dsp_dotpra3_8s_8s_8s_8s_8s_8s_17_4_1_U132        | 1   |        | add_ln50_55    | add    | dsp58_dp  | 3       |
|    dsp_dotpra3add_8s_8s_8s_8s_8s_8s_17s_18_4_1_U156 | 1   |        | add_ln50_56    | add    | dsp58_dp  | 3       |
|    add_ln50_57_fu_33699_p2                          |     |        | add_ln50_57    | add    | fabric    | 0       |
|    dsp_dotpra3add_8s_8s_8s_8s_8s_8s_17s_18_4_1_U248 | 1   |        | add_ln50_58    | add    | dsp58_dp  | 3       |
|    dsp_dotpra3add_8s_8s_8s_8s_8s_8s_17s_18_4_1_U248 | 1   |        | add_ln50_59    | add    | dsp58_dp  | 3       |
|    dsp_dotpra3add_8s_8s_8s_8s_8s_8s_17s_18_4_1_U248 | 1   |        | sext_ln50_803  | sext   | dsp58_dp  | 3       |
|    dsp_dotpra3_8s_8s_8s_8s_8s_8s_17_4_1_U119        | 1   |        | add_ln50_60    | add    | dsp58_dp  | 3       |
|    dsp_dotpra3_8s_8s_8s_8s_8s_8s_17_4_1_U119        | 1   |        | add_ln50_61    | add    | dsp58_dp  | 3       |
|    dsp_dotpra3add_8s_8s_8s_8s_8s_8s_17s_18_4_1_U248 | 1   |        | add_ln50_62    | add    | dsp58_dp  | 3       |
|    dsp_dotpra3add_8s_8s_8s_8s_8s_8s_17s_18_4_1_U247 | 1   |        | add_ln50_63    | add    | dsp58_dp  | 3       |
|    dsp_dotpra3add_8s_8s_8s_8s_8s_8s_17s_18_4_1_U247 | 1   |        | add_ln50_64    | add    | dsp58_dp  | 3       |
|    dsp_dotpra3add_8s_8s_8s_8s_8s_8s_17s_18_4_1_U247 | 1   |        | sext_ln50_806  | sext   | dsp58_dp  | 3       |
|    dsp_dotpra3_8s_8s_8s_8s_8s_8s_17_4_1_U67         | 1   |        | add_ln50_65    | add    | dsp58_dp  | 3       |
|    dsp_dotpra3_8s_8s_8s_8s_8s_8s_17_4_1_U67         | 1   |        | add_ln50_66    | add    | dsp58_dp  | 3       |
|    dsp_dotpra3add_8s_8s_8s_8s_8s_8s_17s_18_4_1_U247 | 1   |        | add_ln50_67    | add    | dsp58_dp  | 3       |
|    add_ln50_68_fu_33715_p2                          |     |        | add_ln50_68    | add    | fabric    | 0       |
|    add_ln50_69_fu_33725_p2                          |     |        | add_ln50_69    | add    | fabric    | 0       |
|    dsp_dotpra3add_8s_8s_8s_8s_8s_8s_17s_18_4_1_U232 | 1   |        | add_ln50_70    | add    | dsp58_dp  | 3       |
|    dsp_dotpra3add_8s_8s_8s_8s_8s_8s_17s_18_4_1_U232 | 1   |        | add_ln50_71    | add    | dsp58_dp  | 3       |
|    dsp_dotpra3add_8s_8s_8s_8s_8s_8s_17s_18_4_1_U232 | 1   |        | sext_ln50_811  | sext   | dsp58_dp  | 3       |
|    dsp_dotpra3_8s_8s_8s_8s_8s_8s_17_4_1_U63         | 1   |        | add_ln50_72    | add    | dsp58_dp  | 3       |
|    dsp_dotpra3_8s_8s_8s_8s_8s_8s_17_4_1_U63         | 1   |        | add_ln50_73    | add    | dsp58_dp  | 3       |
|    dsp_dotpra3add_8s_8s_8s_8s_8s_8s_17s_18_4_1_U232 | 1   |        | add_ln50_74    | add    | dsp58_dp  | 3       |
|    dsp_dotpra3add_8s_8s_8s_8s_8s_8s_17s_18_4_1_U176 | 1   |        | add_ln50_75    | add    | dsp58_dp  | 3       |
|    dsp_dotpra3add_8s_8s_8s_8s_8s_8s_17s_18_4_1_U176 | 1   |        | add_ln50_76    | add    | dsp58_dp  | 3       |
|    dsp_dotpra3add_8s_8s_8s_8s_8s_8s_17s_18_4_1_U176 | 1   |        | sext_ln50_814  | sext   | dsp58_dp  | 3       |
|    dsp_dotpra3_8s_8s_8s_8s_8s_8s_17_4_1_U59         | 1   |        | add_ln50_77    | add    | dsp58_dp  | 3       |
|    dsp_dotpra3_8s_8s_8s_8s_8s_8s_17_4_1_U59         | 1   |        | add_ln50_78    | add    | dsp58_dp  | 3       |
|    dsp_dotpra3add_8s_8s_8s_8s_8s_8s_17s_18_4_1_U176 | 1   |        | add_ln50_79    | add    | dsp58_dp  | 3       |
|    add_ln50_80_fu_33741_p2                          |     |        | add_ln50_80    | add    | fabric    | 0       |
|    dsp_dotpra3add_8s_8s_8s_8s_8s_8s_17s_18_4_1_U170 | 1   |        | add_ln50_81    | add    | dsp58_dp  | 3       |
|    dsp_dotpra3add_8s_8s_8s_8s_8s_8s_17s_18_4_1_U170 | 1   |        | add_ln50_82    | add    | dsp58_dp  | 3       |
|    dsp_dotpra3add_8s_8s_8s_8s_8s_8s_17s_18_4_1_U170 | 1   |        | sext_ln50_818  | sext   | dsp58_dp  | 3       |
|    dsp_dotpra3_8s_8s_8s_8s_8s_8s_17_4_1_U50         | 1   |        | add_ln50_83    | add    | dsp58_dp  | 3       |
|    dsp_dotpra3_8s_8s_8s_8s_8s_8s_17_4_1_U50         | 1   |        | add_ln50_84    | add    | dsp58_dp  | 3       |
|    dsp_dotpra3add_8s_8s_8s_8s_8s_8s_17s_18_4_1_U170 | 1   |        | add_ln50_85    | add    | dsp58_dp  | 3       |
|    dsp_dotpra3add_8s_8s_8s_8s_8s_8s_17s_18_4_1_U228 | 1   |        | add_ln50_86    | add    | dsp58_dp  | 3       |
|    dsp_dotpra3add_8s_8s_8s_8s_8s_8s_17s_18_4_1_U228 | 1   |        | add_ln50_87    | add    | dsp58_dp  | 3       |
|    dsp_dotpra3add_8s_8s_8s_8s_8s_8s_17s_18_4_1_U228 | 1   |        | sext_ln50_821  | sext   | dsp58_dp  | 3       |
|    dsp_dotpra3_8s_8s_8s_8s_8s_8s_17_4_1_U66         | 1   |        | add_ln50_88    | add    | dsp58_dp  | 3       |
|    dsp_dotpra3_8s_8s_8s_8s_8s_8s_17_4_1_U66         | 1   |        | add_ln50_89    | add    | dsp58_dp  | 3       |
|    dsp_dotpra3add_8s_8s_8s_8s_8s_8s_17s_18_4_1_U228 | 1   |        | add_ln50_90    | add    | dsp58_dp  | 3       |
|    add_ln50_91_fu_33757_p2                          |     |        | add_ln50_91    | add    | fabric    | 0       |
|    add_ln50_92_fu_33767_p2                          |     |        | add_ln50_92    | add    | fabric    | 0       |
|    add_ln50_93_fu_33777_p2                          |     |        | add_ln50_93    | add    | fabric    | 0       |
|    dsp_dotpra3add_8s_8s_8s_8s_8s_8s_17s_18_4_1_U181 | 1   |        | add_ln50_95    | add    | dsp58_dp  | 3       |
|    dsp_dotpra3add_8s_8s_8s_8s_8s_8s_17s_18_4_1_U181 | 1   |        | add_ln50_96    | add    | dsp58_dp  | 3       |
|    dsp_dotpra3add_8s_8s_8s_8s_8s_8s_17s_18_4_1_U181 | 1   |        | sext_ln50_827  | sext   | dsp58_dp  | 3       |
|    dsp_dotpra3_8s_8s_8s_8s_8s_8s_17_4_1_U85         | 1   |        | add_ln50_97    | add    | dsp58_dp  | 3       |
|    dsp_dotpra3_8s_8s_8s_8s_8s_8s_17_4_1_U85         | 1   |        | add_ln50_98    | add    | dsp58_dp  | 3       |
|    dsp_dotpra3add_8s_8s_8s_8s_8s_8s_17s_18_4_1_U181 | 1   |        | add_ln50_99    | add    | dsp58_dp  | 3       |
|    dsp_dotpra3add_8s_8s_8s_8s_8s_8s_17s_18_4_1_U200 | 1   |        | add_ln50_100   | add    | dsp58_dp  | 3       |
|    dsp_dotpra3add_8s_8s_8s_8s_8s_8s_17s_18_4_1_U200 | 1   |        | add_ln50_101   | add    | dsp58_dp  | 3       |
|    dsp_dotpra3add_8s_8s_8s_8s_8s_8s_17s_18_4_1_U200 | 1   |        | sext_ln50_830  | sext   | dsp58_dp  | 3       |
|    dsp_dotpra3_8s_8s_8s_8s_8s_8s_17_4_1_U122        | 1   |        | add_ln50_102   | add    | dsp58_dp  | 3       |
|    dsp_dotpra3_8s_8s_8s_8s_8s_8s_17_4_1_U122        | 1   |        | add_ln50_103   | add    | dsp58_dp  | 3       |
|    dsp_dotpra3add_8s_8s_8s_8s_8s_8s_17s_18_4_1_U200 | 1   |        | add_ln50_104   | add    | dsp58_dp  | 3       |
|    add_ln50_105_fu_33789_p2                         |     |        | add_ln50_105   | add    | fabric    | 0       |
|    dsp_dotpra3add_8s_8s_8s_8s_8s_8s_17s_18_4_1_U149 | 1   |        | add_ln50_106   | add    | dsp58_dp  | 3       |
|    dsp_dotpra3add_8s_8s_8s_8s_8s_8s_17s_18_4_1_U149 | 1   |        | add_ln50_107   | add    | dsp58_dp  | 3       |
|    dsp_dotpra3add_8s_8s_8s_8s_8s_8s_17s_18_4_1_U149 | 1   |        | sext_ln50_834  | sext   | dsp58_dp  | 3       |
|    dsp_dotpra3_8s_8s_8s_8s_8s_8s_17_4_1_U124        | 1   |        | add_ln50_108   | add    | dsp58_dp  | 3       |
|    dsp_dotpra3_8s_8s_8s_8s_8s_8s_17_4_1_U124        | 1   |        | add_ln50_109   | add    | dsp58_dp  | 3       |
|    dsp_dotpra3add_8s_8s_8s_8s_8s_8s_17s_18_4_1_U149 | 1   |        | add_ln50_110   | add    | dsp58_dp  | 3       |
|    dsp_dotpra3add_8s_8s_8s_8s_8s_8s_17s_18_4_1_U208 | 1   |        | add_ln50_111   | add    | dsp58_dp  | 3       |
|    dsp_dotpra3add_8s_8s_8s_8s_8s_8s_17s_18_4_1_U208 | 1   |        | add_ln50_112   | add    | dsp58_dp  | 3       |
|    dsp_dotpra3add_8s_8s_8s_8s_8s_8s_17s_18_4_1_U208 | 1   |        | sext_ln50_837  | sext   | dsp58_dp  | 3       |
|    dsp_dotpra3_8s_8s_8s_8s_8s_8s_17_4_1_U24         | 1   |        | add_ln50_113   | add    | dsp58_dp  | 3       |
|    dsp_dotpra3_8s_8s_8s_8s_8s_8s_17_4_1_U24         | 1   |        | add_ln50_114   | add    | dsp58_dp  | 3       |
|    dsp_dotpra3add_8s_8s_8s_8s_8s_8s_17s_18_4_1_U208 | 1   |        | add_ln50_115   | add    | dsp58_dp  | 3       |
|    add_ln50_116_fu_33805_p2                         |     |        | add_ln50_116   | add    | fabric    | 0       |
|    add_ln50_117_fu_33815_p2                         |     |        | add_ln50_117   | add    | fabric    | 0       |
|    dsp_dotpra3add_8s_8s_8s_8s_8s_8s_17s_18_4_1_U258 | 1   |        | add_ln50_118   | add    | dsp58_dp  | 3       |
|    dsp_dotpra3add_8s_8s_8s_8s_8s_8s_17s_18_4_1_U258 | 1   |        | add_ln50_119   | add    | dsp58_dp  | 3       |
|    dsp_dotpra3add_8s_8s_8s_8s_8s_8s_17s_18_4_1_U258 | 1   |        | sext_ln50_842  | sext   | dsp58_dp  | 3       |
|    dsp_dotpra3_8s_8s_8s_8s_8s_8s_17_4_1_U129        | 1   |        | add_ln50_120   | add    | dsp58_dp  | 3       |
|    dsp_dotpra3_8s_8s_8s_8s_8s_8s_17_4_1_U129        | 1   |        | add_ln50_121   | add    | dsp58_dp  | 3       |
|    dsp_dotpra3add_8s_8s_8s_8s_8s_8s_17s_18_4_1_U258 | 1   |        | add_ln50_122   | add    | dsp58_dp  | 3       |
|    dsp_dotpra3add_8s_8s_8s_8s_8s_8s_17s_18_4_1_U251 | 1   |        | add_ln50_123   | add    | dsp58_dp  | 3       |
|    dsp_dotpra3add_8s_8s_8s_8s_8s_8s_17s_18_4_1_U251 | 1   |        | add_ln50_124   | add    | dsp58_dp  | 3       |
|    dsp_dotpra3add_8s_8s_8s_8s_8s_8s_17s_18_4_1_U251 | 1   |        | sext_ln50_845  | sext   | dsp58_dp  | 3       |
|    dsp_dotpra3_8s_8s_8s_8s_8s_8s_17_4_1_U125        | 1   |        | add_ln50_125   | add    | dsp58_dp  | 3       |
|    dsp_dotpra3_8s_8s_8s_8s_8s_8s_17_4_1_U125        | 1   |        | add_ln50_126   | add    | dsp58_dp  | 3       |
|    dsp_dotpra3add_8s_8s_8s_8s_8s_8s_17s_18_4_1_U251 | 1   |        | add_ln50_127   | add    | dsp58_dp  | 3       |
|    add_ln50_128_fu_33831_p2                         |     |        | add_ln50_128   | add    | fabric    | 0       |
|    dsp_dotpra3add_8s_8s_8s_8s_8s_8s_17s_18_4_1_U256 | 1   |        | add_ln50_129   | add    | dsp58_dp  | 3       |
|    dsp_dotpra3add_8s_8s_8s_8s_8s_8s_17s_18_4_1_U256 | 1   |        | add_ln50_130   | add    | dsp58_dp  | 3       |
|    dsp_dotpra3add_8s_8s_8s_8s_8s_8s_17s_18_4_1_U256 | 1   |        | sext_ln50_849  | sext   | dsp58_dp  | 3       |
|    dsp_dotpra3_8s_8s_8s_8s_8s_8s_17_4_1_U25         | 1   |        | add_ln50_131   | add    | dsp58_dp  | 3       |
|    dsp_dotpra3_8s_8s_8s_8s_8s_8s_17_4_1_U25         | 1   |        | add_ln50_132   | add    | dsp58_dp  | 3       |
|    dsp_dotpra3add_8s_8s_8s_8s_8s_8s_17s_18_4_1_U256 | 1   |        | add_ln50_133   | add    | dsp58_dp  | 3       |
|    dsp_dotpra3add_8s_8s_8s_8s_8s_8s_17s_18_4_1_U231 | 1   |        | add_ln50_134   | add    | dsp58_dp  | 3       |
|    dsp_dotpra3add_8s_8s_8s_8s_8s_8s_17s_18_4_1_U231 | 1   |        | add_ln50_135   | add    | dsp58_dp  | 3       |
|    dsp_dotpra3add_8s_8s_8s_8s_8s_8s_17s_18_4_1_U231 | 1   |        | sext_ln50_852  | sext   | dsp58_dp  | 3       |
|    dsp_dotpra3_8s_8s_8s_8s_8s_8s_17_4_1_U74         | 1   |        | add_ln50_136   | add    | dsp58_dp  | 3       |
|    dsp_dotpra3_8s_8s_8s_8s_8s_8s_17_4_1_U74         | 1   |        | add_ln50_137   | add    | dsp58_dp  | 3       |
|    dsp_dotpra3add_8s_8s_8s_8s_8s_8s_17s_18_4_1_U231 | 1   |        | add_ln50_138   | add    | dsp58_dp  | 3       |
|    add_ln50_139_fu_33847_p2                         |     |        | add_ln50_139   | add    | fabric    | 0       |
|    add_ln50_140_fu_33857_p2                         |     |        | add_ln50_140   | add    | fabric    | 0       |
|    add_ln50_141_fu_33867_p2                         |     |        | add_ln50_141   | add    | fabric    | 0       |
|    dsp_dotpra3add_8s_8s_8s_8s_8s_8s_17s_18_4_1_U241 | 1   |        | add_ln50_142   | add    | dsp58_dp  | 3       |
|    dsp_dotpra3add_8s_8s_8s_8s_8s_8s_17s_18_4_1_U241 | 1   |        | add_ln50_143   | add    | dsp58_dp  | 3       |
|    dsp_dotpra3add_8s_8s_8s_8s_8s_8s_17s_18_4_1_U241 | 1   |        | sext_ln50_858  | sext   | dsp58_dp  | 3       |
|    dsp_dotpra3_8s_8s_8s_8s_8s_8s_17_4_1_U60         | 1   |        | add_ln50_144   | add    | dsp58_dp  | 3       |
|    dsp_dotpra3_8s_8s_8s_8s_8s_8s_17_4_1_U60         | 1   |        | add_ln50_145   | add    | dsp58_dp  | 3       |
|    dsp_dotpra3add_8s_8s_8s_8s_8s_8s_17s_18_4_1_U241 | 1   |        | add_ln50_146   | add    | dsp58_dp  | 3       |
|    dsp_dotpra3add_8s_8s_8s_8s_8s_8s_17s_18_4_1_U210 | 1   |        | add_ln50_147   | add    | dsp58_dp  | 3       |
|    dsp_dotpra3add_8s_8s_8s_8s_8s_8s_17s_18_4_1_U210 | 1   |        | add_ln50_148   | add    | dsp58_dp  | 3       |
|    dsp_dotpra3add_8s_8s_8s_8s_8s_8s_17s_18_4_1_U210 | 1   |        | sext_ln50_861  | sext   | dsp58_dp  | 3       |
|    dsp_dotpra3_8s_8s_8s_8s_8s_8s_17_4_1_U76         | 1   |        | add_ln50_149   | add    | dsp58_dp  | 3       |
|    dsp_dotpra3_8s_8s_8s_8s_8s_8s_17_4_1_U76         | 1   |        | add_ln50_150   | add    | dsp58_dp  | 3       |
|    dsp_dotpra3add_8s_8s_8s_8s_8s_8s_17s_18_4_1_U210 | 1   |        | add_ln50_151   | add    | dsp58_dp  | 3       |
|    add_ln50_152_fu_33879_p2                         |     |        | add_ln50_152   | add    | fabric    | 0       |
|    dsp_dotpra3add_8s_8s_8s_8s_8s_8s_17s_18_4_1_U212 | 1   |        | add_ln50_153   | add    | dsp58_dp  | 3       |
|    dsp_dotpra3add_8s_8s_8s_8s_8s_8s_17s_18_4_1_U212 | 1   |        | add_ln50_154   | add    | dsp58_dp  | 3       |
|    dsp_dotpra3add_8s_8s_8s_8s_8s_8s_17s_18_4_1_U212 | 1   |        | sext_ln50_865  | sext   | dsp58_dp  | 3       |
|    dsp_dotpra3_8s_8s_8s_8s_8s_8s_17_4_1_U113        | 1   |        | add_ln50_155   | add    | dsp58_dp  | 3       |
|    dsp_dotpra3_8s_8s_8s_8s_8s_8s_17_4_1_U113        | 1   |        | add_ln50_156   | add    | dsp58_dp  | 3       |
|    dsp_dotpra3add_8s_8s_8s_8s_8s_8s_17s_18_4_1_U212 | 1   |        | add_ln50_157   | add    | dsp58_dp  | 3       |
|    dsp_dotpra3add_8s_8s_8s_8s_8s_8s_17s_18_4_1_U163 | 1   |        | add_ln50_158   | add    | dsp58_dp  | 3       |
|    dsp_dotpra3add_8s_8s_8s_8s_8s_8s_17s_18_4_1_U163 | 1   |        | add_ln50_159   | add    | dsp58_dp  | 3       |
|    dsp_dotpra3add_8s_8s_8s_8s_8s_8s_17s_18_4_1_U163 | 1   |        | sext_ln50_868  | sext   | dsp58_dp  | 3       |
|    dsp_dotpra3_8s_8s_8s_8s_8s_8s_17_4_1_U117        | 1   |        | add_ln50_160   | add    | dsp58_dp  | 3       |
|    dsp_dotpra3_8s_8s_8s_8s_8s_8s_17_4_1_U117        | 1   |        | add_ln50_161   | add    | dsp58_dp  | 3       |
|    dsp_dotpra3add_8s_8s_8s_8s_8s_8s_17s_18_4_1_U163 | 1   |        | add_ln50_162   | add    | dsp58_dp  | 3       |
|    add_ln50_163_fu_33895_p2                         |     |        | add_ln50_163   | add    | fabric    | 0       |
|    add_ln50_164_fu_33905_p2                         |     |        | add_ln50_164   | add    | fabric    | 0       |
|    dsp_dotpra3add_8s_8s_8s_8s_8s_8s_17s_18_4_1_U238 | 1   |        | add_ln50_165   | add    | dsp58_dp  | 3       |
|    dsp_dotpra3add_8s_8s_8s_8s_8s_8s_17s_18_4_1_U238 | 1   |        | add_ln50_166   | add    | dsp58_dp  | 3       |
|    dsp_dotpra3add_8s_8s_8s_8s_8s_8s_17s_18_4_1_U238 | 1   |        | sext_ln50_873  | sext   | dsp58_dp  | 3       |
|    dsp_dotpra3_8s_8s_8s_8s_8s_8s_17_4_1_U108        | 1   |        | add_ln50_167   | add    | dsp58_dp  | 3       |
|    dsp_dotpra3_8s_8s_8s_8s_8s_8s_17_4_1_U108        | 1   |        | add_ln50_168   | add    | dsp58_dp  | 3       |
|    dsp_dotpra3add_8s_8s_8s_8s_8s_8s_17s_18_4_1_U238 | 1   |        | add_ln50_169   | add    | dsp58_dp  | 3       |
|    dsp_dotpra3add_8s_8s_8s_8s_8s_8s_17s_18_4_1_U245 | 1   |        | add_ln50_170   | add    | dsp58_dp  | 3       |
|    dsp_dotpra3add_8s_8s_8s_8s_8s_8s_17s_18_4_1_U245 | 1   |        | add_ln50_171   | add    | dsp58_dp  | 3       |
|    dsp_dotpra3add_8s_8s_8s_8s_8s_8s_17s_18_4_1_U245 | 1   |        | sext_ln50_876  | sext   | dsp58_dp  | 3       |
|    dsp_dotpra3_8s_8s_8s_8s_8s_8s_17_4_1_U39         | 1   |        | add_ln50_172   | add    | dsp58_dp  | 3       |
|    dsp_dotpra3_8s_8s_8s_8s_8s_8s_17_4_1_U39         | 1   |        | add_ln50_173   | add    | dsp58_dp  | 3       |
|    dsp_dotpra3add_8s_8s_8s_8s_8s_8s_17s_18_4_1_U245 | 1   |        | add_ln50_174   | add    | dsp58_dp  | 3       |
|    add_ln50_175_fu_33921_p2                         |     |        | add_ln50_175   | add    | fabric    | 0       |
|    dsp_dotpra3add_8s_8s_8s_8s_8s_8s_17s_18_4_1_U204 | 1   |        | add_ln50_176   | add    | dsp58_dp  | 3       |
|    dsp_dotpra3add_8s_8s_8s_8s_8s_8s_17s_18_4_1_U204 | 1   |        | add_ln50_177   | add    | dsp58_dp  | 3       |
|    dsp_dotpra3add_8s_8s_8s_8s_8s_8s_17s_18_4_1_U204 | 1   |        | sext_ln50_880  | sext   | dsp58_dp  | 3       |
|    dsp_dotpra3_8s_8s_8s_8s_8s_8s_17_4_1_U77         | 1   |        | add_ln50_178   | add    | dsp58_dp  | 3       |
|    dsp_dotpra3_8s_8s_8s_8s_8s_8s_17_4_1_U77         | 1   |        | add_ln50_179   | add    | dsp58_dp  | 3       |
|    dsp_dotpra3add_8s_8s_8s_8s_8s_8s_17s_18_4_1_U204 | 1   |        | add_ln50_180   | add    | dsp58_dp  | 3       |
|    dsp_dotpra3add_8s_8s_8s_8s_8s_8s_17s_18_4_1_U167 | 1   |        | add_ln50_181   | add    | dsp58_dp  | 3       |
|    dsp_dotpra3add_8s_8s_8s_8s_8s_8s_17s_18_4_1_U167 | 1   |        | add_ln50_182   | add    | dsp58_dp  | 3       |
|    dsp_dotpra3add_8s_8s_8s_8s_8s_8s_17s_18_4_1_U167 | 1   |        | sext_ln50_883  | sext   | dsp58_dp  | 3       |
|    dsp_dotpra3_8s_8s_8s_8s_8s_8s_17_4_1_U7          | 1   |        | add_ln50_183   | add    | dsp58_dp  | 3       |
|    dsp_dotpra3_8s_8s_8s_8s_8s_8s_17_4_1_U7          | 1   |        | add_ln50_184   | add    | dsp58_dp  | 3       |
|    dsp_dotpra3add_8s_8s_8s_8s_8s_8s_17s_18_4_1_U167 | 1   |        | add_ln50_185   | add    | dsp58_dp  | 3       |
|    add_ln50_186_fu_33937_p2                         |     |        | add_ln50_186   | add    | fabric    | 0       |
|    add_ln50_187_fu_33947_p2                         |     |        | add_ln50_187   | add    | fabric    | 0       |
|    add_ln50_188_fu_33957_p2                         |     |        | add_ln50_188   | add    | fabric    | 0       |
|    add_ln50_189_fu_35057_p2                         |     |        | add_ln50_189   | add    | fabric    | 0       |
|    dsp_dotpra3add_8s_8s_8s_8s_8s_8s_17s_18_4_1_U136 | 1   |        | add_ln50_191   | add    | dsp58_dp  | 3       |
|    dsp_dotpra3add_8s_8s_8s_8s_8s_8s_17s_18_4_1_U136 | 1   |        | add_ln50_192   | add    | dsp58_dp  | 3       |
|    dsp_dotpra3add_8s_8s_8s_8s_8s_8s_17s_18_4_1_U136 | 1   |        | sext_ln50_890  | sext   | dsp58_dp  | 3       |
|    dsp_dotpra3_8s_8s_8s_8s_8s_8s_17_4_1_U45         | 1   |        | add_ln50_193   | add    | dsp58_dp  | 3       |
|    dsp_dotpra3_8s_8s_8s_8s_8s_8s_17_4_1_U45         | 1   |        | add_ln50_194   | add    | dsp58_dp  | 3       |
|    dsp_dotpra3add_8s_8s_8s_8s_8s_8s_17s_18_4_1_U136 | 1   |        | add_ln50_195   | add    | dsp58_dp  | 3       |
|    dsp_dotpra3add_8s_8s_8s_8s_8s_8s_17s_18_4_1_U207 | 1   |        | add_ln50_196   | add    | dsp58_dp  | 3       |
|    dsp_dotpra3add_8s_8s_8s_8s_8s_8s_17s_18_4_1_U207 | 1   |        | add_ln50_197   | add    | dsp58_dp  | 3       |
|    dsp_dotpra3add_8s_8s_8s_8s_8s_8s_17s_18_4_1_U207 | 1   |        | sext_ln50_893  | sext   | dsp58_dp  | 3       |
|    dsp_dotpra3_8s_8s_8s_8s_8s_8s_17_4_1_U115        | 1   |        | add_ln50_198   | add    | dsp58_dp  | 3       |
|    dsp_dotpra3_8s_8s_8s_8s_8s_8s_17_4_1_U115        | 1   |        | add_ln50_199   | add    | dsp58_dp  | 3       |
|    dsp_dotpra3add_8s_8s_8s_8s_8s_8s_17s_18_4_1_U207 | 1   |        | add_ln50_200   | add    | dsp58_dp  | 3       |
|    add_ln50_201_fu_33969_p2                         |     |        | add_ln50_201   | add    | fabric    | 0       |
|    dsp_dotpra3add_8s_8s_8s_8s_8s_8s_17s_18_4_1_U187 | 1   |        | add_ln50_202   | add    | dsp58_dp  | 3       |
|    dsp_dotpra3add_8s_8s_8s_8s_8s_8s_17s_18_4_1_U187 | 1   |        | add_ln50_203   | add    | dsp58_dp  | 3       |
|    dsp_dotpra3add_8s_8s_8s_8s_8s_8s_17s_18_4_1_U187 | 1   |        | sext_ln50_897  | sext   | dsp58_dp  | 3       |
|    dsp_dotpra3_8s_8s_8s_8s_8s_8s_17_4_1_U72         | 1   |        | add_ln50_204   | add    | dsp58_dp  | 3       |
|    dsp_dotpra3_8s_8s_8s_8s_8s_8s_17_4_1_U72         | 1   |        | add_ln50_205   | add    | dsp58_dp  | 3       |
|    dsp_dotpra3add_8s_8s_8s_8s_8s_8s_17s_18_4_1_U187 | 1   |        | add_ln50_206   | add    | dsp58_dp  | 3       |
|    dsp_dotpra3add_8s_8s_8s_8s_8s_8s_17s_18_4_1_U230 | 1   |        | add_ln50_207   | add    | dsp58_dp  | 3       |
|    dsp_dotpra3add_8s_8s_8s_8s_8s_8s_17s_18_4_1_U230 | 1   |        | add_ln50_208   | add    | dsp58_dp  | 3       |
|    dsp_dotpra3add_8s_8s_8s_8s_8s_8s_17s_18_4_1_U230 | 1   |        | sext_ln50_900  | sext   | dsp58_dp  | 3       |
|    dsp_dotpra3_8s_8s_8s_8s_8s_8s_17_4_1_U49         | 1   |        | add_ln50_209   | add    | dsp58_dp  | 3       |
|    dsp_dotpra3_8s_8s_8s_8s_8s_8s_17_4_1_U49         | 1   |        | add_ln50_210   | add    | dsp58_dp  | 3       |
|    dsp_dotpra3add_8s_8s_8s_8s_8s_8s_17s_18_4_1_U230 | 1   |        | add_ln50_211   | add    | dsp58_dp  | 3       |
|    add_ln50_212_fu_33985_p2                         |     |        | add_ln50_212   | add    | fabric    | 0       |
|    add_ln50_213_fu_33995_p2                         |     |        | add_ln50_213   | add    | fabric    | 0       |
|    dsp_dotpra3add_8s_8s_8s_8s_8s_8s_17s_18_4_1_U188 | 1   |        | add_ln50_214   | add    | dsp58_dp  | 3       |
|    dsp_dotpra3add_8s_8s_8s_8s_8s_8s_17s_18_4_1_U188 | 1   |        | add_ln50_215   | add    | dsp58_dp  | 3       |
|    dsp_dotpra3add_8s_8s_8s_8s_8s_8s_17s_18_4_1_U188 | 1   |        | sext_ln50_905  | sext   | dsp58_dp  | 3       |
|    dsp_dotpra3_8s_8s_8s_8s_8s_8s_17_4_1_U128        | 1   |        | add_ln50_216   | add    | dsp58_dp  | 3       |
|    dsp_dotpra3_8s_8s_8s_8s_8s_8s_17_4_1_U128        | 1   |        | add_ln50_217   | add    | dsp58_dp  | 3       |
|    dsp_dotpra3add_8s_8s_8s_8s_8s_8s_17s_18_4_1_U188 | 1   |        | add_ln50_218   | add    | dsp58_dp  | 3       |
|    dsp_dotpra3add_8s_8s_8s_8s_8s_8s_17s_18_4_1_U199 | 1   |        | add_ln50_219   | add    | dsp58_dp  | 3       |
|    dsp_dotpra3add_8s_8s_8s_8s_8s_8s_17s_18_4_1_U199 | 1   |        | add_ln50_220   | add    | dsp58_dp  | 3       |
|    dsp_dotpra3add_8s_8s_8s_8s_8s_8s_17s_18_4_1_U199 | 1   |        | sext_ln50_908  | sext   | dsp58_dp  | 3       |
|    dsp_dotpra3_8s_8s_8s_8s_8s_8s_17_4_1_U26         | 1   |        | add_ln50_221   | add    | dsp58_dp  | 3       |
|    dsp_dotpra3_8s_8s_8s_8s_8s_8s_17_4_1_U26         | 1   |        | add_ln50_222   | add    | dsp58_dp  | 3       |
|    dsp_dotpra3add_8s_8s_8s_8s_8s_8s_17s_18_4_1_U199 | 1   |        | add_ln50_223   | add    | dsp58_dp  | 3       |
|    add_ln50_224_fu_34011_p2                         |     |        | add_ln50_224   | add    | fabric    | 0       |
|    dsp_dotpra3add_8s_8s_8s_8s_8s_8s_17s_18_4_1_U244 | 1   |        | add_ln50_225   | add    | dsp58_dp  | 3       |
|    dsp_dotpra3add_8s_8s_8s_8s_8s_8s_17s_18_4_1_U244 | 1   |        | add_ln50_226   | add    | dsp58_dp  | 3       |
|    dsp_dotpra3add_8s_8s_8s_8s_8s_8s_17s_18_4_1_U244 | 1   |        | sext_ln50_912  | sext   | dsp58_dp  | 3       |
|    dsp_dotpra3_8s_8s_8s_8s_8s_8s_17_4_1_U57         | 1   |        | add_ln50_227   | add    | dsp58_dp  | 3       |
|    dsp_dotpra3_8s_8s_8s_8s_8s_8s_17_4_1_U57         | 1   |        | add_ln50_228   | add    | dsp58_dp  | 3       |
|    dsp_dotpra3add_8s_8s_8s_8s_8s_8s_17s_18_4_1_U244 | 1   |        | add_ln50_229   | add    | dsp58_dp  | 3       |
|    dsp_dotpra3add_8s_8s_8s_8s_8s_8s_17s_18_4_1_U134 | 1   |        | add_ln50_230   | add    | dsp58_dp  | 3       |
|    dsp_dotpra3add_8s_8s_8s_8s_8s_8s_17s_18_4_1_U134 | 1   |        | add_ln50_231   | add    | dsp58_dp  | 3       |
|    dsp_dotpra3add_8s_8s_8s_8s_8s_8s_17s_18_4_1_U134 | 1   |        | sext_ln50_915  | sext   | dsp58_dp  | 3       |
|    dsp_dotpra3_8s_8s_8s_8s_8s_8s_17_4_1_U126        | 1   |        | add_ln50_232   | add    | dsp58_dp  | 3       |
|    dsp_dotpra3_8s_8s_8s_8s_8s_8s_17_4_1_U126        | 1   |        | add_ln50_233   | add    | dsp58_dp  | 3       |
|    dsp_dotpra3add_8s_8s_8s_8s_8s_8s_17s_18_4_1_U134 | 1   |        | add_ln50_234   | add    | dsp58_dp  | 3       |
|    add_ln50_235_fu_34027_p2                         |     |        | add_ln50_235   | add    | fabric    | 0       |
|    add_ln50_236_fu_34037_p2                         |     |        | add_ln50_236   | add    | fabric    | 0       |
|    add_ln50_237_fu_34047_p2                         |     |        | add_ln50_237   | add    | fabric    | 0       |
|    dsp_dotpra3add_8s_8s_8s_8s_8s_8s_17s_18_4_1_U240 | 1   |        | add_ln50_238   | add    | dsp58_dp  | 3       |
|    dsp_dotpra3add_8s_8s_8s_8s_8s_8s_17s_18_4_1_U240 | 1   |        | add_ln50_239   | add    | dsp58_dp  | 3       |
|    dsp_dotpra3add_8s_8s_8s_8s_8s_8s_17s_18_4_1_U240 | 1   |        | sext_ln50_921  | sext   | dsp58_dp  | 3       |
|    dsp_dotpra3_8s_8s_8s_8s_8s_8s_17_4_1_U89         | 1   |        | add_ln50_240   | add    | dsp58_dp  | 3       |
|    dsp_dotpra3_8s_8s_8s_8s_8s_8s_17_4_1_U89         | 1   |        | add_ln50_241   | add    | dsp58_dp  | 3       |
|    dsp_dotpra3add_8s_8s_8s_8s_8s_8s_17s_18_4_1_U240 | 1   |        | add_ln50_242   | add    | dsp58_dp  | 3       |
|    dsp_dotpra3add_8s_8s_8s_8s_8s_8s_17s_18_4_1_U183 | 1   |        | add_ln50_243   | add    | dsp58_dp  | 3       |
|    dsp_dotpra3add_8s_8s_8s_8s_8s_8s_17s_18_4_1_U183 | 1   |        | add_ln50_244   | add    | dsp58_dp  | 3       |
|    dsp_dotpra3add_8s_8s_8s_8s_8s_8s_17s_18_4_1_U183 | 1   |        | sext_ln50_924  | sext   | dsp58_dp  | 3       |
|    dsp_dotpra3_8s_8s_8s_8s_8s_8s_17_4_1_U34         | 1   |        | add_ln50_245   | add    | dsp58_dp  | 3       |
|    dsp_dotpra3_8s_8s_8s_8s_8s_8s_17_4_1_U34         | 1   |        | add_ln50_246   | add    | dsp58_dp  | 3       |
|    dsp_dotpra3add_8s_8s_8s_8s_8s_8s_17s_18_4_1_U183 | 1   |        | add_ln50_247   | add    | dsp58_dp  | 3       |
|    add_ln50_248_fu_34059_p2                         |     |        | add_ln50_248   | add    | fabric    | 0       |
|    dsp_dotpra3add_8s_8s_8s_8s_8s_8s_17s_18_4_1_U146 | 1   |        | add_ln50_249   | add    | dsp58_dp  | 3       |
|    dsp_dotpra3add_8s_8s_8s_8s_8s_8s_17s_18_4_1_U146 | 1   |        | add_ln50_250   | add    | dsp58_dp  | 3       |
|    dsp_dotpra3add_8s_8s_8s_8s_8s_8s_17s_18_4_1_U146 | 1   |        | sext_ln50_928  | sext   | dsp58_dp  | 3       |
|    dsp_dotpra3_8s_8s_8s_8s_8s_8s_17_4_1_U12         | 1   |        | add_ln50_251   | add    | dsp58_dp  | 3       |
|    dsp_dotpra3_8s_8s_8s_8s_8s_8s_17_4_1_U12         | 1   |        | add_ln50_252   | add    | dsp58_dp  | 3       |
|    dsp_dotpra3add_8s_8s_8s_8s_8s_8s_17s_18_4_1_U146 | 1   |        | add_ln50_253   | add    | dsp58_dp  | 3       |
|    dsp_dotpra3add_8s_8s_8s_8s_8s_8s_17s_18_4_1_U144 | 1   |        | add_ln50_254   | add    | dsp58_dp  | 3       |
|    dsp_dotpra3add_8s_8s_8s_8s_8s_8s_17s_18_4_1_U144 | 1   |        | add_ln50_255   | add    | dsp58_dp  | 3       |
|    dsp_dotpra3add_8s_8s_8s_8s_8s_8s_17s_18_4_1_U144 | 1   |        | sext_ln50_931  | sext   | dsp58_dp  | 3       |
|    dsp_dotpra3_8s_8s_8s_8s_8s_8s_17_4_1_U47         | 1   |        | add_ln50_256   | add    | dsp58_dp  | 3       |
|    dsp_dotpra3_8s_8s_8s_8s_8s_8s_17_4_1_U47         | 1   |        | add_ln50_257   | add    | dsp58_dp  | 3       |
|    dsp_dotpra3add_8s_8s_8s_8s_8s_8s_17s_18_4_1_U144 | 1   |        | add_ln50_258   | add    | dsp58_dp  | 3       |
|    add_ln50_259_fu_34075_p2                         |     |        | add_ln50_259   | add    | fabric    | 0       |
|    add_ln50_260_fu_34085_p2                         |     |        | add_ln50_260   | add    | fabric    | 0       |
|    dsp_dotpra3add_8s_8s_8s_8s_8s_8s_17s_18_4_1_U206 | 1   |        | add_ln50_261   | add    | dsp58_dp  | 3       |
|    dsp_dotpra3add_8s_8s_8s_8s_8s_8s_17s_18_4_1_U206 | 1   |        | add_ln50_262   | add    | dsp58_dp  | 3       |
|    dsp_dotpra3add_8s_8s_8s_8s_8s_8s_17s_18_4_1_U206 | 1   |        | sext_ln50_936  | sext   | dsp58_dp  | 3       |
|    dsp_dotpra3_8s_8s_8s_8s_8s_8s_17_4_1_U118        | 1   |        | add_ln50_263   | add    | dsp58_dp  | 3       |
|    dsp_dotpra3_8s_8s_8s_8s_8s_8s_17_4_1_U118        | 1   |        | add_ln50_264   | add    | dsp58_dp  | 3       |
|    dsp_dotpra3add_8s_8s_8s_8s_8s_8s_17s_18_4_1_U206 | 1   |        | add_ln50_265   | add    | dsp58_dp  | 3       |
|    dsp_dotpra3add_8s_8s_8s_8s_8s_8s_17s_18_4_1_U257 | 1   |        | add_ln50_266   | add    | dsp58_dp  | 3       |
|    dsp_dotpra3add_8s_8s_8s_8s_8s_8s_17s_18_4_1_U257 | 1   |        | add_ln50_267   | add    | dsp58_dp  | 3       |
|    dsp_dotpra3add_8s_8s_8s_8s_8s_8s_17s_18_4_1_U257 | 1   |        | sext_ln50_939  | sext   | dsp58_dp  | 3       |
|    dsp_dotpra3_8s_8s_8s_8s_8s_8s_17_4_1_U28         | 1   |        | add_ln50_268   | add    | dsp58_dp  | 3       |
|    dsp_dotpra3_8s_8s_8s_8s_8s_8s_17_4_1_U28         | 1   |        | add_ln50_269   | add    | dsp58_dp  | 3       |
|    dsp_dotpra3add_8s_8s_8s_8s_8s_8s_17s_18_4_1_U257 | 1   |        | add_ln50_270   | add    | dsp58_dp  | 3       |
|    add_ln50_271_fu_34101_p2                         |     |        | add_ln50_271   | add    | fabric    | 0       |
|    dsp_dotpra3add_8s_8s_8s_8s_8s_8s_17s_18_4_1_U246 | 1   |        | add_ln50_272   | add    | dsp58_dp  | 3       |
|    dsp_dotpra3add_8s_8s_8s_8s_8s_8s_17s_18_4_1_U246 | 1   |        | add_ln50_273   | add    | dsp58_dp  | 3       |
|    dsp_dotpra3add_8s_8s_8s_8s_8s_8s_17s_18_4_1_U246 | 1   |        | sext_ln50_943  | sext   | dsp58_dp  | 3       |
|    dsp_dotpra3_8s_8s_8s_8s_8s_8s_17_4_1_U43         | 1   |        | add_ln50_274   | add    | dsp58_dp  | 3       |
|    dsp_dotpra3_8s_8s_8s_8s_8s_8s_17_4_1_U43         | 1   |        | add_ln50_275   | add    | dsp58_dp  | 3       |
|    dsp_dotpra3add_8s_8s_8s_8s_8s_8s_17s_18_4_1_U246 | 1   |        | add_ln50_276   | add    | dsp58_dp  | 3       |
|    dsp_dotpra3add_8s_8s_8s_8s_8s_8s_17s_18_4_1_U243 | 1   |        | add_ln50_277   | add    | dsp58_dp  | 3       |
|    dsp_dotpra3add_8s_8s_8s_8s_8s_8s_17s_18_4_1_U243 | 1   |        | add_ln50_278   | add    | dsp58_dp  | 3       |
|    dsp_dotpra3add_8s_8s_8s_8s_8s_8s_17s_18_4_1_U243 | 1   |        | sext_ln50_946  | sext   | dsp58_dp  | 3       |
|    dsp_dotpra3_8s_8s_8s_8s_8s_8s_17_4_1_U19         | 1   |        | add_ln50_279   | add    | dsp58_dp  | 3       |
|    dsp_dotpra3_8s_8s_8s_8s_8s_8s_17_4_1_U19         | 1   |        | add_ln50_280   | add    | dsp58_dp  | 3       |
|    dsp_dotpra3add_8s_8s_8s_8s_8s_8s_17s_18_4_1_U243 | 1   |        | add_ln50_281   | add    | dsp58_dp  | 3       |
|    add_ln50_282_fu_34117_p2                         |     |        | add_ln50_282   | add    | fabric    | 0       |
|    add_ln50_283_fu_34127_p2                         |     |        | add_ln50_283   | add    | fabric    | 0       |
|    add_ln50_284_fu_34137_p2                         |     |        | add_ln50_284   | add    | fabric    | 0       |
|    add_ln50_285_fu_35079_p2                         |     |        | add_ln50_285   | add    | fabric    | 0       |
|    dsp_dotpra3add_8s_8s_8s_8s_8s_8s_17s_18_4_1_U175 | 1   |        | add_ln50_286   | add    | dsp58_dp  | 3       |
|    dsp_dotpra3add_8s_8s_8s_8s_8s_8s_17s_18_4_1_U175 | 1   |        | add_ln50_287   | add    | dsp58_dp  | 3       |
|    dsp_dotpra3add_8s_8s_8s_8s_8s_8s_17s_18_4_1_U175 | 1   |        | sext_ln50_953  | sext   | dsp58_dp  | 3       |
|    dsp_dotpra3_8s_8s_8s_8s_8s_8s_17_4_1_U107        | 1   |        | add_ln50_288   | add    | dsp58_dp  | 3       |
|    dsp_dotpra3_8s_8s_8s_8s_8s_8s_17_4_1_U107        | 1   |        | add_ln50_289   | add    | dsp58_dp  | 3       |
|    dsp_dotpra3add_8s_8s_8s_8s_8s_8s_17s_18_4_1_U175 | 1   |        | add_ln50_290   | add    | dsp58_dp  | 3       |
|    dsp_dotpra3add_8s_8s_8s_8s_8s_8s_17s_18_4_1_U173 | 1   |        | add_ln50_291   | add    | dsp58_dp  | 3       |
|    dsp_dotpra3add_8s_8s_8s_8s_8s_8s_17s_18_4_1_U173 | 1   |        | add_ln50_292   | add    | dsp58_dp  | 3       |
|    dsp_dotpra3add_8s_8s_8s_8s_8s_8s_17s_18_4_1_U173 | 1   |        | sext_ln50_956  | sext   | dsp58_dp  | 3       |
|    dsp_dotpra3_8s_8s_8s_8s_8s_8s_17_4_1_U65         | 1   |        | add_ln50_293   | add    | dsp58_dp  | 3       |
|    dsp_dotpra3_8s_8s_8s_8s_8s_8s_17_4_1_U65         | 1   |        | add_ln50_294   | add    | dsp58_dp  | 3       |
|    dsp_dotpra3add_8s_8s_8s_8s_8s_8s_17s_18_4_1_U173 | 1   |        | add_ln50_295   | add    | dsp58_dp  | 3       |
|    add_ln50_296_fu_34149_p2                         |     |        | add_ln50_296   | add    | fabric    | 0       |
|    dsp_dotpra3add_8s_8s_8s_8s_8s_8s_17s_18_4_1_U151 | 1   |        | add_ln50_297   | add    | dsp58_dp  | 3       |
|    dsp_dotpra3add_8s_8s_8s_8s_8s_8s_17s_18_4_1_U151 | 1   |        | add_ln50_298   | add    | dsp58_dp  | 3       |
|    dsp_dotpra3add_8s_8s_8s_8s_8s_8s_17s_18_4_1_U151 | 1   |        | sext_ln50_960  | sext   | dsp58_dp  | 3       |
|    dsp_dotpra3_8s_8s_8s_8s_8s_8s_17_4_1_U86         | 1   |        | add_ln50_299   | add    | dsp58_dp  | 3       |
|    dsp_dotpra3_8s_8s_8s_8s_8s_8s_17_4_1_U86         | 1   |        | add_ln50_300   | add    | dsp58_dp  | 3       |
|    dsp_dotpra3add_8s_8s_8s_8s_8s_8s_17s_18_4_1_U151 | 1   |        | add_ln50_301   | add    | dsp58_dp  | 3       |
|    dsp_dotpra3add_8s_8s_8s_8s_8s_8s_17s_18_4_1_U211 | 1   |        | add_ln50_302   | add    | dsp58_dp  | 3       |
|    dsp_dotpra3add_8s_8s_8s_8s_8s_8s_17s_18_4_1_U211 | 1   |        | add_ln50_303   | add    | dsp58_dp  | 3       |
|    dsp_dotpra3add_8s_8s_8s_8s_8s_8s_17s_18_4_1_U211 | 1   |        | sext_ln50_963  | sext   | dsp58_dp  | 3       |
|    dsp_dotpra3_8s_8s_8s_8s_8s_8s_17_4_1_U91         | 1   |        | add_ln50_304   | add    | dsp58_dp  | 3       |
|    dsp_dotpra3_8s_8s_8s_8s_8s_8s_17_4_1_U91         | 1   |        | add_ln50_305   | add    | dsp58_dp  | 3       |
|    dsp_dotpra3add_8s_8s_8s_8s_8s_8s_17s_18_4_1_U211 | 1   |        | add_ln50_306   | add    | dsp58_dp  | 3       |
|    add_ln50_307_fu_34165_p2                         |     |        | add_ln50_307   | add    | fabric    | 0       |
|    add_ln50_308_fu_34175_p2                         |     |        | add_ln50_308   | add    | fabric    | 0       |
|    dsp_dotpra3add_8s_8s_8s_8s_8s_8s_17s_18_4_1_U143 | 1   |        | add_ln50_309   | add    | dsp58_dp  | 3       |
|    dsp_dotpra3add_8s_8s_8s_8s_8s_8s_17s_18_4_1_U143 | 1   |        | add_ln50_310   | add    | dsp58_dp  | 3       |
|    dsp_dotpra3add_8s_8s_8s_8s_8s_8s_17s_18_4_1_U143 | 1   |        | sext_ln50_968  | sext   | dsp58_dp  | 3       |
|    dsp_dotpra3_8s_8s_8s_8s_8s_8s_17_4_1_U53         | 1   |        | add_ln50_311   | add    | dsp58_dp  | 3       |
|    dsp_dotpra3_8s_8s_8s_8s_8s_8s_17_4_1_U53         | 1   |        | add_ln50_312   | add    | dsp58_dp  | 3       |
|    dsp_dotpra3add_8s_8s_8s_8s_8s_8s_17s_18_4_1_U143 | 1   |        | add_ln50_313   | add    | dsp58_dp  | 3       |
|    dsp_dotpra3add_8s_8s_8s_8s_8s_8s_17s_18_4_1_U215 | 1   |        | add_ln50_314   | add    | dsp58_dp  | 3       |
|    dsp_dotpra3add_8s_8s_8s_8s_8s_8s_17s_18_4_1_U215 | 1   |        | add_ln50_315   | add    | dsp58_dp  | 3       |
|    dsp_dotpra3add_8s_8s_8s_8s_8s_8s_17s_18_4_1_U215 | 1   |        | sext_ln50_971  | sext   | dsp58_dp  | 3       |
|    dsp_dotpra3_8s_8s_8s_8s_8s_8s_17_4_1_U38         | 1   |        | add_ln50_316   | add    | dsp58_dp  | 3       |
|    dsp_dotpra3_8s_8s_8s_8s_8s_8s_17_4_1_U38         | 1   |        | add_ln50_317   | add    | dsp58_dp  | 3       |
|    dsp_dotpra3add_8s_8s_8s_8s_8s_8s_17s_18_4_1_U215 | 1   |        | add_ln50_318   | add    | dsp58_dp  | 3       |
|    add_ln50_319_fu_34191_p2                         |     |        | add_ln50_319   | add    | fabric    | 0       |
|    dsp_dotpra3add_8s_8s_8s_8s_8s_8s_17s_18_4_1_U185 | 1   |        | add_ln50_320   | add    | dsp58_dp  | 3       |
|    dsp_dotpra3add_8s_8s_8s_8s_8s_8s_17s_18_4_1_U185 | 1   |        | add_ln50_321   | add    | dsp58_dp  | 3       |
|    dsp_dotpra3add_8s_8s_8s_8s_8s_8s_17s_18_4_1_U185 | 1   |        | sext_ln50_975  | sext   | dsp58_dp  | 3       |
|    dsp_dotpra3_8s_8s_8s_8s_8s_8s_17_4_1_U20         | 1   |        | add_ln50_322   | add    | dsp58_dp  | 3       |
|    dsp_dotpra3_8s_8s_8s_8s_8s_8s_17_4_1_U20         | 1   |        | add_ln50_323   | add    | dsp58_dp  | 3       |
|    dsp_dotpra3add_8s_8s_8s_8s_8s_8s_17s_18_4_1_U185 | 1   |        | add_ln50_324   | add    | dsp58_dp  | 3       |
|    dsp_dotpra3add_8s_8s_8s_8s_8s_8s_17s_18_4_1_U236 | 1   |        | add_ln50_325   | add    | dsp58_dp  | 3       |
|    dsp_dotpra3add_8s_8s_8s_8s_8s_8s_17s_18_4_1_U236 | 1   |        | add_ln50_326   | add    | dsp58_dp  | 3       |
|    dsp_dotpra3add_8s_8s_8s_8s_8s_8s_17s_18_4_1_U236 | 1   |        | sext_ln50_978  | sext   | dsp58_dp  | 3       |
|    dsp_dotpra3_8s_8s_8s_8s_8s_8s_17_4_1_U78         | 1   |        | add_ln50_327   | add    | dsp58_dp  | 3       |
|    dsp_dotpra3_8s_8s_8s_8s_8s_8s_17_4_1_U78         | 1   |        | add_ln50_328   | add    | dsp58_dp  | 3       |
|    dsp_dotpra3add_8s_8s_8s_8s_8s_8s_17s_18_4_1_U236 | 1   |        | add_ln50_329   | add    | dsp58_dp  | 3       |
|    add_ln50_330_fu_34207_p2                         |     |        | add_ln50_330   | add    | fabric    | 0       |
|    add_ln50_331_fu_34217_p2                         |     |        | add_ln50_331   | add    | fabric    | 0       |
|    add_ln50_332_fu_34227_p2                         |     |        | add_ln50_332   | add    | fabric    | 0       |
|    dsp_dotpra3add_8s_8s_8s_8s_8s_8s_17s_18_4_1_U186 | 1   |        | add_ln50_333   | add    | dsp58_dp  | 3       |
|    dsp_dotpra3add_8s_8s_8s_8s_8s_8s_17s_18_4_1_U186 | 1   |        | add_ln50_334   | add    | dsp58_dp  | 3       |
|    dsp_dotpra3add_8s_8s_8s_8s_8s_8s_17s_18_4_1_U186 | 1   |        | sext_ln50_984  | sext   | dsp58_dp  | 3       |
|    dsp_dotpra3_8s_8s_8s_8s_8s_8s_17_4_1_U52         | 1   |        | add_ln50_335   | add    | dsp58_dp  | 3       |
|    dsp_dotpra3_8s_8s_8s_8s_8s_8s_17_4_1_U52         | 1   |        | add_ln50_336   | add    | dsp58_dp  | 3       |
|    dsp_dotpra3add_8s_8s_8s_8s_8s_8s_17s_18_4_1_U186 | 1   |        | add_ln50_337   | add    | dsp58_dp  | 3       |
|    dsp_dotpra3add_8s_8s_8s_8s_8s_8s_17s_18_4_1_U178 | 1   |        | add_ln50_338   | add    | dsp58_dp  | 3       |
|    dsp_dotpra3add_8s_8s_8s_8s_8s_8s_17s_18_4_1_U178 | 1   |        | add_ln50_339   | add    | dsp58_dp  | 3       |
|    dsp_dotpra3add_8s_8s_8s_8s_8s_8s_17s_18_4_1_U178 | 1   |        | sext_ln50_987  | sext   | dsp58_dp  | 3       |
|    dsp_dotpra3_8s_8s_8s_8s_8s_8s_17_4_1_U62         | 1   |        | add_ln50_340   | add    | dsp58_dp  | 3       |
|    dsp_dotpra3_8s_8s_8s_8s_8s_8s_17_4_1_U62         | 1   |        | add_ln50_341   | add    | dsp58_dp  | 3       |
|    dsp_dotpra3add_8s_8s_8s_8s_8s_8s_17s_18_4_1_U178 | 1   |        | add_ln50_342   | add    | dsp58_dp  | 3       |
|    add_ln50_343_fu_34239_p2                         |     |        | add_ln50_343   | add    | fabric    | 0       |
|    dsp_dotpra3add_8s_8s_8s_8s_8s_8s_17s_18_4_1_U201 | 1   |        | add_ln50_344   | add    | dsp58_dp  | 3       |
|    dsp_dotpra3add_8s_8s_8s_8s_8s_8s_17s_18_4_1_U201 | 1   |        | add_ln50_345   | add    | dsp58_dp  | 3       |
|    dsp_dotpra3add_8s_8s_8s_8s_8s_8s_17s_18_4_1_U201 | 1   |        | sext_ln50_991  | sext   | dsp58_dp  | 3       |
|    dsp_dotpra3_8s_8s_8s_8s_8s_8s_17_4_1_U100        | 1   |        | add_ln50_346   | add    | dsp58_dp  | 3       |
|    dsp_dotpra3_8s_8s_8s_8s_8s_8s_17_4_1_U100        | 1   |        | add_ln50_347   | add    | dsp58_dp  | 3       |
|    dsp_dotpra3add_8s_8s_8s_8s_8s_8s_17s_18_4_1_U201 | 1   |        | add_ln50_348   | add    | dsp58_dp  | 3       |
|    dsp_dotpra3add_8s_8s_8s_8s_8s_8s_17s_18_4_1_U166 | 1   |        | add_ln50_349   | add    | dsp58_dp  | 3       |
|    dsp_dotpra3add_8s_8s_8s_8s_8s_8s_17s_18_4_1_U166 | 1   |        | add_ln50_350   | add    | dsp58_dp  | 3       |
|    dsp_dotpra3add_8s_8s_8s_8s_8s_8s_17s_18_4_1_U166 | 1   |        | sext_ln50_994  | sext   | dsp58_dp  | 3       |
|    dsp_dotpra3_8s_8s_8s_8s_8s_8s_17_4_1_U71         | 1   |        | add_ln50_351   | add    | dsp58_dp  | 3       |
|    dsp_dotpra3_8s_8s_8s_8s_8s_8s_17_4_1_U71         | 1   |        | add_ln50_352   | add    | dsp58_dp  | 3       |
|    dsp_dotpra3add_8s_8s_8s_8s_8s_8s_17s_18_4_1_U166 | 1   |        | add_ln50_353   | add    | dsp58_dp  | 3       |
|    add_ln50_354_fu_34255_p2                         |     |        | add_ln50_354   | add    | fabric    | 0       |
|    add_ln50_355_fu_34265_p2                         |     |        | add_ln50_355   | add    | fabric    | 0       |
|    dsp_dotpra3add_8s_8s_8s_8s_8s_8s_17s_18_4_1_U233 | 1   |        | add_ln50_356   | add    | dsp58_dp  | 3       |
|    dsp_dotpra3add_8s_8s_8s_8s_8s_8s_17s_18_4_1_U233 | 1   |        | add_ln50_357   | add    | dsp58_dp  | 3       |
|    dsp_dotpra3add_8s_8s_8s_8s_8s_8s_17s_18_4_1_U233 | 1   |        | sext_ln50_999  | sext   | dsp58_dp  | 3       |
|    dsp_dotpra3_8s_8s_8s_8s_8s_8s_17_4_1_U46         | 1   |        | add_ln50_358   | add    | dsp58_dp  | 3       |
|    dsp_dotpra3_8s_8s_8s_8s_8s_8s_17_4_1_U46         | 1   |        | add_ln50_359   | add    | dsp58_dp  | 3       |
|    dsp_dotpra3add_8s_8s_8s_8s_8s_8s_17s_18_4_1_U233 | 1   |        | add_ln50_360   | add    | dsp58_dp  | 3       |
|    dsp_dotpra3add_8s_8s_8s_8s_8s_8s_17s_18_4_1_U172 | 1   |        | add_ln50_361   | add    | dsp58_dp  | 3       |
|    dsp_dotpra3add_8s_8s_8s_8s_8s_8s_17s_18_4_1_U172 | 1   |        | add_ln50_362   | add    | dsp58_dp  | 3       |
|    dsp_dotpra3add_8s_8s_8s_8s_8s_8s_17s_18_4_1_U172 | 1   |        | sext_ln50_1002 | sext   | dsp58_dp  | 3       |
|    dsp_dotpra3_8s_8s_8s_8s_8s_8s_17_4_1_U99         | 1   |        | add_ln50_363   | add    | dsp58_dp  | 3       |
|    dsp_dotpra3_8s_8s_8s_8s_8s_8s_17_4_1_U99         | 1   |        | add_ln50_364   | add    | dsp58_dp  | 3       |
|    dsp_dotpra3add_8s_8s_8s_8s_8s_8s_17s_18_4_1_U172 | 1   |        | add_ln50_365   | add    | dsp58_dp  | 3       |
|    add_ln50_366_fu_34281_p2                         |     |        | add_ln50_366   | add    | fabric    | 0       |
|    dsp_dotpra3add_8s_8s_8s_8s_8s_8s_17s_18_4_1_U190 | 1   |        | add_ln50_367   | add    | dsp58_dp  | 3       |
|    dsp_dotpra3add_8s_8s_8s_8s_8s_8s_17s_18_4_1_U190 | 1   |        | add_ln50_368   | add    | dsp58_dp  | 3       |
|    dsp_dotpra3add_8s_8s_8s_8s_8s_8s_17s_18_4_1_U190 | 1   |        | sext_ln50_1006 | sext   | dsp58_dp  | 3       |
|    dsp_dotpra3_8s_8s_8s_8s_8s_8s_17_4_1_U35         | 1   |        | add_ln50_369   | add    | dsp58_dp  | 3       |
|    dsp_dotpra3_8s_8s_8s_8s_8s_8s_17_4_1_U35         | 1   |        | add_ln50_370   | add    | dsp58_dp  | 3       |
|    dsp_dotpra3add_8s_8s_8s_8s_8s_8s_17s_18_4_1_U190 | 1   |        | add_ln50_371   | add    | dsp58_dp  | 3       |
|    dsp_dotpra3add_8s_8s_8s_8s_8s_8s_17s_18_4_1_U140 | 1   |        | add_ln50_372   | add    | dsp58_dp  | 3       |
|    dsp_dotpra3add_8s_8s_8s_8s_8s_8s_17s_18_4_1_U140 | 1   |        | add_ln50_373   | add    | dsp58_dp  | 3       |
|    dsp_dotpra3add_8s_8s_8s_8s_8s_8s_17s_18_4_1_U140 | 1   |        | sext_ln50_1009 | sext   | dsp58_dp  | 3       |
|    dsp_dotpra3_8s_8s_8s_8s_8s_8s_17_4_1_U98         | 1   |        | add_ln50_374   | add    | dsp58_dp  | 3       |
|    dsp_dotpra3_8s_8s_8s_8s_8s_8s_17_4_1_U98         | 1   |        | add_ln50_375   | add    | dsp58_dp  | 3       |
|    dsp_dotpra3add_8s_8s_8s_8s_8s_8s_17s_18_4_1_U140 | 1   |        | add_ln50_376   | add    | dsp58_dp  | 3       |
|    add_ln50_377_fu_34297_p2                         |     |        | add_ln50_377   | add    | fabric    | 0       |
|    add_ln50_378_fu_34307_p2                         |     |        | add_ln50_378   | add    | fabric    | 0       |
|    add_ln50_379_fu_34317_p2                         |     |        | add_ln50_379   | add    | fabric    | 0       |
|    add_ln50_380_fu_35095_p2                         |     |        | add_ln50_380   | add    | fabric    | 0       |
|    add_ln50_381_fu_35105_p2                         |     |        | add_ln50_381   | add    | fabric    | 0       |
|    dsp_dotpra3add_8s_8s_8s_8s_8s_8s_17s_18_4_1_U217 | 1   |        | add_ln50_383   | add    | dsp58_dp  | 3       |
|    dsp_dotpra3add_8s_8s_8s_8s_8s_8s_17s_18_4_1_U217 | 1   |        | add_ln50_384   | add    | dsp58_dp  | 3       |
|    dsp_dotpra3add_8s_8s_8s_8s_8s_8s_17s_18_4_1_U217 | 1   |        | sext_ln50_1017 | sext   | dsp58_dp  | 3       |
|    dsp_dotpra3_8s_8s_8s_8s_8s_8s_17_4_1_U97         | 1   |        | add_ln50_385   | add    | dsp58_dp  | 3       |
|    dsp_dotpra3_8s_8s_8s_8s_8s_8s_17_4_1_U97         | 1   |        | add_ln50_386   | add    | dsp58_dp  | 3       |
|    dsp_dotpra3add_8s_8s_8s_8s_8s_8s_17s_18_4_1_U217 | 1   |        | add_ln50_387   | add    | dsp58_dp  | 3       |
|    dsp_dotpra3add_8s_8s_8s_8s_8s_8s_17s_18_4_1_U150 | 1   |        | add_ln50_388   | add    | dsp58_dp  | 3       |
|    dsp_dotpra3add_8s_8s_8s_8s_8s_8s_17s_18_4_1_U150 | 1   |        | add_ln50_389   | add    | dsp58_dp  | 3       |
|    dsp_dotpra3add_8s_8s_8s_8s_8s_8s_17s_18_4_1_U150 | 1   |        | sext_ln50_1020 | sext   | dsp58_dp  | 3       |
|    dsp_dotpra3_8s_8s_8s_8s_8s_8s_17_4_1_U54         | 1   |        | add_ln50_390   | add    | dsp58_dp  | 3       |
|    dsp_dotpra3_8s_8s_8s_8s_8s_8s_17_4_1_U54         | 1   |        | add_ln50_391   | add    | dsp58_dp  | 3       |
|    dsp_dotpra3add_8s_8s_8s_8s_8s_8s_17s_18_4_1_U150 | 1   |        | add_ln50_392   | add    | dsp58_dp  | 3       |
|    add_ln50_393_fu_34329_p2                         |     |        | add_ln50_393   | add    | fabric    | 0       |
|    dsp_dotpra3add_8s_8s_8s_8s_8s_8s_17s_18_4_1_U203 | 1   |        | add_ln50_394   | add    | dsp58_dp  | 3       |
|    dsp_dotpra3add_8s_8s_8s_8s_8s_8s_17s_18_4_1_U203 | 1   |        | add_ln50_395   | add    | dsp58_dp  | 3       |
|    dsp_dotpra3add_8s_8s_8s_8s_8s_8s_17s_18_4_1_U203 | 1   |        | sext_ln50_1024 | sext   | dsp58_dp  | 3       |
|    dsp_dotpra3_8s_8s_8s_8s_8s_8s_17_4_1_U48         | 1   |        | add_ln50_396   | add    | dsp58_dp  | 3       |
|    dsp_dotpra3_8s_8s_8s_8s_8s_8s_17_4_1_U48         | 1   |        | add_ln50_397   | add    | dsp58_dp  | 3       |
|    dsp_dotpra3add_8s_8s_8s_8s_8s_8s_17s_18_4_1_U203 | 1   |        | add_ln50_398   | add    | dsp58_dp  | 3       |
|    dsp_dotpra3add_8s_8s_8s_8s_8s_8s_17s_18_4_1_U216 | 1   |        | add_ln50_399   | add    | dsp58_dp  | 3       |
|    dsp_dotpra3add_8s_8s_8s_8s_8s_8s_17s_18_4_1_U216 | 1   |        | add_ln50_400   | add    | dsp58_dp  | 3       |
|    dsp_dotpra3add_8s_8s_8s_8s_8s_8s_17s_18_4_1_U216 | 1   |        | sext_ln50_1027 | sext   | dsp58_dp  | 3       |
|    dsp_dotpra3_8s_8s_8s_8s_8s_8s_17_4_1_U17         | 1   |        | add_ln50_401   | add    | dsp58_dp  | 3       |
|    dsp_dotpra3_8s_8s_8s_8s_8s_8s_17_4_1_U17         | 1   |        | add_ln50_402   | add    | dsp58_dp  | 3       |
|    dsp_dotpra3add_8s_8s_8s_8s_8s_8s_17s_18_4_1_U216 | 1   |        | add_ln50_403   | add    | dsp58_dp  | 3       |
|    add_ln50_404_fu_34345_p2                         |     |        | add_ln50_404   | add    | fabric    | 0       |
|    add_ln50_405_fu_34355_p2                         |     |        | add_ln50_405   | add    | fabric    | 0       |
|    dsp_dotpra3add_8s_8s_8s_8s_8s_8s_17s_18_4_1_U205 | 1   |        | add_ln50_406   | add    | dsp58_dp  | 3       |
|    dsp_dotpra3add_8s_8s_8s_8s_8s_8s_17s_18_4_1_U205 | 1   |        | add_ln50_407   | add    | dsp58_dp  | 3       |
|    dsp_dotpra3add_8s_8s_8s_8s_8s_8s_17s_18_4_1_U205 | 1   |        | sext_ln50_1032 | sext   | dsp58_dp  | 3       |
|    dsp_dotpra3_8s_8s_8s_8s_8s_8s_17_4_1_U13         | 1   |        | add_ln50_408   | add    | dsp58_dp  | 3       |
|    dsp_dotpra3_8s_8s_8s_8s_8s_8s_17_4_1_U13         | 1   |        | add_ln50_409   | add    | dsp58_dp  | 3       |
|    dsp_dotpra3add_8s_8s_8s_8s_8s_8s_17s_18_4_1_U205 | 1   |        | add_ln50_410   | add    | dsp58_dp  | 3       |
|    dsp_dotpra3add_8s_8s_8s_8s_8s_8s_17s_18_4_1_U220 | 1   |        | add_ln50_411   | add    | dsp58_dp  | 3       |
|    dsp_dotpra3add_8s_8s_8s_8s_8s_8s_17s_18_4_1_U220 | 1   |        | add_ln50_412   | add    | dsp58_dp  | 3       |
|    dsp_dotpra3add_8s_8s_8s_8s_8s_8s_17s_18_4_1_U220 | 1   |        | sext_ln50_1035 | sext   | dsp58_dp  | 3       |
|    dsp_dotpra3_8s_8s_8s_8s_8s_8s_17_4_1_U33         | 1   |        | add_ln50_413   | add    | dsp58_dp  | 3       |
|    dsp_dotpra3_8s_8s_8s_8s_8s_8s_17_4_1_U33         | 1   |        | add_ln50_414   | add    | dsp58_dp  | 3       |
|    dsp_dotpra3add_8s_8s_8s_8s_8s_8s_17s_18_4_1_U220 | 1   |        | add_ln50_415   | add    | dsp58_dp  | 3       |
|    add_ln50_416_fu_34371_p2                         |     |        | add_ln50_416   | add    | fabric    | 0       |
|    dsp_dotpra3add_8s_8s_8s_8s_8s_8s_17s_18_4_1_U191 | 1   |        | add_ln50_417   | add    | dsp58_dp  | 3       |
|    dsp_dotpra3add_8s_8s_8s_8s_8s_8s_17s_18_4_1_U191 | 1   |        | add_ln50_418   | add    | dsp58_dp  | 3       |
|    dsp_dotpra3add_8s_8s_8s_8s_8s_8s_17s_18_4_1_U191 | 1   |        | sext_ln50_1039 | sext   | dsp58_dp  | 3       |
|    dsp_dotpra3_8s_8s_8s_8s_8s_8s_17_4_1_U104        | 1   |        | add_ln50_419   | add    | dsp58_dp  | 3       |
|    dsp_dotpra3_8s_8s_8s_8s_8s_8s_17_4_1_U104        | 1   |        | add_ln50_420   | add    | dsp58_dp  | 3       |
|    dsp_dotpra3add_8s_8s_8s_8s_8s_8s_17s_18_4_1_U191 | 1   |        | add_ln50_421   | add    | dsp58_dp  | 3       |
|    dsp_dotpra3add_8s_8s_8s_8s_8s_8s_17s_18_4_1_U179 | 1   |        | add_ln50_422   | add    | dsp58_dp  | 3       |
|    dsp_dotpra3add_8s_8s_8s_8s_8s_8s_17s_18_4_1_U179 | 1   |        | add_ln50_423   | add    | dsp58_dp  | 3       |
|    dsp_dotpra3add_8s_8s_8s_8s_8s_8s_17s_18_4_1_U179 | 1   |        | sext_ln50_1042 | sext   | dsp58_dp  | 3       |
|    dsp_dotpra3_8s_8s_8s_8s_8s_8s_17_4_1_U64         | 1   |        | add_ln50_424   | add    | dsp58_dp  | 3       |
|    dsp_dotpra3_8s_8s_8s_8s_8s_8s_17_4_1_U64         | 1   |        | add_ln50_425   | add    | dsp58_dp  | 3       |
|    dsp_dotpra3add_8s_8s_8s_8s_8s_8s_17s_18_4_1_U179 | 1   |        | add_ln50_426   | add    | dsp58_dp  | 3       |
|    add_ln50_427_fu_34387_p2                         |     |        | add_ln50_427   | add    | fabric    | 0       |
|    add_ln50_428_fu_34397_p2                         |     |        | add_ln50_428   | add    | fabric    | 0       |
|    add_ln50_429_fu_34407_p2                         |     |        | add_ln50_429   | add    | fabric    | 0       |
|    dsp_dotpra3add_8s_8s_8s_8s_8s_8s_17s_18_4_1_U254 | 1   |        | add_ln50_430   | add    | dsp58_dp  | 3       |
|    dsp_dotpra3add_8s_8s_8s_8s_8s_8s_17s_18_4_1_U254 | 1   |        | add_ln50_431   | add    | dsp58_dp  | 3       |
|    dsp_dotpra3add_8s_8s_8s_8s_8s_8s_17s_18_4_1_U254 | 1   |        | sext_ln50_1048 | sext   | dsp58_dp  | 3       |
|    dsp_dotpra3_8s_8s_8s_8s_8s_8s_17_4_1_U36         | 1   |        | add_ln50_432   | add    | dsp58_dp  | 3       |
|    dsp_dotpra3_8s_8s_8s_8s_8s_8s_17_4_1_U36         | 1   |        | add_ln50_433   | add    | dsp58_dp  | 3       |
|    dsp_dotpra3add_8s_8s_8s_8s_8s_8s_17s_18_4_1_U254 | 1   |        | add_ln50_434   | add    | dsp58_dp  | 3       |
|    dsp_dotpra3add_8s_8s_8s_8s_8s_8s_17s_18_4_1_U252 | 1   |        | add_ln50_435   | add    | dsp58_dp  | 3       |
|    dsp_dotpra3add_8s_8s_8s_8s_8s_8s_17s_18_4_1_U252 | 1   |        | add_ln50_436   | add    | dsp58_dp  | 3       |
|    dsp_dotpra3add_8s_8s_8s_8s_8s_8s_17s_18_4_1_U252 | 1   |        | sext_ln50_1051 | sext   | dsp58_dp  | 3       |
|    dsp_dotpra3_8s_8s_8s_8s_8s_8s_17_4_1_U44         | 1   |        | add_ln50_437   | add    | dsp58_dp  | 3       |
|    dsp_dotpra3_8s_8s_8s_8s_8s_8s_17_4_1_U44         | 1   |        | add_ln50_438   | add    | dsp58_dp  | 3       |
|    dsp_dotpra3add_8s_8s_8s_8s_8s_8s_17s_18_4_1_U252 | 1   |        | add_ln50_439   | add    | dsp58_dp  | 3       |
|    add_ln50_440_fu_34419_p2                         |     |        | add_ln50_440   | add    | fabric    | 0       |
|    dsp_dotpra3add_8s_8s_8s_8s_8s_8s_17s_18_4_1_U255 | 1   |        | add_ln50_441   | add    | dsp58_dp  | 3       |
|    dsp_dotpra3add_8s_8s_8s_8s_8s_8s_17s_18_4_1_U255 | 1   |        | add_ln50_442   | add    | dsp58_dp  | 3       |
|    dsp_dotpra3add_8s_8s_8s_8s_8s_8s_17s_18_4_1_U255 | 1   |        | sext_ln50_1055 | sext   | dsp58_dp  | 3       |
|    dsp_dotpra3_8s_8s_8s_8s_8s_8s_17_4_1_U75         | 1   |        | add_ln50_443   | add    | dsp58_dp  | 3       |
|    dsp_dotpra3_8s_8s_8s_8s_8s_8s_17_4_1_U75         | 1   |        | add_ln50_444   | add    | dsp58_dp  | 3       |
|    dsp_dotpra3add_8s_8s_8s_8s_8s_8s_17s_18_4_1_U255 | 1   |        | add_ln50_445   | add    | dsp58_dp  | 3       |
|    dsp_dotpra3add_8s_8s_8s_8s_8s_8s_17s_18_4_1_U165 | 1   |        | add_ln50_446   | add    | dsp58_dp  | 3       |
|    dsp_dotpra3add_8s_8s_8s_8s_8s_8s_17s_18_4_1_U165 | 1   |        | add_ln50_447   | add    | dsp58_dp  | 3       |
|    dsp_dotpra3add_8s_8s_8s_8s_8s_8s_17s_18_4_1_U165 | 1   |        | sext_ln50_1058 | sext   | dsp58_dp  | 3       |
|    dsp_dotpra3_8s_8s_8s_8s_8s_8s_17_4_1_U110        | 1   |        | add_ln50_448   | add    | dsp58_dp  | 3       |
|    dsp_dotpra3_8s_8s_8s_8s_8s_8s_17_4_1_U110        | 1   |        | add_ln50_449   | add    | dsp58_dp  | 3       |
|    dsp_dotpra3add_8s_8s_8s_8s_8s_8s_17s_18_4_1_U165 | 1   |        | add_ln50_450   | add    | dsp58_dp  | 3       |
|    add_ln50_451_fu_34435_p2                         |     |        | add_ln50_451   | add    | fabric    | 0       |
|    add_ln50_452_fu_34445_p2                         |     |        | add_ln50_452   | add    | fabric    | 0       |
|    dsp_dotpra3add_8s_8s_8s_8s_8s_8s_17s_18_4_1_U155 | 1   |        | add_ln50_453   | add    | dsp58_dp  | 3       |
|    dsp_dotpra3add_8s_8s_8s_8s_8s_8s_17s_18_4_1_U155 | 1   |        | add_ln50_454   | add    | dsp58_dp  | 3       |
|    dsp_dotpra3add_8s_8s_8s_8s_8s_8s_17s_18_4_1_U155 | 1   |        | sext_ln50_1063 | sext   | dsp58_dp  | 3       |
|    dsp_dotpra3_8s_8s_8s_8s_8s_8s_17_4_1_U130        | 1   |        | add_ln50_455   | add    | dsp58_dp  | 3       |
|    dsp_dotpra3_8s_8s_8s_8s_8s_8s_17_4_1_U130        | 1   |        | add_ln50_456   | add    | dsp58_dp  | 3       |
|    dsp_dotpra3add_8s_8s_8s_8s_8s_8s_17s_18_4_1_U155 | 1   |        | add_ln50_457   | add    | dsp58_dp  | 3       |
|    dsp_dotpra3add_8s_8s_8s_8s_8s_8s_17s_18_4_1_U237 | 1   |        | add_ln50_458   | add    | dsp58_dp  | 3       |
|    dsp_dotpra3add_8s_8s_8s_8s_8s_8s_17s_18_4_1_U237 | 1   |        | add_ln50_459   | add    | dsp58_dp  | 3       |
|    dsp_dotpra3add_8s_8s_8s_8s_8s_8s_17s_18_4_1_U237 | 1   |        | sext_ln50_1066 | sext   | dsp58_dp  | 3       |
|    dsp_dotpra3_8s_8s_8s_8s_8s_8s_17_4_1_U37         | 1   |        | add_ln50_460   | add    | dsp58_dp  | 3       |
|    dsp_dotpra3_8s_8s_8s_8s_8s_8s_17_4_1_U37         | 1   |        | add_ln50_461   | add    | dsp58_dp  | 3       |
|    dsp_dotpra3add_8s_8s_8s_8s_8s_8s_17s_18_4_1_U237 | 1   |        | add_ln50_462   | add    | dsp58_dp  | 3       |
|    add_ln50_463_fu_34461_p2                         |     |        | add_ln50_463   | add    | fabric    | 0       |
|    dsp_dotpra3add_8s_8s_8s_8s_8s_8s_17s_18_4_1_U259 | 1   |        | add_ln50_464   | add    | dsp58_dp  | 3       |
|    dsp_dotpra3add_8s_8s_8s_8s_8s_8s_17s_18_4_1_U259 | 1   |        | add_ln50_465   | add    | dsp58_dp  | 3       |
|    dsp_dotpra3add_8s_8s_8s_8s_8s_8s_17s_18_4_1_U259 | 1   |        | sext_ln50_1070 | sext   | dsp58_dp  | 3       |
|    dsp_dotpra3_8s_8s_8s_8s_8s_8s_17_4_1_U123        | 1   |        | add_ln50_466   | add    | dsp58_dp  | 3       |
|    dsp_dotpra3_8s_8s_8s_8s_8s_8s_17_4_1_U123        | 1   |        | add_ln50_467   | add    | dsp58_dp  | 3       |
|    dsp_dotpra3add_8s_8s_8s_8s_8s_8s_17s_18_4_1_U259 | 1   |        | add_ln50_468   | add    | dsp58_dp  | 3       |
|    dsp_dotpra3add_8s_8s_8s_8s_8s_8s_17s_18_4_1_U224 | 1   |        | add_ln50_469   | add    | dsp58_dp  | 3       |
|    dsp_dotpra3add_8s_8s_8s_8s_8s_8s_17s_18_4_1_U224 | 1   |        | add_ln50_470   | add    | dsp58_dp  | 3       |
|    dsp_dotpra3add_8s_8s_8s_8s_8s_8s_17s_18_4_1_U224 | 1   |        | sext_ln50_1073 | sext   | dsp58_dp  | 3       |
|    dsp_dotpra3_8s_8s_8s_8s_8s_8s_17_4_1_U42         | 1   |        | add_ln50_471   | add    | dsp58_dp  | 3       |
|    dsp_dotpra3_8s_8s_8s_8s_8s_8s_17_4_1_U42         | 1   |        | add_ln50_472   | add    | dsp58_dp  | 3       |
|    dsp_dotpra3add_8s_8s_8s_8s_8s_8s_17s_18_4_1_U224 | 1   |        | add_ln50_473   | add    | dsp58_dp  | 3       |
|    add_ln50_474_fu_34477_p2                         |     |        | add_ln50_474   | add    | fabric    | 0       |
|    add_ln50_475_fu_34487_p2                         |     |        | add_ln50_475   | add    | fabric    | 0       |
|    add_ln50_476_fu_34497_p2                         |     |        | add_ln50_476   | add    | fabric    | 0       |
|    add_ln50_477_fu_35117_p2                         |     |        | add_ln50_477   | add    | fabric    | 0       |
|    dsp_dotpra3add_8s_8s_8s_8s_8s_8s_17s_18_4_1_U147 | 1   |        | add_ln50_478   | add    | dsp58_dp  | 3       |
|    dsp_dotpra3add_8s_8s_8s_8s_8s_8s_17s_18_4_1_U147 | 1   |        | add_ln50_479   | add    | dsp58_dp  | 3       |
|    dsp_dotpra3add_8s_8s_8s_8s_8s_8s_17s_18_4_1_U147 | 1   |        | sext_ln50_1080 | sext   | dsp58_dp  | 3       |
|    dsp_dotpra3_8s_8s_8s_8s_8s_8s_17_4_1_U131        | 1   |        | add_ln50_480   | add    | dsp58_dp  | 3       |
|    dsp_dotpra3_8s_8s_8s_8s_8s_8s_17_4_1_U131        | 1   |        | add_ln50_481   | add    | dsp58_dp  | 3       |
|    dsp_dotpra3add_8s_8s_8s_8s_8s_8s_17s_18_4_1_U147 | 1   |        | add_ln50_482   | add    | dsp58_dp  | 3       |
|    dsp_dotpra3add_8s_8s_8s_8s_8s_8s_17s_18_4_1_U250 | 1   |        | add_ln50_483   | add    | dsp58_dp  | 3       |
|    dsp_dotpra3add_8s_8s_8s_8s_8s_8s_17s_18_4_1_U250 | 1   |        | add_ln50_484   | add    | dsp58_dp  | 3       |
|    dsp_dotpra3add_8s_8s_8s_8s_8s_8s_17s_18_4_1_U250 | 1   |        | sext_ln50_1083 | sext   | dsp58_dp  | 3       |
|    dsp_dotpra3_8s_8s_8s_8s_8s_8s_17_4_1_U112        | 1   |        | add_ln50_485   | add    | dsp58_dp  | 3       |
|    dsp_dotpra3_8s_8s_8s_8s_8s_8s_17_4_1_U112        | 1   |        | add_ln50_486   | add    | dsp58_dp  | 3       |
|    dsp_dotpra3add_8s_8s_8s_8s_8s_8s_17s_18_4_1_U250 | 1   |        | add_ln50_487   | add    | dsp58_dp  | 3       |
|    add_ln50_488_fu_34509_p2                         |     |        | add_ln50_488   | add    | fabric    | 0       |
|    dsp_dotpra3add_8s_8s_8s_8s_8s_8s_17s_18_4_1_U222 | 1   |        | add_ln50_489   | add    | dsp58_dp  | 3       |
|    dsp_dotpra3add_8s_8s_8s_8s_8s_8s_17s_18_4_1_U222 | 1   |        | add_ln50_490   | add    | dsp58_dp  | 3       |
|    dsp_dotpra3add_8s_8s_8s_8s_8s_8s_17s_18_4_1_U222 | 1   |        | sext_ln50_1087 | sext   | dsp58_dp  | 3       |
|    dsp_dotpra3_8s_8s_8s_8s_8s_8s_17_4_1_U73         | 1   |        | add_ln50_491   | add    | dsp58_dp  | 3       |
|    dsp_dotpra3_8s_8s_8s_8s_8s_8s_17_4_1_U73         | 1   |        | add_ln50_492   | add    | dsp58_dp  | 3       |
|    dsp_dotpra3add_8s_8s_8s_8s_8s_8s_17s_18_4_1_U222 | 1   |        | add_ln50_493   | add    | dsp58_dp  | 3       |
|    dsp_dotpra3add_8s_8s_8s_8s_8s_8s_17s_18_4_1_U177 | 1   |        | add_ln50_494   | add    | dsp58_dp  | 3       |
|    dsp_dotpra3add_8s_8s_8s_8s_8s_8s_17s_18_4_1_U177 | 1   |        | add_ln50_495   | add    | dsp58_dp  | 3       |
|    dsp_dotpra3add_8s_8s_8s_8s_8s_8s_17s_18_4_1_U177 | 1   |        | sext_ln50_1090 | sext   | dsp58_dp  | 3       |
|    dsp_dotpra3_8s_8s_8s_8s_8s_8s_17_4_1_U31         | 1   |        | add_ln50_496   | add    | dsp58_dp  | 3       |
|    dsp_dotpra3_8s_8s_8s_8s_8s_8s_17_4_1_U31         | 1   |        | add_ln50_497   | add    | dsp58_dp  | 3       |
|    dsp_dotpra3add_8s_8s_8s_8s_8s_8s_17s_18_4_1_U177 | 1   |        | add_ln50_498   | add    | dsp58_dp  | 3       |
|    add_ln50_499_fu_34525_p2                         |     |        | add_ln50_499   | add    | fabric    | 0       |
|    add_ln50_500_fu_34535_p2                         |     |        | add_ln50_500   | add    | fabric    | 0       |
|    dsp_dotpra3add_8s_8s_8s_8s_8s_8s_17s_18_4_1_U145 | 1   |        | add_ln50_501   | add    | dsp58_dp  | 3       |
|    dsp_dotpra3add_8s_8s_8s_8s_8s_8s_17s_18_4_1_U145 | 1   |        | add_ln50_502   | add    | dsp58_dp  | 3       |
|    dsp_dotpra3add_8s_8s_8s_8s_8s_8s_17s_18_4_1_U145 | 1   |        | sext_ln50_1095 | sext   | dsp58_dp  | 3       |
|    dsp_dotpra3_8s_8s_8s_8s_8s_8s_17_4_1_U4          | 1   |        | add_ln50_503   | add    | dsp58_dp  | 3       |
|    dsp_dotpra3_8s_8s_8s_8s_8s_8s_17_4_1_U4          | 1   |        | add_ln50_504   | add    | dsp58_dp  | 3       |
|    dsp_dotpra3add_8s_8s_8s_8s_8s_8s_17s_18_4_1_U145 | 1   |        | add_ln50_505   | add    | dsp58_dp  | 3       |
|    dsp_dotpra3add_8s_8s_8s_8s_8s_8s_17s_18_4_1_U260 | 1   |        | add_ln50_506   | add    | dsp58_dp  | 3       |
|    dsp_dotpra3add_8s_8s_8s_8s_8s_8s_17s_18_4_1_U260 | 1   |        | add_ln50_507   | add    | dsp58_dp  | 3       |
|    dsp_dotpra3add_8s_8s_8s_8s_8s_8s_17s_18_4_1_U260 | 1   |        | sext_ln50_1098 | sext   | dsp58_dp  | 3       |
|    dsp_dotpra3_8s_8s_8s_8s_8s_8s_17_4_1_U5          | 1   |        | add_ln50_508   | add    | dsp58_dp  | 3       |
|    dsp_dotpra3_8s_8s_8s_8s_8s_8s_17_4_1_U5          | 1   |        | add_ln50_509   | add    | dsp58_dp  | 3       |
|    dsp_dotpra3add_8s_8s_8s_8s_8s_8s_17s_18_4_1_U260 | 1   |        | add_ln50_510   | add    | dsp58_dp  | 3       |
|    add_ln50_511_fu_34551_p2                         |     |        | add_ln50_511   | add    | fabric    | 0       |
|    dsp_dotpra3add_8s_8s_8s_8s_8s_8s_17s_18_4_1_U139 | 1   |        | add_ln50_512   | add    | dsp58_dp  | 3       |
|    dsp_dotpra3add_8s_8s_8s_8s_8s_8s_17s_18_4_1_U139 | 1   |        | add_ln50_513   | add    | dsp58_dp  | 3       |
|    dsp_dotpra3add_8s_8s_8s_8s_8s_8s_17s_18_4_1_U139 | 1   |        | sext_ln50_1102 | sext   | dsp58_dp  | 3       |
|    dsp_dotpra3_8s_8s_8s_8s_8s_8s_17_4_1_U27         | 1   |        | add_ln50_514   | add    | dsp58_dp  | 3       |
|    dsp_dotpra3_8s_8s_8s_8s_8s_8s_17_4_1_U27         | 1   |        | add_ln50_515   | add    | dsp58_dp  | 3       |
|    dsp_dotpra3add_8s_8s_8s_8s_8s_8s_17s_18_4_1_U139 | 1   |        | add_ln50_516   | add    | dsp58_dp  | 3       |
|    dsp_dotpra3add_8s_8s_8s_8s_8s_8s_17s_18_4_1_U180 | 1   |        | add_ln50_517   | add    | dsp58_dp  | 3       |
|    dsp_dotpra3add_8s_8s_8s_8s_8s_8s_17s_18_4_1_U180 | 1   |        | add_ln50_518   | add    | dsp58_dp  | 3       |
|    dsp_dotpra3add_8s_8s_8s_8s_8s_8s_17s_18_4_1_U180 | 1   |        | sext_ln50_1105 | sext   | dsp58_dp  | 3       |
|    dsp_dotpra3_8s_8s_8s_8s_8s_8s_17_4_1_U88         | 1   |        | add_ln50_519   | add    | dsp58_dp  | 3       |
|    dsp_dotpra3_8s_8s_8s_8s_8s_8s_17_4_1_U88         | 1   |        | add_ln50_520   | add    | dsp58_dp  | 3       |
|    dsp_dotpra3add_8s_8s_8s_8s_8s_8s_17s_18_4_1_U180 | 1   |        | add_ln50_521   | add    | dsp58_dp  | 3       |
|    add_ln50_522_fu_34567_p2                         |     |        | add_ln50_522   | add    | fabric    | 0       |
|    add_ln50_523_fu_34577_p2                         |     |        | add_ln50_523   | add    | fabric    | 0       |
|    add_ln50_524_fu_34587_p2                         |     |        | add_ln50_524   | add    | fabric    | 0       |
|    dsp_dotpra3add_8s_8s_8s_8s_8s_8s_17s_18_4_1_U242 | 1   |        | add_ln50_525   | add    | dsp58_dp  | 3       |
|    dsp_dotpra3add_8s_8s_8s_8s_8s_8s_17s_18_4_1_U242 | 1   |        | add_ln50_526   | add    | dsp58_dp  | 3       |
|    dsp_dotpra3add_8s_8s_8s_8s_8s_8s_17s_18_4_1_U242 | 1   |        | sext_ln50_1111 | sext   | dsp58_dp  | 3       |
|    dsp_dotpra3_8s_8s_8s_8s_8s_8s_17_4_1_U95         | 1   |        | add_ln50_527   | add    | dsp58_dp  | 3       |
|    dsp_dotpra3_8s_8s_8s_8s_8s_8s_17_4_1_U95         | 1   |        | add_ln50_528   | add    | dsp58_dp  | 3       |
|    dsp_dotpra3add_8s_8s_8s_8s_8s_8s_17s_18_4_1_U242 | 1   |        | add_ln50_529   | add    | dsp58_dp  | 3       |
|    dsp_dotpra3add_8s_8s_8s_8s_8s_8s_17s_18_4_1_U154 | 1   |        | add_ln50_530   | add    | dsp58_dp  | 3       |
|    dsp_dotpra3add_8s_8s_8s_8s_8s_8s_17s_18_4_1_U154 | 1   |        | add_ln50_531   | add    | dsp58_dp  | 3       |
|    dsp_dotpra3add_8s_8s_8s_8s_8s_8s_17s_18_4_1_U154 | 1   |        | sext_ln50_1114 | sext   | dsp58_dp  | 3       |
|    dsp_dotpra3_8s_8s_8s_8s_8s_8s_17_4_1_U55         | 1   |        | add_ln50_532   | add    | dsp58_dp  | 3       |
|    dsp_dotpra3_8s_8s_8s_8s_8s_8s_17_4_1_U55         | 1   |        | add_ln50_533   | add    | dsp58_dp  | 3       |
|    dsp_dotpra3add_8s_8s_8s_8s_8s_8s_17s_18_4_1_U154 | 1   |        | add_ln50_534   | add    | dsp58_dp  | 3       |
|    add_ln50_535_fu_34599_p2                         |     |        | add_ln50_535   | add    | fabric    | 0       |
|    dsp_dotpra3add_8s_8s_8s_8s_8s_8s_17s_18_4_1_U239 | 1   |        | add_ln50_536   | add    | dsp58_dp  | 3       |
|    dsp_dotpra3add_8s_8s_8s_8s_8s_8s_17s_18_4_1_U239 | 1   |        | add_ln50_537   | add    | dsp58_dp  | 3       |
|    dsp_dotpra3add_8s_8s_8s_8s_8s_8s_17s_18_4_1_U239 | 1   |        | sext_ln50_1118 | sext   | dsp58_dp  | 3       |
|    dsp_dotpra3_8s_8s_8s_8s_8s_8s_17_4_1_U6          | 1   |        | add_ln50_538   | add    | dsp58_dp  | 3       |
|    dsp_dotpra3_8s_8s_8s_8s_8s_8s_17_4_1_U6          | 1   |        | add_ln50_539   | add    | dsp58_dp  | 3       |
|    dsp_dotpra3add_8s_8s_8s_8s_8s_8s_17s_18_4_1_U239 | 1   |        | add_ln50_540   | add    | dsp58_dp  | 3       |
|    dsp_dotpra3add_8s_8s_8s_8s_8s_8s_17s_18_4_1_U174 | 1   |        | add_ln50_541   | add    | dsp58_dp  | 3       |
|    dsp_dotpra3add_8s_8s_8s_8s_8s_8s_17s_18_4_1_U174 | 1   |        | add_ln50_542   | add    | dsp58_dp  | 3       |
|    dsp_dotpra3add_8s_8s_8s_8s_8s_8s_17s_18_4_1_U174 | 1   |        | sext_ln50_1121 | sext   | dsp58_dp  | 3       |
|    dsp_dotpra3_8s_8s_8s_8s_8s_8s_17_4_1_U120        | 1   |        | add_ln50_543   | add    | dsp58_dp  | 3       |
|    dsp_dotpra3_8s_8s_8s_8s_8s_8s_17_4_1_U120        | 1   |        | add_ln50_544   | add    | dsp58_dp  | 3       |
|    dsp_dotpra3add_8s_8s_8s_8s_8s_8s_17s_18_4_1_U174 | 1   |        | add_ln50_545   | add    | dsp58_dp  | 3       |
|    add_ln50_546_fu_34615_p2                         |     |        | add_ln50_546   | add    | fabric    | 0       |
|    add_ln50_547_fu_34625_p2                         |     |        | add_ln50_547   | add    | fabric    | 0       |
|    dsp_dotpra3add_8s_8s_8s_8s_8s_8s_17s_18_4_1_U157 | 1   |        | add_ln50_548   | add    | dsp58_dp  | 3       |
|    dsp_dotpra3add_8s_8s_8s_8s_8s_8s_17s_18_4_1_U157 | 1   |        | add_ln50_549   | add    | dsp58_dp  | 3       |
|    dsp_dotpra3add_8s_8s_8s_8s_8s_8s_17s_18_4_1_U157 | 1   |        | sext_ln50_1126 | sext   | dsp58_dp  | 3       |
|    dsp_dotpra3_8s_8s_8s_8s_8s_8s_17_4_1_U105        | 1   |        | add_ln50_550   | add    | dsp58_dp  | 3       |
|    dsp_dotpra3_8s_8s_8s_8s_8s_8s_17_4_1_U105        | 1   |        | add_ln50_551   | add    | dsp58_dp  | 3       |
|    dsp_dotpra3add_8s_8s_8s_8s_8s_8s_17s_18_4_1_U157 | 1   |        | add_ln50_552   | add    | dsp58_dp  | 3       |
|    dsp_dotpra3add_8s_8s_8s_8s_8s_8s_17s_18_4_1_U141 | 1   |        | add_ln50_553   | add    | dsp58_dp  | 3       |
|    dsp_dotpra3add_8s_8s_8s_8s_8s_8s_17s_18_4_1_U141 | 1   |        | add_ln50_554   | add    | dsp58_dp  | 3       |
|    dsp_dotpra3add_8s_8s_8s_8s_8s_8s_17s_18_4_1_U141 | 1   |        | sext_ln50_1129 | sext   | dsp58_dp  | 3       |
|    dsp_dotpra3_8s_8s_8s_8s_8s_8s_17_4_1_U103        | 1   |        | add_ln50_555   | add    | dsp58_dp  | 3       |
|    dsp_dotpra3_8s_8s_8s_8s_8s_8s_17_4_1_U103        | 1   |        | add_ln50_556   | add    | dsp58_dp  | 3       |
|    dsp_dotpra3add_8s_8s_8s_8s_8s_8s_17s_18_4_1_U141 | 1   |        | add_ln50_557   | add    | dsp58_dp  | 3       |
|    add_ln50_558_fu_34641_p2                         |     |        | add_ln50_558   | add    | fabric    | 0       |
|    dsp_dotpra3add_8s_8s_8s_8s_8s_8s_17s_18_4_1_U159 | 1   |        | add_ln50_559   | add    | dsp58_dp  | 3       |
|    dsp_dotpra3add_8s_8s_8s_8s_8s_8s_17s_18_4_1_U159 | 1   |        | add_ln50_560   | add    | dsp58_dp  | 3       |
|    dsp_dotpra3add_8s_8s_8s_8s_8s_8s_17s_18_4_1_U159 | 1   |        | sext_ln50_1133 | sext   | dsp58_dp  | 3       |
|    dsp_dotpra3_8s_8s_8s_8s_8s_8s_17_4_1_U116        | 1   |        | add_ln50_561   | add    | dsp58_dp  | 3       |
|    dsp_dotpra3_8s_8s_8s_8s_8s_8s_17_4_1_U116        | 1   |        | add_ln50_562   | add    | dsp58_dp  | 3       |
|    dsp_dotpra3add_8s_8s_8s_8s_8s_8s_17s_18_4_1_U159 | 1   |        | add_ln50_563   | add    | dsp58_dp  | 3       |
|    dsp_dotpra3add_8s_8s_8s_8s_8s_8s_17s_18_4_1_U152 | 1   |        | add_ln50_564   | add    | dsp58_dp  | 3       |
|    dsp_dotpra3add_8s_8s_8s_8s_8s_8s_17s_18_4_1_U152 | 1   |        | add_ln50_565   | add    | dsp58_dp  | 3       |
|    dsp_dotpra3add_8s_8s_8s_8s_8s_8s_17s_18_4_1_U152 | 1   |        | sext_ln50_1136 | sext   | dsp58_dp  | 3       |
|    dsp_dotpra3_8s_8s_8s_8s_8s_8s_17_4_1_U40         | 1   |        | add_ln50_566   | add    | dsp58_dp  | 3       |
|    dsp_dotpra3_8s_8s_8s_8s_8s_8s_17_4_1_U40         | 1   |        | add_ln50_567   | add    | dsp58_dp  | 3       |
|    dsp_dotpra3add_8s_8s_8s_8s_8s_8s_17s_18_4_1_U152 | 1   |        | add_ln50_568   | add    | dsp58_dp  | 3       |
|    add_ln50_569_fu_34657_p2                         |     |        | add_ln50_569   | add    | fabric    | 0       |
|    add_ln50_570_fu_34667_p2                         |     |        | add_ln50_570   | add    | fabric    | 0       |
|    add_ln50_571_fu_34677_p2                         |     |        | add_ln50_571   | add    | fabric    | 0       |
|    add_ln50_572_fu_35133_p2                         |     |        | add_ln50_572   | add    | fabric    | 0       |
|    add_ln50_573_fu_35143_p2                         |     |        | add_ln50_573   | add    | fabric    | 0       |
|    dsp_dotpra3add_8s_8s_8s_8s_8s_8s_17s_18_4_1_U223 | 1   |        | add_ln50_574   | add    | dsp58_dp  | 3       |
|    dsp_dotpra3add_8s_8s_8s_8s_8s_8s_17s_18_4_1_U223 | 1   |        | add_ln50_575   | add    | dsp58_dp  | 3       |
|    dsp_dotpra3add_8s_8s_8s_8s_8s_8s_17s_18_4_1_U223 | 1   |        | sext_ln50_1144 | sext   | dsp58_dp  | 3       |
|    dsp_dotpra3_8s_8s_8s_8s_8s_8s_17_4_1_U9          | 1   |        | add_ln50_576   | add    | dsp58_dp  | 3       |
|    dsp_dotpra3_8s_8s_8s_8s_8s_8s_17_4_1_U9          | 1   |        | add_ln50_577   | add    | dsp58_dp  | 3       |
|    dsp_dotpra3add_8s_8s_8s_8s_8s_8s_17s_18_4_1_U223 | 1   |        | add_ln50_578   | add    | dsp58_dp  | 3       |
|    dsp_dotpra3add_8s_8s_8s_8s_8s_8s_17s_18_4_1_U189 | 1   |        | add_ln50_579   | add    | dsp58_dp  | 3       |
|    dsp_dotpra3add_8s_8s_8s_8s_8s_8s_17s_18_4_1_U189 | 1   |        | add_ln50_580   | add    | dsp58_dp  | 3       |
|    dsp_dotpra3add_8s_8s_8s_8s_8s_8s_17s_18_4_1_U189 | 1   |        | sext_ln50_1147 | sext   | dsp58_dp  | 3       |
|    dsp_dotpra3_8s_8s_8s_8s_8s_8s_17_4_1_U114        | 1   |        | add_ln50_581   | add    | dsp58_dp  | 3       |
|    dsp_dotpra3_8s_8s_8s_8s_8s_8s_17_4_1_U114        | 1   |        | add_ln50_582   | add    | dsp58_dp  | 3       |
|    dsp_dotpra3add_8s_8s_8s_8s_8s_8s_17s_18_4_1_U189 | 1   |        | add_ln50_583   | add    | dsp58_dp  | 3       |
|    add_ln50_584_fu_34689_p2                         |     |        | add_ln50_584   | add    | fabric    | 0       |
|    dsp_dotpra3add_8s_8s_8s_8s_8s_8s_17s_18_4_1_U192 | 1   |        | add_ln50_585   | add    | dsp58_dp  | 3       |
|    dsp_dotpra3add_8s_8s_8s_8s_8s_8s_17s_18_4_1_U192 | 1   |        | add_ln50_586   | add    | dsp58_dp  | 3       |
|    dsp_dotpra3add_8s_8s_8s_8s_8s_8s_17s_18_4_1_U192 | 1   |        | sext_ln50_1151 | sext   | dsp58_dp  | 3       |
|    dsp_dotpra3_8s_8s_8s_8s_8s_8s_17_4_1_U83         | 1   |        | add_ln50_587   | add    | dsp58_dp  | 3       |
|    dsp_dotpra3_8s_8s_8s_8s_8s_8s_17_4_1_U83         | 1   |        | add_ln50_588   | add    | dsp58_dp  | 3       |
|    dsp_dotpra3add_8s_8s_8s_8s_8s_8s_17s_18_4_1_U192 | 1   |        | add_ln50_589   | add    | dsp58_dp  | 3       |
|    dsp_dotpra3add_8s_8s_8s_8s_8s_8s_17s_18_4_1_U160 | 1   |        | add_ln50_590   | add    | dsp58_dp  | 3       |
|    dsp_dotpra3add_8s_8s_8s_8s_8s_8s_17s_18_4_1_U160 | 1   |        | add_ln50_591   | add    | dsp58_dp  | 3       |
|    dsp_dotpra3add_8s_8s_8s_8s_8s_8s_17s_18_4_1_U160 | 1   |        | sext_ln50_1154 | sext   | dsp58_dp  | 3       |
|    dsp_dotpra3_8s_8s_8s_8s_8s_8s_17_4_1_U70         | 1   |        | add_ln50_592   | add    | dsp58_dp  | 3       |
|    dsp_dotpra3_8s_8s_8s_8s_8s_8s_17_4_1_U70         | 1   |        | add_ln50_593   | add    | dsp58_dp  | 3       |
|    dsp_dotpra3add_8s_8s_8s_8s_8s_8s_17s_18_4_1_U160 | 1   |        | add_ln50_594   | add    | dsp58_dp  | 3       |
|    add_ln50_595_fu_34705_p2                         |     |        | add_ln50_595   | add    | fabric    | 0       |
|    add_ln50_596_fu_34715_p2                         |     |        | add_ln50_596   | add    | fabric    | 0       |
|    dsp_dotpra3add_8s_8s_8s_8s_8s_8s_17s_18_4_1_U169 | 1   |        | add_ln50_597   | add    | dsp58_dp  | 3       |
|    dsp_dotpra3add_8s_8s_8s_8s_8s_8s_17s_18_4_1_U169 | 1   |        | add_ln50_598   | add    | dsp58_dp  | 3       |
|    dsp_dotpra3add_8s_8s_8s_8s_8s_8s_17s_18_4_1_U169 | 1   |        | sext_ln50_1159 | sext   | dsp58_dp  | 3       |
|    dsp_dotpra3_8s_8s_8s_8s_8s_8s_17_4_1_U11         | 1   |        | add_ln50_599   | add    | dsp58_dp  | 3       |
|    dsp_dotpra3_8s_8s_8s_8s_8s_8s_17_4_1_U11         | 1   |        | add_ln50_600   | add    | dsp58_dp  | 3       |
|    dsp_dotpra3add_8s_8s_8s_8s_8s_8s_17s_18_4_1_U169 | 1   |        | add_ln50_601   | add    | dsp58_dp  | 3       |
|    dsp_dotpra3add_8s_8s_8s_8s_8s_8s_17s_18_4_1_U218 | 1   |        | add_ln50_602   | add    | dsp58_dp  | 3       |
|    dsp_dotpra3add_8s_8s_8s_8s_8s_8s_17s_18_4_1_U218 | 1   |        | add_ln50_603   | add    | dsp58_dp  | 3       |
|    dsp_dotpra3add_8s_8s_8s_8s_8s_8s_17s_18_4_1_U218 | 1   |        | sext_ln50_1162 | sext   | dsp58_dp  | 3       |
|    dsp_dotpra3_8s_8s_8s_8s_8s_8s_17_4_1_U82         | 1   |        | add_ln50_604   | add    | dsp58_dp  | 3       |
|    dsp_dotpra3_8s_8s_8s_8s_8s_8s_17_4_1_U82         | 1   |        | add_ln50_605   | add    | dsp58_dp  | 3       |
|    dsp_dotpra3add_8s_8s_8s_8s_8s_8s_17s_18_4_1_U218 | 1   |        | add_ln50_606   | add    | dsp58_dp  | 3       |
|    add_ln50_607_fu_34731_p2                         |     |        | add_ln50_607   | add    | fabric    | 0       |
|    dsp_dotpra3add_8s_8s_8s_8s_8s_8s_17s_18_4_1_U195 | 1   |        | add_ln50_608   | add    | dsp58_dp  | 3       |
|    dsp_dotpra3add_8s_8s_8s_8s_8s_8s_17s_18_4_1_U195 | 1   |        | add_ln50_609   | add    | dsp58_dp  | 3       |
|    dsp_dotpra3add_8s_8s_8s_8s_8s_8s_17s_18_4_1_U195 | 1   |        | sext_ln50_1166 | sext   | dsp58_dp  | 3       |
|    dsp_dotpra3_8s_8s_8s_8s_8s_8s_17_4_1_U69         | 1   |        | add_ln50_610   | add    | dsp58_dp  | 3       |
|    dsp_dotpra3_8s_8s_8s_8s_8s_8s_17_4_1_U69         | 1   |        | add_ln50_611   | add    | dsp58_dp  | 3       |
|    dsp_dotpra3add_8s_8s_8s_8s_8s_8s_17s_18_4_1_U195 | 1   |        | add_ln50_612   | add    | dsp58_dp  | 3       |
|    dsp_dotpra3add_8s_8s_8s_8s_8s_8s_17s_18_4_1_U197 | 1   |        | add_ln50_613   | add    | dsp58_dp  | 3       |
|    dsp_dotpra3add_8s_8s_8s_8s_8s_8s_17s_18_4_1_U197 | 1   |        | add_ln50_614   | add    | dsp58_dp  | 3       |
|    dsp_dotpra3add_8s_8s_8s_8s_8s_8s_17s_18_4_1_U197 | 1   |        | sext_ln50_1169 | sext   | dsp58_dp  | 3       |
|    dsp_dotpra3_8s_8s_8s_8s_8s_8s_17_4_1_U84         | 1   |        | add_ln50_615   | add    | dsp58_dp  | 3       |
|    dsp_dotpra3_8s_8s_8s_8s_8s_8s_17_4_1_U84         | 1   |        | add_ln50_616   | add    | dsp58_dp  | 3       |
|    dsp_dotpra3add_8s_8s_8s_8s_8s_8s_17s_18_4_1_U197 | 1   |        | add_ln50_617   | add    | dsp58_dp  | 3       |
|    add_ln50_618_fu_34747_p2                         |     |        | add_ln50_618   | add    | fabric    | 0       |
|    add_ln50_619_fu_34757_p2                         |     |        | add_ln50_619   | add    | fabric    | 0       |
|    add_ln50_620_fu_34767_p2                         |     |        | add_ln50_620   | add    | fabric    | 0       |
|    dsp_dotpra3add_8s_8s_8s_8s_8s_8s_17s_18_4_1_U153 | 1   |        | add_ln50_621   | add    | dsp58_dp  | 3       |
|    dsp_dotpra3add_8s_8s_8s_8s_8s_8s_17s_18_4_1_U153 | 1   |        | add_ln50_622   | add    | dsp58_dp  | 3       |
|    dsp_dotpra3add_8s_8s_8s_8s_8s_8s_17s_18_4_1_U153 | 1   |        | sext_ln50_1175 | sext   | dsp58_dp  | 3       |
|    dsp_dotpra3_8s_8s_8s_8s_8s_8s_17_4_1_U61         | 1   |        | add_ln50_623   | add    | dsp58_dp  | 3       |
|    dsp_dotpra3_8s_8s_8s_8s_8s_8s_17_4_1_U61         | 1   |        | add_ln50_624   | add    | dsp58_dp  | 3       |
|    dsp_dotpra3add_8s_8s_8s_8s_8s_8s_17s_18_4_1_U153 | 1   |        | add_ln50_625   | add    | dsp58_dp  | 3       |
|    dsp_dotpra3add_8s_8s_8s_8s_8s_8s_17s_18_4_1_U209 | 1   |        | add_ln50_626   | add    | dsp58_dp  | 3       |
|    dsp_dotpra3add_8s_8s_8s_8s_8s_8s_17s_18_4_1_U209 | 1   |        | add_ln50_627   | add    | dsp58_dp  | 3       |
|    dsp_dotpra3add_8s_8s_8s_8s_8s_8s_17s_18_4_1_U209 | 1   |        | sext_ln50_1178 | sext   | dsp58_dp  | 3       |
|    dsp_dotpra3_8s_8s_8s_8s_8s_8s_17_4_1_U21         | 1   |        | add_ln50_628   | add    | dsp58_dp  | 3       |
|    dsp_dotpra3_8s_8s_8s_8s_8s_8s_17_4_1_U21         | 1   |        | add_ln50_629   | add    | dsp58_dp  | 3       |
|    dsp_dotpra3add_8s_8s_8s_8s_8s_8s_17s_18_4_1_U209 | 1   |        | add_ln50_630   | add    | dsp58_dp  | 3       |
|    add_ln50_631_fu_34779_p2                         |     |        | add_ln50_631   | add    | fabric    | 0       |
|    dsp_dotpra3add_8s_8s_8s_8s_8s_8s_17s_18_4_1_U194 | 1   |        | add_ln50_632   | add    | dsp58_dp  | 3       |
|    dsp_dotpra3add_8s_8s_8s_8s_8s_8s_17s_18_4_1_U194 | 1   |        | add_ln50_633   | add    | dsp58_dp  | 3       |
|    dsp_dotpra3add_8s_8s_8s_8s_8s_8s_17s_18_4_1_U194 | 1   |        | sext_ln50_1182 | sext   | dsp58_dp  | 3       |
|    dsp_dotpra3_8s_8s_8s_8s_8s_8s_17_4_1_U8          | 1   |        | add_ln50_634   | add    | dsp58_dp  | 3       |
|    dsp_dotpra3_8s_8s_8s_8s_8s_8s_17_4_1_U8          | 1   |        | add_ln50_635   | add    | dsp58_dp  | 3       |
|    dsp_dotpra3add_8s_8s_8s_8s_8s_8s_17s_18_4_1_U194 | 1   |        | add_ln50_636   | add    | dsp58_dp  | 3       |
|    dsp_dotpra3add_8s_8s_8s_8s_8s_8s_17s_18_4_1_U142 | 1   |        | add_ln50_637   | add    | dsp58_dp  | 3       |
|    dsp_dotpra3add_8s_8s_8s_8s_8s_8s_17s_18_4_1_U142 | 1   |        | add_ln50_638   | add    | dsp58_dp  | 3       |
|    dsp_dotpra3add_8s_8s_8s_8s_8s_8s_17s_18_4_1_U142 | 1   |        | sext_ln50_1185 | sext   | dsp58_dp  | 3       |
|    dsp_dotpra3_8s_8s_8s_8s_8s_8s_17_4_1_U81         | 1   |        | add_ln50_639   | add    | dsp58_dp  | 3       |
|    dsp_dotpra3_8s_8s_8s_8s_8s_8s_17_4_1_U81         | 1   |        | add_ln50_640   | add    | dsp58_dp  | 3       |
|    dsp_dotpra3add_8s_8s_8s_8s_8s_8s_17s_18_4_1_U142 | 1   |        | add_ln50_641   | add    | dsp58_dp  | 3       |
|    add_ln50_642_fu_34795_p2                         |     |        | add_ln50_642   | add    | fabric    | 0       |
|    add_ln50_643_fu_34805_p2                         |     |        | add_ln50_643   | add    | fabric    | 0       |
|    dsp_dotpra3add_8s_8s_8s_8s_8s_8s_17s_18_4_1_U168 | 1   |        | add_ln50_644   | add    | dsp58_dp  | 3       |
|    dsp_dotpra3add_8s_8s_8s_8s_8s_8s_17s_18_4_1_U168 | 1   |        | add_ln50_645   | add    | dsp58_dp  | 3       |
|    dsp_dotpra3add_8s_8s_8s_8s_8s_8s_17s_18_4_1_U168 | 1   |        | sext_ln50_1190 | sext   | dsp58_dp  | 3       |
|    dsp_dotpra3_8s_8s_8s_8s_8s_8s_17_4_1_U106        | 1   |        | add_ln50_646   | add    | dsp58_dp  | 3       |
|    dsp_dotpra3_8s_8s_8s_8s_8s_8s_17_4_1_U106        | 1   |        | add_ln50_647   | add    | dsp58_dp  | 3       |
|    dsp_dotpra3add_8s_8s_8s_8s_8s_8s_17s_18_4_1_U168 | 1   |        | add_ln50_648   | add    | dsp58_dp  | 3       |
|    dsp_dotpra3add_8s_8s_8s_8s_8s_8s_17s_18_4_1_U171 | 1   |        | add_ln50_649   | add    | dsp58_dp  | 3       |
|    dsp_dotpra3add_8s_8s_8s_8s_8s_8s_17s_18_4_1_U171 | 1   |        | add_ln50_650   | add    | dsp58_dp  | 3       |
|    dsp_dotpra3add_8s_8s_8s_8s_8s_8s_17s_18_4_1_U171 | 1   |        | sext_ln50_1193 | sext   | dsp58_dp  | 3       |
|    dsp_dotpra3_8s_8s_8s_8s_8s_8s_17_4_1_U111        | 1   |        | add_ln50_651   | add    | dsp58_dp  | 3       |
|    dsp_dotpra3_8s_8s_8s_8s_8s_8s_17_4_1_U111        | 1   |        | add_ln50_652   | add    | dsp58_dp  | 3       |
|    dsp_dotpra3add_8s_8s_8s_8s_8s_8s_17s_18_4_1_U171 | 1   |        | add_ln50_653   | add    | dsp58_dp  | 3       |
|    add_ln50_654_fu_34821_p2                         |     |        | add_ln50_654   | add    | fabric    | 0       |
|    dsp_dotpra3add_8s_8s_8s_8s_8s_8s_17s_18_4_1_U226 | 1   |        | add_ln50_655   | add    | dsp58_dp  | 3       |
|    dsp_dotpra3add_8s_8s_8s_8s_8s_8s_17s_18_4_1_U226 | 1   |        | add_ln50_656   | add    | dsp58_dp  | 3       |
|    dsp_dotpra3add_8s_8s_8s_8s_8s_8s_17s_18_4_1_U226 | 1   |        | sext_ln50_1197 | sext   | dsp58_dp  | 3       |
|    dsp_dotpra3_8s_8s_8s_8s_8s_8s_17_4_1_U58         | 1   |        | add_ln50_657   | add    | dsp58_dp  | 3       |
|    dsp_dotpra3_8s_8s_8s_8s_8s_8s_17_4_1_U58         | 1   |        | add_ln50_658   | add    | dsp58_dp  | 3       |
|    dsp_dotpra3add_8s_8s_8s_8s_8s_8s_17s_18_4_1_U226 | 1   |        | add_ln50_659   | add    | dsp58_dp  | 3       |
|    dsp_dotpra3add_8s_8s_8s_8s_8s_8s_17s_18_4_1_U158 | 1   |        | add_ln50_660   | add    | dsp58_dp  | 3       |
|    dsp_dotpra3add_8s_8s_8s_8s_8s_8s_17s_18_4_1_U158 | 1   |        | add_ln50_661   | add    | dsp58_dp  | 3       |
|    dsp_dotpra3add_8s_8s_8s_8s_8s_8s_17s_18_4_1_U158 | 1   |        | sext_ln50_1200 | sext   | dsp58_dp  | 3       |
|    dsp_dotpra3_8s_8s_8s_8s_8s_8s_17_4_1_U10         | 1   |        | add_ln50_662   | add    | dsp58_dp  | 3       |
|    dsp_dotpra3_8s_8s_8s_8s_8s_8s_17_4_1_U10         | 1   |        | add_ln50_663   | add    | dsp58_dp  | 3       |
|    dsp_dotpra3add_8s_8s_8s_8s_8s_8s_17s_18_4_1_U158 | 1   |        | add_ln50_664   | add    | dsp58_dp  | 3       |
|    add_ln50_665_fu_34837_p2                         |     |        | add_ln50_665   | add    | fabric    | 0       |
|    add_ln50_666_fu_34847_p2                         |     |        | add_ln50_666   | add    | fabric    | 0       |
|    add_ln50_667_fu_34857_p2                         |     |        | add_ln50_667   | add    | fabric    | 0       |
|    add_ln50_668_fu_35159_p2                         |     |        | add_ln50_668   | add    | fabric    | 0       |
|    dsp_dotpra3add_8s_8s_8s_8s_8s_8s_17s_18_4_1_U235 | 1   |        | add_ln50_669   | add    | dsp58_dp  | 3       |
|    dsp_dotpra3add_8s_8s_8s_8s_8s_8s_17s_18_4_1_U235 | 1   |        | add_ln50_670   | add    | dsp58_dp  | 3       |
|    dsp_dotpra3add_8s_8s_8s_8s_8s_8s_17s_18_4_1_U235 | 1   |        | sext_ln50_1207 | sext   | dsp58_dp  | 3       |
|    dsp_dotpra3_8s_8s_8s_8s_8s_8s_17_4_1_U102        | 1   |        | add_ln50_671   | add    | dsp58_dp  | 3       |
|    dsp_dotpra3_8s_8s_8s_8s_8s_8s_17_4_1_U102        | 1   |        | add_ln50_672   | add    | dsp58_dp  | 3       |
|    dsp_dotpra3add_8s_8s_8s_8s_8s_8s_17s_18_4_1_U235 | 1   |        | add_ln50_673   | add    | dsp58_dp  | 3       |
|    dsp_dotpra3add_8s_8s_8s_8s_8s_8s_17s_18_4_1_U214 | 1   |        | add_ln50_674   | add    | dsp58_dp  | 3       |
|    dsp_dotpra3add_8s_8s_8s_8s_8s_8s_17s_18_4_1_U214 | 1   |        | add_ln50_675   | add    | dsp58_dp  | 3       |
|    dsp_dotpra3add_8s_8s_8s_8s_8s_8s_17s_18_4_1_U214 | 1   |        | sext_ln50_1210 | sext   | dsp58_dp  | 3       |
|    dsp_dotpra3_8s_8s_8s_8s_8s_8s_17_4_1_U87         | 1   |        | add_ln50_676   | add    | dsp58_dp  | 3       |
|    dsp_dotpra3_8s_8s_8s_8s_8s_8s_17_4_1_U87         | 1   |        | add_ln50_677   | add    | dsp58_dp  | 3       |
|    dsp_dotpra3add_8s_8s_8s_8s_8s_8s_17s_18_4_1_U214 | 1   |        | add_ln50_678   | add    | dsp58_dp  | 3       |
|    add_ln50_679_fu_34869_p2                         |     |        | add_ln50_679   | add    | fabric    | 0       |
|    dsp_dotpra3add_8s_8s_8s_8s_8s_8s_17s_18_4_1_U213 | 1   |        | add_ln50_680   | add    | dsp58_dp  | 3       |
|    dsp_dotpra3add_8s_8s_8s_8s_8s_8s_17s_18_4_1_U213 | 1   |        | add_ln50_681   | add    | dsp58_dp  | 3       |
|    dsp_dotpra3add_8s_8s_8s_8s_8s_8s_17s_18_4_1_U213 | 1   |        | sext_ln50_1214 | sext   | dsp58_dp  | 3       |
|    dsp_dotpra3_8s_8s_8s_8s_8s_8s_17_4_1_U92         | 1   |        | add_ln50_682   | add    | dsp58_dp  | 3       |
|    dsp_dotpra3_8s_8s_8s_8s_8s_8s_17_4_1_U92         | 1   |        | add_ln50_683   | add    | dsp58_dp  | 3       |
|    dsp_dotpra3add_8s_8s_8s_8s_8s_8s_17s_18_4_1_U213 | 1   |        | add_ln50_684   | add    | dsp58_dp  | 3       |
|    dsp_dotpra3add_8s_8s_8s_8s_8s_8s_17s_18_4_1_U229 | 1   |        | add_ln50_685   | add    | dsp58_dp  | 3       |
|    dsp_dotpra3add_8s_8s_8s_8s_8s_8s_17s_18_4_1_U229 | 1   |        | add_ln50_686   | add    | dsp58_dp  | 3       |
|    dsp_dotpra3add_8s_8s_8s_8s_8s_8s_17s_18_4_1_U229 | 1   |        | sext_ln50_1217 | sext   | dsp58_dp  | 3       |
|    dsp_dotpra3_8s_8s_8s_8s_8s_8s_17_4_1_U109        | 1   |        | add_ln50_687   | add    | dsp58_dp  | 3       |
|    dsp_dotpra3_8s_8s_8s_8s_8s_8s_17_4_1_U109        | 1   |        | add_ln50_688   | add    | dsp58_dp  | 3       |
|    dsp_dotpra3add_8s_8s_8s_8s_8s_8s_17s_18_4_1_U229 | 1   |        | add_ln50_689   | add    | dsp58_dp  | 3       |
|    add_ln50_690_fu_34885_p2                         |     |        | add_ln50_690   | add    | fabric    | 0       |
|    add_ln50_691_fu_34895_p2                         |     |        | add_ln50_691   | add    | fabric    | 0       |
|    dsp_dotpra3add_8s_8s_8s_8s_8s_8s_17s_18_4_1_U138 | 1   |        | add_ln50_692   | add    | dsp58_dp  | 3       |
|    dsp_dotpra3add_8s_8s_8s_8s_8s_8s_17s_18_4_1_U138 | 1   |        | add_ln50_693   | add    | dsp58_dp  | 3       |
|    dsp_dotpra3add_8s_8s_8s_8s_8s_8s_17s_18_4_1_U138 | 1   |        | sext_ln50_1222 | sext   | dsp58_dp  | 3       |
|    dsp_dotpra3_8s_8s_8s_8s_8s_8s_17_4_1_U29         | 1   |        | add_ln50_694   | add    | dsp58_dp  | 3       |
|    dsp_dotpra3_8s_8s_8s_8s_8s_8s_17_4_1_U29         | 1   |        | add_ln50_695   | add    | dsp58_dp  | 3       |
|    dsp_dotpra3add_8s_8s_8s_8s_8s_8s_17s_18_4_1_U138 | 1   |        | add_ln50_696   | add    | dsp58_dp  | 3       |
|    dsp_dotpra3add_8s_8s_8s_8s_8s_8s_17s_18_4_1_U198 | 1   |        | add_ln50_697   | add    | dsp58_dp  | 3       |
|    dsp_dotpra3add_8s_8s_8s_8s_8s_8s_17s_18_4_1_U198 | 1   |        | add_ln50_698   | add    | dsp58_dp  | 3       |
|    dsp_dotpra3add_8s_8s_8s_8s_8s_8s_17s_18_4_1_U198 | 1   |        | sext_ln50_1225 | sext   | dsp58_dp  | 3       |
|    dsp_dotpra3_8s_8s_8s_8s_8s_8s_17_4_1_U93         | 1   |        | add_ln50_699   | add    | dsp58_dp  | 3       |
|    dsp_dotpra3_8s_8s_8s_8s_8s_8s_17_4_1_U93         | 1   |        | add_ln50_700   | add    | dsp58_dp  | 3       |
|    dsp_dotpra3add_8s_8s_8s_8s_8s_8s_17s_18_4_1_U198 | 1   |        | add_ln50_701   | add    | dsp58_dp  | 3       |
|    add_ln50_702_fu_34911_p2                         |     |        | add_ln50_702   | add    | fabric    | 0       |
|    dsp_dotpra3add_8s_8s_8s_8s_8s_8s_17s_18_4_1_U164 | 1   |        | add_ln50_703   | add    | dsp58_dp  | 3       |
|    dsp_dotpra3add_8s_8s_8s_8s_8s_8s_17s_18_4_1_U164 | 1   |        | add_ln50_704   | add    | dsp58_dp  | 3       |
|    dsp_dotpra3add_8s_8s_8s_8s_8s_8s_17s_18_4_1_U164 | 1   |        | sext_ln50_1229 | sext   | dsp58_dp  | 3       |
|    dsp_dotpra3_8s_8s_8s_8s_8s_8s_17_4_1_U68         | 1   |        | add_ln50_705   | add    | dsp58_dp  | 3       |
|    dsp_dotpra3_8s_8s_8s_8s_8s_8s_17_4_1_U68         | 1   |        | add_ln50_706   | add    | dsp58_dp  | 3       |
|    dsp_dotpra3add_8s_8s_8s_8s_8s_8s_17s_18_4_1_U164 | 1   |        | add_ln50_707   | add    | dsp58_dp  | 3       |
|    dsp_dotpra3add_8s_8s_8s_8s_8s_8s_17s_18_4_1_U225 | 1   |        | add_ln50_708   | add    | dsp58_dp  | 3       |
|    dsp_dotpra3add_8s_8s_8s_8s_8s_8s_17s_18_4_1_U225 | 1   |        | add_ln50_709   | add    | dsp58_dp  | 3       |
|    dsp_dotpra3add_8s_8s_8s_8s_8s_8s_17s_18_4_1_U225 | 1   |        | sext_ln50_1232 | sext   | dsp58_dp  | 3       |
|    dsp_dotpra3_8s_8s_8s_8s_8s_8s_17_4_1_U15         | 1   |        | add_ln50_710   | add    | dsp58_dp  | 3       |
|    dsp_dotpra3_8s_8s_8s_8s_8s_8s_17_4_1_U15         | 1   |        | add_ln50_711   | add    | dsp58_dp  | 3       |
|    dsp_dotpra3add_8s_8s_8s_8s_8s_8s_17s_18_4_1_U225 | 1   |        | add_ln50_712   | add    | dsp58_dp  | 3       |
|    add_ln50_713_fu_34927_p2                         |     |        | add_ln50_713   | add    | fabric    | 0       |
|    add_ln50_714_fu_34937_p2                         |     |        | add_ln50_714   | add    | fabric    | 0       |
|    add_ln50_715_fu_34947_p2                         |     |        | add_ln50_715   | add    | fabric    | 0       |
|    dsp_dotpra3add_8s_8s_8s_8s_8s_8s_17s_18_4_1_U227 | 1   |        | add_ln50_716   | add    | dsp58_dp  | 3       |
|    dsp_dotpra3add_8s_8s_8s_8s_8s_8s_17s_18_4_1_U227 | 1   |        | add_ln50_717   | add    | dsp58_dp  | 3       |
|    dsp_dotpra3add_8s_8s_8s_8s_8s_8s_17s_18_4_1_U227 | 1   |        | sext_ln50_1238 | sext   | dsp58_dp  | 3       |
|    dsp_dotpra3_8s_8s_8s_8s_8s_8s_17_4_1_U32         | 1   |        | add_ln50_718   | add    | dsp58_dp  | 3       |
|    dsp_dotpra3_8s_8s_8s_8s_8s_8s_17_4_1_U32         | 1   |        | add_ln50_719   | add    | dsp58_dp  | 3       |
|    dsp_dotpra3add_8s_8s_8s_8s_8s_8s_17s_18_4_1_U227 | 1   |        | add_ln50_720   | add    | dsp58_dp  | 3       |
|    dsp_dotpra3add_8s_8s_8s_8s_8s_8s_17s_18_4_1_U202 | 1   |        | add_ln50_721   | add    | dsp58_dp  | 3       |
|    dsp_dotpra3add_8s_8s_8s_8s_8s_8s_17s_18_4_1_U202 | 1   |        | add_ln50_722   | add    | dsp58_dp  | 3       |
|    dsp_dotpra3add_8s_8s_8s_8s_8s_8s_17s_18_4_1_U202 | 1   |        | sext_ln50_1241 | sext   | dsp58_dp  | 3       |
|    dsp_dotpra3_8s_8s_8s_8s_8s_8s_17_4_1_U16         | 1   |        | add_ln50_723   | add    | dsp58_dp  | 3       |
|    dsp_dotpra3_8s_8s_8s_8s_8s_8s_17_4_1_U16         | 1   |        | add_ln50_724   | add    | dsp58_dp  | 3       |
|    dsp_dotpra3add_8s_8s_8s_8s_8s_8s_17s_18_4_1_U202 | 1   |        | add_ln50_725   | add    | dsp58_dp  | 3       |
|    add_ln50_726_fu_34959_p2                         |     |        | add_ln50_726   | add    | fabric    | 0       |
|    dsp_dotpra3add_8s_8s_8s_8s_8s_8s_17s_18_4_1_U148 | 1   |        | add_ln50_727   | add    | dsp58_dp  | 3       |
|    dsp_dotpra3add_8s_8s_8s_8s_8s_8s_17s_18_4_1_U148 | 1   |        | add_ln50_728   | add    | dsp58_dp  | 3       |
|    dsp_dotpra3add_8s_8s_8s_8s_8s_8s_17s_18_4_1_U148 | 1   |        | sext_ln50_1245 | sext   | dsp58_dp  | 3       |
|    dsp_dotpra3_8s_8s_8s_8s_8s_8s_17_4_1_U80         | 1   |        | add_ln50_729   | add    | dsp58_dp  | 3       |
|    dsp_dotpra3_8s_8s_8s_8s_8s_8s_17_4_1_U80         | 1   |        | add_ln50_730   | add    | dsp58_dp  | 3       |
|    dsp_dotpra3add_8s_8s_8s_8s_8s_8s_17s_18_4_1_U148 | 1   |        | add_ln50_731   | add    | dsp58_dp  | 3       |
|    dsp_dotpra3add_8s_8s_8s_8s_8s_8s_17s_18_4_1_U161 | 1   |        | add_ln50_732   | add    | dsp58_dp  | 3       |
|    dsp_dotpra3add_8s_8s_8s_8s_8s_8s_17s_18_4_1_U161 | 1   |        | add_ln50_733   | add    | dsp58_dp  | 3       |
|    dsp_dotpra3add_8s_8s_8s_8s_8s_8s_17s_18_4_1_U161 | 1   |        | sext_ln50_1248 | sext   | dsp58_dp  | 3       |
|    dsp_dotpra3_8s_8s_8s_8s_8s_8s_17_4_1_U90         | 1   |        | add_ln50_734   | add    | dsp58_dp  | 3       |
|    dsp_dotpra3_8s_8s_8s_8s_8s_8s_17_4_1_U90         | 1   |        | add_ln50_735   | add    | dsp58_dp  | 3       |
|    dsp_dotpra3add_8s_8s_8s_8s_8s_8s_17s_18_4_1_U161 | 1   |        | add_ln50_736   | add    | dsp58_dp  | 3       |
|    add_ln50_737_fu_34975_p2                         |     |        | add_ln50_737   | add    | fabric    | 0       |
|    add_ln50_738_fu_34985_p2                         |     |        | add_ln50_738   | add    | fabric    | 0       |
|    dsp_dotpra3add_8s_8s_8s_8s_8s_8s_17s_18_4_1_U184 | 1   |        | add_ln50_739   | add    | dsp58_dp  | 3       |
|    dsp_dotpra3add_8s_8s_8s_8s_8s_8s_17s_18_4_1_U184 | 1   |        | add_ln50_740   | add    | dsp58_dp  | 3       |
|    dsp_dotpra3add_8s_8s_8s_8s_8s_8s_17s_18_4_1_U184 | 1   |        | sext_ln50_1253 | sext   | dsp58_dp  | 3       |
|    dsp_dotpra3_8s_8s_8s_8s_8s_8s_17_4_1_U22         | 1   |        | add_ln50_741   | add    | dsp58_dp  | 3       |
|    dsp_dotpra3_8s_8s_8s_8s_8s_8s_17_4_1_U22         | 1   |        | add_ln50_742   | add    | dsp58_dp  | 3       |
|    dsp_dotpra3add_8s_8s_8s_8s_8s_8s_17s_18_4_1_U184 | 1   |        | add_ln50_743   | add    | dsp58_dp  | 3       |
|    dsp_dotpra3add_8s_8s_8s_8s_8s_8s_17s_18_4_1_U196 | 1   |        | add_ln50_744   | add    | dsp58_dp  | 3       |
|    dsp_dotpra3add_8s_8s_8s_8s_8s_8s_17s_18_4_1_U196 | 1   |        | add_ln50_745   | add    | dsp58_dp  | 3       |
|    dsp_dotpra3add_8s_8s_8s_8s_8s_8s_17s_18_4_1_U196 | 1   |        | sext_ln50_1256 | sext   | dsp58_dp  | 3       |
|    dsp_dotpra3_8s_8s_8s_8s_8s_8s_17_4_1_U56         | 1   |        | add_ln50_746   | add    | dsp58_dp  | 3       |
|    dsp_dotpra3_8s_8s_8s_8s_8s_8s_17_4_1_U56         | 1   |        | add_ln50_747   | add    | dsp58_dp  | 3       |
|    dsp_dotpra3add_8s_8s_8s_8s_8s_8s_17s_18_4_1_U196 | 1   |        | add_ln50_748   | add    | dsp58_dp  | 3       |
|    add_ln50_749_fu_35001_p2                         |     |        | add_ln50_749   | add    | fabric    | 0       |
|    dsp_dotpra3add_8s_8s_8s_8s_8s_8s_17s_18_4_1_U162 | 1   |        | add_ln50_750   | add    | dsp58_dp  | 3       |
|    dsp_dotpra3add_8s_8s_8s_8s_8s_8s_17s_18_4_1_U162 | 1   |        | add_ln50_751   | add    | dsp58_dp  | 3       |
|    dsp_dotpra3add_8s_8s_8s_8s_8s_8s_17s_18_4_1_U162 | 1   |        | sext_ln50_1260 | sext   | dsp58_dp  | 3       |
|    dsp_dotpra3_8s_8s_8s_8s_8s_8s_17_4_1_U18         | 1   |        | add_ln50_752   | add    | dsp58_dp  | 3       |
|    dsp_dotpra3_8s_8s_8s_8s_8s_8s_17_4_1_U18         | 1   |        | add_ln50_753   | add    | dsp58_dp  | 3       |
|    dsp_dotpra3add_8s_8s_8s_8s_8s_8s_17s_18_4_1_U162 | 1   |        | add_ln50_754   | add    | dsp58_dp  | 3       |
|    dsp_dotpra3add_8s_8s_8s_8s_8s_8s_18s_18_4_1_U137 | 1   |        | add_ln50_755   | add    | dsp58_dp  | 3       |
|    dsp_dotpra3add_8s_8s_8s_8s_8s_8s_18s_18_4_1_U137 | 1   |        | add_ln50_756   | add    | dsp58_dp  | 3       |
|    dsp_dotpra3add_8s_8s_8s_8s_8s_8s_18s_18_4_1_U137 | 1   |        | sext_ln50_1263 | sext   | dsp58_dp  | 3       |
|    mac_muladd_8s_8s_16s_17_4_1_U96                  | 1   |        | add_ln50_757   | add    | dsp_slice | 3       |
|    mac_muladd_8s_8s_16s_17_4_1_U127                 | 1   |        | add_ln50_758   | add    | dsp_slice | 3       |
|    grp_fu_36894_p6                                  |     |        | add_ln50_759   | add    | fabric    | 0       |
|    dsp_dotpra3add_8s_8s_8s_8s_8s_8s_18s_18_4_1_U137 | 1   |        | add_ln50_760   | add    | dsp58_dp  | 3       |
|    add_ln50_761_fu_35017_p2                         |     |        | add_ln50_761   | add    | fabric    | 0       |
|    add_ln50_762_fu_35027_p2                         |     |        | add_ln50_762   | add    | fabric    | 0       |
|    add_ln50_763_fu_35037_p2                         |     |        | add_ln50_763   | add    | fabric    | 0       |
|    add_ln50_764_fu_35175_p2                         |     |        | add_ln50_764   | add    | fabric    | 0       |
|    add_ln50_765_fu_35185_p2                         |     |        | add_ln50_765   | add    | fabric    | 0       |
|    add_ln50_766_fu_35195_p2                         |     |        | add_ln50_766   | add    | fabric    | 0       |
|    icmp_ln20_fu_35238_p2                            |     |        | icmp_ln20      | setgt  | auto      | 0       |
|    icmp_ln21_fu_35244_p2                            |     |        | icmp_ln21      | setlt  | auto      | 0       |
|    select_ln20_1_fu_35260_p3                        |     |        | select_ln20_1  | select | auto_sel  | 0       |
|    or_ln20_fu_35268_p2                              |     |        | or_ln20        | or     | auto      | 0       |
|    select_ln20_fu_35274_p3                          |     |        | select_ln20    | select | auto_sel  | 0       |
+-----------------------------------------------------+-----+--------+----------------+--------+-----------+---------+


================================================================
== Storage Report
================================================================
  No bind storage info in design

================================================================
== Pragma Report
================================================================
* Valid Pragma Syntax
+-----------------+------------------------------------+---------------------------------------------------+
| Type            | Options                            | Location                                          |
+-----------------+------------------------------------+---------------------------------------------------+
| interface       | ap_ctrl_hs port=return             | vit_patch_embed.cpp:31 in vit_patch_embed, return |
| array_partition | variable=W cyclic factor=384 dim=1 | vit_patch_embed.cpp:34 in vit_patch_embed, W      |
| pipeline        | II=1                               | vit_patch_embed.cpp:41 in vit_patch_embed         |
| unroll          | factor=384                         | vit_patch_embed.cpp:44 in vit_patch_embed         |
+-----------------+------------------------------------+---------------------------------------------------+


