

================================================================
== Vitis HLS Report for 'vit_patch_embed'
================================================================
* Date:           Tue May 19 23:29:40 2026

* Version:        2024.1 (Build 5069499 on May 21 2024)
* Project:        vit_patch_hls
* Solution:       sol1 (Vivado IP Flow Target)
* Product family: versalaicore
* Target device:  xcvc1902-vsva2197-2MP-e-S


================================================================
== Performance Estimates
================================================================
+ Timing: 
    * Summary: 
    +--------+---------+----------+------------+
    |  Clock |  Target | Estimated| Uncertainty|
    +--------+---------+----------+------------+
    |ap_clk  |  4.00 ns|  2.670 ns|     1.08 ns|
    +--------+---------+----------+------------+

+ Latency: 
    * Summary: 
    +---------+---------+----------+----------+--------+--------+---------+
    |  Latency (cycles) |  Latency (absolute) |     Interval    | Pipeline|
    |   min   |   max   |    min   |    max   |   min  |   max  |   Type  |
    +---------+---------+----------+----------+--------+--------+---------+
    |   278517|   278517|  1.114 ms|  1.114 ms|  278518|  278518|       no|
    +---------+---------+----------+----------+--------+--------+---------+

    + Detail: 
        * Instance: 
        +---------------------------------------------+---------------------------------+---------+---------+----------+----------+------+------+-----------------------------------------------+
        |                                             |                                 |  Latency (cycles) |  Latency (absolute) |   Interval  |                    Pipeline                   |
        |                   Instance                  |              Module             |   min   |   max   |    min   |    max   |  min |  max |                      Type                     |
        +---------------------------------------------+---------------------------------+---------+---------+----------+----------+------+------+-----------------------------------------------+
        |grp_vit_patch_embed_Pipeline_J_LOOP_fu_7163  |vit_patch_embed_Pipeline_J_LOOP  |     1034|     1034|  4.136 us|  4.136 us|  1025|  1025|  loop auto-rewind stp(delay=0 clock cycles(s))|
        +---------------------------------------------+---------------------------------+---------+---------+----------+----------+------+------+-----------------------------------------------+

        * Loop: 
        +----------+---------+---------+----------+-----------+-----------+------+----------+
        |          |  Latency (cycles) | Iteration|  Initiation Interval  | Trip |          |
        | Loop Name|   min   |   max   |  Latency |  achieved |   target  | Count| Pipelined|
        +----------+---------+---------+----------+-----------+-----------+------+----------+
        |- P_LOOP  |   278516|   278516|      1421|          -|          -|   196|        no|
        +----------+---------+---------+----------+-----------+-----------+------+----------+



================================================================
== Utilization Estimates
================================================================
* Summary: 
+-----------------+---------+------+---------+--------+-----+
|       Name      | BRAM_18K|  DSP |    FF   |   LUT  | URAM|
+-----------------+---------+------+---------+--------+-----+
|DSP              |        -|     -|        -|       -|    -|
|Expression       |        -|     -|        0|   14990|    -|
|FIFO             |        -|     -|        -|       -|    -|
|Instance         |        -|   257|    19099|    3262|    -|
|Memory           |        -|     -|        -|       -|    -|
|Multiplexer      |        -|     -|        0|   12344|    -|
|Register         |        -|     -|    18503|       -|    -|
+-----------------+---------+------+---------+--------+-----+
|Total            |        0|   257|    37602|   30596|    0|
+-----------------+---------+------+---------+--------+-----+
|Available        |     1934|  1968|  1799680|  899840|  463|
+-----------------+---------+------+---------+--------+-----+
|Utilization (%)  |        0|    13|        2|       3|    0|
+-----------------+---------+------+---------+--------+-----+

+ Detail: 
    * Instance: 
    +---------------------------------------------+---------------------------------+---------+-----+-------+------+-----+
    |                   Instance                  |              Module             | BRAM_18K| DSP |   FF  |  LUT | URAM|
    +---------------------------------------------+---------------------------------+---------+-----+-------+------+-----+
    |grp_vit_patch_embed_Pipeline_J_LOOP_fu_7163  |vit_patch_embed_Pipeline_J_LOOP  |        0|  257|  19099|  3262|    0|
    +---------------------------------------------+---------------------------------+---------+-----+-------+------+-----+
    |Total                                        |                                 |        0|  257|  19099|  3262|    0|
    +---------------------------------------------+---------------------------------+---------+-----+-------+------+-----+

    * DSP: 
    N/A

    * Memory: 
    N/A

    * FIFO: 
    N/A

    * Expression: 
    +------------------------+----------+----+---+-----+------------+------------+
    |      Variable Name     | Operation| DSP| FF| LUT | Bitwidth P0| Bitwidth P1|
    +------------------------+----------+----+---+-----+------------+------------+
    |add_ln36_1_fu_8764_p2   |         +|   0|  0|   16|          16|           9|
    |add_ln36_2_fu_8966_p2   |         +|   0|  0|    8|           8|           1|
    |add_ln36_fu_8758_p2     |         +|   0|  0|    8|           8|           1|
    |empty_100_fu_19560_p2   |         +|   0|  0|   18|          18|           1|
    |empty_101_fu_19581_p2   |         +|   0|  0|   18|          18|           1|
    |empty_102_fu_19586_p2   |         +|   0|  0|   18|          18|           1|
    |empty_103_fu_19607_p2   |         +|   0|  0|   18|          18|           1|
    |empty_104_fu_19612_p2   |         +|   0|  0|   18|          18|           1|
    |empty_105_fu_19633_p2   |         +|   0|  0|   18|          18|           1|
    |empty_106_fu_19638_p2   |         +|   0|  0|   18|          18|           1|
    |empty_107_fu_19659_p2   |         +|   0|  0|   18|          18|           1|
    |empty_108_fu_19664_p2   |         +|   0|  0|   18|          18|           1|
    |empty_109_fu_23199_p2   |         +|   0|  0|   18|          18|           2|
    |empty_110_fu_23204_p2   |         +|   0|  0|   18|          18|           2|
    |empty_111_fu_23225_p2   |         +|   0|  0|   18|          18|           2|
    |empty_112_fu_23230_p2   |         +|   0|  0|   18|          18|           2|
    |empty_113_fu_23251_p2   |         +|   0|  0|   18|          18|           2|
    |empty_114_fu_23256_p2   |         +|   0|  0|   18|          18|           2|
    |empty_115_fu_23277_p2   |         +|   0|  0|   18|          18|           2|
    |empty_116_fu_23282_p2   |         +|   0|  0|   18|          18|           2|
    |empty_117_fu_23303_p2   |         +|   0|  0|   18|          18|           2|
    |empty_118_fu_23308_p2   |         +|   0|  0|   18|          18|           2|
    |empty_119_fu_23329_p2   |         +|   0|  0|   18|          18|           2|
    |empty_120_fu_23334_p2   |         +|   0|  0|   18|          18|           2|
    |empty_121_fu_23355_p2   |         +|   0|  0|   18|          18|           2|
    |empty_122_fu_23360_p2   |         +|   0|  0|   18|          18|           2|
    |empty_123_fu_23381_p2   |         +|   0|  0|   18|          18|           2|
    |empty_124_fu_23386_p2   |         +|   0|  0|   18|          18|           2|
    |empty_127_fu_10644_p2   |         +|   0|  0|   16|          16|          16|
    |empty_129_fu_10691_p2   |         +|   0|  0|   16|          16|          16|
    |empty_131_fu_10713_p2   |         +|   0|  0|   16|          16|          16|
    |empty_133_fu_10771_p2   |         +|   0|  0|   16|          16|          16|
    |empty_135_fu_10793_p2   |         +|   0|  0|   16|          16|          16|
    |empty_137_fu_10851_p2   |         +|   0|  0|   16|          16|          16|
    |empty_139_fu_10873_p2   |         +|   0|  0|   16|          16|          16|
    |empty_143_fu_10965_p2   |         +|   0|  0|   16|          16|          16|
    |empty_145_fu_11019_p2   |         +|   0|  0|   16|          16|          16|
    |empty_147_fu_11041_p2   |         +|   0|  0|   16|          16|          16|
    |empty_149_fu_11099_p2   |         +|   0|  0|   16|          16|          16|
    |empty_151_fu_11121_p2   |         +|   0|  0|   16|          16|          16|
    |empty_153_fu_11179_p2   |         +|   0|  0|   16|          16|          16|
    |empty_155_fu_11201_p2   |         +|   0|  0|   16|          16|          16|
    |empty_157_fu_23407_p2   |         +|   0|  0|   18|          18|           2|
    |empty_158_fu_23412_p2   |         +|   0|  0|   18|          18|           2|
    |empty_159_fu_23433_p2   |         +|   0|  0|   18|          18|           2|
    |empty_160_fu_23438_p2   |         +|   0|  0|   18|          18|           2|
    |empty_161_fu_23459_p2   |         +|   0|  0|   18|          18|           2|
    |empty_162_fu_23464_p2   |         +|   0|  0|   18|          18|           2|
    |empty_163_fu_23485_p2   |         +|   0|  0|   18|          18|           2|
    |empty_164_fu_23490_p2   |         +|   0|  0|   18|          18|           2|
    |empty_165_fu_23511_p2   |         +|   0|  0|   18|          18|           2|
    |empty_166_fu_23516_p2   |         +|   0|  0|   18|          18|           2|
    |empty_167_fu_23537_p2   |         +|   0|  0|   18|          18|           2|
    |empty_168_fu_23542_p2   |         +|   0|  0|   18|          18|           2|
    |empty_169_fu_23563_p2   |         +|   0|  0|   18|          18|           2|
    |empty_170_fu_23568_p2   |         +|   0|  0|   18|          18|           2|
    |empty_171_fu_23589_p2   |         +|   0|  0|   18|          18|           2|
    |empty_172_fu_23594_p2   |         +|   0|  0|   18|          18|           2|
    |empty_174_fu_11304_p2   |         +|   0|  0|   16|          16|          16|
    |empty_176_fu_11335_p2   |         +|   0|  0|   16|          16|          16|
    |empty_178_fu_11357_p2   |         +|   0|  0|   16|          16|          16|
    |empty_180_fu_11395_p2   |         +|   0|  0|   16|          16|          16|
    |empty_182_fu_11417_p2   |         +|   0|  0|   16|          16|          16|
    |empty_184_fu_11455_p2   |         +|   0|  0|   16|          16|          16|
    |empty_186_fu_11477_p2   |         +|   0|  0|   16|          16|          16|
    |empty_189_fu_11541_p2   |         +|   0|  0|   16|          16|          16|
    |empty_191_fu_11579_p2   |         +|   0|  0|   16|          16|          16|
    |empty_193_fu_11601_p2   |         +|   0|  0|   16|          16|          16|
    |empty_195_fu_11639_p2   |         +|   0|  0|   16|          16|          16|
    |empty_197_fu_11661_p2   |         +|   0|  0|   16|          16|          16|
    |empty_199_fu_11699_p2   |         +|   0|  0|   16|          16|          16|
    |empty_201_fu_11721_p2   |         +|   0|  0|   16|          16|          16|
    |empty_203_fu_19941_p2   |         +|   0|  0|   18|          18|           1|
    |empty_204_fu_19946_p2   |         +|   0|  0|   18|          18|           1|
    |empty_205_fu_19967_p2   |         +|   0|  0|   18|          18|           1|
    |empty_206_fu_19972_p2   |         +|   0|  0|   18|          18|           1|
    |empty_207_fu_19993_p2   |         +|   0|  0|   18|          18|           1|
    |empty_208_fu_19998_p2   |         +|   0|  0|   18|          18|           1|
    |empty_209_fu_20019_p2   |         +|   0|  0|   18|          18|           1|
    |empty_20_fu_8922_p2     |         +|   0|  0|   16|          16|          16|
    |empty_210_fu_20024_p2   |         +|   0|  0|   18|          18|           1|
    |empty_211_fu_20045_p2   |         +|   0|  0|   18|          18|           1|
    |empty_212_fu_20050_p2   |         +|   0|  0|   18|          18|           1|
    |empty_213_fu_20071_p2   |         +|   0|  0|   18|          18|           1|
    |empty_214_fu_20076_p2   |         +|   0|  0|   18|          18|           1|
    |empty_215_fu_20097_p2   |         +|   0|  0|   18|          18|           1|
    |empty_216_fu_20102_p2   |         +|   0|  0|   18|          18|           1|
    |empty_217_fu_20123_p2   |         +|   0|  0|   18|          18|           1|
    |empty_218_fu_20128_p2   |         +|   0|  0|   18|          18|           1|
    |empty_219_fu_23615_p2   |         +|   0|  0|   18|          18|           2|
    |empty_220_fu_23620_p2   |         +|   0|  0|   18|          18|           2|
    |empty_221_fu_23641_p2   |         +|   0|  0|   18|          18|           2|
    |empty_222_fu_23646_p2   |         +|   0|  0|   18|          18|           2|
    |empty_223_fu_23667_p2   |         +|   0|  0|   18|          18|           2|
    |empty_224_fu_23672_p2   |         +|   0|  0|   18|          18|           2|
    |empty_225_fu_23693_p2   |         +|   0|  0|   18|          18|           2|
    |empty_226_fu_23698_p2   |         +|   0|  0|   18|          18|           2|
    |empty_227_fu_23719_p2   |         +|   0|  0|   18|          18|           2|
    |empty_228_fu_23724_p2   |         +|   0|  0|   18|          18|           2|
    |empty_229_fu_23745_p2   |         +|   0|  0|   18|          18|           2|
    |empty_230_fu_23750_p2   |         +|   0|  0|   18|          18|           2|
    |empty_231_fu_23771_p2   |         +|   0|  0|   18|          18|           2|
    |empty_232_fu_23776_p2   |         +|   0|  0|   18|          18|           2|
    |empty_233_fu_23797_p2   |         +|   0|  0|   18|          18|           2|
    |empty_234_fu_23802_p2   |         +|   0|  0|   18|          18|           2|
    |empty_236_fu_11808_p2   |         +|   0|  0|   16|          16|          16|
    |empty_238_fu_11875_p2   |         +|   0|  0|   16|          16|          16|
    |empty_23_fu_9058_p2     |         +|   0|  0|   16|          16|          16|
    |empty_240_fu_11897_p2   |         +|   0|  0|   16|          16|          16|
    |empty_242_fu_11975_p2   |         +|   0|  0|   16|          16|          16|
    |empty_244_fu_11997_p2   |         +|   0|  0|   16|          16|          16|
    |empty_246_fu_12075_p2   |         +|   0|  0|   16|          16|          16|
    |empty_248_fu_12097_p2   |         +|   0|  0|   16|          16|          16|
    |empty_251_fu_12205_p2   |         +|   0|  0|   16|          16|          16|
    |empty_253_fu_12279_p2   |         +|   0|  0|   16|          16|          16|
    |empty_255_fu_12301_p2   |         +|   0|  0|   16|          16|          16|
    |empty_257_fu_12379_p2   |         +|   0|  0|   16|          16|          16|
    |empty_259_fu_12401_p2   |         +|   0|  0|   16|          16|          16|
    |empty_261_fu_12479_p2   |         +|   0|  0|   16|          16|          16|
    |empty_263_fu_12501_p2   |         +|   0|  0|   16|          16|          16|
    |empty_266_fu_12624_p2   |         +|   0|  0|   16|          16|          16|
    |empty_268_fu_12655_p2   |         +|   0|  0|   16|          16|          16|
    |empty_26_fu_9125_p2     |         +|   0|  0|   16|          16|          16|
    |empty_270_fu_12677_p2   |         +|   0|  0|   16|          16|          16|
    |empty_272_fu_12715_p2   |         +|   0|  0|   16|          16|          16|
    |empty_274_fu_12737_p2   |         +|   0|  0|   16|          16|          16|
    |empty_276_fu_12775_p2   |         +|   0|  0|   16|          16|          16|
    |empty_278_fu_12797_p2   |         +|   0|  0|   16|          16|          16|
    |empty_281_fu_12861_p2   |         +|   0|  0|   16|          16|          16|
    |empty_283_fu_12899_p2   |         +|   0|  0|   16|          16|          16|
    |empty_285_fu_12921_p2   |         +|   0|  0|   16|          16|          16|
    |empty_287_fu_12959_p2   |         +|   0|  0|   16|          16|          16|
    |empty_289_fu_12981_p2   |         +|   0|  0|   16|          16|          16|
    |empty_291_fu_13019_p2   |         +|   0|  0|   16|          16|          16|
    |empty_293_fu_13041_p2   |         +|   0|  0|   16|          16|          16|
    |empty_295_fu_20405_p2   |         +|   0|  0|   18|          18|           1|
    |empty_296_fu_20410_p2   |         +|   0|  0|   18|          18|           1|
    |empty_297_fu_20431_p2   |         +|   0|  0|   18|          18|           1|
    |empty_298_fu_20436_p2   |         +|   0|  0|   18|          18|           1|
    |empty_299_fu_20457_p2   |         +|   0|  0|   18|          18|           1|
    |empty_29_fu_9208_p2     |         +|   0|  0|   16|          16|          16|
    |empty_300_fu_20462_p2   |         +|   0|  0|   18|          18|           1|
    |empty_301_fu_20483_p2   |         +|   0|  0|   18|          18|           1|
    |empty_302_fu_20488_p2   |         +|   0|  0|   18|          18|           1|
    |empty_303_fu_20509_p2   |         +|   0|  0|   18|          18|           1|
    |empty_304_fu_20514_p2   |         +|   0|  0|   18|          18|           1|
    |empty_305_fu_20535_p2   |         +|   0|  0|   18|          18|           1|
    |empty_306_fu_20540_p2   |         +|   0|  0|   18|          18|           1|
    |empty_307_fu_20561_p2   |         +|   0|  0|   18|          18|           1|
    |empty_308_fu_20566_p2   |         +|   0|  0|   18|          18|           1|
    |empty_309_fu_20587_p2   |         +|   0|  0|   18|          18|           1|
    |empty_310_fu_20592_p2   |         +|   0|  0|   18|          18|           1|
    |empty_311_fu_24079_p2   |         +|   0|  0|   18|          18|           2|
    |empty_312_fu_24084_p2   |         +|   0|  0|   18|          18|           2|
    |empty_313_fu_24105_p2   |         +|   0|  0|   18|          18|           2|
    |empty_314_fu_24110_p2   |         +|   0|  0|   18|          18|           2|
    |empty_315_fu_24131_p2   |         +|   0|  0|   18|          18|           2|
    |empty_316_fu_24136_p2   |         +|   0|  0|   18|          18|           2|
    |empty_317_fu_24157_p2   |         +|   0|  0|   18|          18|           2|
    |empty_318_fu_24162_p2   |         +|   0|  0|   18|          18|           2|
    |empty_319_fu_24183_p2   |         +|   0|  0|   18|          18|           2|
    |empty_320_fu_24188_p2   |         +|   0|  0|   18|          18|           2|
    |empty_321_fu_24209_p2   |         +|   0|  0|   18|          18|           2|
    |empty_322_fu_24214_p2   |         +|   0|  0|   18|          18|           2|
    |empty_323_fu_24235_p2   |         +|   0|  0|   18|          18|           2|
    |empty_324_fu_24240_p2   |         +|   0|  0|   18|          18|           2|
    |empty_325_fu_24261_p2   |         +|   0|  0|   18|          18|           2|
    |empty_326_fu_24266_p2   |         +|   0|  0|   18|          18|           2|
    |empty_329_fu_13132_p2   |         +|   0|  0|   16|          16|          16|
    |empty_32_fu_9275_p2     |         +|   0|  0|   16|          16|          16|
    |empty_331_fu_13179_p2   |         +|   0|  0|   16|          16|          16|
    |empty_333_fu_13201_p2   |         +|   0|  0|   16|          16|          16|
    |empty_335_fu_13259_p2   |         +|   0|  0|   16|          16|          16|
    |empty_337_fu_13281_p2   |         +|   0|  0|   16|          16|          16|
    |empty_339_fu_13339_p2   |         +|   0|  0|   16|          16|          16|
    |empty_341_fu_13361_p2   |         +|   0|  0|   16|          16|          16|
    |empty_345_fu_13453_p2   |         +|   0|  0|   16|          16|          16|
    |empty_347_fu_13507_p2   |         +|   0|  0|   16|          16|          16|
    |empty_349_fu_13529_p2   |         +|   0|  0|   16|          16|          16|
    |empty_351_fu_13587_p2   |         +|   0|  0|   16|          16|          16|
    |empty_353_fu_13609_p2   |         +|   0|  0|   16|          16|          16|
    |empty_355_fu_13672_p2   |         +|   0|  0|   16|          16|          16|
    |empty_357_fu_13694_p2   |         +|   0|  0|   16|          16|          16|
    |empty_359_fu_24287_p2   |         +|   0|  0|   18|          18|           2|
    |empty_35_fu_9358_p2     |         +|   0|  0|   16|          16|          16|
    |empty_360_fu_24292_p2   |         +|   0|  0|   18|          18|           2|
    |empty_361_fu_24313_p2   |         +|   0|  0|   18|          18|           2|
    |empty_362_fu_24318_p2   |         +|   0|  0|   18|          18|           2|
    |empty_363_fu_24339_p2   |         +|   0|  0|   18|          18|           2|
    |empty_364_fu_24344_p2   |         +|   0|  0|   18|          18|           2|
    |empty_365_fu_24365_p2   |         +|   0|  0|   18|          18|           2|
    |empty_366_fu_24370_p2   |         +|   0|  0|   18|          18|           2|
    |empty_367_fu_24391_p2   |         +|   0|  0|   18|          18|           2|
    |empty_368_fu_24396_p2   |         +|   0|  0|   18|          18|           2|
    |empty_369_fu_24417_p2   |         +|   0|  0|   18|          18|           2|
    |empty_370_fu_13651_p2   |         +|   0|  0|   18|          18|           2|
    |empty_371_fu_24438_p2   |         +|   0|  0|   18|          18|           2|
    |empty_372_fu_24443_p2   |         +|   0|  0|   18|          18|           2|
    |empty_373_fu_24464_p2   |         +|   0|  0|   18|          18|           2|
    |empty_374_fu_24469_p2   |         +|   0|  0|   18|          18|           2|
    |empty_376_fu_13797_p2   |         +|   0|  0|   16|          16|          16|
    |empty_378_fu_13828_p2   |         +|   0|  0|   16|          16|          16|
    |empty_380_fu_13850_p2   |         +|   0|  0|   16|          16|          16|
    |empty_382_fu_13888_p2   |         +|   0|  0|   16|          16|          16|
    |empty_384_fu_13910_p2   |         +|   0|  0|   16|          16|          16|
    |empty_386_fu_13948_p2   |         +|   0|  0|   16|          16|          16|
    |empty_388_fu_13970_p2   |         +|   0|  0|   16|          16|          16|
    |empty_38_fu_9425_p2     |         +|   0|  0|   16|          16|          16|
    |empty_391_fu_14034_p2   |         +|   0|  0|   16|          16|          16|
    |empty_393_fu_14072_p2   |         +|   0|  0|   16|          16|          16|
    |empty_395_fu_14094_p2   |         +|   0|  0|   16|          16|          16|
    |empty_397_fu_14132_p2   |         +|   0|  0|   16|          16|          16|
    |empty_399_fu_14154_p2   |         +|   0|  0|   16|          16|          16|
    |empty_401_fu_14192_p2   |         +|   0|  0|   16|          16|          16|
    |empty_403_fu_14214_p2   |         +|   0|  0|   16|          16|          16|
    |empty_405_fu_20869_p2   |         +|   0|  0|   18|          18|           1|
    |empty_406_fu_20874_p2   |         +|   0|  0|   18|          18|           1|
    |empty_407_fu_20895_p2   |         +|   0|  0|   18|          18|           1|
    |empty_408_fu_20900_p2   |         +|   0|  0|   18|          18|           1|
    |empty_409_fu_20926_p2   |         +|   0|  0|   18|          18|           1|
    |empty_410_fu_20931_p2   |         +|   0|  0|   18|          18|           1|
    |empty_411_fu_20952_p2   |         +|   0|  0|   18|          18|           1|
    |empty_412_fu_20957_p2   |         +|   0|  0|   18|          18|           1|
    |empty_413_fu_20978_p2   |         +|   0|  0|   18|          18|           1|
    |empty_414_fu_20983_p2   |         +|   0|  0|   18|          18|           1|
    |empty_415_fu_21004_p2   |         +|   0|  0|   18|          18|           1|
    |empty_416_fu_21009_p2   |         +|   0|  0|   18|          18|           1|
    |empty_417_fu_21030_p2   |         +|   0|  0|   18|          18|           1|
    |empty_418_fu_21035_p2   |         +|   0|  0|   18|          18|           1|
    |empty_419_fu_21056_p2   |         +|   0|  0|   18|          18|           1|
    |empty_420_fu_21061_p2   |         +|   0|  0|   18|          18|           1|
    |empty_421_fu_24490_p2   |         +|   0|  0|   18|          18|           2|
    |empty_422_fu_24495_p2   |         +|   0|  0|   18|          18|           2|
    |empty_423_fu_24516_p2   |         +|   0|  0|   18|          18|           2|
    |empty_424_fu_20905_p2   |         +|   0|  0|   18|          18|           2|
    |empty_425_fu_24537_p2   |         +|   0|  0|   18|          18|           2|
    |empty_426_fu_24542_p2   |         +|   0|  0|   18|          18|           2|
    |empty_427_fu_24563_p2   |         +|   0|  0|   18|          18|           2|
    |empty_428_fu_24568_p2   |         +|   0|  0|   18|          18|           2|
    |empty_429_fu_24589_p2   |         +|   0|  0|   18|          18|           2|
    |empty_430_fu_24594_p2   |         +|   0|  0|   18|          18|           2|
    |empty_431_fu_24615_p2   |         +|   0|  0|   18|          18|           2|
    |empty_432_fu_24620_p2   |         +|   0|  0|   18|          18|           2|
    |empty_433_fu_24641_p2   |         +|   0|  0|   18|          18|           2|
    |empty_434_fu_24646_p2   |         +|   0|  0|   18|          18|           2|
    |empty_435_fu_24667_p2   |         +|   0|  0|   18|          18|           2|
    |empty_436_fu_24672_p2   |         +|   0|  0|   18|          18|           2|
    |empty_438_fu_14301_p2   |         +|   0|  0|   16|          16|          16|
    |empty_43_fu_9594_p2     |         +|   0|  0|   16|          16|          16|
    |empty_440_fu_14368_p2   |         +|   0|  0|   16|          16|          16|
    |empty_442_fu_14390_p2   |         +|   0|  0|   16|          16|          16|
    |empty_444_fu_14468_p2   |         +|   0|  0|   16|          16|          16|
    |empty_446_fu_14490_p2   |         +|   0|  0|   16|          16|          16|
    |empty_448_fu_14568_p2   |         +|   0|  0|   16|          16|          16|
    |empty_450_fu_14590_p2   |         +|   0|  0|   16|          16|          16|
    |empty_453_fu_14698_p2   |         +|   0|  0|   16|          16|          16|
    |empty_455_fu_14772_p2   |         +|   0|  0|   16|          16|          16|
    |empty_457_fu_14794_p2   |         +|   0|  0|   16|          16|          16|
    |empty_459_fu_14872_p2   |         +|   0|  0|   16|          16|          16|
    |empty_461_fu_14894_p2   |         +|   0|  0|   16|          16|          16|
    |empty_463_fu_14972_p2   |         +|   0|  0|   16|          16|          16|
    |empty_465_fu_14994_p2   |         +|   0|  0|   16|          16|          16|
    |empty_468_fu_15117_p2   |         +|   0|  0|   16|          16|          16|
    |empty_46_fu_9673_p2     |         +|   0|  0|   16|          16|          16|
    |empty_470_fu_15148_p2   |         +|   0|  0|   16|          16|          16|
    |empty_472_fu_15170_p2   |         +|   0|  0|   16|          16|          16|
    |empty_474_fu_15208_p2   |         +|   0|  0|   16|          16|          16|
    |empty_476_fu_15230_p2   |         +|   0|  0|   16|          16|          16|
    |empty_478_fu_15268_p2   |         +|   0|  0|   16|          16|          16|
    |empty_480_fu_15290_p2   |         +|   0|  0|   16|          16|          16|
    |empty_483_fu_15354_p2   |         +|   0|  0|   16|          16|          16|
    |empty_485_fu_15392_p2   |         +|   0|  0|   16|          16|          16|
    |empty_487_fu_15414_p2   |         +|   0|  0|   16|          16|          16|
    |empty_489_fu_15452_p2   |         +|   0|  0|   16|          16|          16|
    |empty_491_fu_15474_p2   |         +|   0|  0|   16|          16|          16|
    |empty_493_fu_15512_p2   |         +|   0|  0|   16|          16|          16|
    |empty_495_fu_15534_p2   |         +|   0|  0|   16|          16|          16|
    |empty_497_fu_21338_p2   |         +|   0|  0|   18|          18|           1|
    |empty_498_fu_21343_p2   |         +|   0|  0|   18|          18|           1|
    |empty_499_fu_21364_p2   |         +|   0|  0|   18|          18|           1|
    |empty_49_fu_9740_p2     |         +|   0|  0|   16|          16|          16|
    |empty_500_fu_21369_p2   |         +|   0|  0|   18|          18|           1|
    |empty_501_fu_21390_p2   |         +|   0|  0|   18|          18|           1|
    |empty_502_fu_21395_p2   |         +|   0|  0|   18|          18|           1|
    |empty_503_fu_21416_p2   |         +|   0|  0|   18|          18|           1|
    |empty_504_fu_21421_p2   |         +|   0|  0|   18|          18|           1|
    |empty_505_fu_21442_p2   |         +|   0|  0|   18|          18|           1|
    |empty_506_fu_21447_p2   |         +|   0|  0|   18|          18|           1|
    |empty_507_fu_21468_p2   |         +|   0|  0|   18|          18|           1|
    |empty_508_fu_21473_p2   |         +|   0|  0|   18|          18|           1|
    |empty_509_fu_21494_p2   |         +|   0|  0|   18|          18|           1|
    |empty_510_fu_21499_p2   |         +|   0|  0|   18|          18|           1|
    |empty_511_fu_21520_p2   |         +|   0|  0|   18|          18|           1|
    |empty_512_fu_21525_p2   |         +|   0|  0|   18|          18|           1|
    |empty_513_fu_24949_p2   |         +|   0|  0|   18|          18|           2|
    |empty_514_fu_24954_p2   |         +|   0|  0|   18|          18|           2|
    |empty_515_fu_24975_p2   |         +|   0|  0|   18|          18|           2|
    |empty_516_fu_24980_p2   |         +|   0|  0|   18|          18|           2|
    |empty_517_fu_25001_p2   |         +|   0|  0|   18|          18|           2|
    |empty_518_fu_25006_p2   |         +|   0|  0|   18|          18|           2|
    |empty_519_fu_25027_p2   |         +|   0|  0|   18|          18|           2|
    |empty_520_fu_25032_p2   |         +|   0|  0|   18|          18|           2|
    |empty_521_fu_25053_p2   |         +|   0|  0|   18|          18|           2|
    |empty_522_fu_25058_p2   |         +|   0|  0|   18|          18|           2|
    |empty_523_fu_25079_p2   |         +|   0|  0|   18|          18|           2|
    |empty_524_fu_25084_p2   |         +|   0|  0|   18|          18|           2|
    |empty_525_fu_25105_p2   |         +|   0|  0|   18|          18|           2|
    |empty_526_fu_25110_p2   |         +|   0|  0|   18|          18|           2|
    |empty_527_fu_25131_p2   |         +|   0|  0|   18|          18|           2|
    |empty_528_fu_25136_p2   |         +|   0|  0|   18|          18|           2|
    |empty_52_fu_9823_p2     |         +|   0|  0|   16|          16|          16|
    |empty_531_fu_15625_p2   |         +|   0|  0|   16|          16|          16|
    |empty_533_fu_15672_p2   |         +|   0|  0|   16|          16|          16|
    |empty_535_fu_15694_p2   |         +|   0|  0|   16|          16|          16|
    |empty_537_fu_15752_p2   |         +|   0|  0|   16|          16|          16|
    |empty_539_fu_15774_p2   |         +|   0|  0|   16|          16|          16|
    |empty_541_fu_15832_p2   |         +|   0|  0|   16|          16|          16|
    |empty_543_fu_15854_p2   |         +|   0|  0|   16|          16|          16|
    |empty_547_fu_15946_p2   |         +|   0|  0|   16|          16|          16|
    |empty_549_fu_16006_p2   |         +|   0|  0|   16|          16|          16|
    |empty_551_fu_16028_p2   |         +|   0|  0|   16|          16|          16|
    |empty_553_fu_16086_p2   |         +|   0|  0|   16|          16|          16|
    |empty_555_fu_16108_p2   |         +|   0|  0|   16|          16|          16|
    |empty_557_fu_16166_p2   |         +|   0|  0|   16|          16|          16|
    |empty_559_fu_16188_p2   |         +|   0|  0|   16|          16|          16|
    |empty_55_fu_9890_p2     |         +|   0|  0|   16|          16|          16|
    |empty_561_fu_25157_p2   |         +|   0|  0|   18|          18|           2|
    |empty_562_fu_25162_p2   |         +|   0|  0|   18|          18|           2|
    |empty_563_fu_25183_p2   |         +|   0|  0|   18|          18|           2|
    |empty_564_fu_25188_p2   |         +|   0|  0|   18|          18|           2|
    |empty_565_fu_25209_p2   |         +|   0|  0|   18|          18|           2|
    |empty_566_fu_25214_p2   |         +|   0|  0|   18|          18|           2|
    |empty_567_fu_25235_p2   |         +|   0|  0|   18|          18|           2|
    |empty_568_fu_25240_p2   |         +|   0|  0|   18|          18|           2|
    |empty_569_fu_15988_p2   |         +|   0|  0|   18|          18|           2|
    |empty_570_fu_25261_p2   |         +|   0|  0|   18|          18|           2|
    |empty_571_fu_25282_p2   |         +|   0|  0|   18|          18|           2|
    |empty_572_fu_25287_p2   |         +|   0|  0|   18|          18|           2|
    |empty_573_fu_25308_p2   |         +|   0|  0|   18|          18|           2|
    |empty_574_fu_25313_p2   |         +|   0|  0|   18|          18|           2|
    |empty_575_fu_25334_p2   |         +|   0|  0|   18|          18|           2|
    |empty_576_fu_25339_p2   |         +|   0|  0|   18|          18|           2|
    |empty_578_fu_16291_p2   |         +|   0|  0|   16|          16|          16|
    |empty_580_fu_16322_p2   |         +|   0|  0|   16|          16|          16|
    |empty_582_fu_16344_p2   |         +|   0|  0|   16|          16|          16|
    |empty_584_fu_16382_p2   |         +|   0|  0|   16|          16|          16|
    |empty_586_fu_16404_p2   |         +|   0|  0|   16|          16|          16|
    |empty_588_fu_16442_p2   |         +|   0|  0|   16|          16|          16|
    |empty_58_fu_9973_p2     |         +|   0|  0|   16|          16|          16|
    |empty_590_fu_16464_p2   |         +|   0|  0|   16|          16|          16|
    |empty_593_fu_16528_p2   |         +|   0|  0|   16|          16|          16|
    |empty_595_fu_16566_p2   |         +|   0|  0|   16|          16|          16|
    |empty_597_fu_16588_p2   |         +|   0|  0|   16|          16|          16|
    |empty_599_fu_16626_p2   |         +|   0|  0|   16|          16|          16|
    |empty_601_fu_16648_p2   |         +|   0|  0|   16|          16|          16|
    |empty_603_fu_16686_p2   |         +|   0|  0|   16|          16|          16|
    |empty_605_fu_16708_p2   |         +|   0|  0|   16|          16|          16|
    |empty_607_fu_21802_p2   |         +|   0|  0|   18|          18|           1|
    |empty_608_fu_21807_p2   |         +|   0|  0|   18|          18|           1|
    |empty_609_fu_21833_p2   |         +|   0|  0|   18|          18|           1|
    |empty_610_fu_21838_p2   |         +|   0|  0|   18|          18|           1|
    |empty_611_fu_21859_p2   |         +|   0|  0|   18|          18|           1|
    |empty_612_fu_21864_p2   |         +|   0|  0|   18|          18|           1|
    |empty_613_fu_21885_p2   |         +|   0|  0|   18|          18|           1|
    |empty_614_fu_21890_p2   |         +|   0|  0|   18|          18|           1|
    |empty_615_fu_21911_p2   |         +|   0|  0|   18|          18|           1|
    |empty_616_fu_21916_p2   |         +|   0|  0|   18|          18|           1|
    |empty_617_fu_21937_p2   |         +|   0|  0|   18|          18|           1|
    |empty_618_fu_21942_p2   |         +|   0|  0|   18|          18|           1|
    |empty_619_fu_21963_p2   |         +|   0|  0|   18|          18|           1|
    |empty_61_fu_10040_p2    |         +|   0|  0|   16|          16|          16|
    |empty_620_fu_21968_p2   |         +|   0|  0|   18|          18|           1|
    |empty_621_fu_21989_p2   |         +|   0|  0|   18|          18|           1|
    |empty_622_fu_21994_p2   |         +|   0|  0|   18|          18|           1|
    |empty_623_fu_25360_p2   |         +|   0|  0|   18|          18|           2|
    |empty_624_fu_21812_p2   |         +|   0|  0|   18|          18|           2|
    |empty_625_fu_25381_p2   |         +|   0|  0|   18|          18|           2|
    |empty_626_fu_25386_p2   |         +|   0|  0|   18|          18|           2|
    |empty_627_fu_25407_p2   |         +|   0|  0|   18|          18|           2|
    |empty_628_fu_25412_p2   |         +|   0|  0|   18|          18|           2|
    |empty_629_fu_25433_p2   |         +|   0|  0|   18|          18|           2|
    |empty_630_fu_25438_p2   |         +|   0|  0|   18|          18|           2|
    |empty_631_fu_25459_p2   |         +|   0|  0|   18|          18|           2|
    |empty_632_fu_25464_p2   |         +|   0|  0|   18|          18|           2|
    |empty_633_fu_25485_p2   |         +|   0|  0|   18|          18|           2|
    |empty_634_fu_25490_p2   |         +|   0|  0|   18|          18|           2|
    |empty_635_fu_25511_p2   |         +|   0|  0|   18|          18|           2|
    |empty_636_fu_25516_p2   |         +|   0|  0|   18|          18|           2|
    |empty_637_fu_25537_p2   |         +|   0|  0|   18|          18|           2|
    |empty_638_fu_25542_p2   |         +|   0|  0|   18|          18|           2|
    |empty_640_fu_16795_p2   |         +|   0|  0|   16|          16|          16|
    |empty_642_fu_16862_p2   |         +|   0|  0|   16|          16|          16|
    |empty_644_fu_16884_p2   |         +|   0|  0|   16|          16|          16|
    |empty_646_fu_16962_p2   |         +|   0|  0|   16|          16|          16|
    |empty_648_fu_16984_p2   |         +|   0|  0|   16|          16|          16|
    |empty_64_fu_10136_p2    |         +|   0|  0|   16|          16|          16|
    |empty_650_fu_17062_p2   |         +|   0|  0|   16|          16|          16|
    |empty_652_fu_17084_p2   |         +|   0|  0|   16|          16|          16|
    |empty_655_fu_17192_p2   |         +|   0|  0|   16|          16|          16|
    |empty_657_fu_17266_p2   |         +|   0|  0|   16|          16|          16|
    |empty_659_fu_17288_p2   |         +|   0|  0|   16|          16|          16|
    |empty_661_fu_17366_p2   |         +|   0|  0|   16|          16|          16|
    |empty_663_fu_17388_p2   |         +|   0|  0|   16|          16|          16|
    |empty_665_fu_17466_p2   |         +|   0|  0|   16|          16|          16|
    |empty_667_fu_17488_p2   |         +|   0|  0|   16|          16|          16|
    |empty_66_fu_10167_p2    |         +|   0|  0|   16|          16|          16|
    |empty_670_fu_17611_p2   |         +|   0|  0|   16|          16|          16|
    |empty_672_fu_17642_p2   |         +|   0|  0|   16|          16|          16|
    |empty_674_fu_17664_p2   |         +|   0|  0|   16|          16|          16|
    |empty_676_fu_17702_p2   |         +|   0|  0|   16|          16|          16|
    |empty_678_fu_17724_p2   |         +|   0|  0|   16|          16|          16|
    |empty_680_fu_17762_p2   |         +|   0|  0|   16|          16|          16|
    |empty_682_fu_17784_p2   |         +|   0|  0|   16|          16|          16|
    |empty_685_fu_17848_p2   |         +|   0|  0|   16|          16|          16|
    |empty_687_fu_17886_p2   |         +|   0|  0|   16|          16|          16|
    |empty_689_fu_17908_p2   |         +|   0|  0|   16|          16|          16|
    |empty_68_fu_10189_p2    |         +|   0|  0|   16|          16|          16|
    |empty_691_fu_17946_p2   |         +|   0|  0|   16|          16|          16|
    |empty_693_fu_17968_p2   |         +|   0|  0|   16|          16|          16|
    |empty_695_fu_18006_p2   |         +|   0|  0|   16|          16|          16|
    |empty_697_fu_18028_p2   |         +|   0|  0|   16|          16|          16|
    |empty_699_fu_22271_p2   |         +|   0|  0|   18|          18|           1|
    |empty_700_fu_22276_p2   |         +|   0|  0|   18|          18|           1|
    |empty_701_fu_22297_p2   |         +|   0|  0|   18|          18|           1|
    |empty_702_fu_22302_p2   |         +|   0|  0|   18|          18|           1|
    |empty_703_fu_22323_p2   |         +|   0|  0|   18|          18|           1|
    |empty_704_fu_22328_p2   |         +|   0|  0|   18|          18|           1|
    |empty_705_fu_22349_p2   |         +|   0|  0|   18|          18|           1|
    |empty_706_fu_22354_p2   |         +|   0|  0|   18|          18|           1|
    |empty_707_fu_22375_p2   |         +|   0|  0|   18|          18|           1|
    |empty_708_fu_22380_p2   |         +|   0|  0|   18|          18|           1|
    |empty_709_fu_22401_p2   |         +|   0|  0|   18|          18|           1|
    |empty_70_fu_10227_p2    |         +|   0|  0|   16|          16|          16|
    |empty_710_fu_22406_p2   |         +|   0|  0|   18|          18|           1|
    |empty_711_fu_22427_p2   |         +|   0|  0|   18|          18|           1|
    |empty_712_fu_22432_p2   |         +|   0|  0|   18|          18|           1|
    |empty_713_fu_22453_p2   |         +|   0|  0|   18|          18|           1|
    |empty_714_fu_22458_p2   |         +|   0|  0|   18|          18|           1|
    |empty_715_fu_25819_p2   |         +|   0|  0|   18|          18|           2|
    |empty_716_fu_25824_p2   |         +|   0|  0|   18|          18|           2|
    |empty_717_fu_25845_p2   |         +|   0|  0|   18|          18|           2|
    |empty_718_fu_25850_p2   |         +|   0|  0|   18|          18|           2|
    |empty_719_fu_25871_p2   |         +|   0|  0|   18|          18|           2|
    |empty_720_fu_25876_p2   |         +|   0|  0|   18|          18|           2|
    |empty_721_fu_25897_p2   |         +|   0|  0|   18|          18|           2|
    |empty_722_fu_25902_p2   |         +|   0|  0|   18|          18|           2|
    |empty_723_fu_25923_p2   |         +|   0|  0|   18|          18|           2|
    |empty_724_fu_25928_p2   |         +|   0|  0|   18|          18|           2|
    |empty_725_fu_25949_p2   |         +|   0|  0|   18|          18|           2|
    |empty_726_fu_25954_p2   |         +|   0|  0|   18|          18|           2|
    |empty_727_fu_25975_p2   |         +|   0|  0|   18|          18|           2|
    |empty_728_fu_25980_p2   |         +|   0|  0|   18|          18|           2|
    |empty_729_fu_26001_p2   |         +|   0|  0|   18|          18|           2|
    |empty_72_fu_10249_p2    |         +|   0|  0|   16|          16|          16|
    |empty_730_fu_26006_p2   |         +|   0|  0|   18|          18|           2|
    |empty_733_fu_18119_p2   |         +|   0|  0|   16|          16|          16|
    |empty_735_fu_18166_p2   |         +|   0|  0|   16|          16|          16|
    |empty_737_fu_18188_p2   |         +|   0|  0|   16|          16|          16|
    |empty_739_fu_18246_p2   |         +|   0|  0|   16|          16|          16|
    |empty_741_fu_18268_p2   |         +|   0|  0|   16|          16|          16|
    |empty_743_fu_18326_p2   |         +|   0|  0|   16|          16|          16|
    |empty_745_fu_18348_p2   |         +|   0|  0|   16|          16|          16|
    |empty_749_fu_18440_p2   |         +|   0|  0|   16|          16|          16|
    |empty_74_fu_10287_p2    |         +|   0|  0|   16|          16|          16|
    |empty_751_fu_18494_p2   |         +|   0|  0|   16|          16|          16|
    |empty_753_fu_18516_p2   |         +|   0|  0|   16|          16|          16|
    |empty_755_fu_18574_p2   |         +|   0|  0|   16|          16|          16|
    |empty_757_fu_18596_p2   |         +|   0|  0|   16|          16|          16|
    |empty_759_fu_18654_p2   |         +|   0|  0|   16|          16|          16|
    |empty_761_fu_18676_p2   |         +|   0|  0|   16|          16|          16|
    |empty_763_fu_26027_p2   |         +|   0|  0|   18|          18|           2|
    |empty_764_fu_26032_p2   |         +|   0|  0|   18|          18|           2|
    |empty_765_fu_26053_p2   |         +|   0|  0|   18|          18|           2|
    |empty_766_fu_26058_p2   |         +|   0|  0|   18|          18|           2|
    |empty_767_fu_26079_p2   |         +|   0|  0|   18|          18|           2|
    |empty_768_fu_26084_p2   |         +|   0|  0|   18|          18|           2|
    |empty_769_fu_26105_p2   |         +|   0|  0|   18|          18|           2|
    |empty_76_fu_10309_p2    |         +|   0|  0|   16|          16|          16|
    |empty_770_fu_26110_p2   |         +|   0|  0|   18|          18|           2|
    |empty_771_fu_26131_p2   |         +|   0|  0|   18|          18|           2|
    |empty_772_fu_26136_p2   |         +|   0|  0|   18|          18|           2|
    |empty_773_fu_26157_p2   |         +|   0|  0|   18|          18|           2|
    |empty_774_fu_26162_p2   |         +|   0|  0|   18|          18|           2|
    |empty_775_fu_26183_p2   |         +|   0|  0|   18|          18|           2|
    |empty_776_fu_26188_p2   |         +|   0|  0|   18|          18|           2|
    |empty_777_fu_26209_p2   |         +|   0|  0|   18|          18|           2|
    |empty_778_fu_26214_p2   |         +|   0|  0|   18|          18|           2|
    |empty_780_fu_18779_p2   |         +|   0|  0|   16|          16|          16|
    |empty_782_fu_18802_p2   |         +|   0|  0|   16|          16|          16|
    |empty_784_fu_18807_p2   |         +|   0|  0|   16|          16|          16|
    |empty_786_fu_18812_p2   |         +|   0|  0|   16|          16|          16|
    |empty_788_fu_18817_p2   |         +|   0|  0|   16|          16|          16|
    |empty_790_fu_18822_p2   |         +|   0|  0|   16|          16|          16|
    |empty_792_fu_18827_p2   |         +|   0|  0|   16|          16|          16|
    |empty_795_fu_18832_p2   |         +|   0|  0|   16|          16|          16|
    |empty_797_fu_18837_p2   |         +|   0|  0|   16|          16|          16|
    |empty_799_fu_18842_p2   |         +|   0|  0|   16|          16|          16|
    |empty_79_fu_10373_p2    |         +|   0|  0|   16|          16|          16|
    |empty_801_fu_18847_p2   |         +|   0|  0|   16|          16|          16|
    |empty_803_fu_18852_p2   |         +|   0|  0|   16|          16|          16|
    |empty_805_fu_18857_p2   |         +|   0|  0|   16|          16|          16|
    |empty_807_fu_18862_p2   |         +|   0|  0|   16|          16|          16|
    |empty_809_fu_22735_p2   |         +|   0|  0|   18|          18|           1|
    |empty_810_fu_22740_p2   |         +|   0|  0|   18|          18|           1|
    |empty_811_fu_22761_p2   |         +|   0|  0|   18|          18|           1|
    |empty_812_fu_22766_p2   |         +|   0|  0|   18|          18|           1|
    |empty_813_fu_22787_p2   |         +|   0|  0|   18|          18|           1|
    |empty_814_fu_22792_p2   |         +|   0|  0|   18|          18|           1|
    |empty_815_fu_22813_p2   |         +|   0|  0|   18|          18|           1|
    |empty_816_fu_22818_p2   |         +|   0|  0|   18|          18|           1|
    |empty_817_fu_22839_p2   |         +|   0|  0|   18|          18|           1|
    |empty_818_fu_22844_p2   |         +|   0|  0|   18|          18|           1|
    |empty_819_fu_22865_p2   |         +|   0|  0|   18|          18|           1|
    |empty_81_fu_10411_p2    |         +|   0|  0|   16|          16|          16|
    |empty_820_fu_22870_p2   |         +|   0|  0|   18|          18|           1|
    |empty_821_fu_22891_p2   |         +|   0|  0|   18|          18|           1|
    |empty_822_fu_22896_p2   |         +|   0|  0|   18|          18|           1|
    |empty_823_fu_22917_p2   |         +|   0|  0|   18|          18|           1|
    |empty_824_fu_22922_p2   |         +|   0|  0|   18|          18|           1|
    |empty_825_fu_26235_p2   |         +|   0|  0|   18|          18|           2|
    |empty_826_fu_26240_p2   |         +|   0|  0|   18|          18|           2|
    |empty_827_fu_26261_p2   |         +|   0|  0|   18|          18|           2|
    |empty_828_fu_26266_p2   |         +|   0|  0|   18|          18|           2|
    |empty_829_fu_26287_p2   |         +|   0|  0|   18|          18|           2|
    |empty_830_fu_26292_p2   |         +|   0|  0|   18|          18|           2|
    |empty_831_fu_26313_p2   |         +|   0|  0|   18|          18|           2|
    |empty_832_fu_26318_p2   |         +|   0|  0|   18|          18|           2|
    |empty_833_fu_26339_p2   |         +|   0|  0|   18|          18|           2|
    |empty_834_fu_26344_p2   |         +|   0|  0|   18|          18|           2|
    |empty_835_fu_26365_p2   |         +|   0|  0|   18|          18|           2|
    |empty_836_fu_26370_p2   |         +|   0|  0|   18|          18|           2|
    |empty_837_fu_26391_p2   |         +|   0|  0|   18|          18|           2|
    |empty_838_fu_26396_p2   |         +|   0|  0|   18|          18|           2|
    |empty_839_fu_26417_p2   |         +|   0|  0|   18|          18|           2|
    |empty_83_fu_10433_p2    |         +|   0|  0|   16|          16|          16|
    |empty_840_fu_26422_p2   |         +|   0|  0|   18|          18|           2|
    |empty_85_fu_10471_p2    |         +|   0|  0|   16|          16|          16|
    |empty_87_fu_10493_p2    |         +|   0|  0|   16|          16|          16|
    |empty_89_fu_10531_p2    |         +|   0|  0|   16|          16|          16|
    |empty_91_fu_10553_p2    |         +|   0|  0|   16|          16|          16|
    |empty_93_fu_19477_p2    |         +|   0|  0|   18|          18|           1|
    |empty_94_fu_19482_p2    |         +|   0|  0|   18|          18|           1|
    |empty_95_fu_19503_p2    |         +|   0|  0|   18|          18|           1|
    |empty_96_fu_19508_p2    |         +|   0|  0|   18|          18|           1|
    |empty_97_fu_19529_p2    |         +|   0|  0|   18|          18|           1|
    |empty_98_fu_19534_p2    |         +|   0|  0|   18|          18|           1|
    |empty_99_fu_19555_p2    |         +|   0|  0|   18|          18|           1|
    |empty_125_fu_10634_p2   |         -|   0|  0|   64|          64|          64|
    |empty_128_fu_10661_p2   |         -|   0|  0|   18|          18|          18|
    |empty_130_fu_10707_p2   |         -|   0|  0|   18|          18|          18|
    |empty_132_fu_10729_p2   |         -|   0|  0|   18|          18|          18|
    |empty_134_fu_10787_p2   |         -|   0|  0|   18|          18|          18|
    |empty_136_fu_10809_p2   |         -|   0|  0|   18|          18|          18|
    |empty_138_fu_10867_p2   |         -|   0|  0|   18|          18|          18|
    |empty_140_fu_10889_p2   |         -|   0|  0|   18|          18|          18|
    |empty_141_fu_10955_p2   |         -|   0|  0|   64|          64|          64|
    |empty_144_fu_10981_p2   |         -|   0|  0|   18|          18|          18|
    |empty_146_fu_11035_p2   |         -|   0|  0|   18|          18|          18|
    |empty_148_fu_11057_p2   |         -|   0|  0|   18|          18|          18|
    |empty_150_fu_11115_p2   |         -|   0|  0|   18|          18|          18|
    |empty_152_fu_11137_p2   |         -|   0|  0|   18|          18|          18|
    |empty_154_fu_11195_p2   |         -|   0|  0|   18|          18|          18|
    |empty_156_fu_11217_p2   |         -|   0|  0|   18|          18|          18|
    |empty_173_fu_11298_p2   |         -|   0|  0|   18|          18|          18|
    |empty_175_fu_11321_p2   |         -|   0|  0|   18|          18|          18|
    |empty_177_fu_11351_p2   |         -|   0|  0|   18|          18|          18|
    |empty_179_fu_11373_p2   |         -|   0|  0|   18|          18|          18|
    |empty_17_fu_8822_p2     |         -|   0|  0|   16|          16|          16|
    |empty_181_fu_11411_p2   |         -|   0|  0|   18|          18|          18|
    |empty_183_fu_11433_p2   |         -|   0|  0|   18|          18|          18|
    |empty_185_fu_11471_p2   |         -|   0|  0|   18|          18|          18|
    |empty_187_fu_11493_p2   |         -|   0|  0|   18|          18|          18|
    |empty_188_fu_11535_p2   |         -|   0|  0|   18|          18|          18|
    |empty_18_fu_8870_p2     |         -|   0|  0|   64|          64|          64|
    |empty_190_fu_11557_p2   |         -|   0|  0|   18|          18|          18|
    |empty_192_fu_11595_p2   |         -|   0|  0|   18|          18|          18|
    |empty_194_fu_11617_p2   |         -|   0|  0|   18|          18|          18|
    |empty_196_fu_11655_p2   |         -|   0|  0|   18|          18|          18|
    |empty_198_fu_11677_p2   |         -|   0|  0|   18|          18|          18|
    |empty_19_fu_8916_p2     |         -|   0|  0|   16|          16|          16|
    |empty_200_fu_11715_p2   |         -|   0|  0|   18|          18|          18|
    |empty_202_fu_11737_p2   |         -|   0|  0|   18|          18|          18|
    |empty_21_fu_8940_p2     |         -|   0|  0|   18|          18|          18|
    |empty_22_fu_9052_p2     |         -|   0|  0|   16|          16|          16|
    |empty_235_fu_11802_p2   |         -|   0|  0|   64|          64|          64|
    |empty_237_fu_11825_p2   |         -|   0|  0|   18|          18|          18|
    |empty_239_fu_11891_p2   |         -|   0|  0|   18|          18|          18|
    |empty_241_fu_11913_p2   |         -|   0|  0|   18|          18|          18|
    |empty_243_fu_11991_p2   |         -|   0|  0|   18|          18|          18|
    |empty_245_fu_12013_p2   |         -|   0|  0|   18|          18|          18|
    |empty_247_fu_12091_p2   |         -|   0|  0|   18|          18|          18|
    |empty_249_fu_12113_p2   |         -|   0|  0|   18|          18|          18|
    |empty_24_fu_9075_p2     |         -|   0|  0|   18|          18|          18|
    |empty_250_fu_12199_p2   |         -|   0|  0|   64|          64|          64|
    |empty_252_fu_12221_p2   |         -|   0|  0|   18|          18|          18|
    |empty_254_fu_12295_p2   |         -|   0|  0|   18|          18|          18|
    |empty_256_fu_12317_p2   |         -|   0|  0|   18|          18|          18|
    |empty_258_fu_12395_p2   |         -|   0|  0|   18|          18|          18|
    |empty_25_fu_9119_p2     |         -|   0|  0|   16|          16|          16|
    |empty_260_fu_12417_p2   |         -|   0|  0|   18|          18|          18|
    |empty_262_fu_12495_p2   |         -|   0|  0|   18|          18|          18|
    |empty_264_fu_12517_p2   |         -|   0|  0|   18|          18|          18|
    |empty_265_fu_12618_p2   |         -|   0|  0|   18|          18|          18|
    |empty_267_fu_12641_p2   |         -|   0|  0|   18|          18|          18|
    |empty_269_fu_12671_p2   |         -|   0|  0|   18|          18|          18|
    |empty_271_fu_12693_p2   |         -|   0|  0|   18|          18|          18|
    |empty_273_fu_12731_p2   |         -|   0|  0|   18|          18|          18|
    |empty_275_fu_12753_p2   |         -|   0|  0|   18|          18|          18|
    |empty_277_fu_12791_p2   |         -|   0|  0|   18|          18|          18|
    |empty_279_fu_12813_p2   |         -|   0|  0|   18|          18|          18|
    |empty_27_fu_9142_p2     |         -|   0|  0|   18|          18|          18|
    |empty_280_fu_12855_p2   |         -|   0|  0|   18|          18|          18|
    |empty_282_fu_12877_p2   |         -|   0|  0|   18|          18|          18|
    |empty_284_fu_12915_p2   |         -|   0|  0|   18|          18|          18|
    |empty_286_fu_12937_p2   |         -|   0|  0|   18|          18|          18|
    |empty_288_fu_12975_p2   |         -|   0|  0|   18|          18|          18|
    |empty_28_fu_9202_p2     |         -|   0|  0|   16|          16|          16|
    |empty_290_fu_12997_p2   |         -|   0|  0|   18|          18|          18|
    |empty_292_fu_13035_p2   |         -|   0|  0|   18|          18|          18|
    |empty_294_fu_13057_p2   |         -|   0|  0|   18|          18|          18|
    |empty_30_fu_9225_p2     |         -|   0|  0|   18|          18|          18|
    |empty_31_fu_9269_p2     |         -|   0|  0|   16|          16|          16|
    |empty_327_fu_13122_p2   |         -|   0|  0|   64|          64|          64|
    |empty_330_fu_13149_p2   |         -|   0|  0|   18|          18|          18|
    |empty_332_fu_13195_p2   |         -|   0|  0|   18|          18|          18|
    |empty_334_fu_13217_p2   |         -|   0|  0|   18|          18|          18|
    |empty_336_fu_13275_p2   |         -|   0|  0|   18|          18|          18|
    |empty_338_fu_13297_p2   |         -|   0|  0|   18|          18|          18|
    |empty_33_fu_9292_p2     |         -|   0|  0|   18|          18|          18|
    |empty_340_fu_13355_p2   |         -|   0|  0|   18|          18|          18|
    |empty_342_fu_13377_p2   |         -|   0|  0|   18|          18|          18|
    |empty_343_fu_13443_p2   |         -|   0|  0|   64|          64|          64|
    |empty_346_fu_13469_p2   |         -|   0|  0|   18|          18|          18|
    |empty_348_fu_13523_p2   |         -|   0|  0|   18|          18|          18|
    |empty_34_fu_9352_p2     |         -|   0|  0|   16|          16|          16|
    |empty_350_fu_13545_p2   |         -|   0|  0|   18|          18|          18|
    |empty_352_fu_13603_p2   |         -|   0|  0|   18|          18|          18|
    |empty_354_fu_13625_p2   |         -|   0|  0|   18|          18|          18|
    |empty_356_fu_13688_p2   |         -|   0|  0|   18|          18|          18|
    |empty_358_fu_13710_p2   |         -|   0|  0|   18|          18|          18|
    |empty_36_fu_9375_p2     |         -|   0|  0|   18|          18|          18|
    |empty_375_fu_13791_p2   |         -|   0|  0|   18|          18|          18|
    |empty_377_fu_13814_p2   |         -|   0|  0|   18|          18|          18|
    |empty_379_fu_13844_p2   |         -|   0|  0|   18|          18|          18|
    |empty_37_fu_9419_p2     |         -|   0|  0|   16|          16|          16|
    |empty_381_fu_13866_p2   |         -|   0|  0|   18|          18|          18|
    |empty_383_fu_13904_p2   |         -|   0|  0|   18|          18|          18|
    |empty_385_fu_13926_p2   |         -|   0|  0|   18|          18|          18|
    |empty_387_fu_13964_p2   |         -|   0|  0|   18|          18|          18|
    |empty_389_fu_13986_p2   |         -|   0|  0|   18|          18|          18|
    |empty_390_fu_14028_p2   |         -|   0|  0|   18|          18|          18|
    |empty_392_fu_14050_p2   |         -|   0|  0|   18|          18|          18|
    |empty_394_fu_14088_p2   |         -|   0|  0|   18|          18|          18|
    |empty_396_fu_14110_p2   |         -|   0|  0|   18|          18|          18|
    |empty_398_fu_14148_p2   |         -|   0|  0|   18|          18|          18|
    |empty_39_fu_9442_p2     |         -|   0|  0|   18|          18|          18|
    |empty_400_fu_14170_p2   |         -|   0|  0|   18|          18|          18|
    |empty_402_fu_14208_p2   |         -|   0|  0|   18|          18|          18|
    |empty_404_fu_14230_p2   |         -|   0|  0|   18|          18|          18|
    |empty_40_fu_9502_p2     |         -|   0|  0|   16|          16|          16|
    |empty_41_fu_9544_p2     |         -|   0|  0|   64|          64|          64|
    |empty_42_fu_9588_p2     |         -|   0|  0|   16|          16|          16|
    |empty_437_fu_14295_p2   |         -|   0|  0|   64|          64|          64|
    |empty_439_fu_14318_p2   |         -|   0|  0|   18|          18|          18|
    |empty_441_fu_14384_p2   |         -|   0|  0|   18|          18|          18|
    |empty_443_fu_14406_p2   |         -|   0|  0|   18|          18|          18|
    |empty_445_fu_14484_p2   |         -|   0|  0|   18|          18|          18|
    |empty_447_fu_14506_p2   |         -|   0|  0|   18|          18|          18|
    |empty_449_fu_14584_p2   |         -|   0|  0|   18|          18|          18|
    |empty_44_fu_9611_p2     |         -|   0|  0|   18|          18|          18|
    |empty_451_fu_14606_p2   |         -|   0|  0|   18|          18|          18|
    |empty_452_fu_14692_p2   |         -|   0|  0|   64|          64|          64|
    |empty_454_fu_14714_p2   |         -|   0|  0|   18|          18|          18|
    |empty_456_fu_14788_p2   |         -|   0|  0|   18|          18|          18|
    |empty_458_fu_14810_p2   |         -|   0|  0|   18|          18|          18|
    |empty_45_fu_9667_p2     |         -|   0|  0|   16|          16|          16|
    |empty_460_fu_14888_p2   |         -|   0|  0|   18|          18|          18|
    |empty_462_fu_14910_p2   |         -|   0|  0|   18|          18|          18|
    |empty_464_fu_14988_p2   |         -|   0|  0|   18|          18|          18|
    |empty_466_fu_15010_p2   |         -|   0|  0|   18|          18|          18|
    |empty_467_fu_15111_p2   |         -|   0|  0|   18|          18|          18|
    |empty_469_fu_15134_p2   |         -|   0|  0|   18|          18|          18|
    |empty_471_fu_15164_p2   |         -|   0|  0|   18|          18|          18|
    |empty_473_fu_15186_p2   |         -|   0|  0|   18|          18|          18|
    |empty_475_fu_15224_p2   |         -|   0|  0|   18|          18|          18|
    |empty_477_fu_15246_p2   |         -|   0|  0|   18|          18|          18|
    |empty_479_fu_15284_p2   |         -|   0|  0|   18|          18|          18|
    |empty_47_fu_9690_p2     |         -|   0|  0|   18|          18|          18|
    |empty_481_fu_15306_p2   |         -|   0|  0|   18|          18|          18|
    |empty_482_fu_15348_p2   |         -|   0|  0|   18|          18|          18|
    |empty_484_fu_15370_p2   |         -|   0|  0|   18|          18|          18|
    |empty_486_fu_15408_p2   |         -|   0|  0|   18|          18|          18|
    |empty_488_fu_15430_p2   |         -|   0|  0|   18|          18|          18|
    |empty_48_fu_9734_p2     |         -|   0|  0|   16|          16|          16|
    |empty_490_fu_15468_p2   |         -|   0|  0|   18|          18|          18|
    |empty_492_fu_15490_p2   |         -|   0|  0|   18|          18|          18|
    |empty_494_fu_15528_p2   |         -|   0|  0|   18|          18|          18|
    |empty_496_fu_15550_p2   |         -|   0|  0|   18|          18|          18|
    |empty_50_fu_9757_p2     |         -|   0|  0|   18|          18|          18|
    |empty_51_fu_9817_p2     |         -|   0|  0|   16|          16|          16|
    |empty_529_fu_15615_p2   |         -|   0|  0|   64|          64|          64|
    |empty_532_fu_15642_p2   |         -|   0|  0|   18|          18|          18|
    |empty_534_fu_15688_p2   |         -|   0|  0|   18|          18|          18|
    |empty_536_fu_15710_p2   |         -|   0|  0|   18|          18|          18|
    |empty_538_fu_15768_p2   |         -|   0|  0|   18|          18|          18|
    |empty_53_fu_9840_p2     |         -|   0|  0|   18|          18|          18|
    |empty_540_fu_15790_p2   |         -|   0|  0|   18|          18|          18|
    |empty_542_fu_15848_p2   |         -|   0|  0|   18|          18|          18|
    |empty_544_fu_15870_p2   |         -|   0|  0|   18|          18|          18|
    |empty_545_fu_15936_p2   |         -|   0|  0|   64|          64|          64|
    |empty_548_fu_15962_p2   |         -|   0|  0|   18|          18|          18|
    |empty_54_fu_9884_p2     |         -|   0|  0|   16|          16|          16|
    |empty_550_fu_16022_p2   |         -|   0|  0|   18|          18|          18|
    |empty_552_fu_16044_p2   |         -|   0|  0|   18|          18|          18|
    |empty_554_fu_16102_p2   |         -|   0|  0|   18|          18|          18|
    |empty_556_fu_16124_p2   |         -|   0|  0|   18|          18|          18|
    |empty_558_fu_16182_p2   |         -|   0|  0|   18|          18|          18|
    |empty_560_fu_16204_p2   |         -|   0|  0|   18|          18|          18|
    |empty_56_fu_9907_p2     |         -|   0|  0|   18|          18|          18|
    |empty_577_fu_16285_p2   |         -|   0|  0|   18|          18|          18|
    |empty_579_fu_16308_p2   |         -|   0|  0|   18|          18|          18|
    |empty_57_fu_9967_p2     |         -|   0|  0|   16|          16|          16|
    |empty_581_fu_16338_p2   |         -|   0|  0|   18|          18|          18|
    |empty_583_fu_16360_p2   |         -|   0|  0|   18|          18|          18|
    |empty_585_fu_16398_p2   |         -|   0|  0|   18|          18|          18|
    |empty_587_fu_16420_p2   |         -|   0|  0|   18|          18|          18|
    |empty_589_fu_16458_p2   |         -|   0|  0|   18|          18|          18|
    |empty_591_fu_16480_p2   |         -|   0|  0|   18|          18|          18|
    |empty_592_fu_16522_p2   |         -|   0|  0|   18|          18|          18|
    |empty_594_fu_16544_p2   |         -|   0|  0|   18|          18|          18|
    |empty_596_fu_16582_p2   |         -|   0|  0|   18|          18|          18|
    |empty_598_fu_16604_p2   |         -|   0|  0|   18|          18|          18|
    |empty_59_fu_9990_p2     |         -|   0|  0|   18|          18|          18|
    |empty_600_fu_16642_p2   |         -|   0|  0|   18|          18|          18|
    |empty_602_fu_16664_p2   |         -|   0|  0|   18|          18|          18|
    |empty_604_fu_16702_p2   |         -|   0|  0|   18|          18|          18|
    |empty_606_fu_16724_p2   |         -|   0|  0|   18|          18|          18|
    |empty_60_fu_10034_p2    |         -|   0|  0|   16|          16|          16|
    |empty_62_fu_10057_p2    |         -|   0|  0|   18|          18|          18|
    |empty_639_fu_16789_p2   |         -|   0|  0|   64|          64|          64|
    |empty_63_fu_10130_p2    |         -|   0|  0|   18|          18|          18|
    |empty_641_fu_16812_p2   |         -|   0|  0|   18|          18|          18|
    |empty_643_fu_16878_p2   |         -|   0|  0|   18|          18|          18|
    |empty_645_fu_16900_p2   |         -|   0|  0|   18|          18|          18|
    |empty_647_fu_16978_p2   |         -|   0|  0|   18|          18|          18|
    |empty_649_fu_17000_p2   |         -|   0|  0|   18|          18|          18|
    |empty_651_fu_17078_p2   |         -|   0|  0|   18|          18|          18|
    |empty_653_fu_17100_p2   |         -|   0|  0|   18|          18|          18|
    |empty_654_fu_17186_p2   |         -|   0|  0|   64|          64|          64|
    |empty_656_fu_17208_p2   |         -|   0|  0|   18|          18|          18|
    |empty_658_fu_17282_p2   |         -|   0|  0|   18|          18|          18|
    |empty_65_fu_10153_p2    |         -|   0|  0|   18|          18|          18|
    |empty_660_fu_17304_p2   |         -|   0|  0|   18|          18|          18|
    |empty_662_fu_17382_p2   |         -|   0|  0|   18|          18|          18|
    |empty_664_fu_17404_p2   |         -|   0|  0|   18|          18|          18|
    |empty_666_fu_17482_p2   |         -|   0|  0|   18|          18|          18|
    |empty_668_fu_17504_p2   |         -|   0|  0|   18|          18|          18|
    |empty_669_fu_17605_p2   |         -|   0|  0|   18|          18|          18|
    |empty_671_fu_17628_p2   |         -|   0|  0|   18|          18|          18|
    |empty_673_fu_17658_p2   |         -|   0|  0|   18|          18|          18|
    |empty_675_fu_17680_p2   |         -|   0|  0|   18|          18|          18|
    |empty_677_fu_17718_p2   |         -|   0|  0|   18|          18|          18|
    |empty_679_fu_17740_p2   |         -|   0|  0|   18|          18|          18|
    |empty_67_fu_10183_p2    |         -|   0|  0|   18|          18|          18|
    |empty_681_fu_17778_p2   |         -|   0|  0|   18|          18|          18|
    |empty_683_fu_17800_p2   |         -|   0|  0|   18|          18|          18|
    |empty_684_fu_17842_p2   |         -|   0|  0|   18|          18|          18|
    |empty_686_fu_17864_p2   |         -|   0|  0|   18|          18|          18|
    |empty_688_fu_17902_p2   |         -|   0|  0|   18|          18|          18|
    |empty_690_fu_17924_p2   |         -|   0|  0|   18|          18|          18|
    |empty_692_fu_17962_p2   |         -|   0|  0|   18|          18|          18|
    |empty_694_fu_17984_p2   |         -|   0|  0|   18|          18|          18|
    |empty_696_fu_18022_p2   |         -|   0|  0|   18|          18|          18|
    |empty_698_fu_18044_p2   |         -|   0|  0|   18|          18|          18|
    |empty_69_fu_10205_p2    |         -|   0|  0|   18|          18|          18|
    |empty_71_fu_10243_p2    |         -|   0|  0|   18|          18|          18|
    |empty_731_fu_18109_p2   |         -|   0|  0|   64|          64|          64|
    |empty_734_fu_18136_p2   |         -|   0|  0|   18|          18|          18|
    |empty_736_fu_18182_p2   |         -|   0|  0|   18|          18|          18|
    |empty_738_fu_18204_p2   |         -|   0|  0|   18|          18|          18|
    |empty_73_fu_10265_p2    |         -|   0|  0|   18|          18|          18|
    |empty_740_fu_18262_p2   |         -|   0|  0|   18|          18|          18|
    |empty_742_fu_18284_p2   |         -|   0|  0|   18|          18|          18|
    |empty_744_fu_18342_p2   |         -|   0|  0|   18|          18|          18|
    |empty_746_fu_18364_p2   |         -|   0|  0|   18|          18|          18|
    |empty_747_fu_18430_p2   |         -|   0|  0|   64|          64|          64|
    |empty_750_fu_18456_p2   |         -|   0|  0|   18|          18|          18|
    |empty_752_fu_18510_p2   |         -|   0|  0|   18|          18|          18|
    |empty_754_fu_18532_p2   |         -|   0|  0|   18|          18|          18|
    |empty_756_fu_18590_p2   |         -|   0|  0|   18|          18|          18|
    |empty_758_fu_18612_p2   |         -|   0|  0|   18|          18|          18|
    |empty_75_fu_10303_p2    |         -|   0|  0|   18|          18|          18|
    |empty_760_fu_18670_p2   |         -|   0|  0|   18|          18|          18|
    |empty_762_fu_18692_p2   |         -|   0|  0|   18|          18|          18|
    |empty_779_fu_18773_p2   |         -|   0|  0|   18|          18|          18|
    |empty_77_fu_10325_p2    |         -|   0|  0|   18|          18|          18|
    |empty_781_fu_18796_p2   |         -|   0|  0|   18|          18|          18|
    |empty_783_fu_18885_p2   |         -|   0|  0|   18|          18|          18|
    |empty_785_fu_18901_p2   |         -|   0|  0|   18|          18|          18|
    |empty_787_fu_18933_p2   |         -|   0|  0|   18|          18|          18|
    |empty_789_fu_18949_p2   |         -|   0|  0|   18|          18|          18|
    |empty_78_fu_10367_p2    |         -|   0|  0|   18|          18|          18|
    |empty_791_fu_18981_p2   |         -|   0|  0|   18|          18|          18|
    |empty_793_fu_18997_p2   |         -|   0|  0|   18|          18|          18|
    |empty_794_fu_19039_p2   |         -|   0|  0|   18|          18|          18|
    |empty_796_fu_19055_p2   |         -|   0|  0|   18|          18|          18|
    |empty_798_fu_19087_p2   |         -|   0|  0|   18|          18|          18|
    |empty_800_fu_19103_p2   |         -|   0|  0|   18|          18|          18|
    |empty_802_fu_19135_p2   |         -|   0|  0|   18|          18|          18|
    |empty_804_fu_19151_p2   |         -|   0|  0|   18|          18|          18|
    |empty_806_fu_19183_p2   |         -|   0|  0|   18|          18|          18|
    |empty_808_fu_19199_p2   |         -|   0|  0|   18|          18|          18|
    |empty_80_fu_10389_p2    |         -|   0|  0|   18|          18|          18|
    |empty_82_fu_10427_p2    |         -|   0|  0|   18|          18|          18|
    |empty_84_fu_10449_p2    |         -|   0|  0|   18|          18|          18|
    |empty_86_fu_10487_p2    |         -|   0|  0|   18|          18|          18|
    |empty_88_fu_10509_p2    |         -|   0|  0|   18|          18|          18|
    |empty_90_fu_10547_p2    |         -|   0|  0|   18|          18|          18|
    |empty_92_fu_10569_p2    |         -|   0|  0|   18|          18|          18|
    |icmp_ln36_1_fu_8972_p2  |      icmp|   0|  0|    4|           8|           4|
    |icmp_ln36_fu_8770_p2    |      icmp|   0|  0|    3|           8|           7|
    |select_ln36_fu_8978_p3  |    select|   0|  0|    7|           1|           8|
    +------------------------+----------+----+---+-----+------------+------------+
    |Total                   |          |   0|  0|14990|       14993|        9726|
    +------------------------+----------+----+---+-----+------------+------------+

    * Multiplexer: 
    +--------------------+------+-----------+-----+-----------+
    |        Name        |  LUT | Input Size| Bits| Total Bits|
    +--------------------+------+-----------+-----+-----------+
    |ap_NS_fsm           |  1368|        389|    1|        389|
    |img_address0_local  |  5472|        385|   18|       6930|
    |img_address1_local  |  5472|        385|   18|       6930|
    |p_fu_1006           |     8|          2|    8|         16|
    |phi_mul_fu_1002     |    16|          2|   16|         32|
    |px_fu_998           |     8|          2|    8|         16|
    +--------------------+------+-----------+-----+-----------+
    |Total               | 12344|       1165|   69|      14313|
    +--------------------+------+-----------+-----+-----------+

    * Register: 
    +----------------------------------------------------------+-----+----+-----+-----------+
    |                           Name                           |  FF | LUT| Bits| Const Bits|
    +----------------------------------------------------------+-----+----+-----+-----------+
    |add16_10_cast_reg_30718                                   |    4|   0|   16|         12|
    |add16_11_cast_reg_31007                                   |    4|   0|   16|         12|
    |add16_12_cast_reg_31424                                   |    4|   0|   16|         12|
    |add16_13_cast_reg_31713                                   |    4|   0|   16|         12|
    |add16_1_cast_reg_27640                                    |    4|   0|   16|         12|
    |add16_2_cast_reg_28001                                    |    4|   0|   16|         12|
    |add16_3_cast_reg_28290                                    |    4|   0|   16|         12|
    |add16_4_cast_reg_28707                                    |    4|   0|   16|         12|
    |add16_5_cast_reg_28996                                    |    4|   0|   16|         12|
    |add16_6_cast_reg_29362                                    |    4|   0|   16|         12|
    |add16_7_cast_reg_29651                                    |    4|   0|   16|         12|
    |add16_8_cast_reg_30068                                    |    4|   0|   16|         12|
    |add16_9_cast_reg_30357                                    |    4|   0|   16|         12|
    |add16_cast_reg_27351                                      |    4|   0|   16|         12|
    |ap_CS_fsm                                                 |  388|   0|  388|          0|
    |empty_100_reg_32669                                       |   14|   0|   18|          4|
    |empty_101_reg_32694                                       |   14|   0|   18|          4|
    |empty_102_reg_32699                                       |   14|   0|   18|          4|
    |empty_103_reg_32724                                       |   14|   0|   18|          4|
    |empty_104_reg_32729                                       |   14|   0|   18|          4|
    |empty_105_reg_32754                                       |   14|   0|   18|          4|
    |empty_106_reg_32759                                       |   14|   0|   18|          4|
    |empty_107_reg_32784                                       |   14|   0|   18|          4|
    |empty_108_reg_32789                                       |   14|   0|   18|          4|
    |empty_109_reg_35784                                       |   14|   0|   18|          4|
    |empty_110_reg_35789                                       |   14|   0|   18|          4|
    |empty_111_reg_35814                                       |   14|   0|   18|          4|
    |empty_112_reg_35819                                       |   14|   0|   18|          4|
    |empty_113_reg_35844                                       |   14|   0|   18|          4|
    |empty_114_reg_35849                                       |   14|   0|   18|          4|
    |empty_115_reg_35874                                       |   14|   0|   18|          4|
    |empty_116_reg_35879                                       |   14|   0|   18|          4|
    |empty_117_reg_35904                                       |   14|   0|   18|          4|
    |empty_118_reg_35909                                       |   14|   0|   18|          4|
    |empty_119_reg_35934                                       |   14|   0|   18|          4|
    |empty_120_reg_35939                                       |   14|   0|   18|          4|
    |empty_121_reg_35964                                       |   14|   0|   18|          4|
    |empty_122_reg_35969                                       |   14|   0|   18|          4|
    |empty_123_reg_35994                                       |   14|   0|   18|          4|
    |empty_124_reg_35999                                       |   14|   0|   18|          4|
    |empty_125_reg_27657                                       |   60|   0|   64|          4|
    |empty_126_reg_27662                                       |   14|   0|   18|          4|
    |empty_128_reg_27667                                       |   14|   0|   18|          4|
    |empty_130_reg_27703                                       |   14|   0|   18|          4|
    |empty_132_reg_27709                                       |   14|   0|   18|          4|
    |empty_134_reg_27735                                       |   14|   0|   18|          4|
    |empty_136_reg_27741                                       |   14|   0|   18|          4|
    |empty_138_reg_27777                                       |   14|   0|   18|          4|
    |empty_140_reg_27783                                       |   14|   0|   18|          4|
    |empty_141_reg_27819                                       |   60|   0|   64|          4|
    |empty_142_reg_27824                                       |   14|   0|   18|          4|
    |empty_144_reg_27829                                       |   14|   0|   18|          4|
    |empty_146_reg_27865                                       |   14|   0|   18|          4|
    |empty_148_reg_27871                                       |   14|   0|   18|          4|
    |empty_150_reg_27907                                       |   14|   0|   18|          4|
    |empty_152_reg_27913                                       |   14|   0|   18|          4|
    |empty_154_reg_27949                                       |   14|   0|   18|          4|
    |empty_156_reg_27955                                       |   14|   0|   18|          4|
    |empty_157_reg_36024                                       |   14|   0|   18|          4|
    |empty_158_reg_36029                                       |   14|   0|   18|          4|
    |empty_159_reg_36054                                       |   14|   0|   18|          4|
    |empty_160_reg_36059                                       |   14|   0|   18|          4|
    |empty_161_reg_36084                                       |   14|   0|   18|          4|
    |empty_162_reg_36089                                       |   14|   0|   18|          4|
    |empty_163_reg_36114                                       |   14|   0|   18|          4|
    |empty_164_reg_36119                                       |   14|   0|   18|          4|
    |empty_165_reg_36144                                       |   14|   0|   18|          4|
    |empty_166_reg_36149                                       |   14|   0|   18|          4|
    |empty_167_reg_36174                                       |   14|   0|   18|          4|
    |empty_168_reg_36179                                       |   14|   0|   18|          4|
    |empty_169_reg_36204                                       |   14|   0|   18|          4|
    |empty_170_reg_36209                                       |   14|   0|   18|          4|
    |empty_171_reg_36234                                       |   14|   0|   18|          4|
    |empty_172_reg_36239                                       |   14|   0|   18|          4|
    |empty_173_reg_28018                                       |   14|   0|   18|          4|
    |empty_175_reg_28025                                       |   14|   0|   18|          4|
    |empty_177_reg_28052                                       |   14|   0|   18|          4|
    |empty_179_reg_28059                                       |   14|   0|   18|          4|
    |empty_181_reg_28076                                       |   14|   0|   18|          4|
    |empty_183_reg_28083                                       |   14|   0|   18|          4|
    |empty_185_reg_28110                                       |   14|   0|   18|          4|
    |empty_187_reg_28117                                       |   14|   0|   18|          4|
    |empty_188_reg_28144                                       |   14|   0|   18|          4|
    |empty_18_reg_26661                                        |   60|   0|   64|          4|
    |empty_190_reg_28151                                       |   14|   0|   18|          4|
    |empty_192_reg_28178                                       |   14|   0|   18|          4|
    |empty_194_reg_28185                                       |   14|   0|   18|          4|
    |empty_196_reg_28212                                       |   14|   0|   18|          4|
    |empty_198_reg_28219                                       |   14|   0|   18|          4|
    |empty_19_reg_26676                                        |    7|   0|   16|          9|
    |empty_200_reg_28246                                       |   14|   0|   18|          4|
    |empty_202_reg_28253                                       |   14|   0|   18|          4|
    |empty_203_reg_32974                                       |   14|   0|   18|          4|
    |empty_204_reg_32979                                       |   14|   0|   18|          4|
    |empty_205_reg_33004                                       |   14|   0|   18|          4|
    |empty_206_reg_33009                                       |   14|   0|   18|          4|
    |empty_207_reg_33034                                       |   14|   0|   18|          4|
    |empty_208_reg_33039                                       |   14|   0|   18|          4|
    |empty_209_reg_33064                                       |   14|   0|   18|          4|
    |empty_210_reg_33069                                       |   14|   0|   18|          4|
    |empty_211_reg_33094                                       |   14|   0|   18|          4|
    |empty_212_reg_33099                                       |   14|   0|   18|          4|
    |empty_213_reg_33124                                       |   14|   0|   18|          4|
    |empty_214_reg_33129                                       |   14|   0|   18|          4|
    |empty_215_reg_33154                                       |   14|   0|   18|          4|
    |empty_216_reg_33159                                       |   14|   0|   18|          4|
    |empty_217_reg_33184                                       |   14|   0|   18|          4|
    |empty_218_reg_33189                                       |   14|   0|   18|          4|
    |empty_219_reg_36264                                       |   14|   0|   18|          4|
    |empty_21_reg_26695                                        |   14|   0|   18|          4|
    |empty_220_reg_36269                                       |   14|   0|   18|          4|
    |empty_221_reg_36294                                       |   14|   0|   18|          4|
    |empty_222_reg_36299                                       |   14|   0|   18|          4|
    |empty_223_reg_36324                                       |   14|   0|   18|          4|
    |empty_224_reg_36329                                       |   14|   0|   18|          4|
    |empty_225_reg_36354                                       |   14|   0|   18|          4|
    |empty_226_reg_36359                                       |   14|   0|   18|          4|
    |empty_227_reg_36384                                       |   14|   0|   18|          4|
    |empty_228_reg_36389                                       |   14|   0|   18|          4|
    |empty_229_reg_36414                                       |   14|   0|   18|          4|
    |empty_22_reg_26720                                        |    7|   0|   16|          9|
    |empty_230_reg_36419                                       |   14|   0|   18|          4|
    |empty_231_reg_36444                                       |   14|   0|   18|          4|
    |empty_232_reg_36449                                       |   14|   0|   18|          4|
    |empty_233_reg_36474                                       |   14|   0|   18|          4|
    |empty_234_reg_36479                                       |   14|   0|   18|          4|
    |empty_235_reg_28307                                       |   60|   0|   64|          4|
    |empty_237_reg_28312                                       |   14|   0|   18|          4|
    |empty_239_reg_28357                                       |   14|   0|   18|          4|
    |empty_241_reg_28362                                       |   14|   0|   18|          4|
    |empty_243_reg_28397                                       |   14|   0|   18|          4|
    |empty_245_reg_28402                                       |   14|   0|   18|          4|
    |empty_247_reg_28447                                       |   14|   0|   18|          4|
    |empty_249_reg_28452                                       |   14|   0|   18|          4|
    |empty_24_reg_26739                                        |   14|   0|   18|          4|
    |empty_250_reg_28497                                       |   60|   0|   64|          4|
    |empty_252_reg_28502                                       |   14|   0|   18|          4|
    |empty_254_reg_28547                                       |   14|   0|   18|          4|
    |empty_256_reg_28552                                       |   14|   0|   18|          4|
    |empty_258_reg_28597                                       |   14|   0|   18|          4|
    |empty_25_reg_26754                                        |    7|   0|   16|          9|
    |empty_260_reg_28602                                       |   14|   0|   18|          4|
    |empty_262_reg_28647                                       |   14|   0|   18|          4|
    |empty_264_reg_28652                                       |   14|   0|   18|          4|
    |empty_265_reg_28724                                       |   14|   0|   18|          4|
    |empty_267_reg_28731                                       |   14|   0|   18|          4|
    |empty_269_reg_28758                                       |   14|   0|   18|          4|
    |empty_271_reg_28765                                       |   14|   0|   18|          4|
    |empty_273_reg_28782                                       |   14|   0|   18|          4|
    |empty_275_reg_28789                                       |   14|   0|   18|          4|
    |empty_277_reg_28816                                       |   14|   0|   18|          4|
    |empty_279_reg_28823                                       |   14|   0|   18|          4|
    |empty_27_reg_26773                                        |   14|   0|   18|          4|
    |empty_280_reg_28850                                       |   14|   0|   18|          4|
    |empty_282_reg_28857                                       |   14|   0|   18|          4|
    |empty_284_reg_28884                                       |   14|   0|   18|          4|
    |empty_286_reg_28891                                       |   14|   0|   18|          4|
    |empty_288_reg_28918                                       |   14|   0|   18|          4|
    |empty_28_reg_26808                                        |    7|   0|   16|          9|
    |empty_290_reg_28925                                       |   14|   0|   18|          4|
    |empty_292_reg_28952                                       |   14|   0|   18|          4|
    |empty_294_reg_28959                                       |   14|   0|   18|          4|
    |empty_295_reg_33374                                       |   14|   0|   18|          4|
    |empty_296_reg_33379                                       |   14|   0|   18|          4|
    |empty_297_reg_33404                                       |   14|   0|   18|          4|
    |empty_298_reg_33409                                       |   14|   0|   18|          4|
    |empty_299_reg_33434                                       |   14|   0|   18|          4|
    |empty_300_reg_33439                                       |   14|   0|   18|          4|
    |empty_301_reg_33464                                       |   14|   0|   18|          4|
    |empty_302_reg_33469                                       |   14|   0|   18|          4|
    |empty_303_reg_33494                                       |   14|   0|   18|          4|
    |empty_304_reg_33499                                       |   14|   0|   18|          4|
    |empty_305_reg_33524                                       |   14|   0|   18|          4|
    |empty_306_reg_33529                                       |   14|   0|   18|          4|
    |empty_307_reg_33554                                       |   14|   0|   18|          4|
    |empty_308_reg_33559                                       |   14|   0|   18|          4|
    |empty_309_reg_33584                                       |   14|   0|   18|          4|
    |empty_30_reg_26827                                        |   14|   0|   18|          4|
    |empty_310_reg_33589                                       |   14|   0|   18|          4|
    |empty_311_reg_36664                                       |   14|   0|   18|          4|
    |empty_312_reg_36669                                       |   14|   0|   18|          4|
    |empty_313_reg_36694                                       |   14|   0|   18|          4|
    |empty_314_reg_36699                                       |   14|   0|   18|          4|
    |empty_315_reg_36724                                       |   14|   0|   18|          4|
    |empty_316_reg_36729                                       |   14|   0|   18|          4|
    |empty_317_reg_36754                                       |   14|   0|   18|          4|
    |empty_318_reg_36759                                       |   14|   0|   18|          4|
    |empty_319_reg_36784                                       |   14|   0|   18|          4|
    |empty_31_reg_26842                                        |    7|   0|   16|          9|
    |empty_320_reg_36789                                       |   14|   0|   18|          4|
    |empty_321_reg_36814                                       |   14|   0|   18|          4|
    |empty_322_reg_36819                                       |   14|   0|   18|          4|
    |empty_323_reg_36844                                       |   14|   0|   18|          4|
    |empty_324_reg_36849                                       |   14|   0|   18|          4|
    |empty_325_reg_36874                                       |   14|   0|   18|          4|
    |empty_326_reg_36879                                       |   14|   0|   18|          4|
    |empty_327_reg_29013                                       |   60|   0|   64|          4|
    |empty_328_reg_29018                                       |   14|   0|   18|          4|
    |empty_330_reg_29023                                       |   14|   0|   18|          4|
    |empty_332_reg_29059                                       |   14|   0|   18|          4|
    |empty_334_reg_29065                                       |   14|   0|   18|          4|
    |empty_336_reg_29091                                       |   14|   0|   18|          4|
    |empty_338_reg_29097                                       |   14|   0|   18|          4|
    |empty_33_reg_26861                                        |   14|   0|   18|          4|
    |empty_340_reg_29133                                       |   14|   0|   18|          4|
    |empty_342_reg_29139                                       |   14|   0|   18|          4|
    |empty_343_reg_29175                                       |   60|   0|   64|          4|
    |empty_344_reg_29180                                       |   14|   0|   18|          4|
    |empty_346_reg_29185                                       |   14|   0|   18|          4|
    |empty_348_reg_29221                                       |   14|   0|   18|          4|
    |empty_34_reg_26896                                        |    7|   0|   16|          9|
    |empty_350_reg_29227                                       |   14|   0|   18|          4|
    |empty_352_reg_29263                                       |   14|   0|   18|          4|
    |empty_354_reg_29269                                       |   14|   0|   18|          4|
    |empty_356_reg_29310                                       |   14|   0|   18|          4|
    |empty_358_reg_29316                                       |   14|   0|   18|          4|
    |empty_359_reg_36904                                       |   14|   0|   18|          4|
    |empty_360_reg_36909                                       |   14|   0|   18|          4|
    |empty_361_reg_36934                                       |   14|   0|   18|          4|
    |empty_362_reg_36939                                       |   14|   0|   18|          4|
    |empty_363_reg_36964                                       |   14|   0|   18|          4|
    |empty_364_reg_36969                                       |   14|   0|   18|          4|
    |empty_365_reg_36994                                       |   14|   0|   18|          4|
    |empty_366_reg_36999                                       |   14|   0|   18|          4|
    |empty_367_reg_37024                                       |   14|   0|   18|          4|
    |empty_368_reg_37029                                       |   14|   0|   18|          4|
    |empty_369_reg_37054                                       |   14|   0|   18|          4|
    |empty_36_reg_26915                                        |   14|   0|   18|          4|
    |empty_370_reg_29285                                       |   14|   0|   18|          4|
    |empty_371_reg_37079                                       |   14|   0|   18|          4|
    |empty_372_reg_37084                                       |   14|   0|   18|          4|
    |empty_373_reg_37109                                       |   14|   0|   18|          4|
    |empty_374_reg_37114                                       |   14|   0|   18|          4|
    |empty_375_reg_29379                                       |   14|   0|   18|          4|
    |empty_377_reg_29386                                       |   14|   0|   18|          4|
    |empty_379_reg_29413                                       |   14|   0|   18|          4|
    |empty_37_reg_26930                                        |    7|   0|   16|          9|
    |empty_381_reg_29420                                       |   14|   0|   18|          4|
    |empty_383_reg_29437                                       |   14|   0|   18|          4|
    |empty_385_reg_29444                                       |   14|   0|   18|          4|
    |empty_387_reg_29471                                       |   14|   0|   18|          4|
    |empty_389_reg_29478                                       |   14|   0|   18|          4|
    |empty_390_reg_29505                                       |   14|   0|   18|          4|
    |empty_392_reg_29512                                       |   14|   0|   18|          4|
    |empty_394_reg_29539                                       |   14|   0|   18|          4|
    |empty_396_reg_29546                                       |   14|   0|   18|          4|
    |empty_398_reg_29573                                       |   14|   0|   18|          4|
    |empty_39_reg_26949                                        |   14|   0|   18|          4|
    |empty_400_reg_29580                                       |   14|   0|   18|          4|
    |empty_402_reg_29607                                       |   14|   0|   18|          4|
    |empty_404_reg_29614                                       |   14|   0|   18|          4|
    |empty_405_reg_33774                                       |   14|   0|   18|          4|
    |empty_406_reg_33779                                       |   14|   0|   18|          4|
    |empty_407_reg_33804                                       |   14|   0|   18|          4|
    |empty_408_reg_33809                                       |   14|   0|   18|          4|
    |empty_409_reg_33839                                       |   14|   0|   18|          4|
    |empty_410_reg_33844                                       |   14|   0|   18|          4|
    |empty_411_reg_33869                                       |   14|   0|   18|          4|
    |empty_412_reg_33874                                       |   14|   0|   18|          4|
    |empty_413_reg_33899                                       |   14|   0|   18|          4|
    |empty_414_reg_33904                                       |   14|   0|   18|          4|
    |empty_415_reg_33929                                       |   14|   0|   18|          4|
    |empty_416_reg_33934                                       |   14|   0|   18|          4|
    |empty_417_reg_33959                                       |   14|   0|   18|          4|
    |empty_418_reg_33964                                       |   14|   0|   18|          4|
    |empty_419_reg_33989                                       |   14|   0|   18|          4|
    |empty_41_reg_27018                                        |   60|   0|   64|          4|
    |empty_420_reg_33994                                       |   14|   0|   18|          4|
    |empty_421_reg_37139                                       |   14|   0|   18|          4|
    |empty_422_reg_37144                                       |   14|   0|   18|          4|
    |empty_423_reg_37169                                       |   14|   0|   18|          4|
    |empty_424_reg_33814                                       |   14|   0|   18|          4|
    |empty_425_reg_37194                                       |   14|   0|   18|          4|
    |empty_426_reg_37199                                       |   14|   0|   18|          4|
    |empty_427_reg_37224                                       |   14|   0|   18|          4|
    |empty_428_reg_37229                                       |   14|   0|   18|          4|
    |empty_429_reg_37254                                       |   14|   0|   18|          4|
    |empty_42_reg_27033                                        |    7|   0|   16|          9|
    |empty_430_reg_37259                                       |   14|   0|   18|          4|
    |empty_431_reg_37284                                       |   14|   0|   18|          4|
    |empty_432_reg_37289                                       |   14|   0|   18|          4|
    |empty_433_reg_37314                                       |   14|   0|   18|          4|
    |empty_434_reg_37319                                       |   14|   0|   18|          4|
    |empty_435_reg_37344                                       |   14|   0|   18|          4|
    |empty_436_reg_37349                                       |   14|   0|   18|          4|
    |empty_437_reg_29668                                       |   60|   0|   64|          4|
    |empty_439_reg_29673                                       |   14|   0|   18|          4|
    |empty_441_reg_29718                                       |   14|   0|   18|          4|
    |empty_443_reg_29723                                       |   14|   0|   18|          4|
    |empty_445_reg_29758                                       |   14|   0|   18|          4|
    |empty_447_reg_29763                                       |   14|   0|   18|          4|
    |empty_449_reg_29808                                       |   14|   0|   18|          4|
    |empty_44_reg_27052                                        |   14|   0|   18|          4|
    |empty_451_reg_29813                                       |   14|   0|   18|          4|
    |empty_452_reg_29858                                       |   60|   0|   64|          4|
    |empty_454_reg_29863                                       |   14|   0|   18|          4|
    |empty_456_reg_29908                                       |   14|   0|   18|          4|
    |empty_458_reg_29913                                       |   14|   0|   18|          4|
    |empty_45_reg_27087                                        |    7|   0|   16|          9|
    |empty_460_reg_29958                                       |   14|   0|   18|          4|
    |empty_462_reg_29963                                       |   14|   0|   18|          4|
    |empty_464_reg_30008                                       |   14|   0|   18|          4|
    |empty_466_reg_30013                                       |   14|   0|   18|          4|
    |empty_467_reg_30085                                       |   14|   0|   18|          4|
    |empty_469_reg_30092                                       |   14|   0|   18|          4|
    |empty_471_reg_30119                                       |   14|   0|   18|          4|
    |empty_473_reg_30126                                       |   14|   0|   18|          4|
    |empty_475_reg_30143                                       |   14|   0|   18|          4|
    |empty_477_reg_30150                                       |   14|   0|   18|          4|
    |empty_479_reg_30177                                       |   14|   0|   18|          4|
    |empty_47_reg_27106                                        |   14|   0|   18|          4|
    |empty_481_reg_30184                                       |   14|   0|   18|          4|
    |empty_482_reg_30211                                       |   14|   0|   18|          4|
    |empty_484_reg_30218                                       |   14|   0|   18|          4|
    |empty_486_reg_30245                                       |   14|   0|   18|          4|
    |empty_488_reg_30252                                       |   14|   0|   18|          4|
    |empty_48_reg_27121                                        |    7|   0|   16|          9|
    |empty_490_reg_30279                                       |   14|   0|   18|          4|
    |empty_492_reg_30286                                       |   14|   0|   18|          4|
    |empty_494_reg_30313                                       |   14|   0|   18|          4|
    |empty_496_reg_30320                                       |   14|   0|   18|          4|
    |empty_497_reg_34179                                       |   14|   0|   18|          4|
    |empty_498_reg_34184                                       |   14|   0|   18|          4|
    |empty_499_reg_34209                                       |   14|   0|   18|          4|
    |empty_500_reg_34214                                       |   14|   0|   18|          4|
    |empty_501_reg_34239                                       |   14|   0|   18|          4|
    |empty_502_reg_34244                                       |   14|   0|   18|          4|
    |empty_503_reg_34269                                       |   14|   0|   18|          4|
    |empty_504_reg_34274                                       |   14|   0|   18|          4|
    |empty_505_reg_34299                                       |   14|   0|   18|          4|
    |empty_506_reg_34304                                       |   14|   0|   18|          4|
    |empty_507_reg_34329                                       |   14|   0|   18|          4|
    |empty_508_reg_34334                                       |   14|   0|   18|          4|
    |empty_509_reg_34359                                       |   14|   0|   18|          4|
    |empty_50_reg_27140                                        |   14|   0|   18|          4|
    |empty_510_reg_34364                                       |   14|   0|   18|          4|
    |empty_511_reg_34389                                       |   14|   0|   18|          4|
    |empty_512_reg_34394                                       |   14|   0|   18|          4|
    |empty_513_reg_37534                                       |   14|   0|   18|          4|
    |empty_514_reg_37539                                       |   14|   0|   18|          4|
    |empty_515_reg_37564                                       |   14|   0|   18|          4|
    |empty_516_reg_37569                                       |   14|   0|   18|          4|
    |empty_517_reg_37594                                       |   14|   0|   18|          4|
    |empty_518_reg_37599                                       |   14|   0|   18|          4|
    |empty_519_reg_37624                                       |   14|   0|   18|          4|
    |empty_51_reg_27175                                        |    7|   0|   16|          9|
    |empty_520_reg_37629                                       |   14|   0|   18|          4|
    |empty_521_reg_37654                                       |   14|   0|   18|          4|
    |empty_522_reg_37659                                       |   14|   0|   18|          4|
    |empty_523_reg_37684                                       |   14|   0|   18|          4|
    |empty_524_reg_37689                                       |   14|   0|   18|          4|
    |empty_525_reg_37714                                       |   14|   0|   18|          4|
    |empty_526_reg_37719                                       |   14|   0|   18|          4|
    |empty_527_reg_37744                                       |   14|   0|   18|          4|
    |empty_528_reg_37749                                       |   14|   0|   18|          4|
    |empty_529_reg_30374                                       |   60|   0|   64|          4|
    |empty_530_reg_30379                                       |   14|   0|   18|          4|
    |empty_532_reg_30384                                       |   14|   0|   18|          4|
    |empty_534_reg_30420                                       |   14|   0|   18|          4|
    |empty_536_reg_30426                                       |   14|   0|   18|          4|
    |empty_538_reg_30452                                       |   14|   0|   18|          4|
    |empty_53_reg_27194                                        |   14|   0|   18|          4|
    |empty_540_reg_30458                                       |   14|   0|   18|          4|
    |empty_542_reg_30494                                       |   14|   0|   18|          4|
    |empty_544_reg_30500                                       |   14|   0|   18|          4|
    |empty_545_reg_30536                                       |   60|   0|   64|          4|
    |empty_548_reg_30541                                       |   14|   0|   18|          4|
    |empty_54_reg_27209                                        |    7|   0|   16|          9|
    |empty_550_reg_30582                                       |   14|   0|   18|          4|
    |empty_552_reg_30588                                       |   14|   0|   18|          4|
    |empty_554_reg_30624                                       |   14|   0|   18|          4|
    |empty_556_reg_30630                                       |   14|   0|   18|          4|
    |empty_558_reg_30666                                       |   14|   0|   18|          4|
    |empty_560_reg_30672                                       |   14|   0|   18|          4|
    |empty_561_reg_37774                                       |   14|   0|   18|          4|
    |empty_562_reg_37779                                       |   14|   0|   18|          4|
    |empty_563_reg_37804                                       |   14|   0|   18|          4|
    |empty_564_reg_37809                                       |   14|   0|   18|          4|
    |empty_565_reg_37834                                       |   14|   0|   18|          4|
    |empty_566_reg_37839                                       |   14|   0|   18|          4|
    |empty_567_reg_37864                                       |   14|   0|   18|          4|
    |empty_568_reg_37869                                       |   14|   0|   18|          4|
    |empty_569_reg_30557                                       |   14|   0|   18|          4|
    |empty_56_reg_27228                                        |   14|   0|   18|          4|
    |empty_570_reg_37894                                       |   14|   0|   18|          4|
    |empty_571_reg_37919                                       |   14|   0|   18|          4|
    |empty_572_reg_37924                                       |   14|   0|   18|          4|
    |empty_573_reg_37949                                       |   14|   0|   18|          4|
    |empty_574_reg_37954                                       |   14|   0|   18|          4|
    |empty_575_reg_37979                                       |   14|   0|   18|          4|
    |empty_576_reg_37984                                       |   14|   0|   18|          4|
    |empty_577_reg_30735                                       |   14|   0|   18|          4|
    |empty_579_reg_30742                                       |   14|   0|   18|          4|
    |empty_57_reg_27263                                        |    7|   0|   16|          9|
    |empty_581_reg_30769                                       |   14|   0|   18|          4|
    |empty_583_reg_30776                                       |   14|   0|   18|          4|
    |empty_585_reg_30793                                       |   14|   0|   18|          4|
    |empty_587_reg_30800                                       |   14|   0|   18|          4|
    |empty_589_reg_30827                                       |   14|   0|   18|          4|
    |empty_591_reg_30834                                       |   14|   0|   18|          4|
    |empty_592_reg_30861                                       |   14|   0|   18|          4|
    |empty_594_reg_30868                                       |   14|   0|   18|          4|
    |empty_596_reg_30895                                       |   14|   0|   18|          4|
    |empty_598_reg_30902                                       |   14|   0|   18|          4|
    |empty_59_reg_27282                                        |   14|   0|   18|          4|
    |empty_600_reg_30929                                       |   14|   0|   18|          4|
    |empty_602_reg_30936                                       |   14|   0|   18|          4|
    |empty_604_reg_30963                                       |   14|   0|   18|          4|
    |empty_606_reg_30970                                       |   14|   0|   18|          4|
    |empty_607_reg_34579                                       |   14|   0|   18|          4|
    |empty_608_reg_34584                                       |   14|   0|   18|          4|
    |empty_609_reg_34614                                       |   14|   0|   18|          4|
    |empty_60_reg_27297                                        |    7|   0|   16|          9|
    |empty_610_reg_34619                                       |   14|   0|   18|          4|
    |empty_611_reg_34644                                       |   14|   0|   18|          4|
    |empty_612_reg_34649                                       |   14|   0|   18|          4|
    |empty_613_reg_34674                                       |   14|   0|   18|          4|
    |empty_614_reg_34679                                       |   14|   0|   18|          4|
    |empty_615_reg_34704                                       |   14|   0|   18|          4|
    |empty_616_reg_34709                                       |   14|   0|   18|          4|
    |empty_617_reg_34734                                       |   14|   0|   18|          4|
    |empty_618_reg_34739                                       |   14|   0|   18|          4|
    |empty_619_reg_34764                                       |   14|   0|   18|          4|
    |empty_620_reg_34769                                       |   14|   0|   18|          4|
    |empty_621_reg_34794                                       |   14|   0|   18|          4|
    |empty_622_reg_34799                                       |   14|   0|   18|          4|
    |empty_623_reg_38009                                       |   14|   0|   18|          4|
    |empty_624_reg_34589                                       |   14|   0|   18|          4|
    |empty_625_reg_38034                                       |   14|   0|   18|          4|
    |empty_626_reg_38039                                       |   14|   0|   18|          4|
    |empty_627_reg_38064                                       |   14|   0|   18|          4|
    |empty_628_reg_38069                                       |   14|   0|   18|          4|
    |empty_629_reg_38094                                       |   14|   0|   18|          4|
    |empty_62_reg_27316                                        |   14|   0|   18|          4|
    |empty_630_reg_38099                                       |   14|   0|   18|          4|
    |empty_631_reg_38124                                       |   14|   0|   18|          4|
    |empty_632_reg_38129                                       |   14|   0|   18|          4|
    |empty_633_reg_38154                                       |   14|   0|   18|          4|
    |empty_634_reg_38159                                       |   14|   0|   18|          4|
    |empty_635_reg_38184                                       |   14|   0|   18|          4|
    |empty_636_reg_38189                                       |   14|   0|   18|          4|
    |empty_637_reg_38214                                       |   14|   0|   18|          4|
    |empty_638_reg_38219                                       |   14|   0|   18|          4|
    |empty_639_reg_31024                                       |   60|   0|   64|          4|
    |empty_63_reg_27368                                        |   14|   0|   18|          4|
    |empty_641_reg_31029                                       |   14|   0|   18|          4|
    |empty_643_reg_31074                                       |   14|   0|   18|          4|
    |empty_645_reg_31079                                       |   14|   0|   18|          4|
    |empty_647_reg_31114                                       |   14|   0|   18|          4|
    |empty_649_reg_31119                                       |   14|   0|   18|          4|
    |empty_651_reg_31164                                       |   14|   0|   18|          4|
    |empty_653_reg_31169                                       |   14|   0|   18|          4|
    |empty_654_reg_31214                                       |   60|   0|   64|          4|
    |empty_656_reg_31219                                       |   14|   0|   18|          4|
    |empty_658_reg_31264                                       |   14|   0|   18|          4|
    |empty_65_reg_27375                                        |   14|   0|   18|          4|
    |empty_660_reg_31269                                       |   14|   0|   18|          4|
    |empty_662_reg_31314                                       |   14|   0|   18|          4|
    |empty_664_reg_31319                                       |   14|   0|   18|          4|
    |empty_666_reg_31364                                       |   14|   0|   18|          4|
    |empty_668_reg_31369                                       |   14|   0|   18|          4|
    |empty_669_reg_31441                                       |   14|   0|   18|          4|
    |empty_671_reg_31448                                       |   14|   0|   18|          4|
    |empty_673_reg_31475                                       |   14|   0|   18|          4|
    |empty_675_reg_31482                                       |   14|   0|   18|          4|
    |empty_677_reg_31499                                       |   14|   0|   18|          4|
    |empty_679_reg_31506                                       |   14|   0|   18|          4|
    |empty_67_reg_27402                                        |   14|   0|   18|          4|
    |empty_681_reg_31533                                       |   14|   0|   18|          4|
    |empty_683_reg_31540                                       |   14|   0|   18|          4|
    |empty_684_reg_31567                                       |   14|   0|   18|          4|
    |empty_686_reg_31574                                       |   14|   0|   18|          4|
    |empty_688_reg_31601                                       |   14|   0|   18|          4|
    |empty_690_reg_31608                                       |   14|   0|   18|          4|
    |empty_692_reg_31635                                       |   14|   0|   18|          4|
    |empty_694_reg_31642                                       |   14|   0|   18|          4|
    |empty_696_reg_31669                                       |   14|   0|   18|          4|
    |empty_698_reg_31676                                       |   14|   0|   18|          4|
    |empty_699_reg_34984                                       |   14|   0|   18|          4|
    |empty_69_reg_27409                                        |   14|   0|   18|          4|
    |empty_700_reg_34989                                       |   14|   0|   18|          4|
    |empty_701_reg_35014                                       |   14|   0|   18|          4|
    |empty_702_reg_35019                                       |   14|   0|   18|          4|
    |empty_703_reg_35044                                       |   14|   0|   18|          4|
    |empty_704_reg_35049                                       |   14|   0|   18|          4|
    |empty_705_reg_35074                                       |   14|   0|   18|          4|
    |empty_706_reg_35079                                       |   14|   0|   18|          4|
    |empty_707_reg_35104                                       |   14|   0|   18|          4|
    |empty_708_reg_35109                                       |   14|   0|   18|          4|
    |empty_709_reg_35134                                       |   14|   0|   18|          4|
    |empty_710_reg_35139                                       |   14|   0|   18|          4|
    |empty_711_reg_35164                                       |   14|   0|   18|          4|
    |empty_712_reg_35169                                       |   14|   0|   18|          4|
    |empty_713_reg_35194                                       |   14|   0|   18|          4|
    |empty_714_reg_35199                                       |   14|   0|   18|          4|
    |empty_715_reg_38404                                       |   14|   0|   18|          4|
    |empty_716_reg_38409                                       |   14|   0|   18|          4|
    |empty_717_reg_38434                                       |   14|   0|   18|          4|
    |empty_718_reg_38439                                       |   14|   0|   18|          4|
    |empty_719_reg_38464                                       |   14|   0|   18|          4|
    |empty_71_reg_27426                                        |   14|   0|   18|          4|
    |empty_720_reg_38469                                       |   14|   0|   18|          4|
    |empty_721_reg_38494                                       |   14|   0|   18|          4|
    |empty_722_reg_38499                                       |   14|   0|   18|          4|
    |empty_723_reg_38524                                       |   14|   0|   18|          4|
    |empty_724_reg_38529                                       |   14|   0|   18|          4|
    |empty_725_reg_38554                                       |   14|   0|   18|          4|
    |empty_726_reg_38559                                       |   14|   0|   18|          4|
    |empty_727_reg_38584                                       |   14|   0|   18|          4|
    |empty_728_reg_38589                                       |   14|   0|   18|          4|
    |empty_729_reg_38614                                       |   14|   0|   18|          4|
    |empty_730_reg_38619                                       |   14|   0|   18|          4|
    |empty_731_reg_31730                                       |   60|   0|   64|          4|
    |empty_732_reg_31735                                       |   14|   0|   18|          4|
    |empty_734_reg_31740                                       |   14|   0|   18|          4|
    |empty_736_reg_31776                                       |   14|   0|   18|          4|
    |empty_738_reg_31782                                       |   14|   0|   18|          4|
    |empty_73_reg_27433                                        |   14|   0|   18|          4|
    |empty_740_reg_31808                                       |   14|   0|   18|          4|
    |empty_742_reg_31814                                       |   14|   0|   18|          4|
    |empty_744_reg_31850                                       |   14|   0|   18|          4|
    |empty_746_reg_31856                                       |   14|   0|   18|          4|
    |empty_747_reg_31892                                       |   60|   0|   64|          4|
    |empty_748_reg_31897                                       |   14|   0|   18|          4|
    |empty_750_reg_31902                                       |   14|   0|   18|          4|
    |empty_752_reg_31938                                       |   14|   0|   18|          4|
    |empty_754_reg_31944                                       |   14|   0|   18|          4|
    |empty_756_reg_31980                                       |   14|   0|   18|          4|
    |empty_758_reg_31986                                       |   14|   0|   18|          4|
    |empty_75_reg_27460                                        |   14|   0|   18|          4|
    |empty_760_reg_32022                                       |   14|   0|   18|          4|
    |empty_762_reg_32028                                       |   14|   0|   18|          4|
    |empty_763_reg_38644                                       |   14|   0|   18|          4|
    |empty_764_reg_38649                                       |   14|   0|   18|          4|
    |empty_765_reg_38674                                       |   14|   0|   18|          4|
    |empty_766_reg_38679                                       |   14|   0|   18|          4|
    |empty_767_reg_38704                                       |   14|   0|   18|          4|
    |empty_768_reg_38709                                       |   14|   0|   18|          4|
    |empty_769_reg_38734                                       |   14|   0|   18|          4|
    |empty_770_reg_38739                                       |   14|   0|   18|          4|
    |empty_771_reg_38764                                       |   14|   0|   18|          4|
    |empty_772_reg_38769                                       |   14|   0|   18|          4|
    |empty_773_reg_38794                                       |   14|   0|   18|          4|
    |empty_774_reg_38799                                       |   14|   0|   18|          4|
    |empty_775_reg_38824                                       |   14|   0|   18|          4|
    |empty_776_reg_38829                                       |   14|   0|   18|          4|
    |empty_777_reg_38854                                       |   14|   0|   18|          4|
    |empty_778_reg_38859                                       |   14|   0|   18|          4|
    |empty_779_reg_32074                                       |   14|   0|   18|          4|
    |empty_77_reg_27467                                        |   14|   0|   18|          4|
    |empty_781_reg_32081                                       |   14|   0|   18|          4|
    |empty_782_reg_32088                                       |   12|   0|   16|          4|
    |empty_783_reg_32186                                       |   14|   0|   18|          4|
    |empty_784_reg_32094                                       |   12|   0|   16|          4|
    |empty_785_reg_32193                                       |   14|   0|   18|          4|
    |empty_786_reg_32100                                       |   12|   0|   16|          4|
    |empty_787_reg_32210                                       |   14|   0|   18|          4|
    |empty_788_reg_32106                                       |   12|   0|   16|          4|
    |empty_789_reg_32217                                       |   14|   0|   18|          4|
    |empty_78_reg_27494                                        |   14|   0|   18|          4|
    |empty_790_reg_32112                                       |   12|   0|   16|          4|
    |empty_791_reg_32244                                       |   14|   0|   18|          4|
    |empty_792_reg_32118                                       |   12|   0|   16|          4|
    |empty_793_reg_32251                                       |   14|   0|   18|          4|
    |empty_794_reg_32278                                       |   14|   0|   18|          4|
    |empty_795_reg_32124                                       |   12|   0|   16|          4|
    |empty_796_reg_32285                                       |   14|   0|   18|          4|
    |empty_797_reg_32130                                       |   12|   0|   16|          4|
    |empty_798_reg_32312                                       |   14|   0|   18|          4|
    |empty_799_reg_32136                                       |   12|   0|   16|          4|
    |empty_800_reg_32319                                       |   14|   0|   18|          4|
    |empty_801_reg_32142                                       |   12|   0|   16|          4|
    |empty_802_reg_32346                                       |   14|   0|   18|          4|
    |empty_803_reg_32148                                       |   12|   0|   16|          4|
    |empty_804_reg_32353                                       |   14|   0|   18|          4|
    |empty_805_reg_32154                                       |   12|   0|   16|          4|
    |empty_806_reg_32380                                       |   14|   0|   18|          4|
    |empty_807_reg_32160                                       |   12|   0|   16|          4|
    |empty_808_reg_32387                                       |   14|   0|   18|          4|
    |empty_809_reg_35384                                       |   14|   0|   18|          4|
    |empty_80_reg_27501                                        |   14|   0|   18|          4|
    |empty_810_reg_35389                                       |   14|   0|   18|          4|
    |empty_811_reg_35414                                       |   14|   0|   18|          4|
    |empty_812_reg_35419                                       |   14|   0|   18|          4|
    |empty_813_reg_35444                                       |   14|   0|   18|          4|
    |empty_814_reg_35449                                       |   14|   0|   18|          4|
    |empty_815_reg_35474                                       |   14|   0|   18|          4|
    |empty_816_reg_35479                                       |   14|   0|   18|          4|
    |empty_817_reg_35504                                       |   14|   0|   18|          4|
    |empty_818_reg_35509                                       |   14|   0|   18|          4|
    |empty_819_reg_35534                                       |   14|   0|   18|          4|
    |empty_820_reg_35539                                       |   14|   0|   18|          4|
    |empty_821_reg_35564                                       |   14|   0|   18|          4|
    |empty_822_reg_35569                                       |   14|   0|   18|          4|
    |empty_823_reg_35594                                       |   14|   0|   18|          4|
    |empty_824_reg_35599                                       |   14|   0|   18|          4|
    |empty_825_reg_38884                                       |   14|   0|   18|          4|
    |empty_826_reg_38889                                       |   14|   0|   18|          4|
    |empty_827_reg_38914                                       |   14|   0|   18|          4|
    |empty_828_reg_38919                                       |   14|   0|   18|          4|
    |empty_829_reg_38944                                       |   14|   0|   18|          4|
    |empty_82_reg_27528                                        |   14|   0|   18|          4|
    |empty_830_reg_38949                                       |   14|   0|   18|          4|
    |empty_831_reg_38974                                       |   14|   0|   18|          4|
    |empty_832_reg_38979                                       |   14|   0|   18|          4|
    |empty_833_reg_39004                                       |   14|   0|   18|          4|
    |empty_834_reg_39009                                       |   14|   0|   18|          4|
    |empty_835_reg_39034                                       |   14|   0|   18|          4|
    |empty_836_reg_39039                                       |   14|   0|   18|          4|
    |empty_837_reg_39064                                       |   14|   0|   18|          4|
    |empty_838_reg_39069                                       |   14|   0|   18|          4|
    |empty_839_reg_39094                                       |   14|   0|   18|          4|
    |empty_840_reg_39099                                       |   14|   0|   18|          4|
    |empty_84_reg_27535                                        |   14|   0|   18|          4|
    |empty_86_reg_27562                                        |   14|   0|   18|          4|
    |empty_88_reg_27569                                        |   14|   0|   18|          4|
    |empty_90_reg_27596                                        |   14|   0|   18|          4|
    |empty_92_reg_27603                                        |   14|   0|   18|          4|
    |empty_93_reg_32574                                        |   14|   0|   18|          4|
    |empty_94_reg_32579                                        |   14|   0|   18|          4|
    |empty_95_reg_32604                                        |   14|   0|   18|          4|
    |empty_96_reg_32609                                        |   14|   0|   18|          4|
    |empty_97_reg_32634                                        |   14|   0|   18|          4|
    |empty_98_reg_32639                                        |   14|   0|   18|          4|
    |empty_99_reg_32664                                        |   14|   0|   18|          4|
    |empty_reg_26529                                           |    4|   0|    4|          0|
    |grp_vit_patch_embed_Pipeline_J_LOOP_fu_7163_ap_start_reg  |    1|   0|    1|          0|
    |img_load_100_reg_29201                                    |    8|   0|    8|          0|
    |img_load_101_reg_29206                                    |    8|   0|    8|          0|
    |img_load_102_reg_29243                                    |    8|   0|    8|          0|
    |img_load_103_reg_29248                                    |    8|   0|    8|          0|
    |img_load_104_reg_29290                                    |    8|   0|    8|          0|
    |img_load_105_reg_29295                                    |    8|   0|    8|          0|
    |img_load_106_reg_29332                                    |    8|   0|    8|          0|
    |img_load_107_reg_29337                                    |    8|   0|    8|          0|
    |img_load_108_reg_29352                                    |    8|   0|    8|          0|
    |img_load_109_reg_29357                                    |    8|   0|    8|          0|
    |img_load_10_reg_27243                                     |    8|   0|    8|          0|
    |img_load_110_reg_29393                                    |    8|   0|    8|          0|
    |img_load_111_reg_29398                                    |    8|   0|    8|          0|
    |img_load_112_reg_29451                                    |    8|   0|    8|          0|
    |img_load_113_reg_29456                                    |    8|   0|    8|          0|
    |img_load_114_reg_29485                                    |    8|   0|    8|          0|
    |img_load_115_reg_29490                                    |    8|   0|    8|          0|
    |img_load_116_reg_29519                                    |    8|   0|    8|          0|
    |img_load_117_reg_29524                                    |    8|   0|    8|          0|
    |img_load_118_reg_29553                                    |    8|   0|    8|          0|
    |img_load_119_reg_29558                                    |    8|   0|    8|          0|
    |img_load_11_reg_27248                                     |    8|   0|    8|          0|
    |img_load_120_reg_29587                                    |    8|   0|    8|          0|
    |img_load_121_reg_29592                                    |    8|   0|    8|          0|
    |img_load_122_reg_29621                                    |    8|   0|    8|          0|
    |img_load_123_reg_29626                                    |    8|   0|    8|          0|
    |img_load_124_reg_29641                                    |    8|   0|    8|          0|
    |img_load_125_reg_29646                                    |    8|   0|    8|          0|
    |img_load_126_reg_29698                                    |    8|   0|    8|          0|
    |img_load_127_reg_29703                                    |    8|   0|    8|          0|
    |img_load_128_reg_29788                                    |    8|   0|    8|          0|
    |img_load_129_reg_29793                                    |    8|   0|    8|          0|
    |img_load_12_reg_27331                                     |    8|   0|    8|          0|
    |img_load_130_reg_29838                                    |    8|   0|    8|          0|
    |img_load_131_reg_29843                                    |    8|   0|    8|          0|
    |img_load_132_reg_29888                                    |    8|   0|    8|          0|
    |img_load_133_reg_29893                                    |    8|   0|    8|          0|
    |img_load_134_reg_29938                                    |    8|   0|    8|          0|
    |img_load_135_reg_29943                                    |    8|   0|    8|          0|
    |img_load_136_reg_29988                                    |    8|   0|    8|          0|
    |img_load_137_reg_29993                                    |    8|   0|    8|          0|
    |img_load_138_reg_30038                                    |    8|   0|    8|          0|
    |img_load_139_reg_30043                                    |    8|   0|    8|          0|
    |img_load_13_reg_27336                                     |    8|   0|    8|          0|
    |img_load_140_reg_30058                                    |    8|   0|    8|          0|
    |img_load_141_reg_30063                                    |    8|   0|    8|          0|
    |img_load_142_reg_30099                                    |    8|   0|    8|          0|
    |img_load_143_reg_30104                                    |    8|   0|    8|          0|
    |img_load_144_reg_30157                                    |    8|   0|    8|          0|
    |img_load_145_reg_30162                                    |    8|   0|    8|          0|
    |img_load_146_reg_30191                                    |    8|   0|    8|          0|
    |img_load_147_reg_30196                                    |    8|   0|    8|          0|
    |img_load_148_reg_30225                                    |    8|   0|    8|          0|
    |img_load_149_reg_30230                                    |    8|   0|    8|          0|
    |img_load_14_reg_27382                                     |    8|   0|    8|          0|
    |img_load_150_reg_30259                                    |    8|   0|    8|          0|
    |img_load_151_reg_30264                                    |    8|   0|    8|          0|
    |img_load_152_reg_30293                                    |    8|   0|    8|          0|
    |img_load_153_reg_30298                                    |    8|   0|    8|          0|
    |img_load_154_reg_30327                                    |    8|   0|    8|          0|
    |img_load_155_reg_30332                                    |    8|   0|    8|          0|
    |img_load_156_reg_30347                                    |    8|   0|    8|          0|
    |img_load_157_reg_30352                                    |    8|   0|    8|          0|
    |img_load_158_reg_30400                                    |    8|   0|    8|          0|
    |img_load_159_reg_30405                                    |    8|   0|    8|          0|
    |img_load_15_reg_27387                                     |    8|   0|    8|          0|
    |img_load_160_reg_30474                                    |    8|   0|    8|          0|
    |img_load_161_reg_30479                                    |    8|   0|    8|          0|
    |img_load_162_reg_30516                                    |    8|   0|    8|          0|
    |img_load_163_reg_30521                                    |    8|   0|    8|          0|
    |img_load_164_reg_30562                                    |    8|   0|    8|          0|
    |img_load_165_reg_30567                                    |    8|   0|    8|          0|
    |img_load_166_reg_30604                                    |    8|   0|    8|          0|
    |img_load_167_reg_30609                                    |    8|   0|    8|          0|
    |img_load_168_reg_30646                                    |    8|   0|    8|          0|
    |img_load_169_reg_30651                                    |    8|   0|    8|          0|
    |img_load_16_reg_27440                                     |    8|   0|    8|          0|
    |img_load_170_reg_30688                                    |    8|   0|    8|          0|
    |img_load_171_reg_30693                                    |    8|   0|    8|          0|
    |img_load_172_reg_30708                                    |    8|   0|    8|          0|
    |img_load_173_reg_30713                                    |    8|   0|    8|          0|
    |img_load_174_reg_30749                                    |    8|   0|    8|          0|
    |img_load_175_reg_30754                                    |    8|   0|    8|          0|
    |img_load_176_reg_30807                                    |    8|   0|    8|          0|
    |img_load_177_reg_30812                                    |    8|   0|    8|          0|
    |img_load_178_reg_30841                                    |    8|   0|    8|          0|
    |img_load_179_reg_30846                                    |    8|   0|    8|          0|
    |img_load_17_reg_27445                                     |    8|   0|    8|          0|
    |img_load_180_reg_30875                                    |    8|   0|    8|          0|
    |img_load_181_reg_30880                                    |    8|   0|    8|          0|
    |img_load_182_reg_30909                                    |    8|   0|    8|          0|
    |img_load_183_reg_30914                                    |    8|   0|    8|          0|
    |img_load_184_reg_30943                                    |    8|   0|    8|          0|
    |img_load_185_reg_30948                                    |    8|   0|    8|          0|
    |img_load_186_reg_30977                                    |    8|   0|    8|          0|
    |img_load_187_reg_30982                                    |    8|   0|    8|          0|
    |img_load_188_reg_30997                                    |    8|   0|    8|          0|
    |img_load_189_reg_31002                                    |    8|   0|    8|          0|
    |img_load_18_reg_27474                                     |    8|   0|    8|          0|
    |img_load_190_reg_31054                                    |    8|   0|    8|          0|
    |img_load_191_reg_31059                                    |    8|   0|    8|          0|
    |img_load_192_reg_31144                                    |    8|   0|    8|          0|
    |img_load_193_reg_31149                                    |    8|   0|    8|          0|
    |img_load_194_reg_31194                                    |    8|   0|    8|          0|
    |img_load_195_reg_31199                                    |    8|   0|    8|          0|
    |img_load_196_reg_31244                                    |    8|   0|    8|          0|
    |img_load_197_reg_31249                                    |    8|   0|    8|          0|
    |img_load_198_reg_31294                                    |    8|   0|    8|          0|
    |img_load_199_reg_31299                                    |    8|   0|    8|          0|
    |img_load_19_reg_27479                                     |    8|   0|    8|          0|
    |img_load_1_reg_26793                                      |    8|   0|    8|          0|
    |img_load_200_reg_31344                                    |    8|   0|    8|          0|
    |img_load_201_reg_31349                                    |    8|   0|    8|          0|
    |img_load_202_reg_31394                                    |    8|   0|    8|          0|
    |img_load_203_reg_31399                                    |    8|   0|    8|          0|
    |img_load_204_reg_31414                                    |    8|   0|    8|          0|
    |img_load_205_reg_31419                                    |    8|   0|    8|          0|
    |img_load_206_reg_31455                                    |    8|   0|    8|          0|
    |img_load_207_reg_31460                                    |    8|   0|    8|          0|
    |img_load_208_reg_31513                                    |    8|   0|    8|          0|
    |img_load_209_reg_31518                                    |    8|   0|    8|          0|
    |img_load_20_reg_27508                                     |    8|   0|    8|          0|
    |img_load_210_reg_31547                                    |    8|   0|    8|          0|
    |img_load_211_reg_31552                                    |    8|   0|    8|          0|
    |img_load_212_reg_31581                                    |    8|   0|    8|          0|
    |img_load_213_reg_31586                                    |    8|   0|    8|          0|
    |img_load_214_reg_31615                                    |    8|   0|    8|          0|
    |img_load_215_reg_31620                                    |    8|   0|    8|          0|
    |img_load_216_reg_31649                                    |    8|   0|    8|          0|
    |img_load_217_reg_31654                                    |    8|   0|    8|          0|
    |img_load_218_reg_31683                                    |    8|   0|    8|          0|
    |img_load_219_reg_31688                                    |    8|   0|    8|          0|
    |img_load_21_reg_27513                                     |    8|   0|    8|          0|
    |img_load_220_reg_31703                                    |    8|   0|    8|          0|
    |img_load_221_reg_31708                                    |    8|   0|    8|          0|
    |img_load_222_reg_31756                                    |    8|   0|    8|          0|
    |img_load_223_reg_31761                                    |    8|   0|    8|          0|
    |img_load_224_reg_31830                                    |    8|   0|    8|          0|
    |img_load_225_reg_31835                                    |    8|   0|    8|          0|
    |img_load_226_reg_31872                                    |    8|   0|    8|          0|
    |img_load_227_reg_31877                                    |    8|   0|    8|          0|
    |img_load_228_reg_31918                                    |    8|   0|    8|          0|
    |img_load_229_reg_31923                                    |    8|   0|    8|          0|
    |img_load_22_reg_27542                                     |    8|   0|    8|          0|
    |img_load_230_reg_31960                                    |    8|   0|    8|          0|
    |img_load_231_reg_31965                                    |    8|   0|    8|          0|
    |img_load_232_reg_32002                                    |    8|   0|    8|          0|
    |img_load_233_reg_32007                                    |    8|   0|    8|          0|
    |img_load_234_reg_32044                                    |    8|   0|    8|          0|
    |img_load_235_reg_32049                                    |    8|   0|    8|          0|
    |img_load_236_reg_32064                                    |    8|   0|    8|          0|
    |img_load_237_reg_32069                                    |    8|   0|    8|          0|
    |img_load_238_reg_32166                                    |    8|   0|    8|          0|
    |img_load_239_reg_32171                                    |    8|   0|    8|          0|
    |img_load_23_reg_27547                                     |    8|   0|    8|          0|
    |img_load_240_reg_32224                                    |    8|   0|    8|          0|
    |img_load_241_reg_32229                                    |    8|   0|    8|          0|
    |img_load_242_reg_32258                                    |    8|   0|    8|          0|
    |img_load_243_reg_32263                                    |    8|   0|    8|          0|
    |img_load_244_reg_32292                                    |    8|   0|    8|          0|
    |img_load_245_reg_32297                                    |    8|   0|    8|          0|
    |img_load_246_reg_32326                                    |    8|   0|    8|          0|
    |img_load_247_reg_32331                                    |    8|   0|    8|          0|
    |img_load_248_reg_32360                                    |    8|   0|    8|          0|
    |img_load_249_reg_32365                                    |    8|   0|    8|          0|
    |img_load_24_reg_27576                                     |    8|   0|    8|          0|
    |img_load_250_reg_32394                                    |    8|   0|    8|          0|
    |img_load_251_reg_32399                                    |    8|   0|    8|          0|
    |img_load_252_reg_32414                                    |    8|   0|    8|          0|
    |img_load_253_reg_32419                                    |    8|   0|    8|          0|
    |img_load_254_reg_32434                                    |    8|   0|    8|          0|
    |img_load_255_reg_32439                                    |    8|   0|    8|          0|
    |img_load_256_reg_32454                                    |    8|   0|    8|          0|
    |img_load_257_reg_32459                                    |    8|   0|    8|          0|
    |img_load_258_reg_32474                                    |    8|   0|    8|          0|
    |img_load_259_reg_32479                                    |    8|   0|    8|          0|
    |img_load_25_reg_27581                                     |    8|   0|    8|          0|
    |img_load_260_reg_32494                                    |    8|   0|    8|          0|
    |img_load_261_reg_32499                                    |    8|   0|    8|          0|
    |img_load_262_reg_32514                                    |    8|   0|    8|          0|
    |img_load_263_reg_32519                                    |    8|   0|    8|          0|
    |img_load_264_reg_32534                                    |    8|   0|    8|          0|
    |img_load_265_reg_32539                                    |    8|   0|    8|          0|
    |img_load_266_reg_32554                                    |    8|   0|    8|          0|
    |img_load_267_reg_32559                                    |    8|   0|    8|          0|
    |img_load_268_reg_32584                                    |    8|   0|    8|          0|
    |img_load_269_reg_32589                                    |    8|   0|    8|          0|
    |img_load_26_reg_27610                                     |    8|   0|    8|          0|
    |img_load_270_reg_32614                                    |    8|   0|    8|          0|
    |img_load_271_reg_32619                                    |    8|   0|    8|          0|
    |img_load_272_reg_32644                                    |    8|   0|    8|          0|
    |img_load_273_reg_32649                                    |    8|   0|    8|          0|
    |img_load_274_reg_32674                                    |    8|   0|    8|          0|
    |img_load_275_reg_32679                                    |    8|   0|    8|          0|
    |img_load_276_reg_32704                                    |    8|   0|    8|          0|
    |img_load_277_reg_32709                                    |    8|   0|    8|          0|
    |img_load_278_reg_32734                                    |    8|   0|    8|          0|
    |img_load_279_reg_32739                                    |    8|   0|    8|          0|
    |img_load_27_reg_27615                                     |    8|   0|    8|          0|
    |img_load_280_reg_32764                                    |    8|   0|    8|          0|
    |img_load_281_reg_32769                                    |    8|   0|    8|          0|
    |img_load_282_reg_32794                                    |    8|   0|    8|          0|
    |img_load_283_reg_32799                                    |    8|   0|    8|          0|
    |img_load_284_reg_32814                                    |    8|   0|    8|          0|
    |img_load_285_reg_32819                                    |    8|   0|    8|          0|
    |img_load_286_reg_32834                                    |    8|   0|    8|          0|
    |img_load_287_reg_32839                                    |    8|   0|    8|          0|
    |img_load_288_reg_32854                                    |    8|   0|    8|          0|
    |img_load_289_reg_32859                                    |    8|   0|    8|          0|
    |img_load_28_reg_27630                                     |    8|   0|    8|          0|
    |img_load_290_reg_32874                                    |    8|   0|    8|          0|
    |img_load_291_reg_32879                                    |    8|   0|    8|          0|
    |img_load_292_reg_32894                                    |    8|   0|    8|          0|
    |img_load_293_reg_32899                                    |    8|   0|    8|          0|
    |img_load_294_reg_32914                                    |    8|   0|    8|          0|
    |img_load_295_reg_32919                                    |    8|   0|    8|          0|
    |img_load_296_reg_32934                                    |    8|   0|    8|          0|
    |img_load_297_reg_32939                                    |    8|   0|    8|          0|
    |img_load_298_reg_32954                                    |    8|   0|    8|          0|
    |img_load_299_reg_32959                                    |    8|   0|    8|          0|
    |img_load_29_reg_27635                                     |    8|   0|    8|          0|
    |img_load_2_reg_26876                                      |    8|   0|    8|          0|
    |img_load_300_reg_32984                                    |    8|   0|    8|          0|
    |img_load_301_reg_32989                                    |    8|   0|    8|          0|
    |img_load_302_reg_33014                                    |    8|   0|    8|          0|
    |img_load_303_reg_33019                                    |    8|   0|    8|          0|
    |img_load_304_reg_33044                                    |    8|   0|    8|          0|
    |img_load_305_reg_33049                                    |    8|   0|    8|          0|
    |img_load_306_reg_33074                                    |    8|   0|    8|          0|
    |img_load_307_reg_33079                                    |    8|   0|    8|          0|
    |img_load_308_reg_33104                                    |    8|   0|    8|          0|
    |img_load_309_reg_33109                                    |    8|   0|    8|          0|
    |img_load_30_reg_27683                                     |    8|   0|    8|          0|
    |img_load_310_reg_33134                                    |    8|   0|    8|          0|
    |img_load_311_reg_33139                                    |    8|   0|    8|          0|
    |img_load_312_reg_33164                                    |    8|   0|    8|          0|
    |img_load_313_reg_33169                                    |    8|   0|    8|          0|
    |img_load_314_reg_33194                                    |    8|   0|    8|          0|
    |img_load_315_reg_33199                                    |    8|   0|    8|          0|
    |img_load_316_reg_33214                                    |    8|   0|    8|          0|
    |img_load_317_reg_33219                                    |    8|   0|    8|          0|
    |img_load_318_reg_33234                                    |    8|   0|    8|          0|
    |img_load_319_reg_33239                                    |    8|   0|    8|          0|
    |img_load_31_reg_27688                                     |    8|   0|    8|          0|
    |img_load_320_reg_33254                                    |    8|   0|    8|          0|
    |img_load_321_reg_33259                                    |    8|   0|    8|          0|
    |img_load_322_reg_33274                                    |    8|   0|    8|          0|
    |img_load_323_reg_33279                                    |    8|   0|    8|          0|
    |img_load_324_reg_33294                                    |    8|   0|    8|          0|
    |img_load_325_reg_33299                                    |    8|   0|    8|          0|
    |img_load_326_reg_33314                                    |    8|   0|    8|          0|
    |img_load_327_reg_33319                                    |    8|   0|    8|          0|
    |img_load_328_reg_33334                                    |    8|   0|    8|          0|
    |img_load_329_reg_33339                                    |    8|   0|    8|          0|
    |img_load_32_reg_27757                                     |    8|   0|    8|          0|
    |img_load_330_reg_33354                                    |    8|   0|    8|          0|
    |img_load_331_reg_33359                                    |    8|   0|    8|          0|
    |img_load_332_reg_33384                                    |    8|   0|    8|          0|
    |img_load_333_reg_33389                                    |    8|   0|    8|          0|
    |img_load_334_reg_33414                                    |    8|   0|    8|          0|
    |img_load_335_reg_33419                                    |    8|   0|    8|          0|
    |img_load_336_reg_33444                                    |    8|   0|    8|          0|
    |img_load_337_reg_33449                                    |    8|   0|    8|          0|
    |img_load_338_reg_33474                                    |    8|   0|    8|          0|
    |img_load_339_reg_33479                                    |    8|   0|    8|          0|
    |img_load_33_reg_27762                                     |    8|   0|    8|          0|
    |img_load_340_reg_33504                                    |    8|   0|    8|          0|
    |img_load_341_reg_33509                                    |    8|   0|    8|          0|
    |img_load_342_reg_33534                                    |    8|   0|    8|          0|
    |img_load_343_reg_33539                                    |    8|   0|    8|          0|
    |img_load_344_reg_33564                                    |    8|   0|    8|          0|
    |img_load_345_reg_33569                                    |    8|   0|    8|          0|
    |img_load_346_reg_33594                                    |    8|   0|    8|          0|
    |img_load_347_reg_33599                                    |    8|   0|    8|          0|
    |img_load_348_reg_33614                                    |    8|   0|    8|          0|
    |img_load_349_reg_33619                                    |    8|   0|    8|          0|
    |img_load_34_reg_27799                                     |    8|   0|    8|          0|
    |img_load_350_reg_33634                                    |    8|   0|    8|          0|
    |img_load_351_reg_33639                                    |    8|   0|    8|          0|
    |img_load_352_reg_33654                                    |    8|   0|    8|          0|
    |img_load_353_reg_33659                                    |    8|   0|    8|          0|
    |img_load_354_reg_33674                                    |    8|   0|    8|          0|
    |img_load_355_reg_33679                                    |    8|   0|    8|          0|
    |img_load_356_reg_33694                                    |    8|   0|    8|          0|
    |img_load_357_reg_33699                                    |    8|   0|    8|          0|
    |img_load_358_reg_33714                                    |    8|   0|    8|          0|
    |img_load_359_reg_33719                                    |    8|   0|    8|          0|
    |img_load_35_reg_27804                                     |    8|   0|    8|          0|
    |img_load_360_reg_33734                                    |    8|   0|    8|          0|
    |img_load_361_reg_33739                                    |    8|   0|    8|          0|
    |img_load_362_reg_33754                                    |    8|   0|    8|          0|
    |img_load_363_reg_33759                                    |    8|   0|    8|          0|
    |img_load_364_reg_33784                                    |    8|   0|    8|          0|
    |img_load_365_reg_33789                                    |    8|   0|    8|          0|
    |img_load_366_reg_33819                                    |    8|   0|    8|          0|
    |img_load_367_reg_33824                                    |    8|   0|    8|          0|
    |img_load_368_reg_33849                                    |    8|   0|    8|          0|
    |img_load_369_reg_33854                                    |    8|   0|    8|          0|
    |img_load_36_reg_27845                                     |    8|   0|    8|          0|
    |img_load_370_reg_33879                                    |    8|   0|    8|          0|
    |img_load_371_reg_33884                                    |    8|   0|    8|          0|
    |img_load_372_reg_33909                                    |    8|   0|    8|          0|
    |img_load_373_reg_33914                                    |    8|   0|    8|          0|
    |img_load_374_reg_33939                                    |    8|   0|    8|          0|
    |img_load_375_reg_33944                                    |    8|   0|    8|          0|
    |img_load_376_reg_33969                                    |    8|   0|    8|          0|
    |img_load_377_reg_33974                                    |    8|   0|    8|          0|
    |img_load_378_reg_33999                                    |    8|   0|    8|          0|
    |img_load_379_reg_34004                                    |    8|   0|    8|          0|
    |img_load_37_reg_27850                                     |    8|   0|    8|          0|
    |img_load_380_reg_34019                                    |    8|   0|    8|          0|
    |img_load_381_reg_34024                                    |    8|   0|    8|          0|
    |img_load_382_reg_34039                                    |    8|   0|    8|          0|
    |img_load_383_reg_34044                                    |    8|   0|    8|          0|
    |img_load_384_reg_34059                                    |    8|   0|    8|          0|
    |img_load_385_reg_34064                                    |    8|   0|    8|          0|
    |img_load_386_reg_34079                                    |    8|   0|    8|          0|
    |img_load_387_reg_34084                                    |    8|   0|    8|          0|
    |img_load_388_reg_34099                                    |    8|   0|    8|          0|
    |img_load_389_reg_34104                                    |    8|   0|    8|          0|
    |img_load_38_reg_27887                                     |    8|   0|    8|          0|
    |img_load_390_reg_34119                                    |    8|   0|    8|          0|
    |img_load_391_reg_34124                                    |    8|   0|    8|          0|
    |img_load_392_reg_34139                                    |    8|   0|    8|          0|
    |img_load_393_reg_34144                                    |    8|   0|    8|          0|
    |img_load_394_reg_34159                                    |    8|   0|    8|          0|
    |img_load_395_reg_34164                                    |    8|   0|    8|          0|
    |img_load_396_reg_34189                                    |    8|   0|    8|          0|
    |img_load_397_reg_34194                                    |    8|   0|    8|          0|
    |img_load_398_reg_34219                                    |    8|   0|    8|          0|
    |img_load_399_reg_34224                                    |    8|   0|    8|          0|
    |img_load_39_reg_27892                                     |    8|   0|    8|          0|
    |img_load_3_reg_26881                                      |    8|   0|    8|          0|
    |img_load_400_reg_34249                                    |    8|   0|    8|          0|
    |img_load_401_reg_34254                                    |    8|   0|    8|          0|
    |img_load_402_reg_34279                                    |    8|   0|    8|          0|
    |img_load_403_reg_34284                                    |    8|   0|    8|          0|
    |img_load_404_reg_34309                                    |    8|   0|    8|          0|
    |img_load_405_reg_34314                                    |    8|   0|    8|          0|
    |img_load_406_reg_34339                                    |    8|   0|    8|          0|
    |img_load_407_reg_34344                                    |    8|   0|    8|          0|
    |img_load_408_reg_34369                                    |    8|   0|    8|          0|
    |img_load_409_reg_34374                                    |    8|   0|    8|          0|
    |img_load_40_reg_27929                                     |    8|   0|    8|          0|
    |img_load_410_reg_34399                                    |    8|   0|    8|          0|
    |img_load_411_reg_34404                                    |    8|   0|    8|          0|
    |img_load_412_reg_34419                                    |    8|   0|    8|          0|
    |img_load_413_reg_34424                                    |    8|   0|    8|          0|
    |img_load_414_reg_34439                                    |    8|   0|    8|          0|
    |img_load_415_reg_34444                                    |    8|   0|    8|          0|
    |img_load_416_reg_34459                                    |    8|   0|    8|          0|
    |img_load_417_reg_34464                                    |    8|   0|    8|          0|
    |img_load_418_reg_34479                                    |    8|   0|    8|          0|
    |img_load_419_reg_34484                                    |    8|   0|    8|          0|
    |img_load_41_reg_27934                                     |    8|   0|    8|          0|
    |img_load_420_reg_34499                                    |    8|   0|    8|          0|
    |img_load_421_reg_34504                                    |    8|   0|    8|          0|
    |img_load_422_reg_34519                                    |    8|   0|    8|          0|
    |img_load_423_reg_34524                                    |    8|   0|    8|          0|
    |img_load_424_reg_34539                                    |    8|   0|    8|          0|
    |img_load_425_reg_34544                                    |    8|   0|    8|          0|
    |img_load_426_reg_34559                                    |    8|   0|    8|          0|
    |img_load_427_reg_34564                                    |    8|   0|    8|          0|
    |img_load_428_reg_34594                                    |    8|   0|    8|          0|
    |img_load_429_reg_34599                                    |    8|   0|    8|          0|
    |img_load_42_reg_27971                                     |    8|   0|    8|          0|
    |img_load_430_reg_34624                                    |    8|   0|    8|          0|
    |img_load_431_reg_34629                                    |    8|   0|    8|          0|
    |img_load_432_reg_34654                                    |    8|   0|    8|          0|
    |img_load_433_reg_34659                                    |    8|   0|    8|          0|
    |img_load_434_reg_34684                                    |    8|   0|    8|          0|
    |img_load_435_reg_34689                                    |    8|   0|    8|          0|
    |img_load_436_reg_34714                                    |    8|   0|    8|          0|
    |img_load_437_reg_34719                                    |    8|   0|    8|          0|
    |img_load_438_reg_34744                                    |    8|   0|    8|          0|
    |img_load_439_reg_34749                                    |    8|   0|    8|          0|
    |img_load_43_reg_27976                                     |    8|   0|    8|          0|
    |img_load_440_reg_34774                                    |    8|   0|    8|          0|
    |img_load_441_reg_34779                                    |    8|   0|    8|          0|
    |img_load_442_reg_34804                                    |    8|   0|    8|          0|
    |img_load_443_reg_34809                                    |    8|   0|    8|          0|
    |img_load_444_reg_34824                                    |    8|   0|    8|          0|
    |img_load_445_reg_34829                                    |    8|   0|    8|          0|
    |img_load_446_reg_34844                                    |    8|   0|    8|          0|
    |img_load_447_reg_34849                                    |    8|   0|    8|          0|
    |img_load_448_reg_34864                                    |    8|   0|    8|          0|
    |img_load_449_reg_34869                                    |    8|   0|    8|          0|
    |img_load_44_reg_27991                                     |    8|   0|    8|          0|
    |img_load_450_reg_34884                                    |    8|   0|    8|          0|
    |img_load_451_reg_34889                                    |    8|   0|    8|          0|
    |img_load_452_reg_34904                                    |    8|   0|    8|          0|
    |img_load_453_reg_34909                                    |    8|   0|    8|          0|
    |img_load_454_reg_34924                                    |    8|   0|    8|          0|
    |img_load_455_reg_34929                                    |    8|   0|    8|          0|
    |img_load_456_reg_34944                                    |    8|   0|    8|          0|
    |img_load_457_reg_34949                                    |    8|   0|    8|          0|
    |img_load_458_reg_34964                                    |    8|   0|    8|          0|
    |img_load_459_reg_34969                                    |    8|   0|    8|          0|
    |img_load_45_reg_27996                                     |    8|   0|    8|          0|
    |img_load_460_reg_34994                                    |    8|   0|    8|          0|
    |img_load_461_reg_34999                                    |    8|   0|    8|          0|
    |img_load_462_reg_35024                                    |    8|   0|    8|          0|
    |img_load_463_reg_35029                                    |    8|   0|    8|          0|
    |img_load_464_reg_35054                                    |    8|   0|    8|          0|
    |img_load_465_reg_35059                                    |    8|   0|    8|          0|
    |img_load_466_reg_35084                                    |    8|   0|    8|          0|
    |img_load_467_reg_35089                                    |    8|   0|    8|          0|
    |img_load_468_reg_35114                                    |    8|   0|    8|          0|
    |img_load_469_reg_35119                                    |    8|   0|    8|          0|
    |img_load_46_reg_28032                                     |    8|   0|    8|          0|
    |img_load_470_reg_35144                                    |    8|   0|    8|          0|
    |img_load_471_reg_35149                                    |    8|   0|    8|          0|
    |img_load_472_reg_35174                                    |    8|   0|    8|          0|
    |img_load_473_reg_35179                                    |    8|   0|    8|          0|
    |img_load_474_reg_35204                                    |    8|   0|    8|          0|
    |img_load_475_reg_35209                                    |    8|   0|    8|          0|
    |img_load_476_reg_35224                                    |    8|   0|    8|          0|
    |img_load_477_reg_35229                                    |    8|   0|    8|          0|
    |img_load_478_reg_35244                                    |    8|   0|    8|          0|
    |img_load_479_reg_35249                                    |    8|   0|    8|          0|
    |img_load_47_reg_28037                                     |    8|   0|    8|          0|
    |img_load_480_reg_35264                                    |    8|   0|    8|          0|
    |img_load_481_reg_35269                                    |    8|   0|    8|          0|
    |img_load_482_reg_35284                                    |    8|   0|    8|          0|
    |img_load_483_reg_35289                                    |    8|   0|    8|          0|
    |img_load_484_reg_35304                                    |    8|   0|    8|          0|
    |img_load_485_reg_35309                                    |    8|   0|    8|          0|
    |img_load_486_reg_35324                                    |    8|   0|    8|          0|
    |img_load_487_reg_35329                                    |    8|   0|    8|          0|
    |img_load_488_reg_35344                                    |    8|   0|    8|          0|
    |img_load_489_reg_35349                                    |    8|   0|    8|          0|
    |img_load_48_reg_28090                                     |    8|   0|    8|          0|
    |img_load_490_reg_35364                                    |    8|   0|    8|          0|
    |img_load_491_reg_35369                                    |    8|   0|    8|          0|
    |img_load_492_reg_35394                                    |    8|   0|    8|          0|
    |img_load_493_reg_35399                                    |    8|   0|    8|          0|
    |img_load_494_reg_35424                                    |    8|   0|    8|          0|
    |img_load_495_reg_35429                                    |    8|   0|    8|          0|
    |img_load_496_reg_35454                                    |    8|   0|    8|          0|
    |img_load_497_reg_35459                                    |    8|   0|    8|          0|
    |img_load_498_reg_35484                                    |    8|   0|    8|          0|
    |img_load_499_reg_35489                                    |    8|   0|    8|          0|
    |img_load_49_reg_28095                                     |    8|   0|    8|          0|
    |img_load_4_reg_26964                                      |    8|   0|    8|          0|
    |img_load_500_reg_35514                                    |    8|   0|    8|          0|
    |img_load_501_reg_35519                                    |    8|   0|    8|          0|
    |img_load_502_reg_35544                                    |    8|   0|    8|          0|
    |img_load_503_reg_35549                                    |    8|   0|    8|          0|
    |img_load_504_reg_35574                                    |    8|   0|    8|          0|
    |img_load_505_reg_35579                                    |    8|   0|    8|          0|
    |img_load_506_reg_35604                                    |    8|   0|    8|          0|
    |img_load_507_reg_35609                                    |    8|   0|    8|          0|
    |img_load_508_reg_35624                                    |    8|   0|    8|          0|
    |img_load_509_reg_35629                                    |    8|   0|    8|          0|
    |img_load_50_reg_28124                                     |    8|   0|    8|          0|
    |img_load_510_reg_35644                                    |    8|   0|    8|          0|
    |img_load_511_reg_35649                                    |    8|   0|    8|          0|
    |img_load_512_reg_35664                                    |    8|   0|    8|          0|
    |img_load_513_reg_35669                                    |    8|   0|    8|          0|
    |img_load_514_reg_35684                                    |    8|   0|    8|          0|
    |img_load_515_reg_35689                                    |    8|   0|    8|          0|
    |img_load_516_reg_35704                                    |    8|   0|    8|          0|
    |img_load_517_reg_35709                                    |    8|   0|    8|          0|
    |img_load_518_reg_35724                                    |    8|   0|    8|          0|
    |img_load_519_reg_35729                                    |    8|   0|    8|          0|
    |img_load_51_reg_28129                                     |    8|   0|    8|          0|
    |img_load_520_reg_35744                                    |    8|   0|    8|          0|
    |img_load_521_reg_35749                                    |    8|   0|    8|          0|
    |img_load_522_reg_35764                                    |    8|   0|    8|          0|
    |img_load_523_reg_35769                                    |    8|   0|    8|          0|
    |img_load_524_reg_35794                                    |    8|   0|    8|          0|
    |img_load_525_reg_35799                                    |    8|   0|    8|          0|
    |img_load_526_reg_35824                                    |    8|   0|    8|          0|
    |img_load_527_reg_35829                                    |    8|   0|    8|          0|
    |img_load_528_reg_35854                                    |    8|   0|    8|          0|
    |img_load_529_reg_35859                                    |    8|   0|    8|          0|
    |img_load_52_reg_28158                                     |    8|   0|    8|          0|
    |img_load_530_reg_35884                                    |    8|   0|    8|          0|
    |img_load_531_reg_35889                                    |    8|   0|    8|          0|
    |img_load_532_reg_35914                                    |    8|   0|    8|          0|
    |img_load_533_reg_35919                                    |    8|   0|    8|          0|
    |img_load_534_reg_35944                                    |    8|   0|    8|          0|
    |img_load_535_reg_35949                                    |    8|   0|    8|          0|
    |img_load_536_reg_35974                                    |    8|   0|    8|          0|
    |img_load_537_reg_35979                                    |    8|   0|    8|          0|
    |img_load_538_reg_36004                                    |    8|   0|    8|          0|
    |img_load_539_reg_36009                                    |    8|   0|    8|          0|
    |img_load_53_reg_28163                                     |    8|   0|    8|          0|
    |img_load_540_reg_36034                                    |    8|   0|    8|          0|
    |img_load_541_reg_36039                                    |    8|   0|    8|          0|
    |img_load_542_reg_36064                                    |    8|   0|    8|          0|
    |img_load_543_reg_36069                                    |    8|   0|    8|          0|
    |img_load_544_reg_36094                                    |    8|   0|    8|          0|
    |img_load_545_reg_36099                                    |    8|   0|    8|          0|
    |img_load_546_reg_36124                                    |    8|   0|    8|          0|
    |img_load_547_reg_36129                                    |    8|   0|    8|          0|
    |img_load_548_reg_36154                                    |    8|   0|    8|          0|
    |img_load_549_reg_36159                                    |    8|   0|    8|          0|
    |img_load_54_reg_28192                                     |    8|   0|    8|          0|
    |img_load_550_reg_36184                                    |    8|   0|    8|          0|
    |img_load_551_reg_36189                                    |    8|   0|    8|          0|
    |img_load_552_reg_36214                                    |    8|   0|    8|          0|
    |img_load_553_reg_36219                                    |    8|   0|    8|          0|
    |img_load_554_reg_36244                                    |    8|   0|    8|          0|
    |img_load_555_reg_36249                                    |    8|   0|    8|          0|
    |img_load_556_reg_36274                                    |    8|   0|    8|          0|
    |img_load_557_reg_36279                                    |    8|   0|    8|          0|
    |img_load_558_reg_36304                                    |    8|   0|    8|          0|
    |img_load_559_reg_36309                                    |    8|   0|    8|          0|
    |img_load_55_reg_28197                                     |    8|   0|    8|          0|
    |img_load_560_reg_36334                                    |    8|   0|    8|          0|
    |img_load_561_reg_36339                                    |    8|   0|    8|          0|
    |img_load_562_reg_36364                                    |    8|   0|    8|          0|
    |img_load_563_reg_36369                                    |    8|   0|    8|          0|
    |img_load_564_reg_36394                                    |    8|   0|    8|          0|
    |img_load_565_reg_36399                                    |    8|   0|    8|          0|
    |img_load_566_reg_36424                                    |    8|   0|    8|          0|
    |img_load_567_reg_36429                                    |    8|   0|    8|          0|
    |img_load_568_reg_36454                                    |    8|   0|    8|          0|
    |img_load_569_reg_36459                                    |    8|   0|    8|          0|
    |img_load_56_reg_28226                                     |    8|   0|    8|          0|
    |img_load_570_reg_36484                                    |    8|   0|    8|          0|
    |img_load_571_reg_36489                                    |    8|   0|    8|          0|
    |img_load_572_reg_36504                                    |    8|   0|    8|          0|
    |img_load_573_reg_36509                                    |    8|   0|    8|          0|
    |img_load_574_reg_36524                                    |    8|   0|    8|          0|
    |img_load_575_reg_36529                                    |    8|   0|    8|          0|
    |img_load_576_reg_36544                                    |    8|   0|    8|          0|
    |img_load_577_reg_36549                                    |    8|   0|    8|          0|
    |img_load_578_reg_36564                                    |    8|   0|    8|          0|
    |img_load_579_reg_36569                                    |    8|   0|    8|          0|
    |img_load_57_reg_28231                                     |    8|   0|    8|          0|
    |img_load_580_reg_36584                                    |    8|   0|    8|          0|
    |img_load_581_reg_36589                                    |    8|   0|    8|          0|
    |img_load_582_reg_36604                                    |    8|   0|    8|          0|
    |img_load_583_reg_36609                                    |    8|   0|    8|          0|
    |img_load_584_reg_36624                                    |    8|   0|    8|          0|
    |img_load_585_reg_36629                                    |    8|   0|    8|          0|
    |img_load_586_reg_36644                                    |    8|   0|    8|          0|
    |img_load_587_reg_36649                                    |    8|   0|    8|          0|
    |img_load_588_reg_36674                                    |    8|   0|    8|          0|
    |img_load_589_reg_36679                                    |    8|   0|    8|          0|
    |img_load_58_reg_28260                                     |    8|   0|    8|          0|
    |img_load_590_reg_36704                                    |    8|   0|    8|          0|
    |img_load_591_reg_36709                                    |    8|   0|    8|          0|
    |img_load_592_reg_36734                                    |    8|   0|    8|          0|
    |img_load_593_reg_36739                                    |    8|   0|    8|          0|
    |img_load_594_reg_36764                                    |    8|   0|    8|          0|
    |img_load_595_reg_36769                                    |    8|   0|    8|          0|
    |img_load_596_reg_36794                                    |    8|   0|    8|          0|
    |img_load_597_reg_36799                                    |    8|   0|    8|          0|
    |img_load_598_reg_36824                                    |    8|   0|    8|          0|
    |img_load_599_reg_36829                                    |    8|   0|    8|          0|
    |img_load_59_reg_28265                                     |    8|   0|    8|          0|
    |img_load_5_reg_26969                                      |    8|   0|    8|          0|
    |img_load_600_reg_36854                                    |    8|   0|    8|          0|
    |img_load_601_reg_36859                                    |    8|   0|    8|          0|
    |img_load_602_reg_36884                                    |    8|   0|    8|          0|
    |img_load_603_reg_36889                                    |    8|   0|    8|          0|
    |img_load_604_reg_36914                                    |    8|   0|    8|          0|
    |img_load_605_reg_36919                                    |    8|   0|    8|          0|
    |img_load_606_reg_36944                                    |    8|   0|    8|          0|
    |img_load_607_reg_36949                                    |    8|   0|    8|          0|
    |img_load_608_reg_36974                                    |    8|   0|    8|          0|
    |img_load_609_reg_36979                                    |    8|   0|    8|          0|
    |img_load_60_reg_28280                                     |    8|   0|    8|          0|
    |img_load_610_reg_37004                                    |    8|   0|    8|          0|
    |img_load_611_reg_37009                                    |    8|   0|    8|          0|
    |img_load_612_reg_37034                                    |    8|   0|    8|          0|
    |img_load_613_reg_37039                                    |    8|   0|    8|          0|
    |img_load_614_reg_37059                                    |    8|   0|    8|          0|
    |img_load_615_reg_37064                                    |    8|   0|    8|          0|
    |img_load_616_reg_37089                                    |    8|   0|    8|          0|
    |img_load_617_reg_37094                                    |    8|   0|    8|          0|
    |img_load_618_reg_37119                                    |    8|   0|    8|          0|
    |img_load_619_reg_37124                                    |    8|   0|    8|          0|
    |img_load_61_reg_28285                                     |    8|   0|    8|          0|
    |img_load_620_reg_37149                                    |    8|   0|    8|          0|
    |img_load_621_reg_37154                                    |    8|   0|    8|          0|
    |img_load_622_reg_37174                                    |    8|   0|    8|          0|
    |img_load_623_reg_37179                                    |    8|   0|    8|          0|
    |img_load_624_reg_37204                                    |    8|   0|    8|          0|
    |img_load_625_reg_37209                                    |    8|   0|    8|          0|
    |img_load_626_reg_37234                                    |    8|   0|    8|          0|
    |img_load_627_reg_37239                                    |    8|   0|    8|          0|
    |img_load_628_reg_37264                                    |    8|   0|    8|          0|
    |img_load_629_reg_37269                                    |    8|   0|    8|          0|
    |img_load_62_reg_28337                                     |    8|   0|    8|          0|
    |img_load_630_reg_37294                                    |    8|   0|    8|          0|
    |img_load_631_reg_37299                                    |    8|   0|    8|          0|
    |img_load_632_reg_37324                                    |    8|   0|    8|          0|
    |img_load_633_reg_37329                                    |    8|   0|    8|          0|
    |img_load_634_reg_37354                                    |    8|   0|    8|          0|
    |img_load_635_reg_37359                                    |    8|   0|    8|          0|
    |img_load_636_reg_37374                                    |    8|   0|    8|          0|
    |img_load_637_reg_37379                                    |    8|   0|    8|          0|
    |img_load_638_reg_37394                                    |    8|   0|    8|          0|
    |img_load_639_reg_37399                                    |    8|   0|    8|          0|
    |img_load_63_reg_28342                                     |    8|   0|    8|          0|
    |img_load_640_reg_37414                                    |    8|   0|    8|          0|
    |img_load_641_reg_37419                                    |    8|   0|    8|          0|
    |img_load_642_reg_37434                                    |    8|   0|    8|          0|
    |img_load_643_reg_37439                                    |    8|   0|    8|          0|
    |img_load_644_reg_37454                                    |    8|   0|    8|          0|
    |img_load_645_reg_37459                                    |    8|   0|    8|          0|
    |img_load_646_reg_37474                                    |    8|   0|    8|          0|
    |img_load_647_reg_37479                                    |    8|   0|    8|          0|
    |img_load_648_reg_37494                                    |    8|   0|    8|          0|
    |img_load_649_reg_37499                                    |    8|   0|    8|          0|
    |img_load_64_reg_28427                                     |    8|   0|    8|          0|
    |img_load_650_reg_37514                                    |    8|   0|    8|          0|
    |img_load_651_reg_37519                                    |    8|   0|    8|          0|
    |img_load_652_reg_37544                                    |    8|   0|    8|          0|
    |img_load_653_reg_37549                                    |    8|   0|    8|          0|
    |img_load_654_reg_37574                                    |    8|   0|    8|          0|
    |img_load_655_reg_37579                                    |    8|   0|    8|          0|
    |img_load_656_reg_37604                                    |    8|   0|    8|          0|
    |img_load_657_reg_37609                                    |    8|   0|    8|          0|
    |img_load_658_reg_37634                                    |    8|   0|    8|          0|
    |img_load_659_reg_37639                                    |    8|   0|    8|          0|
    |img_load_65_reg_28432                                     |    8|   0|    8|          0|
    |img_load_660_reg_37664                                    |    8|   0|    8|          0|
    |img_load_661_reg_37669                                    |    8|   0|    8|          0|
    |img_load_662_reg_37694                                    |    8|   0|    8|          0|
    |img_load_663_reg_37699                                    |    8|   0|    8|          0|
    |img_load_664_reg_37724                                    |    8|   0|    8|          0|
    |img_load_665_reg_37729                                    |    8|   0|    8|          0|
    |img_load_666_reg_37754                                    |    8|   0|    8|          0|
    |img_load_667_reg_37759                                    |    8|   0|    8|          0|
    |img_load_668_reg_37784                                    |    8|   0|    8|          0|
    |img_load_669_reg_37789                                    |    8|   0|    8|          0|
    |img_load_66_reg_28477                                     |    8|   0|    8|          0|
    |img_load_670_reg_37814                                    |    8|   0|    8|          0|
    |img_load_671_reg_37819                                    |    8|   0|    8|          0|
    |img_load_672_reg_37844                                    |    8|   0|    8|          0|
    |img_load_673_reg_37849                                    |    8|   0|    8|          0|
    |img_load_674_reg_37874                                    |    8|   0|    8|          0|
    |img_load_675_reg_37879                                    |    8|   0|    8|          0|
    |img_load_676_reg_37899                                    |    8|   0|    8|          0|
    |img_load_677_reg_37904                                    |    8|   0|    8|          0|
    |img_load_678_reg_37929                                    |    8|   0|    8|          0|
    |img_load_679_reg_37934                                    |    8|   0|    8|          0|
    |img_load_67_reg_28482                                     |    8|   0|    8|          0|
    |img_load_680_reg_37959                                    |    8|   0|    8|          0|
    |img_load_681_reg_37964                                    |    8|   0|    8|          0|
    |img_load_682_reg_37989                                    |    8|   0|    8|          0|
    |img_load_683_reg_37994                                    |    8|   0|    8|          0|
    |img_load_684_reg_38014                                    |    8|   0|    8|          0|
    |img_load_685_reg_38019                                    |    8|   0|    8|          0|
    |img_load_686_reg_38044                                    |    8|   0|    8|          0|
    |img_load_687_reg_38049                                    |    8|   0|    8|          0|
    |img_load_688_reg_38074                                    |    8|   0|    8|          0|
    |img_load_689_reg_38079                                    |    8|   0|    8|          0|
    |img_load_68_reg_28527                                     |    8|   0|    8|          0|
    |img_load_690_reg_38104                                    |    8|   0|    8|          0|
    |img_load_691_reg_38109                                    |    8|   0|    8|          0|
    |img_load_692_reg_38134                                    |    8|   0|    8|          0|
    |img_load_693_reg_38139                                    |    8|   0|    8|          0|
    |img_load_694_reg_38164                                    |    8|   0|    8|          0|
    |img_load_695_reg_38169                                    |    8|   0|    8|          0|
    |img_load_696_reg_38194                                    |    8|   0|    8|          0|
    |img_load_697_reg_38199                                    |    8|   0|    8|          0|
    |img_load_698_reg_38224                                    |    8|   0|    8|          0|
    |img_load_699_reg_38229                                    |    8|   0|    8|          0|
    |img_load_69_reg_28532                                     |    8|   0|    8|          0|
    |img_load_6_reg_27067                                      |    8|   0|    8|          0|
    |img_load_700_reg_38244                                    |    8|   0|    8|          0|
    |img_load_701_reg_38249                                    |    8|   0|    8|          0|
    |img_load_702_reg_38264                                    |    8|   0|    8|          0|
    |img_load_703_reg_38269                                    |    8|   0|    8|          0|
    |img_load_704_reg_38284                                    |    8|   0|    8|          0|
    |img_load_705_reg_38289                                    |    8|   0|    8|          0|
    |img_load_706_reg_38304                                    |    8|   0|    8|          0|
    |img_load_707_reg_38309                                    |    8|   0|    8|          0|
    |img_load_708_reg_38324                                    |    8|   0|    8|          0|
    |img_load_709_reg_38329                                    |    8|   0|    8|          0|
    |img_load_70_reg_28577                                     |    8|   0|    8|          0|
    |img_load_710_reg_38344                                    |    8|   0|    8|          0|
    |img_load_711_reg_38349                                    |    8|   0|    8|          0|
    |img_load_712_reg_38364                                    |    8|   0|    8|          0|
    |img_load_713_reg_38369                                    |    8|   0|    8|          0|
    |img_load_714_reg_38384                                    |    8|   0|    8|          0|
    |img_load_715_reg_38389                                    |    8|   0|    8|          0|
    |img_load_716_reg_38414                                    |    8|   0|    8|          0|
    |img_load_717_reg_38419                                    |    8|   0|    8|          0|
    |img_load_718_reg_38444                                    |    8|   0|    8|          0|
    |img_load_719_reg_38449                                    |    8|   0|    8|          0|
    |img_load_71_reg_28582                                     |    8|   0|    8|          0|
    |img_load_720_reg_38474                                    |    8|   0|    8|          0|
    |img_load_721_reg_38479                                    |    8|   0|    8|          0|
    |img_load_722_reg_38504                                    |    8|   0|    8|          0|
    |img_load_723_reg_38509                                    |    8|   0|    8|          0|
    |img_load_724_reg_38534                                    |    8|   0|    8|          0|
    |img_load_725_reg_38539                                    |    8|   0|    8|          0|
    |img_load_726_reg_38564                                    |    8|   0|    8|          0|
    |img_load_727_reg_38569                                    |    8|   0|    8|          0|
    |img_load_728_reg_38594                                    |    8|   0|    8|          0|
    |img_load_729_reg_38599                                    |    8|   0|    8|          0|
    |img_load_72_reg_28627                                     |    8|   0|    8|          0|
    |img_load_730_reg_38624                                    |    8|   0|    8|          0|
    |img_load_731_reg_38629                                    |    8|   0|    8|          0|
    |img_load_732_reg_38654                                    |    8|   0|    8|          0|
    |img_load_733_reg_38659                                    |    8|   0|    8|          0|
    |img_load_734_reg_38684                                    |    8|   0|    8|          0|
    |img_load_735_reg_38689                                    |    8|   0|    8|          0|
    |img_load_736_reg_38714                                    |    8|   0|    8|          0|
    |img_load_737_reg_38719                                    |    8|   0|    8|          0|
    |img_load_738_reg_38744                                    |    8|   0|    8|          0|
    |img_load_739_reg_38749                                    |    8|   0|    8|          0|
    |img_load_73_reg_28632                                     |    8|   0|    8|          0|
    |img_load_740_reg_38774                                    |    8|   0|    8|          0|
    |img_load_741_reg_38779                                    |    8|   0|    8|          0|
    |img_load_742_reg_38804                                    |    8|   0|    8|          0|
    |img_load_743_reg_38809                                    |    8|   0|    8|          0|
    |img_load_744_reg_38834                                    |    8|   0|    8|          0|
    |img_load_745_reg_38839                                    |    8|   0|    8|          0|
    |img_load_746_reg_38864                                    |    8|   0|    8|          0|
    |img_load_747_reg_38869                                    |    8|   0|    8|          0|
    |img_load_748_reg_38894                                    |    8|   0|    8|          0|
    |img_load_749_reg_38899                                    |    8|   0|    8|          0|
    |img_load_74_reg_28677                                     |    8|   0|    8|          0|
    |img_load_750_reg_38924                                    |    8|   0|    8|          0|
    |img_load_751_reg_38929                                    |    8|   0|    8|          0|
    |img_load_752_reg_38954                                    |    8|   0|    8|          0|
    |img_load_753_reg_38959                                    |    8|   0|    8|          0|
    |img_load_754_reg_38984                                    |    8|   0|    8|          0|
    |img_load_755_reg_38989                                    |    8|   0|    8|          0|
    |img_load_756_reg_39014                                    |    8|   0|    8|          0|
    |img_load_757_reg_39019                                    |    8|   0|    8|          0|
    |img_load_758_reg_39044                                    |    8|   0|    8|          0|
    |img_load_759_reg_39049                                    |    8|   0|    8|          0|
    |img_load_75_reg_28682                                     |    8|   0|    8|          0|
    |img_load_760_reg_39074                                    |    8|   0|    8|          0|
    |img_load_761_reg_39079                                    |    8|   0|    8|          0|
    |img_load_762_reg_39104                                    |    8|   0|    8|          0|
    |img_load_763_reg_39109                                    |    8|   0|    8|          0|
    |img_load_764_reg_39124                                    |    8|   0|    8|          0|
    |img_load_765_reg_39129                                    |    8|   0|    8|          0|
    |img_load_766_reg_39139                                    |    8|   0|    8|          0|
    |img_load_767_reg_39144                                    |    8|   0|    8|          0|
    |img_load_76_reg_28697                                     |    8|   0|    8|          0|
    |img_load_77_reg_28702                                     |    8|   0|    8|          0|
    |img_load_78_reg_28738                                     |    8|   0|    8|          0|
    |img_load_79_reg_28743                                     |    8|   0|    8|          0|
    |img_load_7_reg_27072                                      |    8|   0|    8|          0|
    |img_load_80_reg_28796                                     |    8|   0|    8|          0|
    |img_load_81_reg_28801                                     |    8|   0|    8|          0|
    |img_load_82_reg_28830                                     |    8|   0|    8|          0|
    |img_load_83_reg_28835                                     |    8|   0|    8|          0|
    |img_load_84_reg_28864                                     |    8|   0|    8|          0|
    |img_load_85_reg_28869                                     |    8|   0|    8|          0|
    |img_load_86_reg_28898                                     |    8|   0|    8|          0|
    |img_load_87_reg_28903                                     |    8|   0|    8|          0|
    |img_load_88_reg_28932                                     |    8|   0|    8|          0|
    |img_load_89_reg_28937                                     |    8|   0|    8|          0|
    |img_load_8_reg_27155                                      |    8|   0|    8|          0|
    |img_load_90_reg_28966                                     |    8|   0|    8|          0|
    |img_load_91_reg_28971                                     |    8|   0|    8|          0|
    |img_load_92_reg_28986                                     |    8|   0|    8|          0|
    |img_load_93_reg_28991                                     |    8|   0|    8|          0|
    |img_load_94_reg_29039                                     |    8|   0|    8|          0|
    |img_load_95_reg_29044                                     |    8|   0|    8|          0|
    |img_load_96_reg_29113                                     |    8|   0|    8|          0|
    |img_load_97_reg_29118                                     |    8|   0|    8|          0|
    |img_load_98_reg_29155                                     |    8|   0|    8|          0|
    |img_load_99_reg_29160                                     |    8|   0|    8|          0|
    |img_load_9_reg_27160                                      |    8|   0|    8|          0|
    |img_load_reg_26788                                        |    8|   0|    8|          0|
    |p_1_reg_26489                                             |    8|   0|    8|          0|
    |p_cast_reg_26610                                          |    4|   0|   16|         12|
    |p_fu_1006                                                 |    8|   0|    8|          0|
    |phi_mul_fu_1002                                           |   16|   0|   16|          0|
    |px_fu_998                                                 |    8|   0|    8|          0|
    |tmp_101_cast_reg_27326                                    |   14|   0|   16|          2|
    |tmp_118_cast_reg_27673                                    |   14|   0|   17|          3|
    |tmp_120_cast_reg_27678                                    |   14|   0|   17|          3|
    |tmp_122_cast_reg_27715                                    |   14|   0|   17|          3|
    |tmp_124_cast_reg_27720                                    |   14|   0|   17|          3|
    |tmp_126_cast_reg_27747                                    |   14|   0|   17|          3|
    |tmp_128_cast_reg_27752                                    |   14|   0|   17|          3|
    |tmp_12_cast_reg_26700                                     |   14|   0|   17|          3|
    |tmp_130_cast_reg_27789                                    |   14|   0|   17|          3|
    |tmp_132_cast_reg_27794                                    |   14|   0|   17|          3|
    |tmp_134_cast_reg_27835                                    |   14|   0|   17|          3|
    |tmp_136_cast_reg_27840                                    |   14|   0|   17|          3|
    |tmp_138_cast_reg_27877                                    |   14|   0|   17|          3|
    |tmp_140_cast_reg_27882                                    |   14|   0|   17|          3|
    |tmp_142_cast_reg_27919                                    |   14|   0|   17|          3|
    |tmp_144_cast_reg_27924                                    |   14|   0|   17|          3|
    |tmp_146_cast_reg_27961                                    |   14|   0|   17|          3|
    |tmp_148_cast_reg_27966                                    |   14|   0|   17|          3|
    |tmp_14_cast_reg_26705                                     |   14|   0|   16|          2|
    |tmp_164_cast_reg_28317                                    |   14|   0|   17|          3|
    |tmp_166_cast_reg_28322                                    |   14|   0|   17|          3|
    |tmp_168_cast_reg_28367                                    |   14|   0|   17|          3|
    |tmp_170_cast_reg_28372                                    |   14|   0|   17|          3|
    |tmp_172_cast_reg_28407                                    |   14|   0|   17|          3|
    |tmp_174_cast_reg_28412                                    |   14|   0|   17|          3|
    |tmp_176_cast_reg_28457                                    |   14|   0|   17|          3|
    |tmp_178_cast_reg_28462                                    |   14|   0|   17|          3|
    |tmp_180_cast_reg_28507                                    |   14|   0|   17|          3|
    |tmp_182_cast_reg_28512                                    |   14|   0|   17|          3|
    |tmp_184_cast_reg_28557                                    |   14|   0|   17|          3|
    |tmp_186_cast_reg_28562                                    |   14|   0|   17|          3|
    |tmp_188_cast_reg_28607                                    |   14|   0|   17|          3|
    |tmp_18_cast_reg_26744                                     |   14|   0|   17|          3|
    |tmp_190_cast_reg_28612                                    |   14|   0|   17|          3|
    |tmp_192_cast_reg_28657                                    |   14|   0|   17|          3|
    |tmp_194_cast_reg_28662                                    |   14|   0|   17|          3|
    |tmp_196_cast_reg_28327                                    |   14|   0|   16|          2|
    |tmp_199_cast_reg_28332                                    |   14|   0|   16|          2|
    |tmp_1_reg_26497                                           |    4|   0|    4|          0|
    |tmp_202_cast_reg_28377                                    |   14|   0|   16|          2|
    |tmp_205_cast_reg_28382                                    |   14|   0|   16|          2|
    |tmp_208_cast_reg_28417                                    |   14|   0|   16|          2|
    |tmp_20_cast_reg_26749                                     |   14|   0|   16|          2|
    |tmp_211_cast_reg_28422                                    |   14|   0|   16|          2|
    |tmp_214_cast_reg_28467                                    |   14|   0|   16|          2|
    |tmp_217_cast_reg_28472                                    |   14|   0|   16|          2|
    |tmp_220_cast_reg_28517                                    |   14|   0|   16|          2|
    |tmp_223_cast_reg_28522                                    |   14|   0|   16|          2|
    |tmp_226_cast_reg_28567                                    |   14|   0|   16|          2|
    |tmp_229_cast_reg_28572                                    |   14|   0|   16|          2|
    |tmp_232_cast_reg_28617                                    |   14|   0|   16|          2|
    |tmp_235_cast_reg_28622                                    |   14|   0|   16|          2|
    |tmp_238_cast_reg_28667                                    |   14|   0|   16|          2|
    |tmp_241_cast_reg_28672                                    |   14|   0|   16|          2|
    |tmp_24_cast_reg_26778                                     |   14|   0|   17|          3|
    |tmp_258_cast_reg_29029                                    |   14|   0|   17|          3|
    |tmp_260_cast_reg_29034                                    |   14|   0|   17|          3|
    |tmp_262_cast_reg_29071                                    |   14|   0|   17|          3|
    |tmp_264_cast_reg_29076                                    |   14|   0|   17|          3|
    |tmp_266_cast_reg_29103                                    |   14|   0|   17|          3|
    |tmp_268_cast_reg_29108                                    |   14|   0|   17|          3|
    |tmp_26_cast_reg_26783                                     |   14|   0|   16|          2|
    |tmp_270_cast_reg_29145                                    |   14|   0|   17|          3|
    |tmp_272_cast_reg_29150                                    |   14|   0|   17|          3|
    |tmp_274_cast_reg_29191                                    |   14|   0|   17|          3|
    |tmp_276_cast_reg_29196                                    |   14|   0|   17|          3|
    |tmp_278_cast_reg_29233                                    |   14|   0|   17|          3|
    |tmp_280_cast_reg_29238                                    |   14|   0|   17|          3|
    |tmp_282_cast_reg_29275                                    |   14|   0|   17|          3|
    |tmp_284_cast_reg_29280                                    |   14|   0|   17|          3|
    |tmp_286_cast_reg_29322                                    |   14|   0|   17|          3|
    |tmp_288_cast_reg_29327                                    |   14|   0|   17|          3|
    |tmp_304_cast_reg_29678                                    |   14|   0|   17|          3|
    |tmp_306_cast_reg_29683                                    |   14|   0|   17|          3|
    |tmp_308_cast_reg_29728                                    |   14|   0|   17|          3|
    |tmp_30_cast_reg_26832                                     |   14|   0|   17|          3|
    |tmp_30_reg_26984                                          |    7|   0|    8|          1|
    |tmp_310_cast_reg_29733                                    |   14|   0|   17|          3|
    |tmp_312_cast_reg_29768                                    |   14|   0|   17|          3|
    |tmp_314_cast_reg_29773                                    |   14|   0|   17|          3|
    |tmp_316_cast_reg_29818                                    |   14|   0|   17|          3|
    |tmp_318_cast_reg_29823                                    |   14|   0|   17|          3|
    |tmp_320_cast_reg_29868                                    |   14|   0|   17|          3|
    |tmp_322_cast_reg_29873                                    |   14|   0|   17|          3|
    |tmp_324_cast_reg_29918                                    |   14|   0|   17|          3|
    |tmp_326_cast_reg_29923                                    |   14|   0|   17|          3|
    |tmp_328_cast_reg_29968                                    |   14|   0|   17|          3|
    |tmp_32_cast_reg_26837                                     |   14|   0|   16|          2|
    |tmp_330_cast_reg_29973                                    |   14|   0|   17|          3|
    |tmp_332_cast_reg_30018                                    |   14|   0|   17|          3|
    |tmp_334_cast_reg_30023                                    |   14|   0|   17|          3|
    |tmp_336_cast_reg_29688                                    |   14|   0|   16|          2|
    |tmp_339_cast_reg_29693                                    |   14|   0|   16|          2|
    |tmp_342_cast_reg_29738                                    |   14|   0|   16|          2|
    |tmp_345_cast_reg_29743                                    |   14|   0|   16|          2|
    |tmp_348_cast_reg_29778                                    |   14|   0|   16|          2|
    |tmp_351_cast_reg_29783                                    |   14|   0|   16|          2|
    |tmp_354_cast_reg_29828                                    |   14|   0|   16|          2|
    |tmp_357_cast_reg_29833                                    |   14|   0|   16|          2|
    |tmp_360_cast_reg_29878                                    |   14|   0|   16|          2|
    |tmp_363_cast_reg_29883                                    |   14|   0|   16|          2|
    |tmp_366_cast_reg_29928                                    |   14|   0|   16|          2|
    |tmp_369_cast_reg_29933                                    |   14|   0|   16|          2|
    |tmp_36_cast_reg_26866                                     |   14|   0|   17|          3|
    |tmp_372_cast_reg_29978                                    |   14|   0|   16|          2|
    |tmp_375_cast_reg_29983                                    |   14|   0|   16|          2|
    |tmp_378_cast_reg_30028                                    |   14|   0|   16|          2|
    |tmp_381_cast_reg_30033                                    |   14|   0|   16|          2|
    |tmp_38_cast_reg_26871                                     |   14|   0|   16|          2|
    |tmp_398_cast_reg_30390                                    |   14|   0|   17|          3|
    |tmp_3_reg_26627                                           |    7|   0|    8|          1|
    |tmp_400_cast_reg_30395                                    |   14|   0|   17|          3|
    |tmp_402_cast_reg_30432                                    |   14|   0|   17|          3|
    |tmp_404_cast_reg_30437                                    |   14|   0|   17|          3|
    |tmp_406_cast_reg_30464                                    |   14|   0|   17|          3|
    |tmp_408_cast_reg_30469                                    |   14|   0|   17|          3|
    |tmp_410_cast_reg_30506                                    |   14|   0|   17|          3|
    |tmp_412_cast_reg_30511                                    |   14|   0|   17|          3|
    |tmp_414_cast_reg_30547                                    |   14|   0|   17|          3|
    |tmp_416_cast_reg_30552                                    |   14|   0|   17|          3|
    |tmp_418_cast_reg_30594                                    |   14|   0|   17|          3|
    |tmp_420_cast_reg_30599                                    |   14|   0|   17|          3|
    |tmp_422_cast_reg_30636                                    |   14|   0|   17|          3|
    |tmp_424_cast_reg_30641                                    |   14|   0|   17|          3|
    |tmp_426_cast_reg_30678                                    |   14|   0|   17|          3|
    |tmp_428_cast_reg_30683                                    |   14|   0|   17|          3|
    |tmp_42_cast_reg_26920                                     |   14|   0|   17|          3|
    |tmp_444_cast_reg_31034                                    |   14|   0|   17|          3|
    |tmp_446_cast_reg_31039                                    |   14|   0|   17|          3|
    |tmp_448_cast_reg_31084                                    |   14|   0|   17|          3|
    |tmp_44_cast_reg_26925                                     |   14|   0|   16|          2|
    |tmp_450_cast_reg_31089                                    |   14|   0|   17|          3|
    |tmp_452_cast_reg_31124                                    |   14|   0|   17|          3|
    |tmp_454_cast_reg_31129                                    |   14|   0|   17|          3|
    |tmp_456_cast_reg_31174                                    |   14|   0|   17|          3|
    |tmp_458_cast_reg_31179                                    |   14|   0|   17|          3|
    |tmp_460_cast_reg_31224                                    |   14|   0|   17|          3|
    |tmp_462_cast_reg_31229                                    |   14|   0|   17|          3|
    |tmp_464_cast_reg_31274                                    |   14|   0|   17|          3|
    |tmp_466_cast_reg_31279                                    |   14|   0|   17|          3|
    |tmp_468_cast_reg_31324                                    |   14|   0|   17|          3|
    |tmp_470_cast_reg_31329                                    |   14|   0|   17|          3|
    |tmp_472_cast_reg_31374                                    |   14|   0|   17|          3|
    |tmp_474_cast_reg_31379                                    |   14|   0|   17|          3|
    |tmp_476_cast_reg_31044                                    |   14|   0|   16|          2|
    |tmp_479_cast_reg_31049                                    |   14|   0|   16|          2|
    |tmp_482_cast_reg_31094                                    |   14|   0|   16|          2|
    |tmp_485_cast_reg_31099                                    |   14|   0|   16|          2|
    |tmp_488_cast_reg_31134                                    |   14|   0|   16|          2|
    |tmp_48_cast_reg_26954                                     |   14|   0|   17|          3|
    |tmp_491_cast_reg_31139                                    |   14|   0|   16|          2|
    |tmp_494_cast_reg_31184                                    |   14|   0|   16|          2|
    |tmp_497_cast_reg_31189                                    |   14|   0|   16|          2|
    |tmp_500_cast_reg_31234                                    |   14|   0|   16|          2|
    |tmp_503_cast_reg_31239                                    |   14|   0|   16|          2|
    |tmp_506_cast_reg_31284                                    |   14|   0|   16|          2|
    |tmp_509_cast_reg_31289                                    |   14|   0|   16|          2|
    |tmp_50_cast_reg_26959                                     |   14|   0|   16|          2|
    |tmp_512_cast_reg_31334                                    |   14|   0|   16|          2|
    |tmp_515_cast_reg_31339                                    |   14|   0|   16|          2|
    |tmp_518_cast_reg_31384                                    |   14|   0|   16|          2|
    |tmp_521_cast_reg_31389                                    |   14|   0|   16|          2|
    |tmp_538_cast_reg_31746                                    |   14|   0|   17|          3|
    |tmp_540_cast_reg_31751                                    |   14|   0|   17|          3|
    |tmp_542_cast_reg_31788                                    |   14|   0|   17|          3|
    |tmp_544_cast_reg_31793                                    |   14|   0|   17|          3|
    |tmp_546_cast_reg_31820                                    |   14|   0|   17|          3|
    |tmp_548_cast_reg_31825                                    |   14|   0|   17|          3|
    |tmp_550_cast_reg_31862                                    |   14|   0|   17|          3|
    |tmp_552_cast_reg_31867                                    |   14|   0|   17|          3|
    |tmp_554_cast_reg_31908                                    |   14|   0|   17|          3|
    |tmp_556_cast_reg_31913                                    |   14|   0|   17|          3|
    |tmp_558_cast_reg_31950                                    |   14|   0|   17|          3|
    |tmp_560_cast_reg_31955                                    |   14|   0|   17|          3|
    |tmp_562_cast_reg_31992                                    |   14|   0|   17|          3|
    |tmp_564_cast_reg_31997                                    |   14|   0|   17|          3|
    |tmp_566_cast_reg_32034                                    |   14|   0|   17|          3|
    |tmp_568_cast_reg_32039                                    |   14|   0|   17|          3|
    |tmp_57_cast_reg_27023                                     |   14|   0|   17|          3|
    |tmp_59_cast_reg_27028                                     |   14|   0|   16|          2|
    |tmp_63_cast_reg_27057                                     |   14|   0|   17|          3|
    |tmp_65_cast_reg_27062                                     |   14|   0|   16|          2|
    |tmp_69_cast_reg_27111                                     |   14|   0|   17|          3|
    |tmp_6_cast_reg_26666                                      |   14|   0|   17|          3|
    |tmp_71_cast_reg_27116                                     |   14|   0|   16|          2|
    |tmp_75_cast_reg_27145                                     |   14|   0|   17|          3|
    |tmp_77_cast_reg_27150                                     |   14|   0|   16|          2|
    |tmp_81_cast_reg_27199                                     |   14|   0|   17|          3|
    |tmp_83_cast_reg_27204                                     |   14|   0|   16|          2|
    |tmp_87_cast_reg_27233                                     |   14|   0|   17|          3|
    |tmp_89_cast_reg_27238                                     |   14|   0|   16|          2|
    |tmp_8_cast_reg_26671                                      |   14|   0|   16|          2|
    |tmp_93_cast_reg_27287                                     |   14|   0|   17|          3|
    |tmp_95_cast_reg_27292                                     |   14|   0|   16|          2|
    |tmp_99_cast_reg_27321                                     |   14|   0|   17|          3|
    |tmp_reg_39134                                             |    8|   0|   18|         10|
    +----------------------------------------------------------+-----+----+-----+-----------+
    |Total                                                     |18503|   0|21717|       3214|
    +----------------------------------------------------------+-----+----+-----+-----------+



================================================================
== Interface
================================================================
* Summary: 
+----------------+-----+-----+------------+-----------------+--------------+
|    RTL Ports   | Dir | Bits|  Protocol  |  Source Object  |    C Type    |
+----------------+-----+-----+------------+-----------------+--------------+
|ap_clk          |   in|    1|  ap_ctrl_hs|  vit_patch_embed|  return value|
|ap_rst          |   in|    1|  ap_ctrl_hs|  vit_patch_embed|  return value|
|ap_start        |   in|    1|  ap_ctrl_hs|  vit_patch_embed|  return value|
|ap_done         |  out|    1|  ap_ctrl_hs|  vit_patch_embed|  return value|
|ap_idle         |  out|    1|  ap_ctrl_hs|  vit_patch_embed|  return value|
|ap_ready        |  out|    1|  ap_ctrl_hs|  vit_patch_embed|  return value|
|img_address0    |  out|   18|   ap_memory|              img|         array|
|img_ce0         |  out|    1|   ap_memory|              img|         array|
|img_q0          |   in|    8|   ap_memory|              img|         array|
|img_address1    |  out|   18|   ap_memory|              img|         array|
|img_ce1         |  out|    1|   ap_memory|              img|         array|
|img_q1          |   in|    8|   ap_memory|              img|         array|
|W_0_address0    |  out|   11|   ap_memory|              W_0|         array|
|W_0_ce0         |  out|    1|   ap_memory|              W_0|         array|
|W_0_q0          |   in|    8|   ap_memory|              W_0|         array|
|W_0_address1    |  out|   11|   ap_memory|              W_0|         array|
|W_0_ce1         |  out|    1|   ap_memory|              W_0|         array|
|W_0_q1          |   in|    8|   ap_memory|              W_0|         array|
|W_1_address0    |  out|   11|   ap_memory|              W_1|         array|
|W_1_ce0         |  out|    1|   ap_memory|              W_1|         array|
|W_1_q0          |   in|    8|   ap_memory|              W_1|         array|
|W_1_address1    |  out|   11|   ap_memory|              W_1|         array|
|W_1_ce1         |  out|    1|   ap_memory|              W_1|         array|
|W_1_q1          |   in|    8|   ap_memory|              W_1|         array|
|W_2_address0    |  out|   11|   ap_memory|              W_2|         array|
|W_2_ce0         |  out|    1|   ap_memory|              W_2|         array|
|W_2_q0          |   in|    8|   ap_memory|              W_2|         array|
|W_2_address1    |  out|   11|   ap_memory|              W_2|         array|
|W_2_ce1         |  out|    1|   ap_memory|              W_2|         array|
|W_2_q1          |   in|    8|   ap_memory|              W_2|         array|
|W_3_address0    |  out|   11|   ap_memory|              W_3|         array|
|W_3_ce0         |  out|    1|   ap_memory|              W_3|         array|
|W_3_q0          |   in|    8|   ap_memory|              W_3|         array|
|W_3_address1    |  out|   11|   ap_memory|              W_3|         array|
|W_3_ce1         |  out|    1|   ap_memory|              W_3|         array|
|W_3_q1          |   in|    8|   ap_memory|              W_3|         array|
|W_4_address0    |  out|   11|   ap_memory|              W_4|         array|
|W_4_ce0         |  out|    1|   ap_memory|              W_4|         array|
|W_4_q0          |   in|    8|   ap_memory|              W_4|         array|
|W_4_address1    |  out|   11|   ap_memory|              W_4|         array|
|W_4_ce1         |  out|    1|   ap_memory|              W_4|         array|
|W_4_q1          |   in|    8|   ap_memory|              W_4|         array|
|W_5_address0    |  out|   11|   ap_memory|              W_5|         array|
|W_5_ce0         |  out|    1|   ap_memory|              W_5|         array|
|W_5_q0          |   in|    8|   ap_memory|              W_5|         array|
|W_5_address1    |  out|   11|   ap_memory|              W_5|         array|
|W_5_ce1         |  out|    1|   ap_memory|              W_5|         array|
|W_5_q1          |   in|    8|   ap_memory|              W_5|         array|
|W_6_address0    |  out|   11|   ap_memory|              W_6|         array|
|W_6_ce0         |  out|    1|   ap_memory|              W_6|         array|
|W_6_q0          |   in|    8|   ap_memory|              W_6|         array|
|W_6_address1    |  out|   11|   ap_memory|              W_6|         array|
|W_6_ce1         |  out|    1|   ap_memory|              W_6|         array|
|W_6_q1          |   in|    8|   ap_memory|              W_6|         array|
|W_7_address0    |  out|   11|   ap_memory|              W_7|         array|
|W_7_ce0         |  out|    1|   ap_memory|              W_7|         array|
|W_7_q0          |   in|    8|   ap_memory|              W_7|         array|
|W_7_address1    |  out|   11|   ap_memory|              W_7|         array|
|W_7_ce1         |  out|    1|   ap_memory|              W_7|         array|
|W_7_q1          |   in|    8|   ap_memory|              W_7|         array|
|W_8_address0    |  out|   11|   ap_memory|              W_8|         array|
|W_8_ce0         |  out|    1|   ap_memory|              W_8|         array|
|W_8_q0          |   in|    8|   ap_memory|              W_8|         array|
|W_8_address1    |  out|   11|   ap_memory|              W_8|         array|
|W_8_ce1         |  out|    1|   ap_memory|              W_8|         array|
|W_8_q1          |   in|    8|   ap_memory|              W_8|         array|
|W_9_address0    |  out|   11|   ap_memory|              W_9|         array|
|W_9_ce0         |  out|    1|   ap_memory|              W_9|         array|
|W_9_q0          |   in|    8|   ap_memory|              W_9|         array|
|W_9_address1    |  out|   11|   ap_memory|              W_9|         array|
|W_9_ce1         |  out|    1|   ap_memory|              W_9|         array|
|W_9_q1          |   in|    8|   ap_memory|              W_9|         array|
|W_10_address0   |  out|   11|   ap_memory|             W_10|         array|
|W_10_ce0        |  out|    1|   ap_memory|             W_10|         array|
|W_10_q0         |   in|    8|   ap_memory|             W_10|         array|
|W_10_address1   |  out|   11|   ap_memory|             W_10|         array|
|W_10_ce1        |  out|    1|   ap_memory|             W_10|         array|
|W_10_q1         |   in|    8|   ap_memory|             W_10|         array|
|W_11_address0   |  out|   11|   ap_memory|             W_11|         array|
|W_11_ce0        |  out|    1|   ap_memory|             W_11|         array|
|W_11_q0         |   in|    8|   ap_memory|             W_11|         array|
|W_11_address1   |  out|   11|   ap_memory|             W_11|         array|
|W_11_ce1        |  out|    1|   ap_memory|             W_11|         array|
|W_11_q1         |   in|    8|   ap_memory|             W_11|         array|
|W_12_address0   |  out|   11|   ap_memory|             W_12|         array|
|W_12_ce0        |  out|    1|   ap_memory|             W_12|         array|
|W_12_q0         |   in|    8|   ap_memory|             W_12|         array|
|W_12_address1   |  out|   11|   ap_memory|             W_12|         array|
|W_12_ce1        |  out|    1|   ap_memory|             W_12|         array|
|W_12_q1         |   in|    8|   ap_memory|             W_12|         array|
|W_13_address0   |  out|   11|   ap_memory|             W_13|         array|
|W_13_ce0        |  out|    1|   ap_memory|             W_13|         array|
|W_13_q0         |   in|    8|   ap_memory|             W_13|         array|
|W_13_address1   |  out|   11|   ap_memory|             W_13|         array|
|W_13_ce1        |  out|    1|   ap_memory|             W_13|         array|
|W_13_q1         |   in|    8|   ap_memory|             W_13|         array|
|W_14_address0   |  out|   11|   ap_memory|             W_14|         array|
|W_14_ce0        |  out|    1|   ap_memory|             W_14|         array|
|W_14_q0         |   in|    8|   ap_memory|             W_14|         array|
|W_14_address1   |  out|   11|   ap_memory|             W_14|         array|
|W_14_ce1        |  out|    1|   ap_memory|             W_14|         array|
|W_14_q1         |   in|    8|   ap_memory|             W_14|         array|
|W_15_address0   |  out|   11|   ap_memory|             W_15|         array|
|W_15_ce0        |  out|    1|   ap_memory|             W_15|         array|
|W_15_q0         |   in|    8|   ap_memory|             W_15|         array|
|W_15_address1   |  out|   11|   ap_memory|             W_15|         array|
|W_15_ce1        |  out|    1|   ap_memory|             W_15|         array|
|W_15_q1         |   in|    8|   ap_memory|             W_15|         array|
|W_16_address0   |  out|   11|   ap_memory|             W_16|         array|
|W_16_ce0        |  out|    1|   ap_memory|             W_16|         array|
|W_16_q0         |   in|    8|   ap_memory|             W_16|         array|
|W_16_address1   |  out|   11|   ap_memory|             W_16|         array|
|W_16_ce1        |  out|    1|   ap_memory|             W_16|         array|
|W_16_q1         |   in|    8|   ap_memory|             W_16|         array|
|W_17_address0   |  out|   11|   ap_memory|             W_17|         array|
|W_17_ce0        |  out|    1|   ap_memory|             W_17|         array|
|W_17_q0         |   in|    8|   ap_memory|             W_17|         array|
|W_17_address1   |  out|   11|   ap_memory|             W_17|         array|
|W_17_ce1        |  out|    1|   ap_memory|             W_17|         array|
|W_17_q1         |   in|    8|   ap_memory|             W_17|         array|
|W_18_address0   |  out|   11|   ap_memory|             W_18|         array|
|W_18_ce0        |  out|    1|   ap_memory|             W_18|         array|
|W_18_q0         |   in|    8|   ap_memory|             W_18|         array|
|W_18_address1   |  out|   11|   ap_memory|             W_18|         array|
|W_18_ce1        |  out|    1|   ap_memory|             W_18|         array|
|W_18_q1         |   in|    8|   ap_memory|             W_18|         array|
|W_19_address0   |  out|   11|   ap_memory|             W_19|         array|
|W_19_ce0        |  out|    1|   ap_memory|             W_19|         array|
|W_19_q0         |   in|    8|   ap_memory|             W_19|         array|
|W_19_address1   |  out|   11|   ap_memory|             W_19|         array|
|W_19_ce1        |  out|    1|   ap_memory|             W_19|         array|
|W_19_q1         |   in|    8|   ap_memory|             W_19|         array|
|W_20_address0   |  out|   11|   ap_memory|             W_20|         array|
|W_20_ce0        |  out|    1|   ap_memory|             W_20|         array|
|W_20_q0         |   in|    8|   ap_memory|             W_20|         array|
|W_20_address1   |  out|   11|   ap_memory|             W_20|         array|
|W_20_ce1        |  out|    1|   ap_memory|             W_20|         array|
|W_20_q1         |   in|    8|   ap_memory|             W_20|         array|
|W_21_address0   |  out|   11|   ap_memory|             W_21|         array|
|W_21_ce0        |  out|    1|   ap_memory|             W_21|         array|
|W_21_q0         |   in|    8|   ap_memory|             W_21|         array|
|W_21_address1   |  out|   11|   ap_memory|             W_21|         array|
|W_21_ce1        |  out|    1|   ap_memory|             W_21|         array|
|W_21_q1         |   in|    8|   ap_memory|             W_21|         array|
|W_22_address0   |  out|   11|   ap_memory|             W_22|         array|
|W_22_ce0        |  out|    1|   ap_memory|             W_22|         array|
|W_22_q0         |   in|    8|   ap_memory|             W_22|         array|
|W_22_address1   |  out|   11|   ap_memory|             W_22|         array|
|W_22_ce1        |  out|    1|   ap_memory|             W_22|         array|
|W_22_q1         |   in|    8|   ap_memory|             W_22|         array|
|W_23_address0   |  out|   11|   ap_memory|             W_23|         array|
|W_23_ce0        |  out|    1|   ap_memory|             W_23|         array|
|W_23_q0         |   in|    8|   ap_memory|             W_23|         array|
|W_23_address1   |  out|   11|   ap_memory|             W_23|         array|
|W_23_ce1        |  out|    1|   ap_memory|             W_23|         array|
|W_23_q1         |   in|    8|   ap_memory|             W_23|         array|
|W_24_address0   |  out|   11|   ap_memory|             W_24|         array|
|W_24_ce0        |  out|    1|   ap_memory|             W_24|         array|
|W_24_q0         |   in|    8|   ap_memory|             W_24|         array|
|W_24_address1   |  out|   11|   ap_memory|             W_24|         array|
|W_24_ce1        |  out|    1|   ap_memory|             W_24|         array|
|W_24_q1         |   in|    8|   ap_memory|             W_24|         array|
|W_25_address0   |  out|   11|   ap_memory|             W_25|         array|
|W_25_ce0        |  out|    1|   ap_memory|             W_25|         array|
|W_25_q0         |   in|    8|   ap_memory|             W_25|         array|
|W_25_address1   |  out|   11|   ap_memory|             W_25|         array|
|W_25_ce1        |  out|    1|   ap_memory|             W_25|         array|
|W_25_q1         |   in|    8|   ap_memory|             W_25|         array|
|W_26_address0   |  out|   11|   ap_memory|             W_26|         array|
|W_26_ce0        |  out|    1|   ap_memory|             W_26|         array|
|W_26_q0         |   in|    8|   ap_memory|             W_26|         array|
|W_26_address1   |  out|   11|   ap_memory|             W_26|         array|
|W_26_ce1        |  out|    1|   ap_memory|             W_26|         array|
|W_26_q1         |   in|    8|   ap_memory|             W_26|         array|
|W_27_address0   |  out|   11|   ap_memory|             W_27|         array|
|W_27_ce0        |  out|    1|   ap_memory|             W_27|         array|
|W_27_q0         |   in|    8|   ap_memory|             W_27|         array|
|W_27_address1   |  out|   11|   ap_memory|             W_27|         array|
|W_27_ce1        |  out|    1|   ap_memory|             W_27|         array|
|W_27_q1         |   in|    8|   ap_memory|             W_27|         array|
|W_28_address0   |  out|   11|   ap_memory|             W_28|         array|
|W_28_ce0        |  out|    1|   ap_memory|             W_28|         array|
|W_28_q0         |   in|    8|   ap_memory|             W_28|         array|
|W_28_address1   |  out|   11|   ap_memory|             W_28|         array|
|W_28_ce1        |  out|    1|   ap_memory|             W_28|         array|
|W_28_q1         |   in|    8|   ap_memory|             W_28|         array|
|W_29_address0   |  out|   11|   ap_memory|             W_29|         array|
|W_29_ce0        |  out|    1|   ap_memory|             W_29|         array|
|W_29_q0         |   in|    8|   ap_memory|             W_29|         array|
|W_29_address1   |  out|   11|   ap_memory|             W_29|         array|
|W_29_ce1        |  out|    1|   ap_memory|             W_29|         array|
|W_29_q1         |   in|    8|   ap_memory|             W_29|         array|
|W_30_address0   |  out|   11|   ap_memory|             W_30|         array|
|W_30_ce0        |  out|    1|   ap_memory|             W_30|         array|
|W_30_q0         |   in|    8|   ap_memory|             W_30|         array|
|W_30_address1   |  out|   11|   ap_memory|             W_30|         array|
|W_30_ce1        |  out|    1|   ap_memory|             W_30|         array|
|W_30_q1         |   in|    8|   ap_memory|             W_30|         array|
|W_31_address0   |  out|   11|   ap_memory|             W_31|         array|
|W_31_ce0        |  out|    1|   ap_memory|             W_31|         array|
|W_31_q0         |   in|    8|   ap_memory|             W_31|         array|
|W_31_address1   |  out|   11|   ap_memory|             W_31|         array|
|W_31_ce1        |  out|    1|   ap_memory|             W_31|         array|
|W_31_q1         |   in|    8|   ap_memory|             W_31|         array|
|W_32_address0   |  out|   11|   ap_memory|             W_32|         array|
|W_32_ce0        |  out|    1|   ap_memory|             W_32|         array|
|W_32_q0         |   in|    8|   ap_memory|             W_32|         array|
|W_32_address1   |  out|   11|   ap_memory|             W_32|         array|
|W_32_ce1        |  out|    1|   ap_memory|             W_32|         array|
|W_32_q1         |   in|    8|   ap_memory|             W_32|         array|
|W_33_address0   |  out|   11|   ap_memory|             W_33|         array|
|W_33_ce0        |  out|    1|   ap_memory|             W_33|         array|
|W_33_q0         |   in|    8|   ap_memory|             W_33|         array|
|W_33_address1   |  out|   11|   ap_memory|             W_33|         array|
|W_33_ce1        |  out|    1|   ap_memory|             W_33|         array|
|W_33_q1         |   in|    8|   ap_memory|             W_33|         array|
|W_34_address0   |  out|   11|   ap_memory|             W_34|         array|
|W_34_ce0        |  out|    1|   ap_memory|             W_34|         array|
|W_34_q0         |   in|    8|   ap_memory|             W_34|         array|
|W_34_address1   |  out|   11|   ap_memory|             W_34|         array|
|W_34_ce1        |  out|    1|   ap_memory|             W_34|         array|
|W_34_q1         |   in|    8|   ap_memory|             W_34|         array|
|W_35_address0   |  out|   11|   ap_memory|             W_35|         array|
|W_35_ce0        |  out|    1|   ap_memory|             W_35|         array|
|W_35_q0         |   in|    8|   ap_memory|             W_35|         array|
|W_35_address1   |  out|   11|   ap_memory|             W_35|         array|
|W_35_ce1        |  out|    1|   ap_memory|             W_35|         array|
|W_35_q1         |   in|    8|   ap_memory|             W_35|         array|
|W_36_address0   |  out|   11|   ap_memory|             W_36|         array|
|W_36_ce0        |  out|    1|   ap_memory|             W_36|         array|
|W_36_q0         |   in|    8|   ap_memory|             W_36|         array|
|W_36_address1   |  out|   11|   ap_memory|             W_36|         array|
|W_36_ce1        |  out|    1|   ap_memory|             W_36|         array|
|W_36_q1         |   in|    8|   ap_memory|             W_36|         array|
|W_37_address0   |  out|   11|   ap_memory|             W_37|         array|
|W_37_ce0        |  out|    1|   ap_memory|             W_37|         array|
|W_37_q0         |   in|    8|   ap_memory|             W_37|         array|
|W_37_address1   |  out|   11|   ap_memory|             W_37|         array|
|W_37_ce1        |  out|    1|   ap_memory|             W_37|         array|
|W_37_q1         |   in|    8|   ap_memory|             W_37|         array|
|W_38_address0   |  out|   11|   ap_memory|             W_38|         array|
|W_38_ce0        |  out|    1|   ap_memory|             W_38|         array|
|W_38_q0         |   in|    8|   ap_memory|             W_38|         array|
|W_38_address1   |  out|   11|   ap_memory|             W_38|         array|
|W_38_ce1        |  out|    1|   ap_memory|             W_38|         array|
|W_38_q1         |   in|    8|   ap_memory|             W_38|         array|
|W_39_address0   |  out|   11|   ap_memory|             W_39|         array|
|W_39_ce0        |  out|    1|   ap_memory|             W_39|         array|
|W_39_q0         |   in|    8|   ap_memory|             W_39|         array|
|W_39_address1   |  out|   11|   ap_memory|             W_39|         array|
|W_39_ce1        |  out|    1|   ap_memory|             W_39|         array|
|W_39_q1         |   in|    8|   ap_memory|             W_39|         array|
|W_40_address0   |  out|   11|   ap_memory|             W_40|         array|
|W_40_ce0        |  out|    1|   ap_memory|             W_40|         array|
|W_40_q0         |   in|    8|   ap_memory|             W_40|         array|
|W_40_address1   |  out|   11|   ap_memory|             W_40|         array|
|W_40_ce1        |  out|    1|   ap_memory|             W_40|         array|
|W_40_q1         |   in|    8|   ap_memory|             W_40|         array|
|W_41_address0   |  out|   11|   ap_memory|             W_41|         array|
|W_41_ce0        |  out|    1|   ap_memory|             W_41|         array|
|W_41_q0         |   in|    8|   ap_memory|             W_41|         array|
|W_41_address1   |  out|   11|   ap_memory|             W_41|         array|
|W_41_ce1        |  out|    1|   ap_memory|             W_41|         array|
|W_41_q1         |   in|    8|   ap_memory|             W_41|         array|
|W_42_address0   |  out|   11|   ap_memory|             W_42|         array|
|W_42_ce0        |  out|    1|   ap_memory|             W_42|         array|
|W_42_q0         |   in|    8|   ap_memory|             W_42|         array|
|W_42_address1   |  out|   11|   ap_memory|             W_42|         array|
|W_42_ce1        |  out|    1|   ap_memory|             W_42|         array|
|W_42_q1         |   in|    8|   ap_memory|             W_42|         array|
|W_43_address0   |  out|   11|   ap_memory|             W_43|         array|
|W_43_ce0        |  out|    1|   ap_memory|             W_43|         array|
|W_43_q0         |   in|    8|   ap_memory|             W_43|         array|
|W_43_address1   |  out|   11|   ap_memory|             W_43|         array|
|W_43_ce1        |  out|    1|   ap_memory|             W_43|         array|
|W_43_q1         |   in|    8|   ap_memory|             W_43|         array|
|W_44_address0   |  out|   11|   ap_memory|             W_44|         array|
|W_44_ce0        |  out|    1|   ap_memory|             W_44|         array|
|W_44_q0         |   in|    8|   ap_memory|             W_44|         array|
|W_44_address1   |  out|   11|   ap_memory|             W_44|         array|
|W_44_ce1        |  out|    1|   ap_memory|             W_44|         array|
|W_44_q1         |   in|    8|   ap_memory|             W_44|         array|
|W_45_address0   |  out|   11|   ap_memory|             W_45|         array|
|W_45_ce0        |  out|    1|   ap_memory|             W_45|         array|
|W_45_q0         |   in|    8|   ap_memory|             W_45|         array|
|W_45_address1   |  out|   11|   ap_memory|             W_45|         array|
|W_45_ce1        |  out|    1|   ap_memory|             W_45|         array|
|W_45_q1         |   in|    8|   ap_memory|             W_45|         array|
|W_46_address0   |  out|   11|   ap_memory|             W_46|         array|
|W_46_ce0        |  out|    1|   ap_memory|             W_46|         array|
|W_46_q0         |   in|    8|   ap_memory|             W_46|         array|
|W_46_address1   |  out|   11|   ap_memory|             W_46|         array|
|W_46_ce1        |  out|    1|   ap_memory|             W_46|         array|
|W_46_q1         |   in|    8|   ap_memory|             W_46|         array|
|W_47_address0   |  out|   11|   ap_memory|             W_47|         array|
|W_47_ce0        |  out|    1|   ap_memory|             W_47|         array|
|W_47_q0         |   in|    8|   ap_memory|             W_47|         array|
|W_47_address1   |  out|   11|   ap_memory|             W_47|         array|
|W_47_ce1        |  out|    1|   ap_memory|             W_47|         array|
|W_47_q1         |   in|    8|   ap_memory|             W_47|         array|
|W_48_address0   |  out|   11|   ap_memory|             W_48|         array|
|W_48_ce0        |  out|    1|   ap_memory|             W_48|         array|
|W_48_q0         |   in|    8|   ap_memory|             W_48|         array|
|W_48_address1   |  out|   11|   ap_memory|             W_48|         array|
|W_48_ce1        |  out|    1|   ap_memory|             W_48|         array|
|W_48_q1         |   in|    8|   ap_memory|             W_48|         array|
|W_49_address0   |  out|   11|   ap_memory|             W_49|         array|
|W_49_ce0        |  out|    1|   ap_memory|             W_49|         array|
|W_49_q0         |   in|    8|   ap_memory|             W_49|         array|
|W_49_address1   |  out|   11|   ap_memory|             W_49|         array|
|W_49_ce1        |  out|    1|   ap_memory|             W_49|         array|
|W_49_q1         |   in|    8|   ap_memory|             W_49|         array|
|W_50_address0   |  out|   11|   ap_memory|             W_50|         array|
|W_50_ce0        |  out|    1|   ap_memory|             W_50|         array|
|W_50_q0         |   in|    8|   ap_memory|             W_50|         array|
|W_50_address1   |  out|   11|   ap_memory|             W_50|         array|
|W_50_ce1        |  out|    1|   ap_memory|             W_50|         array|
|W_50_q1         |   in|    8|   ap_memory|             W_50|         array|
|W_51_address0   |  out|   11|   ap_memory|             W_51|         array|
|W_51_ce0        |  out|    1|   ap_memory|             W_51|         array|
|W_51_q0         |   in|    8|   ap_memory|             W_51|         array|
|W_51_address1   |  out|   11|   ap_memory|             W_51|         array|
|W_51_ce1        |  out|    1|   ap_memory|             W_51|         array|
|W_51_q1         |   in|    8|   ap_memory|             W_51|         array|
|W_52_address0   |  out|   11|   ap_memory|             W_52|         array|
|W_52_ce0        |  out|    1|   ap_memory|             W_52|         array|
|W_52_q0         |   in|    8|   ap_memory|             W_52|         array|
|W_52_address1   |  out|   11|   ap_memory|             W_52|         array|
|W_52_ce1        |  out|    1|   ap_memory|             W_52|         array|
|W_52_q1         |   in|    8|   ap_memory|             W_52|         array|
|W_53_address0   |  out|   11|   ap_memory|             W_53|         array|
|W_53_ce0        |  out|    1|   ap_memory|             W_53|         array|
|W_53_q0         |   in|    8|   ap_memory|             W_53|         array|
|W_53_address1   |  out|   11|   ap_memory|             W_53|         array|
|W_53_ce1        |  out|    1|   ap_memory|             W_53|         array|
|W_53_q1         |   in|    8|   ap_memory|             W_53|         array|
|W_54_address0   |  out|   11|   ap_memory|             W_54|         array|
|W_54_ce0        |  out|    1|   ap_memory|             W_54|         array|
|W_54_q0         |   in|    8|   ap_memory|             W_54|         array|
|W_54_address1   |  out|   11|   ap_memory|             W_54|         array|
|W_54_ce1        |  out|    1|   ap_memory|             W_54|         array|
|W_54_q1         |   in|    8|   ap_memory|             W_54|         array|
|W_55_address0   |  out|   11|   ap_memory|             W_55|         array|
|W_55_ce0        |  out|    1|   ap_memory|             W_55|         array|
|W_55_q0         |   in|    8|   ap_memory|             W_55|         array|
|W_55_address1   |  out|   11|   ap_memory|             W_55|         array|
|W_55_ce1        |  out|    1|   ap_memory|             W_55|         array|
|W_55_q1         |   in|    8|   ap_memory|             W_55|         array|
|W_56_address0   |  out|   11|   ap_memory|             W_56|         array|
|W_56_ce0        |  out|    1|   ap_memory|             W_56|         array|
|W_56_q0         |   in|    8|   ap_memory|             W_56|         array|
|W_56_address1   |  out|   11|   ap_memory|             W_56|         array|
|W_56_ce1        |  out|    1|   ap_memory|             W_56|         array|
|W_56_q1         |   in|    8|   ap_memory|             W_56|         array|
|W_57_address0   |  out|   11|   ap_memory|             W_57|         array|
|W_57_ce0        |  out|    1|   ap_memory|             W_57|         array|
|W_57_q0         |   in|    8|   ap_memory|             W_57|         array|
|W_57_address1   |  out|   11|   ap_memory|             W_57|         array|
|W_57_ce1        |  out|    1|   ap_memory|             W_57|         array|
|W_57_q1         |   in|    8|   ap_memory|             W_57|         array|
|W_58_address0   |  out|   11|   ap_memory|             W_58|         array|
|W_58_ce0        |  out|    1|   ap_memory|             W_58|         array|
|W_58_q0         |   in|    8|   ap_memory|             W_58|         array|
|W_58_address1   |  out|   11|   ap_memory|             W_58|         array|
|W_58_ce1        |  out|    1|   ap_memory|             W_58|         array|
|W_58_q1         |   in|    8|   ap_memory|             W_58|         array|
|W_59_address0   |  out|   11|   ap_memory|             W_59|         array|
|W_59_ce0        |  out|    1|   ap_memory|             W_59|         array|
|W_59_q0         |   in|    8|   ap_memory|             W_59|         array|
|W_59_address1   |  out|   11|   ap_memory|             W_59|         array|
|W_59_ce1        |  out|    1|   ap_memory|             W_59|         array|
|W_59_q1         |   in|    8|   ap_memory|             W_59|         array|
|W_60_address0   |  out|   11|   ap_memory|             W_60|         array|
|W_60_ce0        |  out|    1|   ap_memory|             W_60|         array|
|W_60_q0         |   in|    8|   ap_memory|             W_60|         array|
|W_60_address1   |  out|   11|   ap_memory|             W_60|         array|
|W_60_ce1        |  out|    1|   ap_memory|             W_60|         array|
|W_60_q1         |   in|    8|   ap_memory|             W_60|         array|
|W_61_address0   |  out|   11|   ap_memory|             W_61|         array|
|W_61_ce0        |  out|    1|   ap_memory|             W_61|         array|
|W_61_q0         |   in|    8|   ap_memory|             W_61|         array|
|W_61_address1   |  out|   11|   ap_memory|             W_61|         array|
|W_61_ce1        |  out|    1|   ap_memory|             W_61|         array|
|W_61_q1         |   in|    8|   ap_memory|             W_61|         array|
|W_62_address0   |  out|   11|   ap_memory|             W_62|         array|
|W_62_ce0        |  out|    1|   ap_memory|             W_62|         array|
|W_62_q0         |   in|    8|   ap_memory|             W_62|         array|
|W_62_address1   |  out|   11|   ap_memory|             W_62|         array|
|W_62_ce1        |  out|    1|   ap_memory|             W_62|         array|
|W_62_q1         |   in|    8|   ap_memory|             W_62|         array|
|W_63_address0   |  out|   11|   ap_memory|             W_63|         array|
|W_63_ce0        |  out|    1|   ap_memory|             W_63|         array|
|W_63_q0         |   in|    8|   ap_memory|             W_63|         array|
|W_63_address1   |  out|   11|   ap_memory|             W_63|         array|
|W_63_ce1        |  out|    1|   ap_memory|             W_63|         array|
|W_63_q1         |   in|    8|   ap_memory|             W_63|         array|
|W_64_address0   |  out|   11|   ap_memory|             W_64|         array|
|W_64_ce0        |  out|    1|   ap_memory|             W_64|         array|
|W_64_q0         |   in|    8|   ap_memory|             W_64|         array|
|W_64_address1   |  out|   11|   ap_memory|             W_64|         array|
|W_64_ce1        |  out|    1|   ap_memory|             W_64|         array|
|W_64_q1         |   in|    8|   ap_memory|             W_64|         array|
|W_65_address0   |  out|   11|   ap_memory|             W_65|         array|
|W_65_ce0        |  out|    1|   ap_memory|             W_65|         array|
|W_65_q0         |   in|    8|   ap_memory|             W_65|         array|
|W_65_address1   |  out|   11|   ap_memory|             W_65|         array|
|W_65_ce1        |  out|    1|   ap_memory|             W_65|         array|
|W_65_q1         |   in|    8|   ap_memory|             W_65|         array|
|W_66_address0   |  out|   11|   ap_memory|             W_66|         array|
|W_66_ce0        |  out|    1|   ap_memory|             W_66|         array|
|W_66_q0         |   in|    8|   ap_memory|             W_66|         array|
|W_66_address1   |  out|   11|   ap_memory|             W_66|         array|
|W_66_ce1        |  out|    1|   ap_memory|             W_66|         array|
|W_66_q1         |   in|    8|   ap_memory|             W_66|         array|
|W_67_address0   |  out|   11|   ap_memory|             W_67|         array|
|W_67_ce0        |  out|    1|   ap_memory|             W_67|         array|
|W_67_q0         |   in|    8|   ap_memory|             W_67|         array|
|W_67_address1   |  out|   11|   ap_memory|             W_67|         array|
|W_67_ce1        |  out|    1|   ap_memory|             W_67|         array|
|W_67_q1         |   in|    8|   ap_memory|             W_67|         array|
|W_68_address0   |  out|   11|   ap_memory|             W_68|         array|
|W_68_ce0        |  out|    1|   ap_memory|             W_68|         array|
|W_68_q0         |   in|    8|   ap_memory|             W_68|         array|
|W_68_address1   |  out|   11|   ap_memory|             W_68|         array|
|W_68_ce1        |  out|    1|   ap_memory|             W_68|         array|
|W_68_q1         |   in|    8|   ap_memory|             W_68|         array|
|W_69_address0   |  out|   11|   ap_memory|             W_69|         array|
|W_69_ce0        |  out|    1|   ap_memory|             W_69|         array|
|W_69_q0         |   in|    8|   ap_memory|             W_69|         array|
|W_69_address1   |  out|   11|   ap_memory|             W_69|         array|
|W_69_ce1        |  out|    1|   ap_memory|             W_69|         array|
|W_69_q1         |   in|    8|   ap_memory|             W_69|         array|
|W_70_address0   |  out|   11|   ap_memory|             W_70|         array|
|W_70_ce0        |  out|    1|   ap_memory|             W_70|         array|
|W_70_q0         |   in|    8|   ap_memory|             W_70|         array|
|W_70_address1   |  out|   11|   ap_memory|             W_70|         array|
|W_70_ce1        |  out|    1|   ap_memory|             W_70|         array|
|W_70_q1         |   in|    8|   ap_memory|             W_70|         array|
|W_71_address0   |  out|   11|   ap_memory|             W_71|         array|
|W_71_ce0        |  out|    1|   ap_memory|             W_71|         array|
|W_71_q0         |   in|    8|   ap_memory|             W_71|         array|
|W_71_address1   |  out|   11|   ap_memory|             W_71|         array|
|W_71_ce1        |  out|    1|   ap_memory|             W_71|         array|
|W_71_q1         |   in|    8|   ap_memory|             W_71|         array|
|W_72_address0   |  out|   11|   ap_memory|             W_72|         array|
|W_72_ce0        |  out|    1|   ap_memory|             W_72|         array|
|W_72_q0         |   in|    8|   ap_memory|             W_72|         array|
|W_72_address1   |  out|   11|   ap_memory|             W_72|         array|
|W_72_ce1        |  out|    1|   ap_memory|             W_72|         array|
|W_72_q1         |   in|    8|   ap_memory|             W_72|         array|
|W_73_address0   |  out|   11|   ap_memory|             W_73|         array|
|W_73_ce0        |  out|    1|   ap_memory|             W_73|         array|
|W_73_q0         |   in|    8|   ap_memory|             W_73|         array|
|W_73_address1   |  out|   11|   ap_memory|             W_73|         array|
|W_73_ce1        |  out|    1|   ap_memory|             W_73|         array|
|W_73_q1         |   in|    8|   ap_memory|             W_73|         array|
|W_74_address0   |  out|   11|   ap_memory|             W_74|         array|
|W_74_ce0        |  out|    1|   ap_memory|             W_74|         array|
|W_74_q0         |   in|    8|   ap_memory|             W_74|         array|
|W_74_address1   |  out|   11|   ap_memory|             W_74|         array|
|W_74_ce1        |  out|    1|   ap_memory|             W_74|         array|
|W_74_q1         |   in|    8|   ap_memory|             W_74|         array|
|W_75_address0   |  out|   11|   ap_memory|             W_75|         array|
|W_75_ce0        |  out|    1|   ap_memory|             W_75|         array|
|W_75_q0         |   in|    8|   ap_memory|             W_75|         array|
|W_75_address1   |  out|   11|   ap_memory|             W_75|         array|
|W_75_ce1        |  out|    1|   ap_memory|             W_75|         array|
|W_75_q1         |   in|    8|   ap_memory|             W_75|         array|
|W_76_address0   |  out|   11|   ap_memory|             W_76|         array|
|W_76_ce0        |  out|    1|   ap_memory|             W_76|         array|
|W_76_q0         |   in|    8|   ap_memory|             W_76|         array|
|W_76_address1   |  out|   11|   ap_memory|             W_76|         array|
|W_76_ce1        |  out|    1|   ap_memory|             W_76|         array|
|W_76_q1         |   in|    8|   ap_memory|             W_76|         array|
|W_77_address0   |  out|   11|   ap_memory|             W_77|         array|
|W_77_ce0        |  out|    1|   ap_memory|             W_77|         array|
|W_77_q0         |   in|    8|   ap_memory|             W_77|         array|
|W_77_address1   |  out|   11|   ap_memory|             W_77|         array|
|W_77_ce1        |  out|    1|   ap_memory|             W_77|         array|
|W_77_q1         |   in|    8|   ap_memory|             W_77|         array|
|W_78_address0   |  out|   11|   ap_memory|             W_78|         array|
|W_78_ce0        |  out|    1|   ap_memory|             W_78|         array|
|W_78_q0         |   in|    8|   ap_memory|             W_78|         array|
|W_78_address1   |  out|   11|   ap_memory|             W_78|         array|
|W_78_ce1        |  out|    1|   ap_memory|             W_78|         array|
|W_78_q1         |   in|    8|   ap_memory|             W_78|         array|
|W_79_address0   |  out|   11|   ap_memory|             W_79|         array|
|W_79_ce0        |  out|    1|   ap_memory|             W_79|         array|
|W_79_q0         |   in|    8|   ap_memory|             W_79|         array|
|W_79_address1   |  out|   11|   ap_memory|             W_79|         array|
|W_79_ce1        |  out|    1|   ap_memory|             W_79|         array|
|W_79_q1         |   in|    8|   ap_memory|             W_79|         array|
|W_80_address0   |  out|   11|   ap_memory|             W_80|         array|
|W_80_ce0        |  out|    1|   ap_memory|             W_80|         array|
|W_80_q0         |   in|    8|   ap_memory|             W_80|         array|
|W_80_address1   |  out|   11|   ap_memory|             W_80|         array|
|W_80_ce1        |  out|    1|   ap_memory|             W_80|         array|
|W_80_q1         |   in|    8|   ap_memory|             W_80|         array|
|W_81_address0   |  out|   11|   ap_memory|             W_81|         array|
|W_81_ce0        |  out|    1|   ap_memory|             W_81|         array|
|W_81_q0         |   in|    8|   ap_memory|             W_81|         array|
|W_81_address1   |  out|   11|   ap_memory|             W_81|         array|
|W_81_ce1        |  out|    1|   ap_memory|             W_81|         array|
|W_81_q1         |   in|    8|   ap_memory|             W_81|         array|
|W_82_address0   |  out|   11|   ap_memory|             W_82|         array|
|W_82_ce0        |  out|    1|   ap_memory|             W_82|         array|
|W_82_q0         |   in|    8|   ap_memory|             W_82|         array|
|W_82_address1   |  out|   11|   ap_memory|             W_82|         array|
|W_82_ce1        |  out|    1|   ap_memory|             W_82|         array|
|W_82_q1         |   in|    8|   ap_memory|             W_82|         array|
|W_83_address0   |  out|   11|   ap_memory|             W_83|         array|
|W_83_ce0        |  out|    1|   ap_memory|             W_83|         array|
|W_83_q0         |   in|    8|   ap_memory|             W_83|         array|
|W_83_address1   |  out|   11|   ap_memory|             W_83|         array|
|W_83_ce1        |  out|    1|   ap_memory|             W_83|         array|
|W_83_q1         |   in|    8|   ap_memory|             W_83|         array|
|W_84_address0   |  out|   11|   ap_memory|             W_84|         array|
|W_84_ce0        |  out|    1|   ap_memory|             W_84|         array|
|W_84_q0         |   in|    8|   ap_memory|             W_84|         array|
|W_84_address1   |  out|   11|   ap_memory|             W_84|         array|
|W_84_ce1        |  out|    1|   ap_memory|             W_84|         array|
|W_84_q1         |   in|    8|   ap_memory|             W_84|         array|
|W_85_address0   |  out|   11|   ap_memory|             W_85|         array|
|W_85_ce0        |  out|    1|   ap_memory|             W_85|         array|
|W_85_q0         |   in|    8|   ap_memory|             W_85|         array|
|W_85_address1   |  out|   11|   ap_memory|             W_85|         array|
|W_85_ce1        |  out|    1|   ap_memory|             W_85|         array|
|W_85_q1         |   in|    8|   ap_memory|             W_85|         array|
|W_86_address0   |  out|   11|   ap_memory|             W_86|         array|
|W_86_ce0        |  out|    1|   ap_memory|             W_86|         array|
|W_86_q0         |   in|    8|   ap_memory|             W_86|         array|
|W_86_address1   |  out|   11|   ap_memory|             W_86|         array|
|W_86_ce1        |  out|    1|   ap_memory|             W_86|         array|
|W_86_q1         |   in|    8|   ap_memory|             W_86|         array|
|W_87_address0   |  out|   11|   ap_memory|             W_87|         array|
|W_87_ce0        |  out|    1|   ap_memory|             W_87|         array|
|W_87_q0         |   in|    8|   ap_memory|             W_87|         array|
|W_87_address1   |  out|   11|   ap_memory|             W_87|         array|
|W_87_ce1        |  out|    1|   ap_memory|             W_87|         array|
|W_87_q1         |   in|    8|   ap_memory|             W_87|         array|
|W_88_address0   |  out|   11|   ap_memory|             W_88|         array|
|W_88_ce0        |  out|    1|   ap_memory|             W_88|         array|
|W_88_q0         |   in|    8|   ap_memory|             W_88|         array|
|W_88_address1   |  out|   11|   ap_memory|             W_88|         array|
|W_88_ce1        |  out|    1|   ap_memory|             W_88|         array|
|W_88_q1         |   in|    8|   ap_memory|             W_88|         array|
|W_89_address0   |  out|   11|   ap_memory|             W_89|         array|
|W_89_ce0        |  out|    1|   ap_memory|             W_89|         array|
|W_89_q0         |   in|    8|   ap_memory|             W_89|         array|
|W_89_address1   |  out|   11|   ap_memory|             W_89|         array|
|W_89_ce1        |  out|    1|   ap_memory|             W_89|         array|
|W_89_q1         |   in|    8|   ap_memory|             W_89|         array|
|W_90_address0   |  out|   11|   ap_memory|             W_90|         array|
|W_90_ce0        |  out|    1|   ap_memory|             W_90|         array|
|W_90_q0         |   in|    8|   ap_memory|             W_90|         array|
|W_90_address1   |  out|   11|   ap_memory|             W_90|         array|
|W_90_ce1        |  out|    1|   ap_memory|             W_90|         array|
|W_90_q1         |   in|    8|   ap_memory|             W_90|         array|
|W_91_address0   |  out|   11|   ap_memory|             W_91|         array|
|W_91_ce0        |  out|    1|   ap_memory|             W_91|         array|
|W_91_q0         |   in|    8|   ap_memory|             W_91|         array|
|W_91_address1   |  out|   11|   ap_memory|             W_91|         array|
|W_91_ce1        |  out|    1|   ap_memory|             W_91|         array|
|W_91_q1         |   in|    8|   ap_memory|             W_91|         array|
|W_92_address0   |  out|   11|   ap_memory|             W_92|         array|
|W_92_ce0        |  out|    1|   ap_memory|             W_92|         array|
|W_92_q0         |   in|    8|   ap_memory|             W_92|         array|
|W_92_address1   |  out|   11|   ap_memory|             W_92|         array|
|W_92_ce1        |  out|    1|   ap_memory|             W_92|         array|
|W_92_q1         |   in|    8|   ap_memory|             W_92|         array|
|W_93_address0   |  out|   11|   ap_memory|             W_93|         array|
|W_93_ce0        |  out|    1|   ap_memory|             W_93|         array|
|W_93_q0         |   in|    8|   ap_memory|             W_93|         array|
|W_93_address1   |  out|   11|   ap_memory|             W_93|         array|
|W_93_ce1        |  out|    1|   ap_memory|             W_93|         array|
|W_93_q1         |   in|    8|   ap_memory|             W_93|         array|
|W_94_address0   |  out|   11|   ap_memory|             W_94|         array|
|W_94_ce0        |  out|    1|   ap_memory|             W_94|         array|
|W_94_q0         |   in|    8|   ap_memory|             W_94|         array|
|W_94_address1   |  out|   11|   ap_memory|             W_94|         array|
|W_94_ce1        |  out|    1|   ap_memory|             W_94|         array|
|W_94_q1         |   in|    8|   ap_memory|             W_94|         array|
|W_95_address0   |  out|   11|   ap_memory|             W_95|         array|
|W_95_ce0        |  out|    1|   ap_memory|             W_95|         array|
|W_95_q0         |   in|    8|   ap_memory|             W_95|         array|
|W_95_address1   |  out|   11|   ap_memory|             W_95|         array|
|W_95_ce1        |  out|    1|   ap_memory|             W_95|         array|
|W_95_q1         |   in|    8|   ap_memory|             W_95|         array|
|W_96_address0   |  out|   11|   ap_memory|             W_96|         array|
|W_96_ce0        |  out|    1|   ap_memory|             W_96|         array|
|W_96_q0         |   in|    8|   ap_memory|             W_96|         array|
|W_96_address1   |  out|   11|   ap_memory|             W_96|         array|
|W_96_ce1        |  out|    1|   ap_memory|             W_96|         array|
|W_96_q1         |   in|    8|   ap_memory|             W_96|         array|
|W_97_address0   |  out|   11|   ap_memory|             W_97|         array|
|W_97_ce0        |  out|    1|   ap_memory|             W_97|         array|
|W_97_q0         |   in|    8|   ap_memory|             W_97|         array|
|W_97_address1   |  out|   11|   ap_memory|             W_97|         array|
|W_97_ce1        |  out|    1|   ap_memory|             W_97|         array|
|W_97_q1         |   in|    8|   ap_memory|             W_97|         array|
|W_98_address0   |  out|   11|   ap_memory|             W_98|         array|
|W_98_ce0        |  out|    1|   ap_memory|             W_98|         array|
|W_98_q0         |   in|    8|   ap_memory|             W_98|         array|
|W_98_address1   |  out|   11|   ap_memory|             W_98|         array|
|W_98_ce1        |  out|    1|   ap_memory|             W_98|         array|
|W_98_q1         |   in|    8|   ap_memory|             W_98|         array|
|W_99_address0   |  out|   11|   ap_memory|             W_99|         array|
|W_99_ce0        |  out|    1|   ap_memory|             W_99|         array|
|W_99_q0         |   in|    8|   ap_memory|             W_99|         array|
|W_99_address1   |  out|   11|   ap_memory|             W_99|         array|
|W_99_ce1        |  out|    1|   ap_memory|             W_99|         array|
|W_99_q1         |   in|    8|   ap_memory|             W_99|         array|
|W_100_address0  |  out|   11|   ap_memory|            W_100|         array|
|W_100_ce0       |  out|    1|   ap_memory|            W_100|         array|
|W_100_q0        |   in|    8|   ap_memory|            W_100|         array|
|W_100_address1  |  out|   11|   ap_memory|            W_100|         array|
|W_100_ce1       |  out|    1|   ap_memory|            W_100|         array|
|W_100_q1        |   in|    8|   ap_memory|            W_100|         array|
|W_101_address0  |  out|   11|   ap_memory|            W_101|         array|
|W_101_ce0       |  out|    1|   ap_memory|            W_101|         array|
|W_101_q0        |   in|    8|   ap_memory|            W_101|         array|
|W_101_address1  |  out|   11|   ap_memory|            W_101|         array|
|W_101_ce1       |  out|    1|   ap_memory|            W_101|         array|
|W_101_q1        |   in|    8|   ap_memory|            W_101|         array|
|W_102_address0  |  out|   11|   ap_memory|            W_102|         array|
|W_102_ce0       |  out|    1|   ap_memory|            W_102|         array|
|W_102_q0        |   in|    8|   ap_memory|            W_102|         array|
|W_102_address1  |  out|   11|   ap_memory|            W_102|         array|
|W_102_ce1       |  out|    1|   ap_memory|            W_102|         array|
|W_102_q1        |   in|    8|   ap_memory|            W_102|         array|
|W_103_address0  |  out|   11|   ap_memory|            W_103|         array|
|W_103_ce0       |  out|    1|   ap_memory|            W_103|         array|
|W_103_q0        |   in|    8|   ap_memory|            W_103|         array|
|W_103_address1  |  out|   11|   ap_memory|            W_103|         array|
|W_103_ce1       |  out|    1|   ap_memory|            W_103|         array|
|W_103_q1        |   in|    8|   ap_memory|            W_103|         array|
|W_104_address0  |  out|   11|   ap_memory|            W_104|         array|
|W_104_ce0       |  out|    1|   ap_memory|            W_104|         array|
|W_104_q0        |   in|    8|   ap_memory|            W_104|         array|
|W_104_address1  |  out|   11|   ap_memory|            W_104|         array|
|W_104_ce1       |  out|    1|   ap_memory|            W_104|         array|
|W_104_q1        |   in|    8|   ap_memory|            W_104|         array|
|W_105_address0  |  out|   11|   ap_memory|            W_105|         array|
|W_105_ce0       |  out|    1|   ap_memory|            W_105|         array|
|W_105_q0        |   in|    8|   ap_memory|            W_105|         array|
|W_105_address1  |  out|   11|   ap_memory|            W_105|         array|
|W_105_ce1       |  out|    1|   ap_memory|            W_105|         array|
|W_105_q1        |   in|    8|   ap_memory|            W_105|         array|
|W_106_address0  |  out|   11|   ap_memory|            W_106|         array|
|W_106_ce0       |  out|    1|   ap_memory|            W_106|         array|
|W_106_q0        |   in|    8|   ap_memory|            W_106|         array|
|W_106_address1  |  out|   11|   ap_memory|            W_106|         array|
|W_106_ce1       |  out|    1|   ap_memory|            W_106|         array|
|W_106_q1        |   in|    8|   ap_memory|            W_106|         array|
|W_107_address0  |  out|   11|   ap_memory|            W_107|         array|
|W_107_ce0       |  out|    1|   ap_memory|            W_107|         array|
|W_107_q0        |   in|    8|   ap_memory|            W_107|         array|
|W_107_address1  |  out|   11|   ap_memory|            W_107|         array|
|W_107_ce1       |  out|    1|   ap_memory|            W_107|         array|
|W_107_q1        |   in|    8|   ap_memory|            W_107|         array|
|W_108_address0  |  out|   11|   ap_memory|            W_108|         array|
|W_108_ce0       |  out|    1|   ap_memory|            W_108|         array|
|W_108_q0        |   in|    8|   ap_memory|            W_108|         array|
|W_108_address1  |  out|   11|   ap_memory|            W_108|         array|
|W_108_ce1       |  out|    1|   ap_memory|            W_108|         array|
|W_108_q1        |   in|    8|   ap_memory|            W_108|         array|
|W_109_address0  |  out|   11|   ap_memory|            W_109|         array|
|W_109_ce0       |  out|    1|   ap_memory|            W_109|         array|
|W_109_q0        |   in|    8|   ap_memory|            W_109|         array|
|W_109_address1  |  out|   11|   ap_memory|            W_109|         array|
|W_109_ce1       |  out|    1|   ap_memory|            W_109|         array|
|W_109_q1        |   in|    8|   ap_memory|            W_109|         array|
|W_110_address0  |  out|   11|   ap_memory|            W_110|         array|
|W_110_ce0       |  out|    1|   ap_memory|            W_110|         array|
|W_110_q0        |   in|    8|   ap_memory|            W_110|         array|
|W_110_address1  |  out|   11|   ap_memory|            W_110|         array|
|W_110_ce1       |  out|    1|   ap_memory|            W_110|         array|
|W_110_q1        |   in|    8|   ap_memory|            W_110|         array|
|W_111_address0  |  out|   11|   ap_memory|            W_111|         array|
|W_111_ce0       |  out|    1|   ap_memory|            W_111|         array|
|W_111_q0        |   in|    8|   ap_memory|            W_111|         array|
|W_111_address1  |  out|   11|   ap_memory|            W_111|         array|
|W_111_ce1       |  out|    1|   ap_memory|            W_111|         array|
|W_111_q1        |   in|    8|   ap_memory|            W_111|         array|
|W_112_address0  |  out|   11|   ap_memory|            W_112|         array|
|W_112_ce0       |  out|    1|   ap_memory|            W_112|         array|
|W_112_q0        |   in|    8|   ap_memory|            W_112|         array|
|W_112_address1  |  out|   11|   ap_memory|            W_112|         array|
|W_112_ce1       |  out|    1|   ap_memory|            W_112|         array|
|W_112_q1        |   in|    8|   ap_memory|            W_112|         array|
|W_113_address0  |  out|   11|   ap_memory|            W_113|         array|
|W_113_ce0       |  out|    1|   ap_memory|            W_113|         array|
|W_113_q0        |   in|    8|   ap_memory|            W_113|         array|
|W_113_address1  |  out|   11|   ap_memory|            W_113|         array|
|W_113_ce1       |  out|    1|   ap_memory|            W_113|         array|
|W_113_q1        |   in|    8|   ap_memory|            W_113|         array|
|W_114_address0  |  out|   11|   ap_memory|            W_114|         array|
|W_114_ce0       |  out|    1|   ap_memory|            W_114|         array|
|W_114_q0        |   in|    8|   ap_memory|            W_114|         array|
|W_114_address1  |  out|   11|   ap_memory|            W_114|         array|
|W_114_ce1       |  out|    1|   ap_memory|            W_114|         array|
|W_114_q1        |   in|    8|   ap_memory|            W_114|         array|
|W_115_address0  |  out|   11|   ap_memory|            W_115|         array|
|W_115_ce0       |  out|    1|   ap_memory|            W_115|         array|
|W_115_q0        |   in|    8|   ap_memory|            W_115|         array|
|W_115_address1  |  out|   11|   ap_memory|            W_115|         array|
|W_115_ce1       |  out|    1|   ap_memory|            W_115|         array|
|W_115_q1        |   in|    8|   ap_memory|            W_115|         array|
|W_116_address0  |  out|   11|   ap_memory|            W_116|         array|
|W_116_ce0       |  out|    1|   ap_memory|            W_116|         array|
|W_116_q0        |   in|    8|   ap_memory|            W_116|         array|
|W_116_address1  |  out|   11|   ap_memory|            W_116|         array|
|W_116_ce1       |  out|    1|   ap_memory|            W_116|         array|
|W_116_q1        |   in|    8|   ap_memory|            W_116|         array|
|W_117_address0  |  out|   11|   ap_memory|            W_117|         array|
|W_117_ce0       |  out|    1|   ap_memory|            W_117|         array|
|W_117_q0        |   in|    8|   ap_memory|            W_117|         array|
|W_117_address1  |  out|   11|   ap_memory|            W_117|         array|
|W_117_ce1       |  out|    1|   ap_memory|            W_117|         array|
|W_117_q1        |   in|    8|   ap_memory|            W_117|         array|
|W_118_address0  |  out|   11|   ap_memory|            W_118|         array|
|W_118_ce0       |  out|    1|   ap_memory|            W_118|         array|
|W_118_q0        |   in|    8|   ap_memory|            W_118|         array|
|W_118_address1  |  out|   11|   ap_memory|            W_118|         array|
|W_118_ce1       |  out|    1|   ap_memory|            W_118|         array|
|W_118_q1        |   in|    8|   ap_memory|            W_118|         array|
|W_119_address0  |  out|   11|   ap_memory|            W_119|         array|
|W_119_ce0       |  out|    1|   ap_memory|            W_119|         array|
|W_119_q0        |   in|    8|   ap_memory|            W_119|         array|
|W_119_address1  |  out|   11|   ap_memory|            W_119|         array|
|W_119_ce1       |  out|    1|   ap_memory|            W_119|         array|
|W_119_q1        |   in|    8|   ap_memory|            W_119|         array|
|W_120_address0  |  out|   11|   ap_memory|            W_120|         array|
|W_120_ce0       |  out|    1|   ap_memory|            W_120|         array|
|W_120_q0        |   in|    8|   ap_memory|            W_120|         array|
|W_120_address1  |  out|   11|   ap_memory|            W_120|         array|
|W_120_ce1       |  out|    1|   ap_memory|            W_120|         array|
|W_120_q1        |   in|    8|   ap_memory|            W_120|         array|
|W_121_address0  |  out|   11|   ap_memory|            W_121|         array|
|W_121_ce0       |  out|    1|   ap_memory|            W_121|         array|
|W_121_q0        |   in|    8|   ap_memory|            W_121|         array|
|W_121_address1  |  out|   11|   ap_memory|            W_121|         array|
|W_121_ce1       |  out|    1|   ap_memory|            W_121|         array|
|W_121_q1        |   in|    8|   ap_memory|            W_121|         array|
|W_122_address0  |  out|   11|   ap_memory|            W_122|         array|
|W_122_ce0       |  out|    1|   ap_memory|            W_122|         array|
|W_122_q0        |   in|    8|   ap_memory|            W_122|         array|
|W_122_address1  |  out|   11|   ap_memory|            W_122|         array|
|W_122_ce1       |  out|    1|   ap_memory|            W_122|         array|
|W_122_q1        |   in|    8|   ap_memory|            W_122|         array|
|W_123_address0  |  out|   11|   ap_memory|            W_123|         array|
|W_123_ce0       |  out|    1|   ap_memory|            W_123|         array|
|W_123_q0        |   in|    8|   ap_memory|            W_123|         array|
|W_123_address1  |  out|   11|   ap_memory|            W_123|         array|
|W_123_ce1       |  out|    1|   ap_memory|            W_123|         array|
|W_123_q1        |   in|    8|   ap_memory|            W_123|         array|
|W_124_address0  |  out|   11|   ap_memory|            W_124|         array|
|W_124_ce0       |  out|    1|   ap_memory|            W_124|         array|
|W_124_q0        |   in|    8|   ap_memory|            W_124|         array|
|W_124_address1  |  out|   11|   ap_memory|            W_124|         array|
|W_124_ce1       |  out|    1|   ap_memory|            W_124|         array|
|W_124_q1        |   in|    8|   ap_memory|            W_124|         array|
|W_125_address0  |  out|   11|   ap_memory|            W_125|         array|
|W_125_ce0       |  out|    1|   ap_memory|            W_125|         array|
|W_125_q0        |   in|    8|   ap_memory|            W_125|         array|
|W_125_address1  |  out|   11|   ap_memory|            W_125|         array|
|W_125_ce1       |  out|    1|   ap_memory|            W_125|         array|
|W_125_q1        |   in|    8|   ap_memory|            W_125|         array|
|W_126_address0  |  out|   11|   ap_memory|            W_126|         array|
|W_126_ce0       |  out|    1|   ap_memory|            W_126|         array|
|W_126_q0        |   in|    8|   ap_memory|            W_126|         array|
|W_126_address1  |  out|   11|   ap_memory|            W_126|         array|
|W_126_ce1       |  out|    1|   ap_memory|            W_126|         array|
|W_126_q1        |   in|    8|   ap_memory|            W_126|         array|
|W_127_address0  |  out|   11|   ap_memory|            W_127|         array|
|W_127_ce0       |  out|    1|   ap_memory|            W_127|         array|
|W_127_q0        |   in|    8|   ap_memory|            W_127|         array|
|W_127_address1  |  out|   11|   ap_memory|            W_127|         array|
|W_127_ce1       |  out|    1|   ap_memory|            W_127|         array|
|W_127_q1        |   in|    8|   ap_memory|            W_127|         array|
|W_128_address0  |  out|   11|   ap_memory|            W_128|         array|
|W_128_ce0       |  out|    1|   ap_memory|            W_128|         array|
|W_128_q0        |   in|    8|   ap_memory|            W_128|         array|
|W_128_address1  |  out|   11|   ap_memory|            W_128|         array|
|W_128_ce1       |  out|    1|   ap_memory|            W_128|         array|
|W_128_q1        |   in|    8|   ap_memory|            W_128|         array|
|W_129_address0  |  out|   11|   ap_memory|            W_129|         array|
|W_129_ce0       |  out|    1|   ap_memory|            W_129|         array|
|W_129_q0        |   in|    8|   ap_memory|            W_129|         array|
|W_129_address1  |  out|   11|   ap_memory|            W_129|         array|
|W_129_ce1       |  out|    1|   ap_memory|            W_129|         array|
|W_129_q1        |   in|    8|   ap_memory|            W_129|         array|
|W_130_address0  |  out|   11|   ap_memory|            W_130|         array|
|W_130_ce0       |  out|    1|   ap_memory|            W_130|         array|
|W_130_q0        |   in|    8|   ap_memory|            W_130|         array|
|W_130_address1  |  out|   11|   ap_memory|            W_130|         array|
|W_130_ce1       |  out|    1|   ap_memory|            W_130|         array|
|W_130_q1        |   in|    8|   ap_memory|            W_130|         array|
|W_131_address0  |  out|   11|   ap_memory|            W_131|         array|
|W_131_ce0       |  out|    1|   ap_memory|            W_131|         array|
|W_131_q0        |   in|    8|   ap_memory|            W_131|         array|
|W_131_address1  |  out|   11|   ap_memory|            W_131|         array|
|W_131_ce1       |  out|    1|   ap_memory|            W_131|         array|
|W_131_q1        |   in|    8|   ap_memory|            W_131|         array|
|W_132_address0  |  out|   11|   ap_memory|            W_132|         array|
|W_132_ce0       |  out|    1|   ap_memory|            W_132|         array|
|W_132_q0        |   in|    8|   ap_memory|            W_132|         array|
|W_132_address1  |  out|   11|   ap_memory|            W_132|         array|
|W_132_ce1       |  out|    1|   ap_memory|            W_132|         array|
|W_132_q1        |   in|    8|   ap_memory|            W_132|         array|
|W_133_address0  |  out|   11|   ap_memory|            W_133|         array|
|W_133_ce0       |  out|    1|   ap_memory|            W_133|         array|
|W_133_q0        |   in|    8|   ap_memory|            W_133|         array|
|W_133_address1  |  out|   11|   ap_memory|            W_133|         array|
|W_133_ce1       |  out|    1|   ap_memory|            W_133|         array|
|W_133_q1        |   in|    8|   ap_memory|            W_133|         array|
|W_134_address0  |  out|   11|   ap_memory|            W_134|         array|
|W_134_ce0       |  out|    1|   ap_memory|            W_134|         array|
|W_134_q0        |   in|    8|   ap_memory|            W_134|         array|
|W_134_address1  |  out|   11|   ap_memory|            W_134|         array|
|W_134_ce1       |  out|    1|   ap_memory|            W_134|         array|
|W_134_q1        |   in|    8|   ap_memory|            W_134|         array|
|W_135_address0  |  out|   11|   ap_memory|            W_135|         array|
|W_135_ce0       |  out|    1|   ap_memory|            W_135|         array|
|W_135_q0        |   in|    8|   ap_memory|            W_135|         array|
|W_135_address1  |  out|   11|   ap_memory|            W_135|         array|
|W_135_ce1       |  out|    1|   ap_memory|            W_135|         array|
|W_135_q1        |   in|    8|   ap_memory|            W_135|         array|
|W_136_address0  |  out|   11|   ap_memory|            W_136|         array|
|W_136_ce0       |  out|    1|   ap_memory|            W_136|         array|
|W_136_q0        |   in|    8|   ap_memory|            W_136|         array|
|W_136_address1  |  out|   11|   ap_memory|            W_136|         array|
|W_136_ce1       |  out|    1|   ap_memory|            W_136|         array|
|W_136_q1        |   in|    8|   ap_memory|            W_136|         array|
|W_137_address0  |  out|   11|   ap_memory|            W_137|         array|
|W_137_ce0       |  out|    1|   ap_memory|            W_137|         array|
|W_137_q0        |   in|    8|   ap_memory|            W_137|         array|
|W_137_address1  |  out|   11|   ap_memory|            W_137|         array|
|W_137_ce1       |  out|    1|   ap_memory|            W_137|         array|
|W_137_q1        |   in|    8|   ap_memory|            W_137|         array|
|W_138_address0  |  out|   11|   ap_memory|            W_138|         array|
|W_138_ce0       |  out|    1|   ap_memory|            W_138|         array|
|W_138_q0        |   in|    8|   ap_memory|            W_138|         array|
|W_138_address1  |  out|   11|   ap_memory|            W_138|         array|
|W_138_ce1       |  out|    1|   ap_memory|            W_138|         array|
|W_138_q1        |   in|    8|   ap_memory|            W_138|         array|
|W_139_address0  |  out|   11|   ap_memory|            W_139|         array|
|W_139_ce0       |  out|    1|   ap_memory|            W_139|         array|
|W_139_q0        |   in|    8|   ap_memory|            W_139|         array|
|W_139_address1  |  out|   11|   ap_memory|            W_139|         array|
|W_139_ce1       |  out|    1|   ap_memory|            W_139|         array|
|W_139_q1        |   in|    8|   ap_memory|            W_139|         array|
|W_140_address0  |  out|   11|   ap_memory|            W_140|         array|
|W_140_ce0       |  out|    1|   ap_memory|            W_140|         array|
|W_140_q0        |   in|    8|   ap_memory|            W_140|         array|
|W_140_address1  |  out|   11|   ap_memory|            W_140|         array|
|W_140_ce1       |  out|    1|   ap_memory|            W_140|         array|
|W_140_q1        |   in|    8|   ap_memory|            W_140|         array|
|W_141_address0  |  out|   11|   ap_memory|            W_141|         array|
|W_141_ce0       |  out|    1|   ap_memory|            W_141|         array|
|W_141_q0        |   in|    8|   ap_memory|            W_141|         array|
|W_141_address1  |  out|   11|   ap_memory|            W_141|         array|
|W_141_ce1       |  out|    1|   ap_memory|            W_141|         array|
|W_141_q1        |   in|    8|   ap_memory|            W_141|         array|
|W_142_address0  |  out|   11|   ap_memory|            W_142|         array|
|W_142_ce0       |  out|    1|   ap_memory|            W_142|         array|
|W_142_q0        |   in|    8|   ap_memory|            W_142|         array|
|W_142_address1  |  out|   11|   ap_memory|            W_142|         array|
|W_142_ce1       |  out|    1|   ap_memory|            W_142|         array|
|W_142_q1        |   in|    8|   ap_memory|            W_142|         array|
|W_143_address0  |  out|   11|   ap_memory|            W_143|         array|
|W_143_ce0       |  out|    1|   ap_memory|            W_143|         array|
|W_143_q0        |   in|    8|   ap_memory|            W_143|         array|
|W_143_address1  |  out|   11|   ap_memory|            W_143|         array|
|W_143_ce1       |  out|    1|   ap_memory|            W_143|         array|
|W_143_q1        |   in|    8|   ap_memory|            W_143|         array|
|W_144_address0  |  out|   11|   ap_memory|            W_144|         array|
|W_144_ce0       |  out|    1|   ap_memory|            W_144|         array|
|W_144_q0        |   in|    8|   ap_memory|            W_144|         array|
|W_144_address1  |  out|   11|   ap_memory|            W_144|         array|
|W_144_ce1       |  out|    1|   ap_memory|            W_144|         array|
|W_144_q1        |   in|    8|   ap_memory|            W_144|         array|
|W_145_address0  |  out|   11|   ap_memory|            W_145|         array|
|W_145_ce0       |  out|    1|   ap_memory|            W_145|         array|
|W_145_q0        |   in|    8|   ap_memory|            W_145|         array|
|W_145_address1  |  out|   11|   ap_memory|            W_145|         array|
|W_145_ce1       |  out|    1|   ap_memory|            W_145|         array|
|W_145_q1        |   in|    8|   ap_memory|            W_145|         array|
|W_146_address0  |  out|   11|   ap_memory|            W_146|         array|
|W_146_ce0       |  out|    1|   ap_memory|            W_146|         array|
|W_146_q0        |   in|    8|   ap_memory|            W_146|         array|
|W_146_address1  |  out|   11|   ap_memory|            W_146|         array|
|W_146_ce1       |  out|    1|   ap_memory|            W_146|         array|
|W_146_q1        |   in|    8|   ap_memory|            W_146|         array|
|W_147_address0  |  out|   11|   ap_memory|            W_147|         array|
|W_147_ce0       |  out|    1|   ap_memory|            W_147|         array|
|W_147_q0        |   in|    8|   ap_memory|            W_147|         array|
|W_147_address1  |  out|   11|   ap_memory|            W_147|         array|
|W_147_ce1       |  out|    1|   ap_memory|            W_147|         array|
|W_147_q1        |   in|    8|   ap_memory|            W_147|         array|
|W_148_address0  |  out|   11|   ap_memory|            W_148|         array|
|W_148_ce0       |  out|    1|   ap_memory|            W_148|         array|
|W_148_q0        |   in|    8|   ap_memory|            W_148|         array|
|W_148_address1  |  out|   11|   ap_memory|            W_148|         array|
|W_148_ce1       |  out|    1|   ap_memory|            W_148|         array|
|W_148_q1        |   in|    8|   ap_memory|            W_148|         array|
|W_149_address0  |  out|   11|   ap_memory|            W_149|         array|
|W_149_ce0       |  out|    1|   ap_memory|            W_149|         array|
|W_149_q0        |   in|    8|   ap_memory|            W_149|         array|
|W_149_address1  |  out|   11|   ap_memory|            W_149|         array|
|W_149_ce1       |  out|    1|   ap_memory|            W_149|         array|
|W_149_q1        |   in|    8|   ap_memory|            W_149|         array|
|W_150_address0  |  out|   11|   ap_memory|            W_150|         array|
|W_150_ce0       |  out|    1|   ap_memory|            W_150|         array|
|W_150_q0        |   in|    8|   ap_memory|            W_150|         array|
|W_150_address1  |  out|   11|   ap_memory|            W_150|         array|
|W_150_ce1       |  out|    1|   ap_memory|            W_150|         array|
|W_150_q1        |   in|    8|   ap_memory|            W_150|         array|
|W_151_address0  |  out|   11|   ap_memory|            W_151|         array|
|W_151_ce0       |  out|    1|   ap_memory|            W_151|         array|
|W_151_q0        |   in|    8|   ap_memory|            W_151|         array|
|W_151_address1  |  out|   11|   ap_memory|            W_151|         array|
|W_151_ce1       |  out|    1|   ap_memory|            W_151|         array|
|W_151_q1        |   in|    8|   ap_memory|            W_151|         array|
|W_152_address0  |  out|   11|   ap_memory|            W_152|         array|
|W_152_ce0       |  out|    1|   ap_memory|            W_152|         array|
|W_152_q0        |   in|    8|   ap_memory|            W_152|         array|
|W_152_address1  |  out|   11|   ap_memory|            W_152|         array|
|W_152_ce1       |  out|    1|   ap_memory|            W_152|         array|
|W_152_q1        |   in|    8|   ap_memory|            W_152|         array|
|W_153_address0  |  out|   11|   ap_memory|            W_153|         array|
|W_153_ce0       |  out|    1|   ap_memory|            W_153|         array|
|W_153_q0        |   in|    8|   ap_memory|            W_153|         array|
|W_153_address1  |  out|   11|   ap_memory|            W_153|         array|
|W_153_ce1       |  out|    1|   ap_memory|            W_153|         array|
|W_153_q1        |   in|    8|   ap_memory|            W_153|         array|
|W_154_address0  |  out|   11|   ap_memory|            W_154|         array|
|W_154_ce0       |  out|    1|   ap_memory|            W_154|         array|
|W_154_q0        |   in|    8|   ap_memory|            W_154|         array|
|W_154_address1  |  out|   11|   ap_memory|            W_154|         array|
|W_154_ce1       |  out|    1|   ap_memory|            W_154|         array|
|W_154_q1        |   in|    8|   ap_memory|            W_154|         array|
|W_155_address0  |  out|   11|   ap_memory|            W_155|         array|
|W_155_ce0       |  out|    1|   ap_memory|            W_155|         array|
|W_155_q0        |   in|    8|   ap_memory|            W_155|         array|
|W_155_address1  |  out|   11|   ap_memory|            W_155|         array|
|W_155_ce1       |  out|    1|   ap_memory|            W_155|         array|
|W_155_q1        |   in|    8|   ap_memory|            W_155|         array|
|W_156_address0  |  out|   11|   ap_memory|            W_156|         array|
|W_156_ce0       |  out|    1|   ap_memory|            W_156|         array|
|W_156_q0        |   in|    8|   ap_memory|            W_156|         array|
|W_156_address1  |  out|   11|   ap_memory|            W_156|         array|
|W_156_ce1       |  out|    1|   ap_memory|            W_156|         array|
|W_156_q1        |   in|    8|   ap_memory|            W_156|         array|
|W_157_address0  |  out|   11|   ap_memory|            W_157|         array|
|W_157_ce0       |  out|    1|   ap_memory|            W_157|         array|
|W_157_q0        |   in|    8|   ap_memory|            W_157|         array|
|W_157_address1  |  out|   11|   ap_memory|            W_157|         array|
|W_157_ce1       |  out|    1|   ap_memory|            W_157|         array|
|W_157_q1        |   in|    8|   ap_memory|            W_157|         array|
|W_158_address0  |  out|   11|   ap_memory|            W_158|         array|
|W_158_ce0       |  out|    1|   ap_memory|            W_158|         array|
|W_158_q0        |   in|    8|   ap_memory|            W_158|         array|
|W_158_address1  |  out|   11|   ap_memory|            W_158|         array|
|W_158_ce1       |  out|    1|   ap_memory|            W_158|         array|
|W_158_q1        |   in|    8|   ap_memory|            W_158|         array|
|W_159_address0  |  out|   11|   ap_memory|            W_159|         array|
|W_159_ce0       |  out|    1|   ap_memory|            W_159|         array|
|W_159_q0        |   in|    8|   ap_memory|            W_159|         array|
|W_159_address1  |  out|   11|   ap_memory|            W_159|         array|
|W_159_ce1       |  out|    1|   ap_memory|            W_159|         array|
|W_159_q1        |   in|    8|   ap_memory|            W_159|         array|
|W_160_address0  |  out|   11|   ap_memory|            W_160|         array|
|W_160_ce0       |  out|    1|   ap_memory|            W_160|         array|
|W_160_q0        |   in|    8|   ap_memory|            W_160|         array|
|W_160_address1  |  out|   11|   ap_memory|            W_160|         array|
|W_160_ce1       |  out|    1|   ap_memory|            W_160|         array|
|W_160_q1        |   in|    8|   ap_memory|            W_160|         array|
|W_161_address0  |  out|   11|   ap_memory|            W_161|         array|
|W_161_ce0       |  out|    1|   ap_memory|            W_161|         array|
|W_161_q0        |   in|    8|   ap_memory|            W_161|         array|
|W_161_address1  |  out|   11|   ap_memory|            W_161|         array|
|W_161_ce1       |  out|    1|   ap_memory|            W_161|         array|
|W_161_q1        |   in|    8|   ap_memory|            W_161|         array|
|W_162_address0  |  out|   11|   ap_memory|            W_162|         array|
|W_162_ce0       |  out|    1|   ap_memory|            W_162|         array|
|W_162_q0        |   in|    8|   ap_memory|            W_162|         array|
|W_162_address1  |  out|   11|   ap_memory|            W_162|         array|
|W_162_ce1       |  out|    1|   ap_memory|            W_162|         array|
|W_162_q1        |   in|    8|   ap_memory|            W_162|         array|
|W_163_address0  |  out|   11|   ap_memory|            W_163|         array|
|W_163_ce0       |  out|    1|   ap_memory|            W_163|         array|
|W_163_q0        |   in|    8|   ap_memory|            W_163|         array|
|W_163_address1  |  out|   11|   ap_memory|            W_163|         array|
|W_163_ce1       |  out|    1|   ap_memory|            W_163|         array|
|W_163_q1        |   in|    8|   ap_memory|            W_163|         array|
|W_164_address0  |  out|   11|   ap_memory|            W_164|         array|
|W_164_ce0       |  out|    1|   ap_memory|            W_164|         array|
|W_164_q0        |   in|    8|   ap_memory|            W_164|         array|
|W_164_address1  |  out|   11|   ap_memory|            W_164|         array|
|W_164_ce1       |  out|    1|   ap_memory|            W_164|         array|
|W_164_q1        |   in|    8|   ap_memory|            W_164|         array|
|W_165_address0  |  out|   11|   ap_memory|            W_165|         array|
|W_165_ce0       |  out|    1|   ap_memory|            W_165|         array|
|W_165_q0        |   in|    8|   ap_memory|            W_165|         array|
|W_165_address1  |  out|   11|   ap_memory|            W_165|         array|
|W_165_ce1       |  out|    1|   ap_memory|            W_165|         array|
|W_165_q1        |   in|    8|   ap_memory|            W_165|         array|
|W_166_address0  |  out|   11|   ap_memory|            W_166|         array|
|W_166_ce0       |  out|    1|   ap_memory|            W_166|         array|
|W_166_q0        |   in|    8|   ap_memory|            W_166|         array|
|W_166_address1  |  out|   11|   ap_memory|            W_166|         array|
|W_166_ce1       |  out|    1|   ap_memory|            W_166|         array|
|W_166_q1        |   in|    8|   ap_memory|            W_166|         array|
|W_167_address0  |  out|   11|   ap_memory|            W_167|         array|
|W_167_ce0       |  out|    1|   ap_memory|            W_167|         array|
|W_167_q0        |   in|    8|   ap_memory|            W_167|         array|
|W_167_address1  |  out|   11|   ap_memory|            W_167|         array|
|W_167_ce1       |  out|    1|   ap_memory|            W_167|         array|
|W_167_q1        |   in|    8|   ap_memory|            W_167|         array|
|W_168_address0  |  out|   11|   ap_memory|            W_168|         array|
|W_168_ce0       |  out|    1|   ap_memory|            W_168|         array|
|W_168_q0        |   in|    8|   ap_memory|            W_168|         array|
|W_168_address1  |  out|   11|   ap_memory|            W_168|         array|
|W_168_ce1       |  out|    1|   ap_memory|            W_168|         array|
|W_168_q1        |   in|    8|   ap_memory|            W_168|         array|
|W_169_address0  |  out|   11|   ap_memory|            W_169|         array|
|W_169_ce0       |  out|    1|   ap_memory|            W_169|         array|
|W_169_q0        |   in|    8|   ap_memory|            W_169|         array|
|W_169_address1  |  out|   11|   ap_memory|            W_169|         array|
|W_169_ce1       |  out|    1|   ap_memory|            W_169|         array|
|W_169_q1        |   in|    8|   ap_memory|            W_169|         array|
|W_170_address0  |  out|   11|   ap_memory|            W_170|         array|
|W_170_ce0       |  out|    1|   ap_memory|            W_170|         array|
|W_170_q0        |   in|    8|   ap_memory|            W_170|         array|
|W_170_address1  |  out|   11|   ap_memory|            W_170|         array|
|W_170_ce1       |  out|    1|   ap_memory|            W_170|         array|
|W_170_q1        |   in|    8|   ap_memory|            W_170|         array|
|W_171_address0  |  out|   11|   ap_memory|            W_171|         array|
|W_171_ce0       |  out|    1|   ap_memory|            W_171|         array|
|W_171_q0        |   in|    8|   ap_memory|            W_171|         array|
|W_171_address1  |  out|   11|   ap_memory|            W_171|         array|
|W_171_ce1       |  out|    1|   ap_memory|            W_171|         array|
|W_171_q1        |   in|    8|   ap_memory|            W_171|         array|
|W_172_address0  |  out|   11|   ap_memory|            W_172|         array|
|W_172_ce0       |  out|    1|   ap_memory|            W_172|         array|
|W_172_q0        |   in|    8|   ap_memory|            W_172|         array|
|W_172_address1  |  out|   11|   ap_memory|            W_172|         array|
|W_172_ce1       |  out|    1|   ap_memory|            W_172|         array|
|W_172_q1        |   in|    8|   ap_memory|            W_172|         array|
|W_173_address0  |  out|   11|   ap_memory|            W_173|         array|
|W_173_ce0       |  out|    1|   ap_memory|            W_173|         array|
|W_173_q0        |   in|    8|   ap_memory|            W_173|         array|
|W_173_address1  |  out|   11|   ap_memory|            W_173|         array|
|W_173_ce1       |  out|    1|   ap_memory|            W_173|         array|
|W_173_q1        |   in|    8|   ap_memory|            W_173|         array|
|W_174_address0  |  out|   11|   ap_memory|            W_174|         array|
|W_174_ce0       |  out|    1|   ap_memory|            W_174|         array|
|W_174_q0        |   in|    8|   ap_memory|            W_174|         array|
|W_174_address1  |  out|   11|   ap_memory|            W_174|         array|
|W_174_ce1       |  out|    1|   ap_memory|            W_174|         array|
|W_174_q1        |   in|    8|   ap_memory|            W_174|         array|
|W_175_address0  |  out|   11|   ap_memory|            W_175|         array|
|W_175_ce0       |  out|    1|   ap_memory|            W_175|         array|
|W_175_q0        |   in|    8|   ap_memory|            W_175|         array|
|W_175_address1  |  out|   11|   ap_memory|            W_175|         array|
|W_175_ce1       |  out|    1|   ap_memory|            W_175|         array|
|W_175_q1        |   in|    8|   ap_memory|            W_175|         array|
|W_176_address0  |  out|   11|   ap_memory|            W_176|         array|
|W_176_ce0       |  out|    1|   ap_memory|            W_176|         array|
|W_176_q0        |   in|    8|   ap_memory|            W_176|         array|
|W_176_address1  |  out|   11|   ap_memory|            W_176|         array|
|W_176_ce1       |  out|    1|   ap_memory|            W_176|         array|
|W_176_q1        |   in|    8|   ap_memory|            W_176|         array|
|W_177_address0  |  out|   11|   ap_memory|            W_177|         array|
|W_177_ce0       |  out|    1|   ap_memory|            W_177|         array|
|W_177_q0        |   in|    8|   ap_memory|            W_177|         array|
|W_177_address1  |  out|   11|   ap_memory|            W_177|         array|
|W_177_ce1       |  out|    1|   ap_memory|            W_177|         array|
|W_177_q1        |   in|    8|   ap_memory|            W_177|         array|
|W_178_address0  |  out|   11|   ap_memory|            W_178|         array|
|W_178_ce0       |  out|    1|   ap_memory|            W_178|         array|
|W_178_q0        |   in|    8|   ap_memory|            W_178|         array|
|W_178_address1  |  out|   11|   ap_memory|            W_178|         array|
|W_178_ce1       |  out|    1|   ap_memory|            W_178|         array|
|W_178_q1        |   in|    8|   ap_memory|            W_178|         array|
|W_179_address0  |  out|   11|   ap_memory|            W_179|         array|
|W_179_ce0       |  out|    1|   ap_memory|            W_179|         array|
|W_179_q0        |   in|    8|   ap_memory|            W_179|         array|
|W_179_address1  |  out|   11|   ap_memory|            W_179|         array|
|W_179_ce1       |  out|    1|   ap_memory|            W_179|         array|
|W_179_q1        |   in|    8|   ap_memory|            W_179|         array|
|W_180_address0  |  out|   11|   ap_memory|            W_180|         array|
|W_180_ce0       |  out|    1|   ap_memory|            W_180|         array|
|W_180_q0        |   in|    8|   ap_memory|            W_180|         array|
|W_180_address1  |  out|   11|   ap_memory|            W_180|         array|
|W_180_ce1       |  out|    1|   ap_memory|            W_180|         array|
|W_180_q1        |   in|    8|   ap_memory|            W_180|         array|
|W_181_address0  |  out|   11|   ap_memory|            W_181|         array|
|W_181_ce0       |  out|    1|   ap_memory|            W_181|         array|
|W_181_q0        |   in|    8|   ap_memory|            W_181|         array|
|W_181_address1  |  out|   11|   ap_memory|            W_181|         array|
|W_181_ce1       |  out|    1|   ap_memory|            W_181|         array|
|W_181_q1        |   in|    8|   ap_memory|            W_181|         array|
|W_182_address0  |  out|   11|   ap_memory|            W_182|         array|
|W_182_ce0       |  out|    1|   ap_memory|            W_182|         array|
|W_182_q0        |   in|    8|   ap_memory|            W_182|         array|
|W_182_address1  |  out|   11|   ap_memory|            W_182|         array|
|W_182_ce1       |  out|    1|   ap_memory|            W_182|         array|
|W_182_q1        |   in|    8|   ap_memory|            W_182|         array|
|W_183_address0  |  out|   11|   ap_memory|            W_183|         array|
|W_183_ce0       |  out|    1|   ap_memory|            W_183|         array|
|W_183_q0        |   in|    8|   ap_memory|            W_183|         array|
|W_183_address1  |  out|   11|   ap_memory|            W_183|         array|
|W_183_ce1       |  out|    1|   ap_memory|            W_183|         array|
|W_183_q1        |   in|    8|   ap_memory|            W_183|         array|
|W_184_address0  |  out|   11|   ap_memory|            W_184|         array|
|W_184_ce0       |  out|    1|   ap_memory|            W_184|         array|
|W_184_q0        |   in|    8|   ap_memory|            W_184|         array|
|W_184_address1  |  out|   11|   ap_memory|            W_184|         array|
|W_184_ce1       |  out|    1|   ap_memory|            W_184|         array|
|W_184_q1        |   in|    8|   ap_memory|            W_184|         array|
|W_185_address0  |  out|   11|   ap_memory|            W_185|         array|
|W_185_ce0       |  out|    1|   ap_memory|            W_185|         array|
|W_185_q0        |   in|    8|   ap_memory|            W_185|         array|
|W_185_address1  |  out|   11|   ap_memory|            W_185|         array|
|W_185_ce1       |  out|    1|   ap_memory|            W_185|         array|
|W_185_q1        |   in|    8|   ap_memory|            W_185|         array|
|W_186_address0  |  out|   11|   ap_memory|            W_186|         array|
|W_186_ce0       |  out|    1|   ap_memory|            W_186|         array|
|W_186_q0        |   in|    8|   ap_memory|            W_186|         array|
|W_186_address1  |  out|   11|   ap_memory|            W_186|         array|
|W_186_ce1       |  out|    1|   ap_memory|            W_186|         array|
|W_186_q1        |   in|    8|   ap_memory|            W_186|         array|
|W_187_address0  |  out|   11|   ap_memory|            W_187|         array|
|W_187_ce0       |  out|    1|   ap_memory|            W_187|         array|
|W_187_q0        |   in|    8|   ap_memory|            W_187|         array|
|W_187_address1  |  out|   11|   ap_memory|            W_187|         array|
|W_187_ce1       |  out|    1|   ap_memory|            W_187|         array|
|W_187_q1        |   in|    8|   ap_memory|            W_187|         array|
|W_188_address0  |  out|   11|   ap_memory|            W_188|         array|
|W_188_ce0       |  out|    1|   ap_memory|            W_188|         array|
|W_188_q0        |   in|    8|   ap_memory|            W_188|         array|
|W_188_address1  |  out|   11|   ap_memory|            W_188|         array|
|W_188_ce1       |  out|    1|   ap_memory|            W_188|         array|
|W_188_q1        |   in|    8|   ap_memory|            W_188|         array|
|W_189_address0  |  out|   11|   ap_memory|            W_189|         array|
|W_189_ce0       |  out|    1|   ap_memory|            W_189|         array|
|W_189_q0        |   in|    8|   ap_memory|            W_189|         array|
|W_189_address1  |  out|   11|   ap_memory|            W_189|         array|
|W_189_ce1       |  out|    1|   ap_memory|            W_189|         array|
|W_189_q1        |   in|    8|   ap_memory|            W_189|         array|
|W_190_address0  |  out|   11|   ap_memory|            W_190|         array|
|W_190_ce0       |  out|    1|   ap_memory|            W_190|         array|
|W_190_q0        |   in|    8|   ap_memory|            W_190|         array|
|W_190_address1  |  out|   11|   ap_memory|            W_190|         array|
|W_190_ce1       |  out|    1|   ap_memory|            W_190|         array|
|W_190_q1        |   in|    8|   ap_memory|            W_190|         array|
|W_191_address0  |  out|   11|   ap_memory|            W_191|         array|
|W_191_ce0       |  out|    1|   ap_memory|            W_191|         array|
|W_191_q0        |   in|    8|   ap_memory|            W_191|         array|
|W_191_address1  |  out|   11|   ap_memory|            W_191|         array|
|W_191_ce1       |  out|    1|   ap_memory|            W_191|         array|
|W_191_q1        |   in|    8|   ap_memory|            W_191|         array|
|W_192_address0  |  out|   11|   ap_memory|            W_192|         array|
|W_192_ce0       |  out|    1|   ap_memory|            W_192|         array|
|W_192_q0        |   in|    8|   ap_memory|            W_192|         array|
|W_192_address1  |  out|   11|   ap_memory|            W_192|         array|
|W_192_ce1       |  out|    1|   ap_memory|            W_192|         array|
|W_192_q1        |   in|    8|   ap_memory|            W_192|         array|
|W_193_address0  |  out|   11|   ap_memory|            W_193|         array|
|W_193_ce0       |  out|    1|   ap_memory|            W_193|         array|
|W_193_q0        |   in|    8|   ap_memory|            W_193|         array|
|W_193_address1  |  out|   11|   ap_memory|            W_193|         array|
|W_193_ce1       |  out|    1|   ap_memory|            W_193|         array|
|W_193_q1        |   in|    8|   ap_memory|            W_193|         array|
|W_194_address0  |  out|   11|   ap_memory|            W_194|         array|
|W_194_ce0       |  out|    1|   ap_memory|            W_194|         array|
|W_194_q0        |   in|    8|   ap_memory|            W_194|         array|
|W_194_address1  |  out|   11|   ap_memory|            W_194|         array|
|W_194_ce1       |  out|    1|   ap_memory|            W_194|         array|
|W_194_q1        |   in|    8|   ap_memory|            W_194|         array|
|W_195_address0  |  out|   11|   ap_memory|            W_195|         array|
|W_195_ce0       |  out|    1|   ap_memory|            W_195|         array|
|W_195_q0        |   in|    8|   ap_memory|            W_195|         array|
|W_195_address1  |  out|   11|   ap_memory|            W_195|         array|
|W_195_ce1       |  out|    1|   ap_memory|            W_195|         array|
|W_195_q1        |   in|    8|   ap_memory|            W_195|         array|
|W_196_address0  |  out|   11|   ap_memory|            W_196|         array|
|W_196_ce0       |  out|    1|   ap_memory|            W_196|         array|
|W_196_q0        |   in|    8|   ap_memory|            W_196|         array|
|W_196_address1  |  out|   11|   ap_memory|            W_196|         array|
|W_196_ce1       |  out|    1|   ap_memory|            W_196|         array|
|W_196_q1        |   in|    8|   ap_memory|            W_196|         array|
|W_197_address0  |  out|   11|   ap_memory|            W_197|         array|
|W_197_ce0       |  out|    1|   ap_memory|            W_197|         array|
|W_197_q0        |   in|    8|   ap_memory|            W_197|         array|
|W_197_address1  |  out|   11|   ap_memory|            W_197|         array|
|W_197_ce1       |  out|    1|   ap_memory|            W_197|         array|
|W_197_q1        |   in|    8|   ap_memory|            W_197|         array|
|W_198_address0  |  out|   11|   ap_memory|            W_198|         array|
|W_198_ce0       |  out|    1|   ap_memory|            W_198|         array|
|W_198_q0        |   in|    8|   ap_memory|            W_198|         array|
|W_198_address1  |  out|   11|   ap_memory|            W_198|         array|
|W_198_ce1       |  out|    1|   ap_memory|            W_198|         array|
|W_198_q1        |   in|    8|   ap_memory|            W_198|         array|
|W_199_address0  |  out|   11|   ap_memory|            W_199|         array|
|W_199_ce0       |  out|    1|   ap_memory|            W_199|         array|
|W_199_q0        |   in|    8|   ap_memory|            W_199|         array|
|W_199_address1  |  out|   11|   ap_memory|            W_199|         array|
|W_199_ce1       |  out|    1|   ap_memory|            W_199|         array|
|W_199_q1        |   in|    8|   ap_memory|            W_199|         array|
|W_200_address0  |  out|   11|   ap_memory|            W_200|         array|
|W_200_ce0       |  out|    1|   ap_memory|            W_200|         array|
|W_200_q0        |   in|    8|   ap_memory|            W_200|         array|
|W_200_address1  |  out|   11|   ap_memory|            W_200|         array|
|W_200_ce1       |  out|    1|   ap_memory|            W_200|         array|
|W_200_q1        |   in|    8|   ap_memory|            W_200|         array|
|W_201_address0  |  out|   11|   ap_memory|            W_201|         array|
|W_201_ce0       |  out|    1|   ap_memory|            W_201|         array|
|W_201_q0        |   in|    8|   ap_memory|            W_201|         array|
|W_201_address1  |  out|   11|   ap_memory|            W_201|         array|
|W_201_ce1       |  out|    1|   ap_memory|            W_201|         array|
|W_201_q1        |   in|    8|   ap_memory|            W_201|         array|
|W_202_address0  |  out|   11|   ap_memory|            W_202|         array|
|W_202_ce0       |  out|    1|   ap_memory|            W_202|         array|
|W_202_q0        |   in|    8|   ap_memory|            W_202|         array|
|W_202_address1  |  out|   11|   ap_memory|            W_202|         array|
|W_202_ce1       |  out|    1|   ap_memory|            W_202|         array|
|W_202_q1        |   in|    8|   ap_memory|            W_202|         array|
|W_203_address0  |  out|   11|   ap_memory|            W_203|         array|
|W_203_ce0       |  out|    1|   ap_memory|            W_203|         array|
|W_203_q0        |   in|    8|   ap_memory|            W_203|         array|
|W_203_address1  |  out|   11|   ap_memory|            W_203|         array|
|W_203_ce1       |  out|    1|   ap_memory|            W_203|         array|
|W_203_q1        |   in|    8|   ap_memory|            W_203|         array|
|W_204_address0  |  out|   11|   ap_memory|            W_204|         array|
|W_204_ce0       |  out|    1|   ap_memory|            W_204|         array|
|W_204_q0        |   in|    8|   ap_memory|            W_204|         array|
|W_204_address1  |  out|   11|   ap_memory|            W_204|         array|
|W_204_ce1       |  out|    1|   ap_memory|            W_204|         array|
|W_204_q1        |   in|    8|   ap_memory|            W_204|         array|
|W_205_address0  |  out|   11|   ap_memory|            W_205|         array|
|W_205_ce0       |  out|    1|   ap_memory|            W_205|         array|
|W_205_q0        |   in|    8|   ap_memory|            W_205|         array|
|W_205_address1  |  out|   11|   ap_memory|            W_205|         array|
|W_205_ce1       |  out|    1|   ap_memory|            W_205|         array|
|W_205_q1        |   in|    8|   ap_memory|            W_205|         array|
|W_206_address0  |  out|   11|   ap_memory|            W_206|         array|
|W_206_ce0       |  out|    1|   ap_memory|            W_206|         array|
|W_206_q0        |   in|    8|   ap_memory|            W_206|         array|
|W_206_address1  |  out|   11|   ap_memory|            W_206|         array|
|W_206_ce1       |  out|    1|   ap_memory|            W_206|         array|
|W_206_q1        |   in|    8|   ap_memory|            W_206|         array|
|W_207_address0  |  out|   11|   ap_memory|            W_207|         array|
|W_207_ce0       |  out|    1|   ap_memory|            W_207|         array|
|W_207_q0        |   in|    8|   ap_memory|            W_207|         array|
|W_207_address1  |  out|   11|   ap_memory|            W_207|         array|
|W_207_ce1       |  out|    1|   ap_memory|            W_207|         array|
|W_207_q1        |   in|    8|   ap_memory|            W_207|         array|
|W_208_address0  |  out|   11|   ap_memory|            W_208|         array|
|W_208_ce0       |  out|    1|   ap_memory|            W_208|         array|
|W_208_q0        |   in|    8|   ap_memory|            W_208|         array|
|W_208_address1  |  out|   11|   ap_memory|            W_208|         array|
|W_208_ce1       |  out|    1|   ap_memory|            W_208|         array|
|W_208_q1        |   in|    8|   ap_memory|            W_208|         array|
|W_209_address0  |  out|   11|   ap_memory|            W_209|         array|
|W_209_ce0       |  out|    1|   ap_memory|            W_209|         array|
|W_209_q0        |   in|    8|   ap_memory|            W_209|         array|
|W_209_address1  |  out|   11|   ap_memory|            W_209|         array|
|W_209_ce1       |  out|    1|   ap_memory|            W_209|         array|
|W_209_q1        |   in|    8|   ap_memory|            W_209|         array|
|W_210_address0  |  out|   11|   ap_memory|            W_210|         array|
|W_210_ce0       |  out|    1|   ap_memory|            W_210|         array|
|W_210_q0        |   in|    8|   ap_memory|            W_210|         array|
|W_210_address1  |  out|   11|   ap_memory|            W_210|         array|
|W_210_ce1       |  out|    1|   ap_memory|            W_210|         array|
|W_210_q1        |   in|    8|   ap_memory|            W_210|         array|
|W_211_address0  |  out|   11|   ap_memory|            W_211|         array|
|W_211_ce0       |  out|    1|   ap_memory|            W_211|         array|
|W_211_q0        |   in|    8|   ap_memory|            W_211|         array|
|W_211_address1  |  out|   11|   ap_memory|            W_211|         array|
|W_211_ce1       |  out|    1|   ap_memory|            W_211|         array|
|W_211_q1        |   in|    8|   ap_memory|            W_211|         array|
|W_212_address0  |  out|   11|   ap_memory|            W_212|         array|
|W_212_ce0       |  out|    1|   ap_memory|            W_212|         array|
|W_212_q0        |   in|    8|   ap_memory|            W_212|         array|
|W_212_address1  |  out|   11|   ap_memory|            W_212|         array|
|W_212_ce1       |  out|    1|   ap_memory|            W_212|         array|
|W_212_q1        |   in|    8|   ap_memory|            W_212|         array|
|W_213_address0  |  out|   11|   ap_memory|            W_213|         array|
|W_213_ce0       |  out|    1|   ap_memory|            W_213|         array|
|W_213_q0        |   in|    8|   ap_memory|            W_213|         array|
|W_213_address1  |  out|   11|   ap_memory|            W_213|         array|
|W_213_ce1       |  out|    1|   ap_memory|            W_213|         array|
|W_213_q1        |   in|    8|   ap_memory|            W_213|         array|
|W_214_address0  |  out|   11|   ap_memory|            W_214|         array|
|W_214_ce0       |  out|    1|   ap_memory|            W_214|         array|
|W_214_q0        |   in|    8|   ap_memory|            W_214|         array|
|W_214_address1  |  out|   11|   ap_memory|            W_214|         array|
|W_214_ce1       |  out|    1|   ap_memory|            W_214|         array|
|W_214_q1        |   in|    8|   ap_memory|            W_214|         array|
|W_215_address0  |  out|   11|   ap_memory|            W_215|         array|
|W_215_ce0       |  out|    1|   ap_memory|            W_215|         array|
|W_215_q0        |   in|    8|   ap_memory|            W_215|         array|
|W_215_address1  |  out|   11|   ap_memory|            W_215|         array|
|W_215_ce1       |  out|    1|   ap_memory|            W_215|         array|
|W_215_q1        |   in|    8|   ap_memory|            W_215|         array|
|W_216_address0  |  out|   11|   ap_memory|            W_216|         array|
|W_216_ce0       |  out|    1|   ap_memory|            W_216|         array|
|W_216_q0        |   in|    8|   ap_memory|            W_216|         array|
|W_216_address1  |  out|   11|   ap_memory|            W_216|         array|
|W_216_ce1       |  out|    1|   ap_memory|            W_216|         array|
|W_216_q1        |   in|    8|   ap_memory|            W_216|         array|
|W_217_address0  |  out|   11|   ap_memory|            W_217|         array|
|W_217_ce0       |  out|    1|   ap_memory|            W_217|         array|
|W_217_q0        |   in|    8|   ap_memory|            W_217|         array|
|W_217_address1  |  out|   11|   ap_memory|            W_217|         array|
|W_217_ce1       |  out|    1|   ap_memory|            W_217|         array|
|W_217_q1        |   in|    8|   ap_memory|            W_217|         array|
|W_218_address0  |  out|   11|   ap_memory|            W_218|         array|
|W_218_ce0       |  out|    1|   ap_memory|            W_218|         array|
|W_218_q0        |   in|    8|   ap_memory|            W_218|         array|
|W_218_address1  |  out|   11|   ap_memory|            W_218|         array|
|W_218_ce1       |  out|    1|   ap_memory|            W_218|         array|
|W_218_q1        |   in|    8|   ap_memory|            W_218|         array|
|W_219_address0  |  out|   11|   ap_memory|            W_219|         array|
|W_219_ce0       |  out|    1|   ap_memory|            W_219|         array|
|W_219_q0        |   in|    8|   ap_memory|            W_219|         array|
|W_219_address1  |  out|   11|   ap_memory|            W_219|         array|
|W_219_ce1       |  out|    1|   ap_memory|            W_219|         array|
|W_219_q1        |   in|    8|   ap_memory|            W_219|         array|
|W_220_address0  |  out|   11|   ap_memory|            W_220|         array|
|W_220_ce0       |  out|    1|   ap_memory|            W_220|         array|
|W_220_q0        |   in|    8|   ap_memory|            W_220|         array|
|W_220_address1  |  out|   11|   ap_memory|            W_220|         array|
|W_220_ce1       |  out|    1|   ap_memory|            W_220|         array|
|W_220_q1        |   in|    8|   ap_memory|            W_220|         array|
|W_221_address0  |  out|   11|   ap_memory|            W_221|         array|
|W_221_ce0       |  out|    1|   ap_memory|            W_221|         array|
|W_221_q0        |   in|    8|   ap_memory|            W_221|         array|
|W_221_address1  |  out|   11|   ap_memory|            W_221|         array|
|W_221_ce1       |  out|    1|   ap_memory|            W_221|         array|
|W_221_q1        |   in|    8|   ap_memory|            W_221|         array|
|W_222_address0  |  out|   11|   ap_memory|            W_222|         array|
|W_222_ce0       |  out|    1|   ap_memory|            W_222|         array|
|W_222_q0        |   in|    8|   ap_memory|            W_222|         array|
|W_222_address1  |  out|   11|   ap_memory|            W_222|         array|
|W_222_ce1       |  out|    1|   ap_memory|            W_222|         array|
|W_222_q1        |   in|    8|   ap_memory|            W_222|         array|
|W_223_address0  |  out|   11|   ap_memory|            W_223|         array|
|W_223_ce0       |  out|    1|   ap_memory|            W_223|         array|
|W_223_q0        |   in|    8|   ap_memory|            W_223|         array|
|W_223_address1  |  out|   11|   ap_memory|            W_223|         array|
|W_223_ce1       |  out|    1|   ap_memory|            W_223|         array|
|W_223_q1        |   in|    8|   ap_memory|            W_223|         array|
|W_224_address0  |  out|   11|   ap_memory|            W_224|         array|
|W_224_ce0       |  out|    1|   ap_memory|            W_224|         array|
|W_224_q0        |   in|    8|   ap_memory|            W_224|         array|
|W_224_address1  |  out|   11|   ap_memory|            W_224|         array|
|W_224_ce1       |  out|    1|   ap_memory|            W_224|         array|
|W_224_q1        |   in|    8|   ap_memory|            W_224|         array|
|W_225_address0  |  out|   11|   ap_memory|            W_225|         array|
|W_225_ce0       |  out|    1|   ap_memory|            W_225|         array|
|W_225_q0        |   in|    8|   ap_memory|            W_225|         array|
|W_225_address1  |  out|   11|   ap_memory|            W_225|         array|
|W_225_ce1       |  out|    1|   ap_memory|            W_225|         array|
|W_225_q1        |   in|    8|   ap_memory|            W_225|         array|
|W_226_address0  |  out|   11|   ap_memory|            W_226|         array|
|W_226_ce0       |  out|    1|   ap_memory|            W_226|         array|
|W_226_q0        |   in|    8|   ap_memory|            W_226|         array|
|W_226_address1  |  out|   11|   ap_memory|            W_226|         array|
|W_226_ce1       |  out|    1|   ap_memory|            W_226|         array|
|W_226_q1        |   in|    8|   ap_memory|            W_226|         array|
|W_227_address0  |  out|   11|   ap_memory|            W_227|         array|
|W_227_ce0       |  out|    1|   ap_memory|            W_227|         array|
|W_227_q0        |   in|    8|   ap_memory|            W_227|         array|
|W_227_address1  |  out|   11|   ap_memory|            W_227|         array|
|W_227_ce1       |  out|    1|   ap_memory|            W_227|         array|
|W_227_q1        |   in|    8|   ap_memory|            W_227|         array|
|W_228_address0  |  out|   11|   ap_memory|            W_228|         array|
|W_228_ce0       |  out|    1|   ap_memory|            W_228|         array|
|W_228_q0        |   in|    8|   ap_memory|            W_228|         array|
|W_228_address1  |  out|   11|   ap_memory|            W_228|         array|
|W_228_ce1       |  out|    1|   ap_memory|            W_228|         array|
|W_228_q1        |   in|    8|   ap_memory|            W_228|         array|
|W_229_address0  |  out|   11|   ap_memory|            W_229|         array|
|W_229_ce0       |  out|    1|   ap_memory|            W_229|         array|
|W_229_q0        |   in|    8|   ap_memory|            W_229|         array|
|W_229_address1  |  out|   11|   ap_memory|            W_229|         array|
|W_229_ce1       |  out|    1|   ap_memory|            W_229|         array|
|W_229_q1        |   in|    8|   ap_memory|            W_229|         array|
|W_230_address0  |  out|   11|   ap_memory|            W_230|         array|
|W_230_ce0       |  out|    1|   ap_memory|            W_230|         array|
|W_230_q0        |   in|    8|   ap_memory|            W_230|         array|
|W_230_address1  |  out|   11|   ap_memory|            W_230|         array|
|W_230_ce1       |  out|    1|   ap_memory|            W_230|         array|
|W_230_q1        |   in|    8|   ap_memory|            W_230|         array|
|W_231_address0  |  out|   11|   ap_memory|            W_231|         array|
|W_231_ce0       |  out|    1|   ap_memory|            W_231|         array|
|W_231_q0        |   in|    8|   ap_memory|            W_231|         array|
|W_231_address1  |  out|   11|   ap_memory|            W_231|         array|
|W_231_ce1       |  out|    1|   ap_memory|            W_231|         array|
|W_231_q1        |   in|    8|   ap_memory|            W_231|         array|
|W_232_address0  |  out|   11|   ap_memory|            W_232|         array|
|W_232_ce0       |  out|    1|   ap_memory|            W_232|         array|
|W_232_q0        |   in|    8|   ap_memory|            W_232|         array|
|W_232_address1  |  out|   11|   ap_memory|            W_232|         array|
|W_232_ce1       |  out|    1|   ap_memory|            W_232|         array|
|W_232_q1        |   in|    8|   ap_memory|            W_232|         array|
|W_233_address0  |  out|   11|   ap_memory|            W_233|         array|
|W_233_ce0       |  out|    1|   ap_memory|            W_233|         array|
|W_233_q0        |   in|    8|   ap_memory|            W_233|         array|
|W_233_address1  |  out|   11|   ap_memory|            W_233|         array|
|W_233_ce1       |  out|    1|   ap_memory|            W_233|         array|
|W_233_q1        |   in|    8|   ap_memory|            W_233|         array|
|W_234_address0  |  out|   11|   ap_memory|            W_234|         array|
|W_234_ce0       |  out|    1|   ap_memory|            W_234|         array|
|W_234_q0        |   in|    8|   ap_memory|            W_234|         array|
|W_234_address1  |  out|   11|   ap_memory|            W_234|         array|
|W_234_ce1       |  out|    1|   ap_memory|            W_234|         array|
|W_234_q1        |   in|    8|   ap_memory|            W_234|         array|
|W_235_address0  |  out|   11|   ap_memory|            W_235|         array|
|W_235_ce0       |  out|    1|   ap_memory|            W_235|         array|
|W_235_q0        |   in|    8|   ap_memory|            W_235|         array|
|W_235_address1  |  out|   11|   ap_memory|            W_235|         array|
|W_235_ce1       |  out|    1|   ap_memory|            W_235|         array|
|W_235_q1        |   in|    8|   ap_memory|            W_235|         array|
|W_236_address0  |  out|   11|   ap_memory|            W_236|         array|
|W_236_ce0       |  out|    1|   ap_memory|            W_236|         array|
|W_236_q0        |   in|    8|   ap_memory|            W_236|         array|
|W_236_address1  |  out|   11|   ap_memory|            W_236|         array|
|W_236_ce1       |  out|    1|   ap_memory|            W_236|         array|
|W_236_q1        |   in|    8|   ap_memory|            W_236|         array|
|W_237_address0  |  out|   11|   ap_memory|            W_237|         array|
|W_237_ce0       |  out|    1|   ap_memory|            W_237|         array|
|W_237_q0        |   in|    8|   ap_memory|            W_237|         array|
|W_237_address1  |  out|   11|   ap_memory|            W_237|         array|
|W_237_ce1       |  out|    1|   ap_memory|            W_237|         array|
|W_237_q1        |   in|    8|   ap_memory|            W_237|         array|
|W_238_address0  |  out|   11|   ap_memory|            W_238|         array|
|W_238_ce0       |  out|    1|   ap_memory|            W_238|         array|
|W_238_q0        |   in|    8|   ap_memory|            W_238|         array|
|W_238_address1  |  out|   11|   ap_memory|            W_238|         array|
|W_238_ce1       |  out|    1|   ap_memory|            W_238|         array|
|W_238_q1        |   in|    8|   ap_memory|            W_238|         array|
|W_239_address0  |  out|   11|   ap_memory|            W_239|         array|
|W_239_ce0       |  out|    1|   ap_memory|            W_239|         array|
|W_239_q0        |   in|    8|   ap_memory|            W_239|         array|
|W_239_address1  |  out|   11|   ap_memory|            W_239|         array|
|W_239_ce1       |  out|    1|   ap_memory|            W_239|         array|
|W_239_q1        |   in|    8|   ap_memory|            W_239|         array|
|W_240_address0  |  out|   11|   ap_memory|            W_240|         array|
|W_240_ce0       |  out|    1|   ap_memory|            W_240|         array|
|W_240_q0        |   in|    8|   ap_memory|            W_240|         array|
|W_240_address1  |  out|   11|   ap_memory|            W_240|         array|
|W_240_ce1       |  out|    1|   ap_memory|            W_240|         array|
|W_240_q1        |   in|    8|   ap_memory|            W_240|         array|
|W_241_address0  |  out|   11|   ap_memory|            W_241|         array|
|W_241_ce0       |  out|    1|   ap_memory|            W_241|         array|
|W_241_q0        |   in|    8|   ap_memory|            W_241|         array|
|W_241_address1  |  out|   11|   ap_memory|            W_241|         array|
|W_241_ce1       |  out|    1|   ap_memory|            W_241|         array|
|W_241_q1        |   in|    8|   ap_memory|            W_241|         array|
|W_242_address0  |  out|   11|   ap_memory|            W_242|         array|
|W_242_ce0       |  out|    1|   ap_memory|            W_242|         array|
|W_242_q0        |   in|    8|   ap_memory|            W_242|         array|
|W_242_address1  |  out|   11|   ap_memory|            W_242|         array|
|W_242_ce1       |  out|    1|   ap_memory|            W_242|         array|
|W_242_q1        |   in|    8|   ap_memory|            W_242|         array|
|W_243_address0  |  out|   11|   ap_memory|            W_243|         array|
|W_243_ce0       |  out|    1|   ap_memory|            W_243|         array|
|W_243_q0        |   in|    8|   ap_memory|            W_243|         array|
|W_243_address1  |  out|   11|   ap_memory|            W_243|         array|
|W_243_ce1       |  out|    1|   ap_memory|            W_243|         array|
|W_243_q1        |   in|    8|   ap_memory|            W_243|         array|
|W_244_address0  |  out|   11|   ap_memory|            W_244|         array|
|W_244_ce0       |  out|    1|   ap_memory|            W_244|         array|
|W_244_q0        |   in|    8|   ap_memory|            W_244|         array|
|W_244_address1  |  out|   11|   ap_memory|            W_244|         array|
|W_244_ce1       |  out|    1|   ap_memory|            W_244|         array|
|W_244_q1        |   in|    8|   ap_memory|            W_244|         array|
|W_245_address0  |  out|   11|   ap_memory|            W_245|         array|
|W_245_ce0       |  out|    1|   ap_memory|            W_245|         array|
|W_245_q0        |   in|    8|   ap_memory|            W_245|         array|
|W_245_address1  |  out|   11|   ap_memory|            W_245|         array|
|W_245_ce1       |  out|    1|   ap_memory|            W_245|         array|
|W_245_q1        |   in|    8|   ap_memory|            W_245|         array|
|W_246_address0  |  out|   11|   ap_memory|            W_246|         array|
|W_246_ce0       |  out|    1|   ap_memory|            W_246|         array|
|W_246_q0        |   in|    8|   ap_memory|            W_246|         array|
|W_246_address1  |  out|   11|   ap_memory|            W_246|         array|
|W_246_ce1       |  out|    1|   ap_memory|            W_246|         array|
|W_246_q1        |   in|    8|   ap_memory|            W_246|         array|
|W_247_address0  |  out|   11|   ap_memory|            W_247|         array|
|W_247_ce0       |  out|    1|   ap_memory|            W_247|         array|
|W_247_q0        |   in|    8|   ap_memory|            W_247|         array|
|W_247_address1  |  out|   11|   ap_memory|            W_247|         array|
|W_247_ce1       |  out|    1|   ap_memory|            W_247|         array|
|W_247_q1        |   in|    8|   ap_memory|            W_247|         array|
|W_248_address0  |  out|   11|   ap_memory|            W_248|         array|
|W_248_ce0       |  out|    1|   ap_memory|            W_248|         array|
|W_248_q0        |   in|    8|   ap_memory|            W_248|         array|
|W_248_address1  |  out|   11|   ap_memory|            W_248|         array|
|W_248_ce1       |  out|    1|   ap_memory|            W_248|         array|
|W_248_q1        |   in|    8|   ap_memory|            W_248|         array|
|W_249_address0  |  out|   11|   ap_memory|            W_249|         array|
|W_249_ce0       |  out|    1|   ap_memory|            W_249|         array|
|W_249_q0        |   in|    8|   ap_memory|            W_249|         array|
|W_249_address1  |  out|   11|   ap_memory|            W_249|         array|
|W_249_ce1       |  out|    1|   ap_memory|            W_249|         array|
|W_249_q1        |   in|    8|   ap_memory|            W_249|         array|
|W_250_address0  |  out|   11|   ap_memory|            W_250|         array|
|W_250_ce0       |  out|    1|   ap_memory|            W_250|         array|
|W_250_q0        |   in|    8|   ap_memory|            W_250|         array|
|W_250_address1  |  out|   11|   ap_memory|            W_250|         array|
|W_250_ce1       |  out|    1|   ap_memory|            W_250|         array|
|W_250_q1        |   in|    8|   ap_memory|            W_250|         array|
|W_251_address0  |  out|   11|   ap_memory|            W_251|         array|
|W_251_ce0       |  out|    1|   ap_memory|            W_251|         array|
|W_251_q0        |   in|    8|   ap_memory|            W_251|         array|
|W_251_address1  |  out|   11|   ap_memory|            W_251|         array|
|W_251_ce1       |  out|    1|   ap_memory|            W_251|         array|
|W_251_q1        |   in|    8|   ap_memory|            W_251|         array|
|W_252_address0  |  out|   11|   ap_memory|            W_252|         array|
|W_252_ce0       |  out|    1|   ap_memory|            W_252|         array|
|W_252_q0        |   in|    8|   ap_memory|            W_252|         array|
|W_252_address1  |  out|   11|   ap_memory|            W_252|         array|
|W_252_ce1       |  out|    1|   ap_memory|            W_252|         array|
|W_252_q1        |   in|    8|   ap_memory|            W_252|         array|
|W_253_address0  |  out|   11|   ap_memory|            W_253|         array|
|W_253_ce0       |  out|    1|   ap_memory|            W_253|         array|
|W_253_q0        |   in|    8|   ap_memory|            W_253|         array|
|W_253_address1  |  out|   11|   ap_memory|            W_253|         array|
|W_253_ce1       |  out|    1|   ap_memory|            W_253|         array|
|W_253_q1        |   in|    8|   ap_memory|            W_253|         array|
|W_254_address0  |  out|   11|   ap_memory|            W_254|         array|
|W_254_ce0       |  out|    1|   ap_memory|            W_254|         array|
|W_254_q0        |   in|    8|   ap_memory|            W_254|         array|
|W_254_address1  |  out|   11|   ap_memory|            W_254|         array|
|W_254_ce1       |  out|    1|   ap_memory|            W_254|         array|
|W_254_q1        |   in|    8|   ap_memory|            W_254|         array|
|W_255_address0  |  out|   11|   ap_memory|            W_255|         array|
|W_255_ce0       |  out|    1|   ap_memory|            W_255|         array|
|W_255_q0        |   in|    8|   ap_memory|            W_255|         array|
|W_255_address1  |  out|   11|   ap_memory|            W_255|         array|
|W_255_ce1       |  out|    1|   ap_memory|            W_255|         array|
|W_255_q1        |   in|    8|   ap_memory|            W_255|         array|
|W_256_address0  |  out|   11|   ap_memory|            W_256|         array|
|W_256_ce0       |  out|    1|   ap_memory|            W_256|         array|
|W_256_q0        |   in|    8|   ap_memory|            W_256|         array|
|W_256_address1  |  out|   11|   ap_memory|            W_256|         array|
|W_256_ce1       |  out|    1|   ap_memory|            W_256|         array|
|W_256_q1        |   in|    8|   ap_memory|            W_256|         array|
|W_257_address0  |  out|   11|   ap_memory|            W_257|         array|
|W_257_ce0       |  out|    1|   ap_memory|            W_257|         array|
|W_257_q0        |   in|    8|   ap_memory|            W_257|         array|
|W_257_address1  |  out|   11|   ap_memory|            W_257|         array|
|W_257_ce1       |  out|    1|   ap_memory|            W_257|         array|
|W_257_q1        |   in|    8|   ap_memory|            W_257|         array|
|W_258_address0  |  out|   11|   ap_memory|            W_258|         array|
|W_258_ce0       |  out|    1|   ap_memory|            W_258|         array|
|W_258_q0        |   in|    8|   ap_memory|            W_258|         array|
|W_258_address1  |  out|   11|   ap_memory|            W_258|         array|
|W_258_ce1       |  out|    1|   ap_memory|            W_258|         array|
|W_258_q1        |   in|    8|   ap_memory|            W_258|         array|
|W_259_address0  |  out|   11|   ap_memory|            W_259|         array|
|W_259_ce0       |  out|    1|   ap_memory|            W_259|         array|
|W_259_q0        |   in|    8|   ap_memory|            W_259|         array|
|W_259_address1  |  out|   11|   ap_memory|            W_259|         array|
|W_259_ce1       |  out|    1|   ap_memory|            W_259|         array|
|W_259_q1        |   in|    8|   ap_memory|            W_259|         array|
|W_260_address0  |  out|   11|   ap_memory|            W_260|         array|
|W_260_ce0       |  out|    1|   ap_memory|            W_260|         array|
|W_260_q0        |   in|    8|   ap_memory|            W_260|         array|
|W_260_address1  |  out|   11|   ap_memory|            W_260|         array|
|W_260_ce1       |  out|    1|   ap_memory|            W_260|         array|
|W_260_q1        |   in|    8|   ap_memory|            W_260|         array|
|W_261_address0  |  out|   11|   ap_memory|            W_261|         array|
|W_261_ce0       |  out|    1|   ap_memory|            W_261|         array|
|W_261_q0        |   in|    8|   ap_memory|            W_261|         array|
|W_261_address1  |  out|   11|   ap_memory|            W_261|         array|
|W_261_ce1       |  out|    1|   ap_memory|            W_261|         array|
|W_261_q1        |   in|    8|   ap_memory|            W_261|         array|
|W_262_address0  |  out|   11|   ap_memory|            W_262|         array|
|W_262_ce0       |  out|    1|   ap_memory|            W_262|         array|
|W_262_q0        |   in|    8|   ap_memory|            W_262|         array|
|W_262_address1  |  out|   11|   ap_memory|            W_262|         array|
|W_262_ce1       |  out|    1|   ap_memory|            W_262|         array|
|W_262_q1        |   in|    8|   ap_memory|            W_262|         array|
|W_263_address0  |  out|   11|   ap_memory|            W_263|         array|
|W_263_ce0       |  out|    1|   ap_memory|            W_263|         array|
|W_263_q0        |   in|    8|   ap_memory|            W_263|         array|
|W_263_address1  |  out|   11|   ap_memory|            W_263|         array|
|W_263_ce1       |  out|    1|   ap_memory|            W_263|         array|
|W_263_q1        |   in|    8|   ap_memory|            W_263|         array|
|W_264_address0  |  out|   11|   ap_memory|            W_264|         array|
|W_264_ce0       |  out|    1|   ap_memory|            W_264|         array|
|W_264_q0        |   in|    8|   ap_memory|            W_264|         array|
|W_264_address1  |  out|   11|   ap_memory|            W_264|         array|
|W_264_ce1       |  out|    1|   ap_memory|            W_264|         array|
|W_264_q1        |   in|    8|   ap_memory|            W_264|         array|
|W_265_address0  |  out|   11|   ap_memory|            W_265|         array|
|W_265_ce0       |  out|    1|   ap_memory|            W_265|         array|
|W_265_q0        |   in|    8|   ap_memory|            W_265|         array|
|W_265_address1  |  out|   11|   ap_memory|            W_265|         array|
|W_265_ce1       |  out|    1|   ap_memory|            W_265|         array|
|W_265_q1        |   in|    8|   ap_memory|            W_265|         array|
|W_266_address0  |  out|   11|   ap_memory|            W_266|         array|
|W_266_ce0       |  out|    1|   ap_memory|            W_266|         array|
|W_266_q0        |   in|    8|   ap_memory|            W_266|         array|
|W_266_address1  |  out|   11|   ap_memory|            W_266|         array|
|W_266_ce1       |  out|    1|   ap_memory|            W_266|         array|
|W_266_q1        |   in|    8|   ap_memory|            W_266|         array|
|W_267_address0  |  out|   11|   ap_memory|            W_267|         array|
|W_267_ce0       |  out|    1|   ap_memory|            W_267|         array|
|W_267_q0        |   in|    8|   ap_memory|            W_267|         array|
|W_267_address1  |  out|   11|   ap_memory|            W_267|         array|
|W_267_ce1       |  out|    1|   ap_memory|            W_267|         array|
|W_267_q1        |   in|    8|   ap_memory|            W_267|         array|
|W_268_address0  |  out|   11|   ap_memory|            W_268|         array|
|W_268_ce0       |  out|    1|   ap_memory|            W_268|         array|
|W_268_q0        |   in|    8|   ap_memory|            W_268|         array|
|W_268_address1  |  out|   11|   ap_memory|            W_268|         array|
|W_268_ce1       |  out|    1|   ap_memory|            W_268|         array|
|W_268_q1        |   in|    8|   ap_memory|            W_268|         array|
|W_269_address0  |  out|   11|   ap_memory|            W_269|         array|
|W_269_ce0       |  out|    1|   ap_memory|            W_269|         array|
|W_269_q0        |   in|    8|   ap_memory|            W_269|         array|
|W_269_address1  |  out|   11|   ap_memory|            W_269|         array|
|W_269_ce1       |  out|    1|   ap_memory|            W_269|         array|
|W_269_q1        |   in|    8|   ap_memory|            W_269|         array|
|W_270_address0  |  out|   11|   ap_memory|            W_270|         array|
|W_270_ce0       |  out|    1|   ap_memory|            W_270|         array|
|W_270_q0        |   in|    8|   ap_memory|            W_270|         array|
|W_270_address1  |  out|   11|   ap_memory|            W_270|         array|
|W_270_ce1       |  out|    1|   ap_memory|            W_270|         array|
|W_270_q1        |   in|    8|   ap_memory|            W_270|         array|
|W_271_address0  |  out|   11|   ap_memory|            W_271|         array|
|W_271_ce0       |  out|    1|   ap_memory|            W_271|         array|
|W_271_q0        |   in|    8|   ap_memory|            W_271|         array|
|W_271_address1  |  out|   11|   ap_memory|            W_271|         array|
|W_271_ce1       |  out|    1|   ap_memory|            W_271|         array|
|W_271_q1        |   in|    8|   ap_memory|            W_271|         array|
|W_272_address0  |  out|   11|   ap_memory|            W_272|         array|
|W_272_ce0       |  out|    1|   ap_memory|            W_272|         array|
|W_272_q0        |   in|    8|   ap_memory|            W_272|         array|
|W_272_address1  |  out|   11|   ap_memory|            W_272|         array|
|W_272_ce1       |  out|    1|   ap_memory|            W_272|         array|
|W_272_q1        |   in|    8|   ap_memory|            W_272|         array|
|W_273_address0  |  out|   11|   ap_memory|            W_273|         array|
|W_273_ce0       |  out|    1|   ap_memory|            W_273|         array|
|W_273_q0        |   in|    8|   ap_memory|            W_273|         array|
|W_273_address1  |  out|   11|   ap_memory|            W_273|         array|
|W_273_ce1       |  out|    1|   ap_memory|            W_273|         array|
|W_273_q1        |   in|    8|   ap_memory|            W_273|         array|
|W_274_address0  |  out|   11|   ap_memory|            W_274|         array|
|W_274_ce0       |  out|    1|   ap_memory|            W_274|         array|
|W_274_q0        |   in|    8|   ap_memory|            W_274|         array|
|W_274_address1  |  out|   11|   ap_memory|            W_274|         array|
|W_274_ce1       |  out|    1|   ap_memory|            W_274|         array|
|W_274_q1        |   in|    8|   ap_memory|            W_274|         array|
|W_275_address0  |  out|   11|   ap_memory|            W_275|         array|
|W_275_ce0       |  out|    1|   ap_memory|            W_275|         array|
|W_275_q0        |   in|    8|   ap_memory|            W_275|         array|
|W_275_address1  |  out|   11|   ap_memory|            W_275|         array|
|W_275_ce1       |  out|    1|   ap_memory|            W_275|         array|
|W_275_q1        |   in|    8|   ap_memory|            W_275|         array|
|W_276_address0  |  out|   11|   ap_memory|            W_276|         array|
|W_276_ce0       |  out|    1|   ap_memory|            W_276|         array|
|W_276_q0        |   in|    8|   ap_memory|            W_276|         array|
|W_276_address1  |  out|   11|   ap_memory|            W_276|         array|
|W_276_ce1       |  out|    1|   ap_memory|            W_276|         array|
|W_276_q1        |   in|    8|   ap_memory|            W_276|         array|
|W_277_address0  |  out|   11|   ap_memory|            W_277|         array|
|W_277_ce0       |  out|    1|   ap_memory|            W_277|         array|
|W_277_q0        |   in|    8|   ap_memory|            W_277|         array|
|W_277_address1  |  out|   11|   ap_memory|            W_277|         array|
|W_277_ce1       |  out|    1|   ap_memory|            W_277|         array|
|W_277_q1        |   in|    8|   ap_memory|            W_277|         array|
|W_278_address0  |  out|   11|   ap_memory|            W_278|         array|
|W_278_ce0       |  out|    1|   ap_memory|            W_278|         array|
|W_278_q0        |   in|    8|   ap_memory|            W_278|         array|
|W_278_address1  |  out|   11|   ap_memory|            W_278|         array|
|W_278_ce1       |  out|    1|   ap_memory|            W_278|         array|
|W_278_q1        |   in|    8|   ap_memory|            W_278|         array|
|W_279_address0  |  out|   11|   ap_memory|            W_279|         array|
|W_279_ce0       |  out|    1|   ap_memory|            W_279|         array|
|W_279_q0        |   in|    8|   ap_memory|            W_279|         array|
|W_279_address1  |  out|   11|   ap_memory|            W_279|         array|
|W_279_ce1       |  out|    1|   ap_memory|            W_279|         array|
|W_279_q1        |   in|    8|   ap_memory|            W_279|         array|
|W_280_address0  |  out|   11|   ap_memory|            W_280|         array|
|W_280_ce0       |  out|    1|   ap_memory|            W_280|         array|
|W_280_q0        |   in|    8|   ap_memory|            W_280|         array|
|W_280_address1  |  out|   11|   ap_memory|            W_280|         array|
|W_280_ce1       |  out|    1|   ap_memory|            W_280|         array|
|W_280_q1        |   in|    8|   ap_memory|            W_280|         array|
|W_281_address0  |  out|   11|   ap_memory|            W_281|         array|
|W_281_ce0       |  out|    1|   ap_memory|            W_281|         array|
|W_281_q0        |   in|    8|   ap_memory|            W_281|         array|
|W_281_address1  |  out|   11|   ap_memory|            W_281|         array|
|W_281_ce1       |  out|    1|   ap_memory|            W_281|         array|
|W_281_q1        |   in|    8|   ap_memory|            W_281|         array|
|W_282_address0  |  out|   11|   ap_memory|            W_282|         array|
|W_282_ce0       |  out|    1|   ap_memory|            W_282|         array|
|W_282_q0        |   in|    8|   ap_memory|            W_282|         array|
|W_282_address1  |  out|   11|   ap_memory|            W_282|         array|
|W_282_ce1       |  out|    1|   ap_memory|            W_282|         array|
|W_282_q1        |   in|    8|   ap_memory|            W_282|         array|
|W_283_address0  |  out|   11|   ap_memory|            W_283|         array|
|W_283_ce0       |  out|    1|   ap_memory|            W_283|         array|
|W_283_q0        |   in|    8|   ap_memory|            W_283|         array|
|W_283_address1  |  out|   11|   ap_memory|            W_283|         array|
|W_283_ce1       |  out|    1|   ap_memory|            W_283|         array|
|W_283_q1        |   in|    8|   ap_memory|            W_283|         array|
|W_284_address0  |  out|   11|   ap_memory|            W_284|         array|
|W_284_ce0       |  out|    1|   ap_memory|            W_284|         array|
|W_284_q0        |   in|    8|   ap_memory|            W_284|         array|
|W_284_address1  |  out|   11|   ap_memory|            W_284|         array|
|W_284_ce1       |  out|    1|   ap_memory|            W_284|         array|
|W_284_q1        |   in|    8|   ap_memory|            W_284|         array|
|W_285_address0  |  out|   11|   ap_memory|            W_285|         array|
|W_285_ce0       |  out|    1|   ap_memory|            W_285|         array|
|W_285_q0        |   in|    8|   ap_memory|            W_285|         array|
|W_285_address1  |  out|   11|   ap_memory|            W_285|         array|
|W_285_ce1       |  out|    1|   ap_memory|            W_285|         array|
|W_285_q1        |   in|    8|   ap_memory|            W_285|         array|
|W_286_address0  |  out|   11|   ap_memory|            W_286|         array|
|W_286_ce0       |  out|    1|   ap_memory|            W_286|         array|
|W_286_q0        |   in|    8|   ap_memory|            W_286|         array|
|W_286_address1  |  out|   11|   ap_memory|            W_286|         array|
|W_286_ce1       |  out|    1|   ap_memory|            W_286|         array|
|W_286_q1        |   in|    8|   ap_memory|            W_286|         array|
|W_287_address0  |  out|   11|   ap_memory|            W_287|         array|
|W_287_ce0       |  out|    1|   ap_memory|            W_287|         array|
|W_287_q0        |   in|    8|   ap_memory|            W_287|         array|
|W_287_address1  |  out|   11|   ap_memory|            W_287|         array|
|W_287_ce1       |  out|    1|   ap_memory|            W_287|         array|
|W_287_q1        |   in|    8|   ap_memory|            W_287|         array|
|W_288_address0  |  out|   11|   ap_memory|            W_288|         array|
|W_288_ce0       |  out|    1|   ap_memory|            W_288|         array|
|W_288_q0        |   in|    8|   ap_memory|            W_288|         array|
|W_288_address1  |  out|   11|   ap_memory|            W_288|         array|
|W_288_ce1       |  out|    1|   ap_memory|            W_288|         array|
|W_288_q1        |   in|    8|   ap_memory|            W_288|         array|
|W_289_address0  |  out|   11|   ap_memory|            W_289|         array|
|W_289_ce0       |  out|    1|   ap_memory|            W_289|         array|
|W_289_q0        |   in|    8|   ap_memory|            W_289|         array|
|W_289_address1  |  out|   11|   ap_memory|            W_289|         array|
|W_289_ce1       |  out|    1|   ap_memory|            W_289|         array|
|W_289_q1        |   in|    8|   ap_memory|            W_289|         array|
|W_290_address0  |  out|   11|   ap_memory|            W_290|         array|
|W_290_ce0       |  out|    1|   ap_memory|            W_290|         array|
|W_290_q0        |   in|    8|   ap_memory|            W_290|         array|
|W_290_address1  |  out|   11|   ap_memory|            W_290|         array|
|W_290_ce1       |  out|    1|   ap_memory|            W_290|         array|
|W_290_q1        |   in|    8|   ap_memory|            W_290|         array|
|W_291_address0  |  out|   11|   ap_memory|            W_291|         array|
|W_291_ce0       |  out|    1|   ap_memory|            W_291|         array|
|W_291_q0        |   in|    8|   ap_memory|            W_291|         array|
|W_291_address1  |  out|   11|   ap_memory|            W_291|         array|
|W_291_ce1       |  out|    1|   ap_memory|            W_291|         array|
|W_291_q1        |   in|    8|   ap_memory|            W_291|         array|
|W_292_address0  |  out|   11|   ap_memory|            W_292|         array|
|W_292_ce0       |  out|    1|   ap_memory|            W_292|         array|
|W_292_q0        |   in|    8|   ap_memory|            W_292|         array|
|W_292_address1  |  out|   11|   ap_memory|            W_292|         array|
|W_292_ce1       |  out|    1|   ap_memory|            W_292|         array|
|W_292_q1        |   in|    8|   ap_memory|            W_292|         array|
|W_293_address0  |  out|   11|   ap_memory|            W_293|         array|
|W_293_ce0       |  out|    1|   ap_memory|            W_293|         array|
|W_293_q0        |   in|    8|   ap_memory|            W_293|         array|
|W_293_address1  |  out|   11|   ap_memory|            W_293|         array|
|W_293_ce1       |  out|    1|   ap_memory|            W_293|         array|
|W_293_q1        |   in|    8|   ap_memory|            W_293|         array|
|W_294_address0  |  out|   11|   ap_memory|            W_294|         array|
|W_294_ce0       |  out|    1|   ap_memory|            W_294|         array|
|W_294_q0        |   in|    8|   ap_memory|            W_294|         array|
|W_294_address1  |  out|   11|   ap_memory|            W_294|         array|
|W_294_ce1       |  out|    1|   ap_memory|            W_294|         array|
|W_294_q1        |   in|    8|   ap_memory|            W_294|         array|
|W_295_address0  |  out|   11|   ap_memory|            W_295|         array|
|W_295_ce0       |  out|    1|   ap_memory|            W_295|         array|
|W_295_q0        |   in|    8|   ap_memory|            W_295|         array|
|W_295_address1  |  out|   11|   ap_memory|            W_295|         array|
|W_295_ce1       |  out|    1|   ap_memory|            W_295|         array|
|W_295_q1        |   in|    8|   ap_memory|            W_295|         array|
|W_296_address0  |  out|   11|   ap_memory|            W_296|         array|
|W_296_ce0       |  out|    1|   ap_memory|            W_296|         array|
|W_296_q0        |   in|    8|   ap_memory|            W_296|         array|
|W_296_address1  |  out|   11|   ap_memory|            W_296|         array|
|W_296_ce1       |  out|    1|   ap_memory|            W_296|         array|
|W_296_q1        |   in|    8|   ap_memory|            W_296|         array|
|W_297_address0  |  out|   11|   ap_memory|            W_297|         array|
|W_297_ce0       |  out|    1|   ap_memory|            W_297|         array|
|W_297_q0        |   in|    8|   ap_memory|            W_297|         array|
|W_297_address1  |  out|   11|   ap_memory|            W_297|         array|
|W_297_ce1       |  out|    1|   ap_memory|            W_297|         array|
|W_297_q1        |   in|    8|   ap_memory|            W_297|         array|
|W_298_address0  |  out|   11|   ap_memory|            W_298|         array|
|W_298_ce0       |  out|    1|   ap_memory|            W_298|         array|
|W_298_q0        |   in|    8|   ap_memory|            W_298|         array|
|W_298_address1  |  out|   11|   ap_memory|            W_298|         array|
|W_298_ce1       |  out|    1|   ap_memory|            W_298|         array|
|W_298_q1        |   in|    8|   ap_memory|            W_298|         array|
|W_299_address0  |  out|   11|   ap_memory|            W_299|         array|
|W_299_ce0       |  out|    1|   ap_memory|            W_299|         array|
|W_299_q0        |   in|    8|   ap_memory|            W_299|         array|
|W_299_address1  |  out|   11|   ap_memory|            W_299|         array|
|W_299_ce1       |  out|    1|   ap_memory|            W_299|         array|
|W_299_q1        |   in|    8|   ap_memory|            W_299|         array|
|W_300_address0  |  out|   11|   ap_memory|            W_300|         array|
|W_300_ce0       |  out|    1|   ap_memory|            W_300|         array|
|W_300_q0        |   in|    8|   ap_memory|            W_300|         array|
|W_300_address1  |  out|   11|   ap_memory|            W_300|         array|
|W_300_ce1       |  out|    1|   ap_memory|            W_300|         array|
|W_300_q1        |   in|    8|   ap_memory|            W_300|         array|
|W_301_address0  |  out|   11|   ap_memory|            W_301|         array|
|W_301_ce0       |  out|    1|   ap_memory|            W_301|         array|
|W_301_q0        |   in|    8|   ap_memory|            W_301|         array|
|W_301_address1  |  out|   11|   ap_memory|            W_301|         array|
|W_301_ce1       |  out|    1|   ap_memory|            W_301|         array|
|W_301_q1        |   in|    8|   ap_memory|            W_301|         array|
|W_302_address0  |  out|   11|   ap_memory|            W_302|         array|
|W_302_ce0       |  out|    1|   ap_memory|            W_302|         array|
|W_302_q0        |   in|    8|   ap_memory|            W_302|         array|
|W_302_address1  |  out|   11|   ap_memory|            W_302|         array|
|W_302_ce1       |  out|    1|   ap_memory|            W_302|         array|
|W_302_q1        |   in|    8|   ap_memory|            W_302|         array|
|W_303_address0  |  out|   11|   ap_memory|            W_303|         array|
|W_303_ce0       |  out|    1|   ap_memory|            W_303|         array|
|W_303_q0        |   in|    8|   ap_memory|            W_303|         array|
|W_303_address1  |  out|   11|   ap_memory|            W_303|         array|
|W_303_ce1       |  out|    1|   ap_memory|            W_303|         array|
|W_303_q1        |   in|    8|   ap_memory|            W_303|         array|
|W_304_address0  |  out|   11|   ap_memory|            W_304|         array|
|W_304_ce0       |  out|    1|   ap_memory|            W_304|         array|
|W_304_q0        |   in|    8|   ap_memory|            W_304|         array|
|W_304_address1  |  out|   11|   ap_memory|            W_304|         array|
|W_304_ce1       |  out|    1|   ap_memory|            W_304|         array|
|W_304_q1        |   in|    8|   ap_memory|            W_304|         array|
|W_305_address0  |  out|   11|   ap_memory|            W_305|         array|
|W_305_ce0       |  out|    1|   ap_memory|            W_305|         array|
|W_305_q0        |   in|    8|   ap_memory|            W_305|         array|
|W_305_address1  |  out|   11|   ap_memory|            W_305|         array|
|W_305_ce1       |  out|    1|   ap_memory|            W_305|         array|
|W_305_q1        |   in|    8|   ap_memory|            W_305|         array|
|W_306_address0  |  out|   11|   ap_memory|            W_306|         array|
|W_306_ce0       |  out|    1|   ap_memory|            W_306|         array|
|W_306_q0        |   in|    8|   ap_memory|            W_306|         array|
|W_306_address1  |  out|   11|   ap_memory|            W_306|         array|
|W_306_ce1       |  out|    1|   ap_memory|            W_306|         array|
|W_306_q1        |   in|    8|   ap_memory|            W_306|         array|
|W_307_address0  |  out|   11|   ap_memory|            W_307|         array|
|W_307_ce0       |  out|    1|   ap_memory|            W_307|         array|
|W_307_q0        |   in|    8|   ap_memory|            W_307|         array|
|W_307_address1  |  out|   11|   ap_memory|            W_307|         array|
|W_307_ce1       |  out|    1|   ap_memory|            W_307|         array|
|W_307_q1        |   in|    8|   ap_memory|            W_307|         array|
|W_308_address0  |  out|   11|   ap_memory|            W_308|         array|
|W_308_ce0       |  out|    1|   ap_memory|            W_308|         array|
|W_308_q0        |   in|    8|   ap_memory|            W_308|         array|
|W_308_address1  |  out|   11|   ap_memory|            W_308|         array|
|W_308_ce1       |  out|    1|   ap_memory|            W_308|         array|
|W_308_q1        |   in|    8|   ap_memory|            W_308|         array|
|W_309_address0  |  out|   11|   ap_memory|            W_309|         array|
|W_309_ce0       |  out|    1|   ap_memory|            W_309|         array|
|W_309_q0        |   in|    8|   ap_memory|            W_309|         array|
|W_309_address1  |  out|   11|   ap_memory|            W_309|         array|
|W_309_ce1       |  out|    1|   ap_memory|            W_309|         array|
|W_309_q1        |   in|    8|   ap_memory|            W_309|         array|
|W_310_address0  |  out|   11|   ap_memory|            W_310|         array|
|W_310_ce0       |  out|    1|   ap_memory|            W_310|         array|
|W_310_q0        |   in|    8|   ap_memory|            W_310|         array|
|W_310_address1  |  out|   11|   ap_memory|            W_310|         array|
|W_310_ce1       |  out|    1|   ap_memory|            W_310|         array|
|W_310_q1        |   in|    8|   ap_memory|            W_310|         array|
|W_311_address0  |  out|   11|   ap_memory|            W_311|         array|
|W_311_ce0       |  out|    1|   ap_memory|            W_311|         array|
|W_311_q0        |   in|    8|   ap_memory|            W_311|         array|
|W_311_address1  |  out|   11|   ap_memory|            W_311|         array|
|W_311_ce1       |  out|    1|   ap_memory|            W_311|         array|
|W_311_q1        |   in|    8|   ap_memory|            W_311|         array|
|W_312_address0  |  out|   11|   ap_memory|            W_312|         array|
|W_312_ce0       |  out|    1|   ap_memory|            W_312|         array|
|W_312_q0        |   in|    8|   ap_memory|            W_312|         array|
|W_312_address1  |  out|   11|   ap_memory|            W_312|         array|
|W_312_ce1       |  out|    1|   ap_memory|            W_312|         array|
|W_312_q1        |   in|    8|   ap_memory|            W_312|         array|
|W_313_address0  |  out|   11|   ap_memory|            W_313|         array|
|W_313_ce0       |  out|    1|   ap_memory|            W_313|         array|
|W_313_q0        |   in|    8|   ap_memory|            W_313|         array|
|W_313_address1  |  out|   11|   ap_memory|            W_313|         array|
|W_313_ce1       |  out|    1|   ap_memory|            W_313|         array|
|W_313_q1        |   in|    8|   ap_memory|            W_313|         array|
|W_314_address0  |  out|   11|   ap_memory|            W_314|         array|
|W_314_ce0       |  out|    1|   ap_memory|            W_314|         array|
|W_314_q0        |   in|    8|   ap_memory|            W_314|         array|
|W_314_address1  |  out|   11|   ap_memory|            W_314|         array|
|W_314_ce1       |  out|    1|   ap_memory|            W_314|         array|
|W_314_q1        |   in|    8|   ap_memory|            W_314|         array|
|W_315_address0  |  out|   11|   ap_memory|            W_315|         array|
|W_315_ce0       |  out|    1|   ap_memory|            W_315|         array|
|W_315_q0        |   in|    8|   ap_memory|            W_315|         array|
|W_315_address1  |  out|   11|   ap_memory|            W_315|         array|
|W_315_ce1       |  out|    1|   ap_memory|            W_315|         array|
|W_315_q1        |   in|    8|   ap_memory|            W_315|         array|
|W_316_address0  |  out|   11|   ap_memory|            W_316|         array|
|W_316_ce0       |  out|    1|   ap_memory|            W_316|         array|
|W_316_q0        |   in|    8|   ap_memory|            W_316|         array|
|W_316_address1  |  out|   11|   ap_memory|            W_316|         array|
|W_316_ce1       |  out|    1|   ap_memory|            W_316|         array|
|W_316_q1        |   in|    8|   ap_memory|            W_316|         array|
|W_317_address0  |  out|   11|   ap_memory|            W_317|         array|
|W_317_ce0       |  out|    1|   ap_memory|            W_317|         array|
|W_317_q0        |   in|    8|   ap_memory|            W_317|         array|
|W_317_address1  |  out|   11|   ap_memory|            W_317|         array|
|W_317_ce1       |  out|    1|   ap_memory|            W_317|         array|
|W_317_q1        |   in|    8|   ap_memory|            W_317|         array|
|W_318_address0  |  out|   11|   ap_memory|            W_318|         array|
|W_318_ce0       |  out|    1|   ap_memory|            W_318|         array|
|W_318_q0        |   in|    8|   ap_memory|            W_318|         array|
|W_318_address1  |  out|   11|   ap_memory|            W_318|         array|
|W_318_ce1       |  out|    1|   ap_memory|            W_318|         array|
|W_318_q1        |   in|    8|   ap_memory|            W_318|         array|
|W_319_address0  |  out|   11|   ap_memory|            W_319|         array|
|W_319_ce0       |  out|    1|   ap_memory|            W_319|         array|
|W_319_q0        |   in|    8|   ap_memory|            W_319|         array|
|W_319_address1  |  out|   11|   ap_memory|            W_319|         array|
|W_319_ce1       |  out|    1|   ap_memory|            W_319|         array|
|W_319_q1        |   in|    8|   ap_memory|            W_319|         array|
|W_320_address0  |  out|   11|   ap_memory|            W_320|         array|
|W_320_ce0       |  out|    1|   ap_memory|            W_320|         array|
|W_320_q0        |   in|    8|   ap_memory|            W_320|         array|
|W_320_address1  |  out|   11|   ap_memory|            W_320|         array|
|W_320_ce1       |  out|    1|   ap_memory|            W_320|         array|
|W_320_q1        |   in|    8|   ap_memory|            W_320|         array|
|W_321_address0  |  out|   11|   ap_memory|            W_321|         array|
|W_321_ce0       |  out|    1|   ap_memory|            W_321|         array|
|W_321_q0        |   in|    8|   ap_memory|            W_321|         array|
|W_321_address1  |  out|   11|   ap_memory|            W_321|         array|
|W_321_ce1       |  out|    1|   ap_memory|            W_321|         array|
|W_321_q1        |   in|    8|   ap_memory|            W_321|         array|
|W_322_address0  |  out|   11|   ap_memory|            W_322|         array|
|W_322_ce0       |  out|    1|   ap_memory|            W_322|         array|
|W_322_q0        |   in|    8|   ap_memory|            W_322|         array|
|W_322_address1  |  out|   11|   ap_memory|            W_322|         array|
|W_322_ce1       |  out|    1|   ap_memory|            W_322|         array|
|W_322_q1        |   in|    8|   ap_memory|            W_322|         array|
|W_323_address0  |  out|   11|   ap_memory|            W_323|         array|
|W_323_ce0       |  out|    1|   ap_memory|            W_323|         array|
|W_323_q0        |   in|    8|   ap_memory|            W_323|         array|
|W_323_address1  |  out|   11|   ap_memory|            W_323|         array|
|W_323_ce1       |  out|    1|   ap_memory|            W_323|         array|
|W_323_q1        |   in|    8|   ap_memory|            W_323|         array|
|W_324_address0  |  out|   11|   ap_memory|            W_324|         array|
|W_324_ce0       |  out|    1|   ap_memory|            W_324|         array|
|W_324_q0        |   in|    8|   ap_memory|            W_324|         array|
|W_324_address1  |  out|   11|   ap_memory|            W_324|         array|
|W_324_ce1       |  out|    1|   ap_memory|            W_324|         array|
|W_324_q1        |   in|    8|   ap_memory|            W_324|         array|
|W_325_address0  |  out|   11|   ap_memory|            W_325|         array|
|W_325_ce0       |  out|    1|   ap_memory|            W_325|         array|
|W_325_q0        |   in|    8|   ap_memory|            W_325|         array|
|W_325_address1  |  out|   11|   ap_memory|            W_325|         array|
|W_325_ce1       |  out|    1|   ap_memory|            W_325|         array|
|W_325_q1        |   in|    8|   ap_memory|            W_325|         array|
|W_326_address0  |  out|   11|   ap_memory|            W_326|         array|
|W_326_ce0       |  out|    1|   ap_memory|            W_326|         array|
|W_326_q0        |   in|    8|   ap_memory|            W_326|         array|
|W_326_address1  |  out|   11|   ap_memory|            W_326|         array|
|W_326_ce1       |  out|    1|   ap_memory|            W_326|         array|
|W_326_q1        |   in|    8|   ap_memory|            W_326|         array|
|W_327_address0  |  out|   11|   ap_memory|            W_327|         array|
|W_327_ce0       |  out|    1|   ap_memory|            W_327|         array|
|W_327_q0        |   in|    8|   ap_memory|            W_327|         array|
|W_327_address1  |  out|   11|   ap_memory|            W_327|         array|
|W_327_ce1       |  out|    1|   ap_memory|            W_327|         array|
|W_327_q1        |   in|    8|   ap_memory|            W_327|         array|
|W_328_address0  |  out|   11|   ap_memory|            W_328|         array|
|W_328_ce0       |  out|    1|   ap_memory|            W_328|         array|
|W_328_q0        |   in|    8|   ap_memory|            W_328|         array|
|W_328_address1  |  out|   11|   ap_memory|            W_328|         array|
|W_328_ce1       |  out|    1|   ap_memory|            W_328|         array|
|W_328_q1        |   in|    8|   ap_memory|            W_328|         array|
|W_329_address0  |  out|   11|   ap_memory|            W_329|         array|
|W_329_ce0       |  out|    1|   ap_memory|            W_329|         array|
|W_329_q0        |   in|    8|   ap_memory|            W_329|         array|
|W_329_address1  |  out|   11|   ap_memory|            W_329|         array|
|W_329_ce1       |  out|    1|   ap_memory|            W_329|         array|
|W_329_q1        |   in|    8|   ap_memory|            W_329|         array|
|W_330_address0  |  out|   11|   ap_memory|            W_330|         array|
|W_330_ce0       |  out|    1|   ap_memory|            W_330|         array|
|W_330_q0        |   in|    8|   ap_memory|            W_330|         array|
|W_330_address1  |  out|   11|   ap_memory|            W_330|         array|
|W_330_ce1       |  out|    1|   ap_memory|            W_330|         array|
|W_330_q1        |   in|    8|   ap_memory|            W_330|         array|
|W_331_address0  |  out|   11|   ap_memory|            W_331|         array|
|W_331_ce0       |  out|    1|   ap_memory|            W_331|         array|
|W_331_q0        |   in|    8|   ap_memory|            W_331|         array|
|W_331_address1  |  out|   11|   ap_memory|            W_331|         array|
|W_331_ce1       |  out|    1|   ap_memory|            W_331|         array|
|W_331_q1        |   in|    8|   ap_memory|            W_331|         array|
|W_332_address0  |  out|   11|   ap_memory|            W_332|         array|
|W_332_ce0       |  out|    1|   ap_memory|            W_332|         array|
|W_332_q0        |   in|    8|   ap_memory|            W_332|         array|
|W_332_address1  |  out|   11|   ap_memory|            W_332|         array|
|W_332_ce1       |  out|    1|   ap_memory|            W_332|         array|
|W_332_q1        |   in|    8|   ap_memory|            W_332|         array|
|W_333_address0  |  out|   11|   ap_memory|            W_333|         array|
|W_333_ce0       |  out|    1|   ap_memory|            W_333|         array|
|W_333_q0        |   in|    8|   ap_memory|            W_333|         array|
|W_333_address1  |  out|   11|   ap_memory|            W_333|         array|
|W_333_ce1       |  out|    1|   ap_memory|            W_333|         array|
|W_333_q1        |   in|    8|   ap_memory|            W_333|         array|
|W_334_address0  |  out|   11|   ap_memory|            W_334|         array|
|W_334_ce0       |  out|    1|   ap_memory|            W_334|         array|
|W_334_q0        |   in|    8|   ap_memory|            W_334|         array|
|W_334_address1  |  out|   11|   ap_memory|            W_334|         array|
|W_334_ce1       |  out|    1|   ap_memory|            W_334|         array|
|W_334_q1        |   in|    8|   ap_memory|            W_334|         array|
|W_335_address0  |  out|   11|   ap_memory|            W_335|         array|
|W_335_ce0       |  out|    1|   ap_memory|            W_335|         array|
|W_335_q0        |   in|    8|   ap_memory|            W_335|         array|
|W_335_address1  |  out|   11|   ap_memory|            W_335|         array|
|W_335_ce1       |  out|    1|   ap_memory|            W_335|         array|
|W_335_q1        |   in|    8|   ap_memory|            W_335|         array|
|W_336_address0  |  out|   11|   ap_memory|            W_336|         array|
|W_336_ce0       |  out|    1|   ap_memory|            W_336|         array|
|W_336_q0        |   in|    8|   ap_memory|            W_336|         array|
|W_336_address1  |  out|   11|   ap_memory|            W_336|         array|
|W_336_ce1       |  out|    1|   ap_memory|            W_336|         array|
|W_336_q1        |   in|    8|   ap_memory|            W_336|         array|
|W_337_address0  |  out|   11|   ap_memory|            W_337|         array|
|W_337_ce0       |  out|    1|   ap_memory|            W_337|         array|
|W_337_q0        |   in|    8|   ap_memory|            W_337|         array|
|W_337_address1  |  out|   11|   ap_memory|            W_337|         array|
|W_337_ce1       |  out|    1|   ap_memory|            W_337|         array|
|W_337_q1        |   in|    8|   ap_memory|            W_337|         array|
|W_338_address0  |  out|   11|   ap_memory|            W_338|         array|
|W_338_ce0       |  out|    1|   ap_memory|            W_338|         array|
|W_338_q0        |   in|    8|   ap_memory|            W_338|         array|
|W_338_address1  |  out|   11|   ap_memory|            W_338|         array|
|W_338_ce1       |  out|    1|   ap_memory|            W_338|         array|
|W_338_q1        |   in|    8|   ap_memory|            W_338|         array|
|W_339_address0  |  out|   11|   ap_memory|            W_339|         array|
|W_339_ce0       |  out|    1|   ap_memory|            W_339|         array|
|W_339_q0        |   in|    8|   ap_memory|            W_339|         array|
|W_339_address1  |  out|   11|   ap_memory|            W_339|         array|
|W_339_ce1       |  out|    1|   ap_memory|            W_339|         array|
|W_339_q1        |   in|    8|   ap_memory|            W_339|         array|
|W_340_address0  |  out|   11|   ap_memory|            W_340|         array|
|W_340_ce0       |  out|    1|   ap_memory|            W_340|         array|
|W_340_q0        |   in|    8|   ap_memory|            W_340|         array|
|W_340_address1  |  out|   11|   ap_memory|            W_340|         array|
|W_340_ce1       |  out|    1|   ap_memory|            W_340|         array|
|W_340_q1        |   in|    8|   ap_memory|            W_340|         array|
|W_341_address0  |  out|   11|   ap_memory|            W_341|         array|
|W_341_ce0       |  out|    1|   ap_memory|            W_341|         array|
|W_341_q0        |   in|    8|   ap_memory|            W_341|         array|
|W_341_address1  |  out|   11|   ap_memory|            W_341|         array|
|W_341_ce1       |  out|    1|   ap_memory|            W_341|         array|
|W_341_q1        |   in|    8|   ap_memory|            W_341|         array|
|W_342_address0  |  out|   11|   ap_memory|            W_342|         array|
|W_342_ce0       |  out|    1|   ap_memory|            W_342|         array|
|W_342_q0        |   in|    8|   ap_memory|            W_342|         array|
|W_342_address1  |  out|   11|   ap_memory|            W_342|         array|
|W_342_ce1       |  out|    1|   ap_memory|            W_342|         array|
|W_342_q1        |   in|    8|   ap_memory|            W_342|         array|
|W_343_address0  |  out|   11|   ap_memory|            W_343|         array|
|W_343_ce0       |  out|    1|   ap_memory|            W_343|         array|
|W_343_q0        |   in|    8|   ap_memory|            W_343|         array|
|W_343_address1  |  out|   11|   ap_memory|            W_343|         array|
|W_343_ce1       |  out|    1|   ap_memory|            W_343|         array|
|W_343_q1        |   in|    8|   ap_memory|            W_343|         array|
|W_344_address0  |  out|   11|   ap_memory|            W_344|         array|
|W_344_ce0       |  out|    1|   ap_memory|            W_344|         array|
|W_344_q0        |   in|    8|   ap_memory|            W_344|         array|
|W_344_address1  |  out|   11|   ap_memory|            W_344|         array|
|W_344_ce1       |  out|    1|   ap_memory|            W_344|         array|
|W_344_q1        |   in|    8|   ap_memory|            W_344|         array|
|W_345_address0  |  out|   11|   ap_memory|            W_345|         array|
|W_345_ce0       |  out|    1|   ap_memory|            W_345|         array|
|W_345_q0        |   in|    8|   ap_memory|            W_345|         array|
|W_345_address1  |  out|   11|   ap_memory|            W_345|         array|
|W_345_ce1       |  out|    1|   ap_memory|            W_345|         array|
|W_345_q1        |   in|    8|   ap_memory|            W_345|         array|
|W_346_address0  |  out|   11|   ap_memory|            W_346|         array|
|W_346_ce0       |  out|    1|   ap_memory|            W_346|         array|
|W_346_q0        |   in|    8|   ap_memory|            W_346|         array|
|W_346_address1  |  out|   11|   ap_memory|            W_346|         array|
|W_346_ce1       |  out|    1|   ap_memory|            W_346|         array|
|W_346_q1        |   in|    8|   ap_memory|            W_346|         array|
|W_347_address0  |  out|   11|   ap_memory|            W_347|         array|
|W_347_ce0       |  out|    1|   ap_memory|            W_347|         array|
|W_347_q0        |   in|    8|   ap_memory|            W_347|         array|
|W_347_address1  |  out|   11|   ap_memory|            W_347|         array|
|W_347_ce1       |  out|    1|   ap_memory|            W_347|         array|
|W_347_q1        |   in|    8|   ap_memory|            W_347|         array|
|W_348_address0  |  out|   11|   ap_memory|            W_348|         array|
|W_348_ce0       |  out|    1|   ap_memory|            W_348|         array|
|W_348_q0        |   in|    8|   ap_memory|            W_348|         array|
|W_348_address1  |  out|   11|   ap_memory|            W_348|         array|
|W_348_ce1       |  out|    1|   ap_memory|            W_348|         array|
|W_348_q1        |   in|    8|   ap_memory|            W_348|         array|
|W_349_address0  |  out|   11|   ap_memory|            W_349|         array|
|W_349_ce0       |  out|    1|   ap_memory|            W_349|         array|
|W_349_q0        |   in|    8|   ap_memory|            W_349|         array|
|W_349_address1  |  out|   11|   ap_memory|            W_349|         array|
|W_349_ce1       |  out|    1|   ap_memory|            W_349|         array|
|W_349_q1        |   in|    8|   ap_memory|            W_349|         array|
|W_350_address0  |  out|   11|   ap_memory|            W_350|         array|
|W_350_ce0       |  out|    1|   ap_memory|            W_350|         array|
|W_350_q0        |   in|    8|   ap_memory|            W_350|         array|
|W_350_address1  |  out|   11|   ap_memory|            W_350|         array|
|W_350_ce1       |  out|    1|   ap_memory|            W_350|         array|
|W_350_q1        |   in|    8|   ap_memory|            W_350|         array|
|W_351_address0  |  out|   11|   ap_memory|            W_351|         array|
|W_351_ce0       |  out|    1|   ap_memory|            W_351|         array|
|W_351_q0        |   in|    8|   ap_memory|            W_351|         array|
|W_351_address1  |  out|   11|   ap_memory|            W_351|         array|
|W_351_ce1       |  out|    1|   ap_memory|            W_351|         array|
|W_351_q1        |   in|    8|   ap_memory|            W_351|         array|
|W_352_address0  |  out|   11|   ap_memory|            W_352|         array|
|W_352_ce0       |  out|    1|   ap_memory|            W_352|         array|
|W_352_q0        |   in|    8|   ap_memory|            W_352|         array|
|W_352_address1  |  out|   11|   ap_memory|            W_352|         array|
|W_352_ce1       |  out|    1|   ap_memory|            W_352|         array|
|W_352_q1        |   in|    8|   ap_memory|            W_352|         array|
|W_353_address0  |  out|   11|   ap_memory|            W_353|         array|
|W_353_ce0       |  out|    1|   ap_memory|            W_353|         array|
|W_353_q0        |   in|    8|   ap_memory|            W_353|         array|
|W_353_address1  |  out|   11|   ap_memory|            W_353|         array|
|W_353_ce1       |  out|    1|   ap_memory|            W_353|         array|
|W_353_q1        |   in|    8|   ap_memory|            W_353|         array|
|W_354_address0  |  out|   11|   ap_memory|            W_354|         array|
|W_354_ce0       |  out|    1|   ap_memory|            W_354|         array|
|W_354_q0        |   in|    8|   ap_memory|            W_354|         array|
|W_354_address1  |  out|   11|   ap_memory|            W_354|         array|
|W_354_ce1       |  out|    1|   ap_memory|            W_354|         array|
|W_354_q1        |   in|    8|   ap_memory|            W_354|         array|
|W_355_address0  |  out|   11|   ap_memory|            W_355|         array|
|W_355_ce0       |  out|    1|   ap_memory|            W_355|         array|
|W_355_q0        |   in|    8|   ap_memory|            W_355|         array|
|W_355_address1  |  out|   11|   ap_memory|            W_355|         array|
|W_355_ce1       |  out|    1|   ap_memory|            W_355|         array|
|W_355_q1        |   in|    8|   ap_memory|            W_355|         array|
|W_356_address0  |  out|   11|   ap_memory|            W_356|         array|
|W_356_ce0       |  out|    1|   ap_memory|            W_356|         array|
|W_356_q0        |   in|    8|   ap_memory|            W_356|         array|
|W_356_address1  |  out|   11|   ap_memory|            W_356|         array|
|W_356_ce1       |  out|    1|   ap_memory|            W_356|         array|
|W_356_q1        |   in|    8|   ap_memory|            W_356|         array|
|W_357_address0  |  out|   11|   ap_memory|            W_357|         array|
|W_357_ce0       |  out|    1|   ap_memory|            W_357|         array|
|W_357_q0        |   in|    8|   ap_memory|            W_357|         array|
|W_357_address1  |  out|   11|   ap_memory|            W_357|         array|
|W_357_ce1       |  out|    1|   ap_memory|            W_357|         array|
|W_357_q1        |   in|    8|   ap_memory|            W_357|         array|
|W_358_address0  |  out|   11|   ap_memory|            W_358|         array|
|W_358_ce0       |  out|    1|   ap_memory|            W_358|         array|
|W_358_q0        |   in|    8|   ap_memory|            W_358|         array|
|W_358_address1  |  out|   11|   ap_memory|            W_358|         array|
|W_358_ce1       |  out|    1|   ap_memory|            W_358|         array|
|W_358_q1        |   in|    8|   ap_memory|            W_358|         array|
|W_359_address0  |  out|   11|   ap_memory|            W_359|         array|
|W_359_ce0       |  out|    1|   ap_memory|            W_359|         array|
|W_359_q0        |   in|    8|   ap_memory|            W_359|         array|
|W_359_address1  |  out|   11|   ap_memory|            W_359|         array|
|W_359_ce1       |  out|    1|   ap_memory|            W_359|         array|
|W_359_q1        |   in|    8|   ap_memory|            W_359|         array|
|W_360_address0  |  out|   11|   ap_memory|            W_360|         array|
|W_360_ce0       |  out|    1|   ap_memory|            W_360|         array|
|W_360_q0        |   in|    8|   ap_memory|            W_360|         array|
|W_360_address1  |  out|   11|   ap_memory|            W_360|         array|
|W_360_ce1       |  out|    1|   ap_memory|            W_360|         array|
|W_360_q1        |   in|    8|   ap_memory|            W_360|         array|
|W_361_address0  |  out|   11|   ap_memory|            W_361|         array|
|W_361_ce0       |  out|    1|   ap_memory|            W_361|         array|
|W_361_q0        |   in|    8|   ap_memory|            W_361|         array|
|W_361_address1  |  out|   11|   ap_memory|            W_361|         array|
|W_361_ce1       |  out|    1|   ap_memory|            W_361|         array|
|W_361_q1        |   in|    8|   ap_memory|            W_361|         array|
|W_362_address0  |  out|   11|   ap_memory|            W_362|         array|
|W_362_ce0       |  out|    1|   ap_memory|            W_362|         array|
|W_362_q0        |   in|    8|   ap_memory|            W_362|         array|
|W_362_address1  |  out|   11|   ap_memory|            W_362|         array|
|W_362_ce1       |  out|    1|   ap_memory|            W_362|         array|
|W_362_q1        |   in|    8|   ap_memory|            W_362|         array|
|W_363_address0  |  out|   11|   ap_memory|            W_363|         array|
|W_363_ce0       |  out|    1|   ap_memory|            W_363|         array|
|W_363_q0        |   in|    8|   ap_memory|            W_363|         array|
|W_363_address1  |  out|   11|   ap_memory|            W_363|         array|
|W_363_ce1       |  out|    1|   ap_memory|            W_363|         array|
|W_363_q1        |   in|    8|   ap_memory|            W_363|         array|
|W_364_address0  |  out|   11|   ap_memory|            W_364|         array|
|W_364_ce0       |  out|    1|   ap_memory|            W_364|         array|
|W_364_q0        |   in|    8|   ap_memory|            W_364|         array|
|W_364_address1  |  out|   11|   ap_memory|            W_364|         array|
|W_364_ce1       |  out|    1|   ap_memory|            W_364|         array|
|W_364_q1        |   in|    8|   ap_memory|            W_364|         array|
|W_365_address0  |  out|   11|   ap_memory|            W_365|         array|
|W_365_ce0       |  out|    1|   ap_memory|            W_365|         array|
|W_365_q0        |   in|    8|   ap_memory|            W_365|         array|
|W_365_address1  |  out|   11|   ap_memory|            W_365|         array|
|W_365_ce1       |  out|    1|   ap_memory|            W_365|         array|
|W_365_q1        |   in|    8|   ap_memory|            W_365|         array|
|W_366_address0  |  out|   11|   ap_memory|            W_366|         array|
|W_366_ce0       |  out|    1|   ap_memory|            W_366|         array|
|W_366_q0        |   in|    8|   ap_memory|            W_366|         array|
|W_366_address1  |  out|   11|   ap_memory|            W_366|         array|
|W_366_ce1       |  out|    1|   ap_memory|            W_366|         array|
|W_366_q1        |   in|    8|   ap_memory|            W_366|         array|
|W_367_address0  |  out|   11|   ap_memory|            W_367|         array|
|W_367_ce0       |  out|    1|   ap_memory|            W_367|         array|
|W_367_q0        |   in|    8|   ap_memory|            W_367|         array|
|W_367_address1  |  out|   11|   ap_memory|            W_367|         array|
|W_367_ce1       |  out|    1|   ap_memory|            W_367|         array|
|W_367_q1        |   in|    8|   ap_memory|            W_367|         array|
|W_368_address0  |  out|   11|   ap_memory|            W_368|         array|
|W_368_ce0       |  out|    1|   ap_memory|            W_368|         array|
|W_368_q0        |   in|    8|   ap_memory|            W_368|         array|
|W_368_address1  |  out|   11|   ap_memory|            W_368|         array|
|W_368_ce1       |  out|    1|   ap_memory|            W_368|         array|
|W_368_q1        |   in|    8|   ap_memory|            W_368|         array|
|W_369_address0  |  out|   11|   ap_memory|            W_369|         array|
|W_369_ce0       |  out|    1|   ap_memory|            W_369|         array|
|W_369_q0        |   in|    8|   ap_memory|            W_369|         array|
|W_369_address1  |  out|   11|   ap_memory|            W_369|         array|
|W_369_ce1       |  out|    1|   ap_memory|            W_369|         array|
|W_369_q1        |   in|    8|   ap_memory|            W_369|         array|
|W_370_address0  |  out|   11|   ap_memory|            W_370|         array|
|W_370_ce0       |  out|    1|   ap_memory|            W_370|         array|
|W_370_q0        |   in|    8|   ap_memory|            W_370|         array|
|W_370_address1  |  out|   11|   ap_memory|            W_370|         array|
|W_370_ce1       |  out|    1|   ap_memory|            W_370|         array|
|W_370_q1        |   in|    8|   ap_memory|            W_370|         array|
|W_371_address0  |  out|   11|   ap_memory|            W_371|         array|
|W_371_ce0       |  out|    1|   ap_memory|            W_371|         array|
|W_371_q0        |   in|    8|   ap_memory|            W_371|         array|
|W_371_address1  |  out|   11|   ap_memory|            W_371|         array|
|W_371_ce1       |  out|    1|   ap_memory|            W_371|         array|
|W_371_q1        |   in|    8|   ap_memory|            W_371|         array|
|W_372_address0  |  out|   11|   ap_memory|            W_372|         array|
|W_372_ce0       |  out|    1|   ap_memory|            W_372|         array|
|W_372_q0        |   in|    8|   ap_memory|            W_372|         array|
|W_372_address1  |  out|   11|   ap_memory|            W_372|         array|
|W_372_ce1       |  out|    1|   ap_memory|            W_372|         array|
|W_372_q1        |   in|    8|   ap_memory|            W_372|         array|
|W_373_address0  |  out|   11|   ap_memory|            W_373|         array|
|W_373_ce0       |  out|    1|   ap_memory|            W_373|         array|
|W_373_q0        |   in|    8|   ap_memory|            W_373|         array|
|W_373_address1  |  out|   11|   ap_memory|            W_373|         array|
|W_373_ce1       |  out|    1|   ap_memory|            W_373|         array|
|W_373_q1        |   in|    8|   ap_memory|            W_373|         array|
|W_374_address0  |  out|   11|   ap_memory|            W_374|         array|
|W_374_ce0       |  out|    1|   ap_memory|            W_374|         array|
|W_374_q0        |   in|    8|   ap_memory|            W_374|         array|
|W_374_address1  |  out|   11|   ap_memory|            W_374|         array|
|W_374_ce1       |  out|    1|   ap_memory|            W_374|         array|
|W_374_q1        |   in|    8|   ap_memory|            W_374|         array|
|W_375_address0  |  out|   11|   ap_memory|            W_375|         array|
|W_375_ce0       |  out|    1|   ap_memory|            W_375|         array|
|W_375_q0        |   in|    8|   ap_memory|            W_375|         array|
|W_375_address1  |  out|   11|   ap_memory|            W_375|         array|
|W_375_ce1       |  out|    1|   ap_memory|            W_375|         array|
|W_375_q1        |   in|    8|   ap_memory|            W_375|         array|
|W_376_address0  |  out|   11|   ap_memory|            W_376|         array|
|W_376_ce0       |  out|    1|   ap_memory|            W_376|         array|
|W_376_q0        |   in|    8|   ap_memory|            W_376|         array|
|W_376_address1  |  out|   11|   ap_memory|            W_376|         array|
|W_376_ce1       |  out|    1|   ap_memory|            W_376|         array|
|W_376_q1        |   in|    8|   ap_memory|            W_376|         array|
|W_377_address0  |  out|   11|   ap_memory|            W_377|         array|
|W_377_ce0       |  out|    1|   ap_memory|            W_377|         array|
|W_377_q0        |   in|    8|   ap_memory|            W_377|         array|
|W_377_address1  |  out|   11|   ap_memory|            W_377|         array|
|W_377_ce1       |  out|    1|   ap_memory|            W_377|         array|
|W_377_q1        |   in|    8|   ap_memory|            W_377|         array|
|W_378_address0  |  out|   11|   ap_memory|            W_378|         array|
|W_378_ce0       |  out|    1|   ap_memory|            W_378|         array|
|W_378_q0        |   in|    8|   ap_memory|            W_378|         array|
|W_378_address1  |  out|   11|   ap_memory|            W_378|         array|
|W_378_ce1       |  out|    1|   ap_memory|            W_378|         array|
|W_378_q1        |   in|    8|   ap_memory|            W_378|         array|
|W_379_address0  |  out|   11|   ap_memory|            W_379|         array|
|W_379_ce0       |  out|    1|   ap_memory|            W_379|         array|
|W_379_q0        |   in|    8|   ap_memory|            W_379|         array|
|W_379_address1  |  out|   11|   ap_memory|            W_379|         array|
|W_379_ce1       |  out|    1|   ap_memory|            W_379|         array|
|W_379_q1        |   in|    8|   ap_memory|            W_379|         array|
|W_380_address0  |  out|   11|   ap_memory|            W_380|         array|
|W_380_ce0       |  out|    1|   ap_memory|            W_380|         array|
|W_380_q0        |   in|    8|   ap_memory|            W_380|         array|
|W_380_address1  |  out|   11|   ap_memory|            W_380|         array|
|W_380_ce1       |  out|    1|   ap_memory|            W_380|         array|
|W_380_q1        |   in|    8|   ap_memory|            W_380|         array|
|W_381_address0  |  out|   11|   ap_memory|            W_381|         array|
|W_381_ce0       |  out|    1|   ap_memory|            W_381|         array|
|W_381_q0        |   in|    8|   ap_memory|            W_381|         array|
|W_381_address1  |  out|   11|   ap_memory|            W_381|         array|
|W_381_ce1       |  out|    1|   ap_memory|            W_381|         array|
|W_381_q1        |   in|    8|   ap_memory|            W_381|         array|
|W_382_address0  |  out|   11|   ap_memory|            W_382|         array|
|W_382_ce0       |  out|    1|   ap_memory|            W_382|         array|
|W_382_q0        |   in|    8|   ap_memory|            W_382|         array|
|W_382_address1  |  out|   11|   ap_memory|            W_382|         array|
|W_382_ce1       |  out|    1|   ap_memory|            W_382|         array|
|W_382_q1        |   in|    8|   ap_memory|            W_382|         array|
|W_383_address0  |  out|   11|   ap_memory|            W_383|         array|
|W_383_ce0       |  out|    1|   ap_memory|            W_383|         array|
|W_383_q0        |   in|    8|   ap_memory|            W_383|         array|
|W_383_address1  |  out|   11|   ap_memory|            W_383|         array|
|W_383_ce1       |  out|    1|   ap_memory|            W_383|         array|
|W_383_q1        |   in|    8|   ap_memory|            W_383|         array|
|bias_address0   |  out|   10|   ap_memory|             bias|         array|
|bias_ce0        |  out|    1|   ap_memory|             bias|         array|
|bias_q0         |   in|   32|   ap_memory|             bias|         array|
|out_r_address0  |  out|   18|   ap_memory|            out_r|         array|
|out_r_ce0       |  out|    1|   ap_memory|            out_r|         array|
|out_r_we0       |  out|    1|   ap_memory|            out_r|         array|
|out_r_d0        |  out|    8|   ap_memory|            out_r|         array|
+----------------+-----+-----+------------+-----------------+--------------+

